model,target_mode,lead_hour,rmse,ci95_lo,ci95_hi
persistence,,1,2.13723,2.0515,2.22316
persistence,,2,3.91354,3.76772,4.06042
persistence,,3,5.40465,5.21241,5.59514
persistence,,4,6.68011,6.44751,6.9054
persistence,,5,7.78469,7.5204,8.04444
persistence,,6,8.74704,8.46042,9.02785
persistence,,7,9.58356,9.27525,9.89346
persistence,,8,10.3004,9.96786,10.6328
persistence,,9,10.8952,10.5413,11.2449
persistence,,10,11.3613,10.992,11.7223
climatology,,1,5.49113,4.82261,6.11665
climatology,,2,5.50302,4.84086,6.13448
climatology,,3,5.5191,4.85893,6.14634
climatology,,4,5.53758,4.88428,6.16996
climatology,,5,5.55812,4.91187,6.19242
climatology,,6,5.58044,4.9274,6.19812
climatology,,7,5.60407,4.96737,6.23499
climatology,,8,5.62841,4.97546,6.25144
climatology,,9,5.65292,5.0118,6.27066
climatology,,10,5.67839,5.04014,6.28421
unet,ox,1,2.35231,2.17697,2.52889
unet,ox,2,2.72001,2.52053,2.92251
unet,ox,3,3.10584,2.88266,3.33649
unet,ox,4,3.40345,3.14441,3.65965
unet,ox,5,3.63631,3.35537,3.91227
unet,ox,6,3.84415,3.53043,4.14881
unet,ox,7,4.01036,3.66819,4.33033
unet,ox,8,4.158,3.80266,4.48866
unet,ox,9,4.28265,3.91745,4.62392
unet,ox,10,4.49547,4.09996,4.86225
unet,species,1,2.44527,2.25403,2.64991
unet,species,2,2.73678,2.5229,2.9676
unet,species,3,3.11645,2.85788,3.38419
unet,species,4,3.42602,3.13468,3.72958
unet,species,5,3.69431,3.3682,4.03436
unet,species,6,3.9308,3.56326,4.31127
unet,species,7,4.14029,3.7474,4.5351
unet,species,8,4.31849,3.88809,4.74155
unet,species,9,4.4817,4.0316,4.9198
unet,species,10,4.63914,4.18523,5.0651
unet,multitask,1,2.28061,2.1025,2.47323
unet,multitask,2,2.63542,2.41771,2.86643
unet,multitask,3,3.02751,2.76821,3.30306
unet,multitask,4,3.38172,3.08318,3.69523
unet,multitask,5,3.66778,3.33796,3.99793
unet,multitask,6,3.90626,3.53288,4.26779
unet,multitask,7,4.12198,3.71719,4.50576
unet,multitask,8,4.30398,3.88359,4.70317
unet,multitask,9,4.45101,4.01341,4.87109
unet,multitask,10,4.59731,4.15089,5.02783
convlstm,ox,1,2.65234,2.38572,2.95363
convlstm,ox,2,2.92087,2.64686,3.22313
convlstm,ox,3,3.20139,2.91988,3.50381
convlstm,ox,4,3.45918,3.15836,3.76501
convlstm,ox,5,3.6688,3.3609,3.97898
convlstm,ox,6,3.84893,3.5329,4.17368
convlstm,ox,7,4.0049,3.68158,4.32959
convlstm,ox,8,4.14212,3.80319,4.47068
convlstm,ox,9,4.26349,3.90822,4.59842
convlstm,ox,10,4.37277,4.0058,4.72894
convlstm,species,1,2.66859,2.30937,3.08304
convlstm,species,2,2.91894,2.5767,3.30044
convlstm,species,3,3.19237,2.86038,3.56285
convlstm,species,4,3.4565,3.12259,3.81409
convlstm,species,5,3.67371,3.32469,4.02786
convlstm,species,6,3.85891,3.50084,4.21608
convlstm,species,7,4.01441,3.64896,4.37538
convlstm,species,8,4.14819,3.78168,4.51491
convlstm,species,9,4.26427,3.89848,4.63658
convlstm,species,10,4.36901,3.99126,4.74659
convlstm,multitask,1,2.56929,2.27803,2.8787
convlstm,multitask,2,2.84557,2.55167,3.14465
convlstm,multitask,3,3.13724,2.82958,3.44197
convlstm,multitask,4,3.40526,3.07769,3.72432
convlstm,multitask,5,3.62683,3.28709,3.96546
convlstm,multitask,6,3.81551,3.45933,4.16404
convlstm,multitask,7,3.97709,3.61426,4.33098
convlstm,multitask,8,4.11809,3.74269,4.47851
convlstm,multitask,9,4.24141,3.85324,4.6195
convlstm,multitask,10,4.35223,3.94786,4.74576
fno,ox,1,2.05842,1.87417,2.26356
fno,ox,2,2.65714,2.44848,2.87015
fno,ox,3,3.19095,2.94288,3.42322
fno,ox,4,3.59028,3.30981,3.86281
fno,ox,5,3.88564,3.56702,4.19103
fno,ox,6,4.09338,3.75296,4.43045
fno,ox,7,4.24533,3.88307,4.60103
fno,ox,8,4.34633,3.96538,4.71595
fno,ox,9,4.44174,4.0423,4.8301
fno,ox,10,4.60164,4.17869,5.01129
fno,species,1,2.09464,1.9148,2.28872
fno,species,2,2.66718,2.4551,2.88434
fno,species,3,3.14047,2.89333,3.39104
fno,species,4,3.48541,3.20796,3.76676
fno,species,5,3.7735,3.47021,4.08274
fno,species,6,4.01069,3.6707,4.34808
fno,species,7,4.20028,3.84235,4.55708
fno,species,8,4.32294,3.96034,4.68341
fno,species,9,4.43588,4.0648,4.81379
fno,species,10,4.5592,4.18816,4.933
fno,multitask,1,2.08346,1.89156,2.27424
fno,multitask,2,2.70042,2.4888,2.90478
fno,multitask,3,3.1886,2.94716,3.42183
fno,multitask,4,3.57257,3.29836,3.8408
fno,multitask,5,3.85578,3.55482,4.15006
fno,multitask,6,4.08011,3.75273,4.40002
fno,multitask,7,4.2274,3.88816,4.55631
fno,multitask,8,4.35328,4.00989,4.69167
fno,multitask,9,4.4587,4.11408,4.79931
fno,multitask,10,4.57669,4.22665,4.9258
swin,ox,1,3.44301,3.0311,3.82152
swin,ox,2,3.67546,3.29156,4.04044
swin,ox,3,3.93468,3.56278,4.29015
swin,ox,4,4.15969,3.78806,4.53074
swin,ox,5,4.3347,3.94221,4.7287
swin,ox,6,4.49405,4.07825,4.90782
swin,ox,7,4.61189,4.18172,5.03487
swin,ox,8,4.71973,4.27192,5.1654
swin,ox,9,4.79108,4.34872,5.23596
swin,ox,10,4.94451,4.49387,5.40665
swin,species,1,3.58616,3.13842,4.00703
swin,species,2,3.83133,3.4008,4.26393
swin,species,3,4.11462,3.68977,4.55394
swin,species,4,4.34599,3.92484,4.79037
swin,species,5,4.54284,4.09876,4.99623
swin,species,6,4.71153,4.25108,5.17381
swin,species,7,4.84625,4.38003,5.32425
swin,species,8,4.94014,4.46886,5.42858
swin,species,9,5.01577,4.53741,5.53197
swin,species,10,5.13861,4.65339,5.65946
swin,multitask,1,3.56162,3.06105,4.0223
swin,multitask,2,3.80511,3.34327,4.24637
swin,multitask,3,4.10299,3.65832,4.52566
swin,multitask,4,4.32133,3.88694,4.74122
swin,multitask,5,4.46635,4.03231,4.88911
swin,multitask,6,4.59055,4.16934,5.02007
swin,multitask,7,4.70715,4.27484,5.13869
swin,multitask,8,4.80426,4.36833,5.25004
swin,multitask,9,4.87368,4.42819,5.33639
swin,multitask,10,5.01323,4.55829,5.49173
swin_unet,ox,1,2.3388,2.19569,2.48508
swin_unet,ox,2,2.66281,2.49632,2.83311
swin_unet,ox,3,3.01387,2.81363,3.21593
swin_unet,ox,4,3.31943,3.08455,3.55533
swin_unet,ox,5,3.58935,3.32222,3.85884
swin_unet,ox,6,3.79633,3.49759,4.09795
swin_unet,ox,7,3.96765,3.64996,4.30525
swin_unet,ox,8,4.11599,3.77878,4.4737
swin_unet,ox,9,4.24061,3.87853,4.62381
swin_unet,ox,10,4.38962,4.00559,4.79729
swin_unet,species,1,2.51577,2.37842,2.66126
swin_unet,species,2,2.76992,2.60967,2.94369
swin_unet,species,3,3.09379,2.90111,3.29621
swin_unet,species,4,3.37138,3.1479,3.60004
swin_unet,species,5,3.63489,3.37299,3.90212
swin_unet,species,6,3.86819,3.56831,4.16946
swin_unet,species,7,4.07886,3.74612,4.40578
swin_unet,species,8,4.25893,3.89206,4.61995
swin_unet,species,9,4.41261,4.02496,4.80053
swin_unet,species,10,4.58583,4.18039,4.99031
swin_unet,multitask,1,2.49578,2.36219,2.63871
swin_unet,multitask,2,2.73825,2.56915,2.90824
swin_unet,multitask,3,3.06346,2.86842,3.26044
swin_unet,multitask,4,3.34554,3.11761,3.57578
swin_unet,multitask,5,3.59262,3.33387,3.84752
swin_unet,multitask,6,3.8035,3.51561,4.08685
swin_unet,multitask,7,4.01778,3.70089,4.33712
swin_unet,multitask,8,4.18196,3.84433,4.51957
swin_unet,multitask,9,4.31558,3.95818,4.67827
swin_unet,multitask,10,4.50252,4.13736,4.87466
gnn,ox,1,1.55097,1.42606,1.69398
gnn,ox,2,2.2035,2.05762,2.36129
gnn,ox,3,2.67854,2.51433,2.85229
gnn,ox,4,3.01451,2.83848,3.19671
gnn,ox,5,3.2728,3.0816,3.47422
gnn,ox,6,3.48333,3.27722,3.70168
gnn,ox,7,3.67592,3.45856,3.91577
gnn,ox,8,3.82622,3.59524,4.08264
gnn,ox,9,3.98387,3.73723,4.25399
gnn,ox,10,4.13581,3.86361,4.42681
gnn,species,1,1.56406,1.45043,1.68578
gnn,species,2,2.21224,2.06876,2.36446
gnn,species,3,2.65069,2.4824,2.81818
gnn,species,4,2.98178,2.79217,3.1678
gnn,species,5,3.23851,3.02614,3.44405
gnn,species,6,3.46603,3.23231,3.69823
gnn,species,7,3.65465,3.39979,3.90913
gnn,species,8,3.82642,3.55113,4.09747
gnn,species,9,3.98487,3.69439,4.27609
gnn,species,10,4.15191,3.83544,4.46783
gnn,multitask,1,1.56412,1.43443,1.7018
gnn,multitask,2,2.20788,2.05517,2.36632
gnn,multitask,3,2.66448,2.47811,2.84918
gnn,multitask,4,3.01169,2.7984,3.22055
gnn,multitask,5,3.27897,3.05831,3.50192
gnn,multitask,6,3.49642,3.25231,3.74253
gnn,multitask,7,3.68855,3.4265,3.95447
gnn,multitask,8,3.85487,3.57094,4.13937
gnn,multitask,9,4.00197,3.6993,4.29735
gnn,multitask,10,4.15959,3.83998,4.4772
mamba,ox,1,1.78147,1.61376,1.96828
mamba,ox,2,2.30753,2.12122,2.51533
mamba,ox,3,2.79485,2.5781,3.03947
mamba,ox,4,3.14944,2.90933,3.42034
mamba,ox,5,3.41746,3.15233,3.71343
mamba,ox,6,3.66919,3.38126,3.97754
mamba,ox,7,3.90061,3.58092,4.24732
mamba,ox,8,4.10404,3.76184,4.47563
mamba,ox,9,4.25532,3.89317,4.64637
mamba,ox,10,4.41715,4.03239,4.83134
mamba,species,1,1.5582,1.45432,1.66333
mamba,species,2,2.17294,2.02715,2.32487
mamba,species,3,2.67905,2.50131,2.85525
mamba,species,4,3.06412,2.85078,3.2741
mamba,species,5,3.36816,3.11713,3.61776
mamba,species,6,3.63002,3.34662,3.90704
mamba,species,7,3.86898,3.54416,4.19269
mamba,species,8,4.05064,3.70093,4.38835
mamba,species,9,4.22232,3.84735,4.59478
mamba,species,10,4.39003,4.00463,4.78701
mamba,multitask,1,1.60689,1.45338,1.76418
mamba,multitask,2,2.2281,2.04876,2.402
mamba,multitask,3,2.69683,2.50756,2.88359
mamba,multitask,4,3.09802,2.87623,3.31655
mamba,multitask,5,3.39744,3.14481,3.64213
mamba,multitask,6,3.63963,3.35703,3.91007
mamba,multitask,7,3.86099,3.54053,4.16434
mamba,multitask,8,4.068,3.71602,4.39949
mamba,multitask,9,4.23377,3.85611,4.59585
mamba,multitask,10,4.38363,4.00284,4.75339
