run_id,model,split,lead_hour,metric,value,config_hash,git_commit
20260928-133155_legacy_bc7e,convlstm,legacy,1,rmse,4.37621,4203577a9a,e866b352f9f1
20260928-133155_legacy_bc7e,convlstm,legacy,1,mae,3.52569,4203577a9a,e866b352f9f1
20260928-133155_legacy_bc7e,convlstm,legacy,1,bias,0.685255,4203577a9a,e866b352f9f1
20260928-133155_legacy_bc7e,convlstm,legacy,1,pearson_r,0.829604,4203577a9a,e866b352f9f1
20260928-133155_legacy_bc7e,convlstm,legacy,2,rmse,4.30343,4203577a9a,e866b352f9f1
20260928-133155_legacy_bc7e,convlstm,legacy,2,mae,3.40795,4203577a9a,e866b352f9f1
20260928-133155_legacy_bc7e,convlstm,legacy,2,bias,0.578743,4203577a9a,e866b352f9f1
20260928-133155_legacy_bc7e,convlstm,legacy,2,pearson_r,0.819586,4203577a9a,e866b352f9f1
20260928-133155_legacy_bc7e,convlstm,legacy,3,rmse,4.08615,4203577a9a,e866b352f9f1
20260928-133155_legacy_bc7e,convlstm,legacy,3,mae,3.20168,4203577a9a,e866b352f9f1
20260928-133155_legacy_bc7e,convlstm,legacy,3,bias,0.248763,4203577a9a,e866b352f9f1
20260928-133155_legacy_bc7e,convlstm,legacy,3,pearson_r,0.803801,4203577a9a,e866b352f9f1
20260928-133155_legacy_bc7e,convlstm,legacy,4,rmse,3.76187,4203577a9a,e866b352f9f1
20260928-133155_legacy_bc7e,convlstm,legacy,4,mae,2.93617,4203577a9a,e866b352f9f1
20260928-133155_legacy_bc7e,convlstm,legacy,4,bias,-0.310045,4203577a9a,e866b352f9f1
20260928-133155_legacy_bc7e,convlstm,legacy,4,pearson_r,0.796156,4203577a9a,e866b352f9f1
20260928-133155_legacy_bc7e,convlstm,legacy,5,rmse,3.44728,4203577a9a,e866b352f9f1
20260928-133155_legacy_bc7e,convlstm,legacy,5,mae,2.68689,4203577a9a,e866b352f9f1
20260928-133155_legacy_bc7e,convlstm,legacy,5,bias,-0.936537,4203577a9a,e866b352f9f1
20260928-133155_legacy_bc7e,convlstm,legacy,5,pearson_r,0.810475,4203577a9a,e866b352f9f1
20260928-133155_legacy_bc7e,convlstm,legacy,6,rmse,3.2575,4203577a9a,e866b352f9f1
20260928-133155_legacy_bc7e,convlstm,legacy,6,mae,2.54054,4203577a9a,e866b352f9f1
20260928-133155_legacy_bc7e,convlstm,legacy,6,bias,-1.38775,4203577a9a,e866b352f9f1
20260928-133155_legacy_bc7e,convlstm,legacy,6,pearson_r,0.839962,4203577a9a,e866b352f9f1
20260928-133155_legacy_bc7e,convlstm,legacy,7,rmse,3.19794,4203577a9a,e866b352f9f1
20260928-133155_legacy_bc7e,convlstm,legacy,7,mae,2.48073,4203577a9a,e866b352f9f1
20260928-133155_legacy_bc7e,convlstm,legacy,7,bias,-1.49242,4203577a9a,e866b352f9f1
20260928-133155_legacy_bc7e,convlstm,legacy,7,pearson_r,0.857552,4203577a9a,e866b352f9f1
20260928-133155_legacy_bc7e,convlstm,legacy,8,rmse,3.16957,4203577a9a,e866b352f9f1
20260928-133155_legacy_bc7e,convlstm,legacy,8,mae,2.44759,4203577a9a,e866b352f9f1
20260928-133155_legacy_bc7e,convlstm,legacy,8,bias,-1.23129,4203577a9a,e866b352f9f1
20260928-133155_legacy_bc7e,convlstm,legacy,8,pearson_r,0.858805,4203577a9a,e866b352f9f1
20260928-133155_legacy_bc7e,convlstm,legacy,9,rmse,3.14323,4203577a9a,e866b352f9f1
20260928-133155_legacy_bc7e,convlstm,legacy,9,mae,2.40843,4203577a9a,e866b352f9f1
20260928-133155_legacy_bc7e,convlstm,legacy,9,bias,-0.680335,4203577a9a,e866b352f9f1
20260928-133155_legacy_bc7e,convlstm,legacy,9,pearson_r,0.853245,4203577a9a,e866b352f9f1
20260928-133155_legacy_bc7e,convlstm,legacy,10,rmse,3.22383,4203577a9a,e866b352f9f1
20260928-133155_legacy_bc7e,convlstm,legacy,10,mae,2.47891,4203577a9a,e866b352f9f1
20260928-133155_legacy_bc7e,convlstm,legacy,10,bias,0.0367409,4203577a9a,e866b352f9f1
20260928-133155_legacy_bc7e,convlstm,legacy,10,pearson_r,0.845451,4203577a9a,e866b352f9f1
20260928-133155_legacy_bc7e,convlstm,legacy,all,rmse,3.62712,4203577a9a,e866b352f9f1
20260928-133155_legacy_bc7e,convlstm,legacy,all,mae,2.81146,4203577a9a,e866b352f9f1
20260928-133155_legacy_bc7e,convlstm,legacy,all,bias,-0.448887,4203577a9a,e866b352f9f1
20260928-133155_legacy_bc7e,convlstm,legacy,all,pearson_r,0.810699,4203577a9a,e866b352f9f1
20260928-133155_legacy_bc7e,persistence,legacy,1,rmse,1.96944,4203577a9a,e866b352f9f1
20260928-133155_legacy_bc7e,persistence,legacy,1,mae,1.52007,4203577a9a,e866b352f9f1
20260928-133155_legacy_bc7e,persistence,legacy,1,bias,-0.762644,4203577a9a,e866b352f9f1
20260928-133155_legacy_bc7e,persistence,legacy,1,pearson_r,0.967459,4203577a9a,e866b352f9f1
20260928-133155_legacy_bc7e,persistence,legacy,2,rmse,3.55584,4203577a9a,e866b352f9f1
20260928-133155_legacy_bc7e,persistence,legacy,2,mae,2.76865,4203577a9a,e866b352f9f1
20260928-133155_legacy_bc7e,persistence,legacy,2,bias,-1.47664,4203577a9a,e866b352f9f1
20260928-133155_legacy_bc7e,persistence,legacy,2,pearson_r,0.893638,4203577a9a,e866b352f9f1
20260928-133155_legacy_bc7e,persistence,legacy,3,rmse,4.86025,4203577a9a,e866b352f9f1
20260928-133155_legacy_bc7e,persistence,legacy,3,mae,3.79611,4203577a9a,e866b352f9f1
20260928-133155_legacy_bc7e,persistence,legacy,3,bias,-2.08822,4203577a9a,e866b352f9f1
20260928-133155_legacy_bc7e,persistence,legacy,3,pearson_r,0.795684,4203577a9a,e866b352f9f1
20260928-133155_legacy_bc7e,persistence,legacy,4,rmse,5.82858,4203577a9a,e866b352f9f1
20260928-133155_legacy_bc7e,persistence,legacy,4,mae,4.5332,4203577a9a,e866b352f9f1
20260928-133155_legacy_bc7e,persistence,legacy,4,bias,-2.64416,4203577a9a,e866b352f9f1
20260928-133155_legacy_bc7e,persistence,legacy,4,pearson_r,0.700384,4203577a9a,e866b352f9f1
20260928-133155_legacy_bc7e,persistence,legacy,5,rmse,6.48823,4203577a9a,e866b352f9f1
20260928-133155_legacy_bc7e,persistence,legacy,5,mae,4.99585,4203577a9a,e866b352f9f1
20260928-133155_legacy_bc7e,persistence,legacy,5,bias,-3.09264,4203577a9a,e866b352f9f1
20260928-133155_legacy_bc7e,persistence,legacy,5,pearson_r,0.623915,4203577a9a,e866b352f9f1
20260928-133155_legacy_bc7e,persistence,legacy,6,rmse,6.90983,4203577a9a,e866b352f9f1
20260928-133155_legacy_bc7e,persistence,legacy,6,mae,5.30925,4203577a9a,e866b352f9f1
20260928-133155_legacy_bc7e,persistence,legacy,6,bias,-3.30598,4203577a9a,e866b352f9f1
20260928-133155_legacy_bc7e,persistence,legacy,6,pearson_r,0.564157,4203577a9a,e866b352f9f1
20260928-133155_legacy_bc7e,persistence,legacy,7,rmse,7.12642,4203577a9a,e866b352f9f1
20260928-133155_legacy_bc7e,persistence,legacy,7,mae,5.5056,4203577a9a,e866b352f9f1
20260928-133155_legacy_bc7e,persistence,legacy,7,bias,-3.19776,4203577a9a,e866b352f9f1
20260928-133155_legacy_bc7e,persistence,legacy,7,pearson_r,0.519433,4203577a9a,e866b352f9f1
20260928-133155_legacy_bc7e,persistence,legacy,8,rmse,7.12412,4203577a9a,e866b352f9f1
20260928-133155_legacy_bc7e,persistence,legacy,8,mae,5.54819,4203577a9a,e866b352f9f1
20260928-133155_legacy_bc7e,persistence,legacy,8,bias,-2.79197,4203577a9a,e866b352f9f1
20260928-133155_legacy_bc7e,persistence,legacy,8,pearson_r,0.498889,4203577a9a,e866b352f9f1
20260928-133155_legacy_bc7e,persistence,legacy,9,rmse,6.91064,4203577a9a,e866b352f9f1
20260928-133155_legacy_bc7e,persistence,legacy,9,mae,5.42105,4203577a9a,e866b352f9f1
20260928-133155_legacy_bc7e,persistence,legacy,9,bias,-2.17385,4203577a9a,e866b352f9f1
20260928-133155_legacy_bc7e,persistence,legacy,9,pearson_r,0.506339,4203577a9a,e866b352f9f1
20260928-133155_legacy_bc7e,persistence,legacy,10,rmse,6.60561,4203577a9a,e866b352f9f1
20260928-133155_legacy_bc7e,persistence,legacy,10,mae,5.21995,4203577a9a,e866b352f9f1
20260928-133155_legacy_bc7e,persistence,legacy,10,bias,-1.45708,4203577a9a,e866b352f9f1
20260928-133155_legacy_bc7e,persistence,legacy,10,pearson_r,0.530569,4203577a9a,e866b352f9f1
20260928-133155_legacy_bc7e,persistence,legacy,all,rmse,5.97403,4203577a9a,e866b352f9f1
20260928-133155_legacy_bc7e,persistence,legacy,all,mae,4.46179,4203577a9a,e866b352f9f1
20260928-133155_legacy_bc7e,persistence,legacy,all,bias,-2.2991,4203577a9a,e866b352f9f1
20260928-133155_legacy_bc7e,persistence,legacy,all,pearson_r,0.664414,4203577a9a,e866b352f9f1
20260928-133155_legacy_bc7e,climatology,legacy,1,rmse,0,4203577a9a,e866b352f9f1
20260928-133155_legacy_bc7e,climatology,legacy,1,mae,0,4203577a9a,e866b352f9f1
20260928-133155_legacy_bc7e,climatology,legacy,1,bias,0,4203577a9a,e866b352f9f1
20260928-133155_legacy_bc7e,climatology,legacy,1,pearson_r,1,4203577a9a,e866b352f9f1
20260928-133155_legacy_bc7e,climatology,legacy,2,rmse,0,4203577a9a,e866b352f9f1
20260928-133155_legacy_bc7e,climatology,legacy,2,mae,0,4203577a9a,e866b352f9f1
20260928-133155_legacy_bc7e,climatology,legacy,2,bias,0,4203577a9a,e866b352f9f1
20260928-133155_legacy_bc7e,climatology,legacy,2,pearson_r,1,4203577a9a,e866b352f9f1
20260928-133155_legacy_bc7e,climatology,legacy,3,rmse,0,4203577a9a,e866b352f9f1
20260928-133155_legacy_bc7e,climatology,legacy,3,mae,0,4203577a9a,e866b352f9f1
20260928-133155_legacy_bc7e,climatology,legacy,3,bias,0,4203577a9a,e866b352f9f1
20260928-133155_legacy_bc7e,climatology,legacy,3,pearson_r,1,4203577a9a,e866b352f9f1
20260928-133155_legacy_bc7e,climatology,legacy,4,rmse,0,4203577a9a,e866b352f9f1
20260928-133155_legacy_bc7e,climatology,legacy,4,mae,0,4203577a9a,e866b352f9f1
20260928-133155_legacy_bc7e,climatology,legacy,4,bias,0,4203577a9a,e866b352f9f1
20260928-133155_legacy_bc7e,climatology,legacy,4,pearson_r,1,4203577a9a,e866b352f9f1
20260928-133155_legacy_bc7e,climatology,legacy,5,rmse,0,4203577a9a,e866b352f9f1
20260928-133155_legacy_bc7e,climatology,legacy,5,mae,0,4203577a9a,e866b352f9f1
20260928-133155_legacy_bc7e,climatology,legacy,5,bias,0,4203577a9a,e866b352f9f1
20260928-133155_legacy_bc7e,climatology,legacy,5,pearson_r,1,4203577a9a,e866b352f9f1
20260928-133155_legacy_bc7e,climatology,legacy,6,rmse,0,4203577a9a,e866b352f9f1
20260928-133155_legacy_bc7e,climatology,legacy,6,mae,0,4203577a9a,e866b352f9f1
20260928-133155_legacy_bc7e,climatology,legacy,6,bias,0,4203577a9a,e866b352f9f1
20260928-133155_legacy_bc7e,climatology,legacy,6,pearson_r,1,4203577a9a,e866b352f9f1
20260928-133155_legacy_bc7e,climatology,legacy,7,rmse,0,4203577a9a,e866b352f9f1
20260928-133155_legacy_bc7e,climatology,legacy,7,mae,0,4203577a9a,e866b352f9f1
20260928-133155_legacy_bc7e,climatology,legacy,7,bias,0,4203577a9a,e866b352f9f1
20260928-133155_legacy_bc7e,climatology,legacy,7,pearson_r,1,4203577a9a,e866b352f9f1
20260928-133155_legacy_bc7e,climatology,legacy,8,rmse,0,4203577a9a,e866b352f9f1
20260928-133155_legacy_bc7e,climatology,legacy,8,mae,0,4203577a9a,e866b352f9f1
20260928-133155_legacy_bc7e,climatology,legacy,8,bias,0,4203577a9a,e866b352f9f1
20260928-133155_legacy_bc7e,climatology,legacy,8,pearson_r,1,4203577a9a,e866b352f9f1
20260928-133155_legacy_bc7e,climatology,legacy,9,rmse,0,4203577a9a,e866b352f9f1
20260928-133155_legacy_bc7e,climatology,legacy,9,mae,0,4203577a9a,e866b352f9f1
20260928-133155_legacy_bc7e,climatology,legacy,9,bias,0,4203577a9a,e866b352f9f1
20260928-133155_legacy_bc7e,climatology,legacy,9,pearson_r,1,4203577a9a,e866b352f9f1
20260928-133155_legacy_bc7e,climatology,legacy,10,rmse,0,4203577a9a,e866b352f9f1
20260928-133155_legacy_bc7e,climatology,legacy,10,mae,0,4203577a9a,e866b352f9f1
20260928-133155_legacy_bc7e,climatology,legacy,10,bias,0,4203577a9a,e866b352f9f1
20260928-133155_legacy_bc7e,climatology,legacy,10,pearson_r,1,4203577a9a,e866b352f9f1
20260928-133155_legacy_bc7e,climatology,legacy,all,rmse,0,4203577a9a,e866b352f9f1
20260928-133155_legacy_bc7e,climatology,legacy,all,mae,0,4203577a9a,e866b352f9f1
20260928-133155_legacy_bc7e,climatology,legacy,all,bias,0,4203577a9a,e866b352f9f1
20260928-133155_legacy_bc7e,climatology,legacy,all,pearson_r,1,4203577a9a,e866b352f9f1
20260928-133234_smoke_02e2,convlstm,smoke_test,1,rmse,4.37621,af622fb471,e866b352f9f1-dirty
20260928-133234_smoke_02e2,convlstm,smoke_test,1,mae,3.52569,af622fb471,e866b352f9f1-dirty
20260928-133234_smoke_02e2,convlstm,smoke_test,1,bias,0.685255,af622fb471,e866b352f9f1-dirty
20260928-133234_smoke_02e2,convlstm,smoke_test,1,pearson_r,0.829604,af622fb471,e866b352f9f1-dirty
20260928-133234_smoke_02e2,convlstm,smoke_test,2,rmse,4.30343,af622fb471,e866b352f9f1-dirty
20260928-133234_smoke_02e2,convlstm,smoke_test,2,mae,3.40795,af622fb471,e866b352f9f1-dirty
20260928-133234_smoke_02e2,convlstm,smoke_test,2,bias,0.578743,af622fb471,e866b352f9f1-dirty
20260928-133234_smoke_02e2,convlstm,smoke_test,2,pearson_r,0.819586,af622fb471,e866b352f9f1-dirty
20260928-133234_smoke_02e2,convlstm,smoke_test,3,rmse,4.08615,af622fb471,e866b352f9f1-dirty
20260928-133234_smoke_02e2,convlstm,smoke_test,3,mae,3.20168,af622fb471,e866b352f9f1-dirty
20260928-133234_smoke_02e2,convlstm,smoke_test,3,bias,0.248763,af622fb471,e866b352f9f1-dirty
20260928-133234_smoke_02e2,convlstm,smoke_test,3,pearson_r,0.803801,af622fb471,e866b352f9f1-dirty
20260928-133234_smoke_02e2,convlstm,smoke_test,4,rmse,3.76187,af622fb471,e866b352f9f1-dirty
20260928-133234_smoke_02e2,convlstm,smoke_test,4,mae,2.93617,af622fb471,e866b352f9f1-dirty
20260928-133234_smoke_02e2,convlstm,smoke_test,4,bias,-0.310045,af622fb471,e866b352f9f1-dirty
20260928-133234_smoke_02e2,convlstm,smoke_test,4,pearson_r,0.796156,af622fb471,e866b352f9f1-dirty
20260928-133234_smoke_02e2,convlstm,smoke_test,5,rmse,3.44728,af622fb471,e866b352f9f1-dirty
20260928-133234_smoke_02e2,convlstm,smoke_test,5,mae,2.68689,af622fb471,e866b352f9f1-dirty
20260928-133234_smoke_02e2,convlstm,smoke_test,5,bias,-0.936537,af622fb471,e866b352f9f1-dirty
20260928-133234_smoke_02e2,convlstm,smoke_test,5,pearson_r,0.810475,af622fb471,e866b352f9f1-dirty
20260928-133234_smoke_02e2,convlstm,smoke_test,6,rmse,3.2575,af622fb471,e866b352f9f1-dirty
20260928-133234_smoke_02e2,convlstm,smoke_test,6,mae,2.54054,af622fb471,e866b352f9f1-dirty
20260928-133234_smoke_02e2,convlstm,smoke_test,6,bias,-1.38775,af622fb471,e866b352f9f1-dirty
20260928-133234_smoke_02e2,convlstm,smoke_test,6,pearson_r,0.839962,af622fb471,e866b352f9f1-dirty
20260928-133234_smoke_02e2,convlstm,smoke_test,7,rmse,3.19794,af622fb471,e866b352f9f1-dirty
20260928-133234_smoke_02e2,convlstm,smoke_test,7,mae,2.48073,af622fb471,e866b352f9f1-dirty
20260928-133234_smoke_02e2,convlstm,smoke_test,7,bias,-1.49242,af622fb471,e866b352f9f1-dirty
20260928-133234_smoke_02e2,convlstm,smoke_test,7,pearson_r,0.857552,af622fb471,e866b352f9f1-dirty
20260928-133234_smoke_02e2,convlstm,smoke_test,8,rmse,3.16957,af622fb471,e866b352f9f1-dirty
20260928-133234_smoke_02e2,convlstm,smoke_test,8,mae,2.44759,af622fb471,e866b352f9f1-dirty
20260928-133234_smoke_02e2,convlstm,smoke_test,8,bias,-1.23129,af622fb471,e866b352f9f1-dirty
20260928-133234_smoke_02e2,convlstm,smoke_test,8,pearson_r,0.858805,af622fb471,e866b352f9f1-dirty
20260928-133234_smoke_02e2,convlstm,smoke_test,9,rmse,3.14323,af622fb471,e866b352f9f1-dirty
20260928-133234_smoke_02e2,convlstm,smoke_test,9,mae,2.40843,af622fb471,e866b352f9f1-dirty
20260928-133234_smoke_02e2,convlstm,smoke_test,9,bias,-0.680335,af622fb471,e866b352f9f1-dirty
20260928-133234_smoke_02e2,convlstm,smoke_test,9,pearson_r,0.853245,af622fb471,e866b352f9f1-dirty
20260928-133234_smoke_02e2,convlstm,smoke_test,10,rmse,3.22383,af622fb471,e866b352f9f1-dirty
20260928-133234_smoke_02e2,convlstm,smoke_test,10,mae,2.47891,af622fb471,e866b352f9f1-dirty
20260928-133234_smoke_02e2,convlstm,smoke_test,10,bias,0.0367409,af622fb471,e866b352f9f1-dirty
20260928-133234_smoke_02e2,convlstm,smoke_test,10,pearson_r,0.845451,af622fb471,e866b352f9f1-dirty
20260928-133234_smoke_02e2,convlstm,smoke_test,all,rmse,3.62712,af622fb471,e866b352f9f1-dirty
20260928-133234_smoke_02e2,convlstm,smoke_test,all,mae,2.81146,af622fb471,e866b352f9f1-dirty
20260928-133234_smoke_02e2,convlstm,smoke_test,all,bias,-0.448887,af622fb471,e866b352f9f1-dirty
20260928-133234_smoke_02e2,convlstm,smoke_test,all,pearson_r,0.810699,af622fb471,e866b352f9f1-dirty
20260928-133234_smoke_02e2,persistence,smoke_test,1,rmse,1.96944,af622fb471,e866b352f9f1-dirty
20260928-133234_smoke_02e2,persistence,smoke_test,1,mae,1.52007,af622fb471,e866b352f9f1-dirty
20260928-133234_smoke_02e2,persistence,smoke_test,1,bias,-0.762644,af622fb471,e866b352f9f1-dirty
20260928-133234_smoke_02e2,persistence,smoke_test,1,pearson_r,0.967459,af622fb471,e866b352f9f1-dirty
20260928-133234_smoke_02e2,persistence,smoke_test,2,rmse,3.55584,af622fb471,e866b352f9f1-dirty
20260928-133234_smoke_02e2,persistence,smoke_test,2,mae,2.76865,af622fb471,e866b352f9f1-dirty
20260928-133234_smoke_02e2,persistence,smoke_test,2,bias,-1.47664,af622fb471,e866b352f9f1-dirty
20260928-133234_smoke_02e2,persistence,smoke_test,2,pearson_r,0.893638,af622fb471,e866b352f9f1-dirty
20260928-133234_smoke_02e2,persistence,smoke_test,3,rmse,4.86025,af622fb471,e866b352f9f1-dirty
20260928-133234_smoke_02e2,persistence,smoke_test,3,mae,3.79611,af622fb471,e866b352f9f1-dirty
20260928-133234_smoke_02e2,persistence,smoke_test,3,bias,-2.08822,af622fb471,e866b352f9f1-dirty
20260928-133234_smoke_02e2,persistence,smoke_test,3,pearson_r,0.795684,af622fb471,e866b352f9f1-dirty
20260928-133234_smoke_02e2,persistence,smoke_test,4,rmse,5.82858,af622fb471,e866b352f9f1-dirty
20260928-133234_smoke_02e2,persistence,smoke_test,4,mae,4.5332,af622fb471,e866b352f9f1-dirty
20260928-133234_smoke_02e2,persistence,smoke_test,4,bias,-2.64416,af622fb471,e866b352f9f1-dirty
20260928-133234_smoke_02e2,persistence,smoke_test,4,pearson_r,0.700384,af622fb471,e866b352f9f1-dirty
20260928-133234_smoke_02e2,persistence,smoke_test,5,rmse,6.48823,af622fb471,e866b352f9f1-dirty
20260928-133234_smoke_02e2,persistence,smoke_test,5,mae,4.99585,af622fb471,e866b352f9f1-dirty
20260928-133234_smoke_02e2,persistence,smoke_test,5,bias,-3.09264,af622fb471,e866b352f9f1-dirty
20260928-133234_smoke_02e2,persistence,smoke_test,5,pearson_r,0.623915,af622fb471,e866b352f9f1-dirty
20260928-133234_smoke_02e2,persistence,smoke_test,6,rmse,6.90983,af622fb471,e866b352f9f1-dirty
20260928-133234_smoke_02e2,persistence,smoke_test,6,mae,5.30925,af622fb471,e866b352f9f1-dirty
20260928-133234_smoke_02e2,persistence,smoke_test,6,bias,-3.30598,af622fb471,e866b352f9f1-dirty
20260928-133234_smoke_02e2,persistence,smoke_test,6,pearson_r,0.564157,af622fb471,e866b352f9f1-dirty
20260928-133234_smoke_02e2,persistence,smoke_test,7,rmse,7.12642,af622fb471,e866b352f9f1-dirty
20260928-133234_smoke_02e2,persistence,smoke_test,7,mae,5.5056,af622fb471,e866b352f9f1-dirty
20260928-133234_smoke_02e2,persistence,smoke_test,7,bias,-3.19776,af622fb471,e866b352f9f1-dirty
20260928-133234_smoke_02e2,persistence,smoke_test,7,pearson_r,0.519433,af622fb471,e866b352f9f1-dirty
20260928-133234_smoke_02e2,persistence,smoke_test,8,rmse,7.12412,af622fb471,e866b352f9f1-dirty
20260928-133234_smoke_02e2,persistence,smoke_test,8,mae,5.54819,af622fb471,e866b352f9f1-dirty
20260928-133234_smoke_02e2,persistence,smoke_test,8,bias,-2.79197,af622fb471,e866b352f9f1-dirty
20260928-133234_smoke_02e2,persistence,smoke_test,8,pearson_r,0.498889,af622fb471,e866b352f9f1-dirty
20260928-133234_smoke_02e2,persistence,smoke_test,9,rmse,6.91064,af622fb471,e866b352f9f1-dirty
20260928-133234_smoke_02e2,persistence,smoke_test,9,mae,5.42105,af622fb471,e866b352f9f1-dirty
20260928-133234_smoke_02e2,persistence,smoke_test,9,bias,-2.17385,af622fb471,e866b352f9f1-dirty
20260928-133234_smoke_02e2,persistence,smoke_test,9,pearson_r,0.506339,af622fb471,e866b352f9f1-dirty
20260928-133234_smoke_02e2,persistence,smoke_test,10,rmse,6.60561,af622fb471,e866b352f9f1-dirty
20260928-133234_smoke_02e2,persistence,smoke_test,10,mae,5.21995,af622fb471,e866b352f9f1-dirty
20260928-133234_smoke_02e2,persistence,smoke_test,10,bias,-1.45708,af622fb471,e866b352f9f1-dirty
20260928-133234_smoke_02e2,persistence,smoke_test,10,pearson_r,0.530569,af622fb471,e866b352f9f1-dirty
20260928-133234_smoke_02e2,persistence,smoke_test,all,rmse,5.97403,af622fb471,e866b352f9f1-dirty
20260928-133234_smoke_02e2,persistence,smoke_test,all,mae,4.46179,af622fb471,e866b352f9f1-dirty
20260928-133234_smoke_02e2,persistence,smoke_test,all,bias,-2.2991,af622fb471,e866b352f9f1-dirty
20260928-133234_smoke_02e2,persistence,smoke_test,all,pearson_r,0.664414,af622fb471,e866b352f9f1-dirty
20260928-133234_smoke_02e2,climatology,smoke_test,1,rmse,0,af622fb471,e866b352f9f1-dirty
20260928-133234_smoke_02e2,climatology,smoke_test,1,mae,0,af622fb471,e866b352f9f1-dirty
20260928-133234_smoke_02e2,climatology,smoke_test,1,bias,0,af622fb471,e866b352f9f1-dirty
20260928-133234_smoke_02e2,climatology,smoke_test,1,pearson_r,1,af622fb471,e866b352f9f1-dirty
20260928-133234_smoke_02e2,climatology,smoke_test,2,rmse,0,af622fb471,e866b352f9f1-dirty
20260928-133234_smoke_02e2,climatology,smoke_test,2,mae,0,af622fb471,e866b352f9f1-dirty
20260928-133234_smoke_02e2,climatology,smoke_test,2,bias,0,af622fb471,e866b352f9f1-dirty
20260928-133234_smoke_02e2,climatology,smoke_test,2,pearson_r,1,af622fb471,e866b352f9f1-dirty
20260928-133234_smoke_02e2,climatology,smoke_test,3,rmse,0,af622fb471,e866b352f9f1-dirty
20260928-133234_smoke_02e2,climatology,smoke_test,3,mae,0,af622fb471,e866b352f9f1-dirty
20260928-133234_smoke_02e2,climatology,smoke_test,3,bias,0,af622fb471,e866b352f9f1-dirty
20260928-133234_smoke_02e2,climatology,smoke_test,3,pearson_r,1,af622fb471,e866b352f9f1-dirty
20260928-133234_smoke_02e2,climatology,smoke_test,4,rmse,0,af622fb471,e866b352f9f1-dirty
20260928-133234_smoke_02e2,climatology,smoke_test,4,mae,0,af622fb471,e866b352f9f1-dirty
20260928-133234_smoke_02e2,climatology,smoke_test,4,bias,0,af622fb471,e866b352f9f1-dirty
20260928-133234_smoke_02e2,climatology,smoke_test,4,pearson_r,1,af622fb471,e866b352f9f1-dirty
20260928-133234_smoke_02e2,climatology,smoke_test,5,rmse,0,af622fb471,e866b352f9f1-dirty
20260928-133234_smoke_02e2,climatology,smoke_test,5,mae,0,af622fb471,e866b352f9f1-dirty
20260928-133234_smoke_02e2,climatology,smoke_test,5,bias,0,af622fb471,e866b352f9f1-dirty
20260928-133234_smoke_02e2,climatology,smoke_test,5,pearson_r,1,af622fb471,e866b352f9f1-dirty
20260928-133234_smoke_02e2,climatology,smoke_test,6,rmse,0,af622fb471,e866b352f9f1-dirty
20260928-133234_smoke_02e2,climatology,smoke_test,6,mae,0,af622fb471,e866b352f9f1-dirty
20260928-133234_smoke_02e2,climatology,smoke_test,6,bias,0,af622fb471,e866b352f9f1-dirty
20260928-133234_smoke_02e2,climatology,smoke_test,6,pearson_r,1,af622fb471,e866b352f9f1-dirty
20260928-133234_smoke_02e2,climatology,smoke_test,7,rmse,0,af622fb471,e866b352f9f1-dirty
20260928-133234_smoke_02e2,climatology,smoke_test,7,mae,0,af622fb471,e866b352f9f1-dirty
20260928-133234_smoke_02e2,climatology,smoke_test,7,bias,0,af622fb471,e866b352f9f1-dirty
20260928-133234_smoke_02e2,climatology,smoke_test,7,pearson_r,1,af622fb471,e866b352f9f1-dirty
20260928-133234_smoke_02e2,climatology,smoke_test,8,rmse,0,af622fb471,e866b352f9f1-dirty
20260928-133234_smoke_02e2,climatology,smoke_test,8,mae,0,af622fb471,e866b352f9f1-dirty
20260928-133234_smoke_02e2,climatology,smoke_test,8,bias,0,af622fb471,e866b352f9f1-dirty
20260928-133234_smoke_02e2,climatology,smoke_test,8,pearson_r,1,af622fb471,e866b352f9f1-dirty
20260928-133234_smoke_02e2,climatology,smoke_test,9,rmse,0,af622fb471,e866b352f9f1-dirty
20260928-133234_smoke_02e2,climatology,smoke_test,9,mae,0,af622fb471,e866b352f9f1-dirty
20260928-133234_smoke_02e2,climatology,smoke_test,9,bias,0,af622fb471,e866b352f9f1-dirty
20260928-133234_smoke_02e2,climatology,smoke_test,9,pearson_r,1,af622fb471,e866b352f9f1-dirty
20260928-133234_smoke_02e2,climatology,smoke_test,10,rmse,0,af622fb471,e866b352f9f1-dirty
20260928-133234_smoke_02e2,climatology,smoke_test,10,mae,0,af622fb471,e866b352f9f1-dirty
20260928-133234_smoke_02e2,climatology,smoke_test,10,bias,0,af622fb471,e866b352f9f1-dirty
20260928-133234_smoke_02e2,climatology,smoke_test,10,pearson_r,1,af622fb471,e866b352f9f1-dirty
20260928-133234_smoke_02e2,climatology,smoke_test,all,rmse,0,af622fb471,e866b352f9f1-dirty
20260928-133234_smoke_02e2,climatology,smoke_test,all,mae,0,af622fb471,e866b352f9f1-dirty
20260928-133234_smoke_02e2,climatology,smoke_test,all,bias,0,af622fb471,e866b352f9f1-dirty
20260928-133234_smoke_02e2,climatology,smoke_test,all,pearson_r,1,af622fb471,e866b352f9f1-dirty
20260928-133829_smoke_3996,convlstm,smoke_test,1,rmse,4.37621,af622fb471,5e6e18a16b15
20260928-133829_smoke_3996,convlstm,smoke_test,1,mae,3.52569,af622fb471,5e6e18a16b15
20260928-133829_smoke_3996,convlstm,smoke_test,1,bias,0.685255,af622fb471,5e6e18a16b15
20260928-133829_smoke_3996,convlstm,smoke_test,1,pearson_r,0.829604,af622fb471,5e6e18a16b15
20260928-133829_smoke_3996,convlstm,smoke_test,2,rmse,4.30343,af622fb471,5e6e18a16b15
20260928-133829_smoke_3996,convlstm,smoke_test,2,mae,3.40795,af622fb471,5e6e18a16b15
20260928-133829_smoke_3996,convlstm,smoke_test,2,bias,0.578743,af622fb471,5e6e18a16b15
20260928-133829_smoke_3996,convlstm,smoke_test,2,pearson_r,0.819586,af622fb471,5e6e18a16b15
20260928-133829_smoke_3996,convlstm,smoke_test,3,rmse,4.08615,af622fb471,5e6e18a16b15
20260928-133829_smoke_3996,convlstm,smoke_test,3,mae,3.20168,af622fb471,5e6e18a16b15
20260928-133829_smoke_3996,convlstm,smoke_test,3,bias,0.248763,af622fb471,5e6e18a16b15
20260928-133829_smoke_3996,convlstm,smoke_test,3,pearson_r,0.803801,af622fb471,5e6e18a16b15
20260928-133829_smoke_3996,convlstm,smoke_test,4,rmse,3.76187,af622fb471,5e6e18a16b15
20260928-133829_smoke_3996,convlstm,smoke_test,4,mae,2.93617,af622fb471,5e6e18a16b15
20260928-133829_smoke_3996,convlstm,smoke_test,4,bias,-0.310045,af622fb471,5e6e18a16b15
20260928-133829_smoke_3996,convlstm,smoke_test,4,pearson_r,0.796156,af622fb471,5e6e18a16b15
20260928-133829_smoke_3996,convlstm,smoke_test,5,rmse,3.44728,af622fb471,5e6e18a16b15
20260928-133829_smoke_3996,convlstm,smoke_test,5,mae,2.68689,af622fb471,5e6e18a16b15
20260928-133829_smoke_3996,convlstm,smoke_test,5,bias,-0.936537,af622fb471,5e6e18a16b15
20260928-133829_smoke_3996,convlstm,smoke_test,5,pearson_r,0.810475,af622fb471,5e6e18a16b15
20260928-133829_smoke_3996,convlstm,smoke_test,6,rmse,3.2575,af622fb471,5e6e18a16b15
20260928-133829_smoke_3996,convlstm,smoke_test,6,mae,2.54054,af622fb471,5e6e18a16b15
20260928-133829_smoke_3996,convlstm,smoke_test,6,bias,-1.38775,af622fb471,5e6e18a16b15
20260928-133829_smoke_3996,convlstm,smoke_test,6,pearson_r,0.839962,af622fb471,5e6e18a16b15
20260928-133829_smoke_3996,convlstm,smoke_test,7,rmse,3.19794,af622fb471,5e6e18a16b15
20260928-133829_smoke_3996,convlstm,smoke_test,7,mae,2.48073,af622fb471,5e6e18a16b15
20260928-133829_smoke_3996,convlstm,smoke_test,7,bias,-1.49242,af622fb471,5e6e18a16b15
20260928-133829_smoke_3996,convlstm,smoke_test,7,pearson_r,0.857552,af622fb471,5e6e18a16b15
20260928-133829_smoke_3996,convlstm,smoke_test,8,rmse,3.16957,af622fb471,5e6e18a16b15
20260928-133829_smoke_3996,convlstm,smoke_test,8,mae,2.44759,af622fb471,5e6e18a16b15
20260928-133829_smoke_3996,convlstm,smoke_test,8,bias,-1.23129,af622fb471,5e6e18a16b15
20260928-133829_smoke_3996,convlstm,smoke_test,8,pearson_r,0.858805,af622fb471,5e6e18a16b15
20260928-133829_smoke_3996,convlstm,smoke_test,9,rmse,3.14323,af622fb471,5e6e18a16b15
20260928-133829_smoke_3996,convlstm,smoke_test,9,mae,2.40843,af622fb471,5e6e18a16b15
20260928-133829_smoke_3996,convlstm,smoke_test,9,bias,-0.680335,af622fb471,5e6e18a16b15
20260928-133829_smoke_3996,convlstm,smoke_test,9,pearson_r,0.853245,af622fb471,5e6e18a16b15
20260928-133829_smoke_3996,convlstm,smoke_test,10,rmse,3.22383,af622fb471,5e6e18a16b15
20260928-133829_smoke_3996,convlstm,smoke_test,10,mae,2.47891,af622fb471,5e6e18a16b15
20260928-133829_smoke_3996,convlstm,smoke_test,10,bias,0.0367409,af622fb471,5e6e18a16b15
20260928-133829_smoke_3996,convlstm,smoke_test,10,pearson_r,0.845451,af622fb471,5e6e18a16b15
20260928-133829_smoke_3996,convlstm,smoke_test,all,rmse,3.62712,af622fb471,5e6e18a16b15
20260928-133829_smoke_3996,convlstm,smoke_test,all,mae,2.81146,af622fb471,5e6e18a16b15
20260928-133829_smoke_3996,convlstm,smoke_test,all,bias,-0.448887,af622fb471,5e6e18a16b15
20260928-133829_smoke_3996,convlstm,smoke_test,all,pearson_r,0.810699,af622fb471,5e6e18a16b15
20260928-133829_smoke_3996,persistence,smoke_test,1,rmse,1.96944,af622fb471,5e6e18a16b15
20260928-133829_smoke_3996,persistence,smoke_test,1,mae,1.52007,af622fb471,5e6e18a16b15
20260928-133829_smoke_3996,persistence,smoke_test,1,bias,-0.762644,af622fb471,5e6e18a16b15
20260928-133829_smoke_3996,persistence,smoke_test,1,pearson_r,0.967459,af622fb471,5e6e18a16b15
20260928-133829_smoke_3996,persistence,smoke_test,2,rmse,3.55584,af622fb471,5e6e18a16b15
20260928-133829_smoke_3996,persistence,smoke_test,2,mae,2.76865,af622fb471,5e6e18a16b15
20260928-133829_smoke_3996,persistence,smoke_test,2,bias,-1.47664,af622fb471,5e6e18a16b15
20260928-133829_smoke_3996,persistence,smoke_test,2,pearson_r,0.893638,af622fb471,5e6e18a16b15
20260928-133829_smoke_3996,persistence,smoke_test,3,rmse,4.86025,af622fb471,5e6e18a16b15
20260928-133829_smoke_3996,persistence,smoke_test,3,mae,3.79611,af622fb471,5e6e18a16b15
20260928-133829_smoke_3996,persistence,smoke_test,3,bias,-2.08822,af622fb471,5e6e18a16b15
20260928-133829_smoke_3996,persistence,smoke_test,3,pearson_r,0.795684,af622fb471,5e6e18a16b15
20260928-133829_smoke_3996,persistence,smoke_test,4,rmse,5.82858,af622fb471,5e6e18a16b15
20260928-133829_smoke_3996,persistence,smoke_test,4,mae,4.5332,af622fb471,5e6e18a16b15
20260928-133829_smoke_3996,persistence,smoke_test,4,bias,-2.64416,af622fb471,5e6e18a16b15
20260928-133829_smoke_3996,persistence,smoke_test,4,pearson_r,0.700384,af622fb471,5e6e18a16b15
20260928-133829_smoke_3996,persistence,smoke_test,5,rmse,6.48823,af622fb471,5e6e18a16b15
20260928-133829_smoke_3996,persistence,smoke_test,5,mae,4.99585,af622fb471,5e6e18a16b15
20260928-133829_smoke_3996,persistence,smoke_test,5,bias,-3.09264,af622fb471,5e6e18a16b15
20260928-133829_smoke_3996,persistence,smoke_test,5,pearson_r,0.623915,af622fb471,5e6e18a16b15
20260928-133829_smoke_3996,persistence,smoke_test,6,rmse,6.90983,af622fb471,5e6e18a16b15
20260928-133829_smoke_3996,persistence,smoke_test,6,mae,5.30925,af622fb471,5e6e18a16b15
20260928-133829_smoke_3996,persistence,smoke_test,6,bias,-3.30598,af622fb471,5e6e18a16b15
20260928-133829_smoke_3996,persistence,smoke_test,6,pearson_r,0.564157,af622fb471,5e6e18a16b15
20260928-133829_smoke_3996,persistence,smoke_test,7,rmse,7.12642,af622fb471,5e6e18a16b15
20260928-133829_smoke_3996,persistence,smoke_test,7,mae,5.5056,af622fb471,5e6e18a16b15
20260928-133829_smoke_3996,persistence,smoke_test,7,bias,-3.19776,af622fb471,5e6e18a16b15
20260928-133829_smoke_3996,persistence,smoke_test,7,pearson_r,0.519433,af622fb471,5e6e18a16b15
20260928-133829_smoke_3996,persistence,smoke_test,8,rmse,7.12412,af622fb471,5e6e18a16b15
20260928-133829_smoke_3996,persistence,smoke_test,8,mae,5.54819,af622fb471,5e6e18a16b15
20260928-133829_smoke_3996,persistence,smoke_test,8,bias,-2.79197,af622fb471,5e6e18a16b15
20260928-133829_smoke_3996,persistence,smoke_test,8,pearson_r,0.498889,af622fb471,5e6e18a16b15
20260928-133829_smoke_3996,persistence,smoke_test,9,rmse,6.91064,af622fb471,5e6e18a16b15
20260928-133829_smoke_3996,persistence,smoke_test,9,mae,5.42105,af622fb471,5e6e18a16b15
20260928-133829_smoke_3996,persistence,smoke_test,9,bias,-2.17385,af622fb471,5e6e18a16b15
20260928-133829_smoke_3996,persistence,smoke_test,9,pearson_r,0.506339,af622fb471,5e6e18a16b15
20260928-133829_smoke_3996,persistence,smoke_test,10,rmse,6.60561,af622fb471,5e6e18a16b15
20260928-133829_smoke_3996,persistence,smoke_test,10,mae,5.21995,af622fb471,5e6e18a16b15
20260928-133829_smoke_3996,persistence,smoke_test,10,bias,-1.45708,af622fb471,5e6e18a16b15
20260928-133829_smoke_3996,persistence,smoke_test,10,pearson_r,0.530569,af622fb471,5e6e18a16b15
20260928-133829_smoke_3996,persistence,smoke_test,all,rmse,5.97403,af622fb471,5e6e18a16b15
20260928-133829_smoke_3996,persistence,smoke_test,all,mae,4.46179,af622fb471,5e6e18a16b15
20260928-133829_smoke_3996,persistence,smoke_test,all,bias,-2.2991,af622fb471,5e6e18a16b15
20260928-133829_smoke_3996,persistence,smoke_test,all,pearson_r,0.664414,af622fb471,5e6e18a16b15
20260928-133829_smoke_3996,climatology,smoke_test,1,rmse,0,af622fb471,5e6e18a16b15
20260928-133829_smoke_3996,climatology,smoke_test,1,mae,0,af622fb471,5e6e18a16b15
20260928-133829_smoke_3996,climatology,smoke_test,1,bias,0,af622fb471,5e6e18a16b15
20260928-133829_smoke_3996,climatology,smoke_test,1,pearson_r,1,af622fb471,5e6e18a16b15
20260928-133829_smoke_3996,climatology,smoke_test,2,rmse,0,af622fb471,5e6e18a16b15
20260928-133829_smoke_3996,climatology,smoke_test,2,mae,0,af622fb471,5e6e18a16b15
20260928-133829_smoke_3996,climatology,smoke_test,2,bias,0,af622fb471,5e6e18a16b15
20260928-133829_smoke_3996,climatology,smoke_test,2,pearson_r,1,af622fb471,5e6e18a16b15
20260928-133829_smoke_3996,climatology,smoke_test,3,rmse,0,af622fb471,5e6e18a16b15
20260928-133829_smoke_3996,climatology,smoke_test,3,mae,0,af622fb471,5e6e18a16b15
20260928-133829_smoke_3996,climatology,smoke_test,3,bias,0,af622fb471,5e6e18a16b15
20260928-133829_smoke_3996,climatology,smoke_test,3,pearson_r,1,af622fb471,5e6e18a16b15
20260928-133829_smoke_3996,climatology,smoke_test,4,rmse,0,af622fb471,5e6e18a16b15
20260928-133829_smoke_3996,climatology,smoke_test,4,mae,0,af622fb471,5e6e18a16b15
20260928-133829_smoke_3996,climatology,smoke_test,4,bias,0,af622fb471,5e6e18a16b15
20260928-133829_smoke_3996,climatology,smoke_test,4,pearson_r,1,af622fb471,5e6e18a16b15
20260928-133829_smoke_3996,climatology,smoke_test,5,rmse,0,af622fb471,5e6e18a16b15
20260928-133829_smoke_3996,climatology,smoke_test,5,mae,0,af622fb471,5e6e18a16b15
20260928-133829_smoke_3996,climatology,smoke_test,5,bias,0,af622fb471,5e6e18a16b15
20260928-133829_smoke_3996,climatology,smoke_test,5,pearson_r,1,af622fb471,5e6e18a16b15
20260928-133829_smoke_3996,climatology,smoke_test,6,rmse,0,af622fb471,5e6e18a16b15
20260928-133829_smoke_3996,climatology,smoke_test,6,mae,0,af622fb471,5e6e18a16b15
20260928-133829_smoke_3996,climatology,smoke_test,6,bias,0,af622fb471,5e6e18a16b15
20260928-133829_smoke_3996,climatology,smoke_test,6,pearson_r,1,af622fb471,5e6e18a16b15
20260928-133829_smoke_3996,climatology,smoke_test,7,rmse,0,af622fb471,5e6e18a16b15
20260928-133829_smoke_3996,climatology,smoke_test,7,mae,0,af622fb471,5e6e18a16b15
20260928-133829_smoke_3996,climatology,smoke_test,7,bias,0,af622fb471,5e6e18a16b15
20260928-133829_smoke_3996,climatology,smoke_test,7,pearson_r,1,af622fb471,5e6e18a16b15
20260928-133829_smoke_3996,climatology,smoke_test,8,rmse,0,af622fb471,5e6e18a16b15
20260928-133829_smoke_3996,climatology,smoke_test,8,mae,0,af622fb471,5e6e18a16b15
20260928-133829_smoke_3996,climatology,smoke_test,8,bias,0,af622fb471,5e6e18a16b15
20260928-133829_smoke_3996,climatology,smoke_test,8,pearson_r,1,af622fb471,5e6e18a16b15
20260928-133829_smoke_3996,climatology,smoke_test,9,rmse,0,af622fb471,5e6e18a16b15
20260928-133829_smoke_3996,climatology,smoke_test,9,mae,0,af622fb471,5e6e18a16b15
20260928-133829_smoke_3996,climatology,smoke_test,9,bias,0,af622fb471,5e6e18a16b15
20260928-133829_smoke_3996,climatology,smoke_test,9,pearson_r,1,af622fb471,5e6e18a16b15
20260928-133829_smoke_3996,climatology,smoke_test,10,rmse,0,af622fb471,5e6e18a16b15
20260928-133829_smoke_3996,climatology,smoke_test,10,mae,0,af622fb471,5e6e18a16b15
20260928-133829_smoke_3996,climatology,smoke_test,10,bias,0,af622fb471,5e6e18a16b15
20260928-133829_smoke_3996,climatology,smoke_test,10,pearson_r,1,af622fb471,5e6e18a16b15
20260928-133829_smoke_3996,climatology,smoke_test,all,rmse,0,af622fb471,5e6e18a16b15
20260928-133829_smoke_3996,climatology,smoke_test,all,mae,0,af622fb471,5e6e18a16b15
20260928-133829_smoke_3996,climatology,smoke_test,all,bias,0,af622fb471,5e6e18a16b15
20260928-133829_smoke_3996,climatology,smoke_test,all,pearson_r,1,af622fb471,5e6e18a16b15
