-2.9258,-2.9270,-2.6035,-2.2964,-2.3116,-2.4456,-2.4682,-2.2689,-2.1400,-2.2671,-2.4882,-2.6923,-2.6533,-2.2035,-1.3527,-1.0308,-1.2529,-1.6230,-1.6737,-1.6139,-1.5874,-1.4538,-1.2204,-1.2979,-1.5334,-1.2461,-1.0136,-0.1756,0.1563,0.3700,0.7866,1.1932,1.1107,0.9411,0.7300,-1.4884,-7.5207,-9.6213,-7.0938,-5.5978,-4.6244,-2.0705,1.1846,2.3957,3.9575,5.3435,6.6072,6.8822,5.6218,3.8384,1.1428,-1.1181,-0.8249,0.0085,0.5095,0.4494,1.3047,0.4930,-1.1886,1.0570,1.8138,1.3111,1.4128,0.8878,0.1464,0.1763,0.8058,1.3453,0.2449,1.6585,2.5491,2.1269
-3.0310,-3.0063,-2.8910,-2.8084,-2.8934,-2.9000,-2.7485,-2.2539,-2.0828,-2.1307,-2.4126,-2.7218,-2.9056,-2.6070,-1.6287,-1.0493,-1.3158,-1.6494,-1.6939,-1.7512,-1.7341,-1.5721,-1.4498,-1.6080,-1.5802,-1.2556,-1.0470,-0.0903,0.4564,0.5122,0.8926,1.1279,1.1670,0.7836,0.2041,-3.9444,-8.0302,-6.6513,-5.8911,-5.1900,-3.6496,-0.5748,0.7468,1.7997,3.4794,4.9108,5.2896,5.8291,5.4701,2.5520,1.1013,-0.0149,-0.0705,-0.1170,0.6876,1.5380,1.4754,0.8887,0.7378,3.9964,3.9124,2.0524,2.7828,2.6327,0.1142,0.2567,1.6091,1.4563,0.3450,1.7950,2.1808,1.7474
-3.1449,-3.1031,-3.1546,-3.2756,-3.4378,-3.3072,-3.0378,-2.4991,-2.1104,-2.0925,-2.3315,-2.6789,-2.9340,-2.7303,-1.9997,-1.3013,-1.4668,-1.6698,-1.7090,-1.8321,-1.8525,-1.7294,-1.6268,-1.7341,-1.6267,-1.2153,-0.7999,0.1868,0.6495,0.7278,0.8896,1.0678,1.0304,0.8078,0.1276,-2.4280,-4.2012,-3.9869,-4.4982,-4.3682,-2.3320,-0.0401,0.3708,2.1244,3.4761,4.5181,5.2353,4.0426,4.0281,2.3986,0.8563,-0.4474,-0.6880,-0.7785,0.4823,2.0058,2.3213,3.8979,2.8923,4.4883,4.1054,2.2202,3.6683,3.6342,0.4395,1.1974,2.6411,1.7804,0.6810,1.5293,1.9488,3.5431
-3.4240,-3.4609,-3.6034,-3.7114,-3.8070,-3.5504,-3.2571,-2.7497,-2.1304,-2.0504,-2.2647,-2.5344,-2.8844,-2.7786,-2.3370,-1.7538,-1.7355,-1.7575,-1.7594,-1.8797,-1.9295,-1.8293,-1.6839,-1.7656,-1.6274,-1.1487,-0.4385,0.4406,0.6540,0.8751,0.8155,0.8914,0.7667,0.3487,-0.2563,1.3117,-0.5145,-1.5844,-3.5961,-3.5222,-1.0701,-0.0862,1.0790,2.8615,4.1575,4.6855,6.0474,4.8486,4.1552,2.2151,0.5425,-0.2207,-0.3776,0.7284,2.0253,1.6785,0.9491,2.0734,2.8409,3.6982,2.7081,2.4358,4.0783,3.9205,0.1842,1.4331,2.6178,1.7091,0.6678,1.3596,1.5143,5.9374
-3.9482,-4.0289,-4.1724,-4.0802,-3.8847,-3.6030,-3.3619,-2.8360,-2.1105,-1.9703,-2.1575,-2.3422,-2.6839,-2.7548,-2.6470,-2.2194,-1.8829,-1.7489,-1.8164,-1.9508,-1.9176,-1.7659,-1.6604,-1.6919,-1.5134,-1.0020,-0.1608,0.5232,0.8520,0.9410,0.8493,0.7338,0.1864,-1.8245,-0.4810,2.1890,1.2785,-1.1709,-3.2442,-3.0122,-0.5165,0.2881,1.3309,3.3487,4.9081,5.4115,7.0499,6.6665,5.6015,4.0407,1.0037,-0.0984,-0.3309,1.0026,2.4815,2.4470,1.5267,0.6474,3.5425,4.4512,2.4978,2.3131,4.3817,4.6206,2.3612,2.0693,2.0696,1.6969,0.6517,1.1586,2.5414,5.6306
-4.5183,-4.5573,-4.5761,-4.1368,-3.8689,-3.6145,-3.4034,-2.8590,-2.0243,-1.8269,-1.9499,-2.1355,-2.4707,-2.6973,-2.6852,-2.3965,-1.8986,-1.7027,-1.8544,-2.0343,-1.8829,-1.6245,-1.5329,-1.5829,-1.3120,-0.8756,0.0310,0.6726,0.8834,0.8567,0.7322,0.1211,-1.8569,-1.6132,1.1068,2.5696,1.3302,-1.2059,-2.7622,-2.5452,-0.5067,1.0164,2.6678,4.1896,5.3717,6.1309,7.4959,7.1757,6.3391,4.5583,1.6572,0.2589,0.2101,1.7027,2.9837,3.5548,2.8946,2.2813,3.5914,4.5965,1.6316,1.6532,3.2399,2.6546,3.3517,2.1040,1.9307,1.5664,0.5836,1.2445,2.7368,4.3900
-4.6966,-4.7311,-4.6663,-4.1411,-3.7159,-3.4208,-3.2515,-2.8009,-1.9189,-1.6302,-1.6903,-1.8692,-2.2980,-2.6193,-2.5518,-2.2593,-1.8304,-1.6509,-1.8927,-2.1364,-1.8644,-1.4373,-1.3821,-1.5168,-1.1758,-0.8010,0.1179,0.6421,0.8402,0.8084,0.5062,-0.7362,-2.4411,-0.2040,1.7059,0.9237,-0.6098,-4.2317,-3.7968,-2.2042,-0.1407,2.9765,3.9835,4.6070,5.1928,5.3892,6.9476,6.8745,6.7189,5.4848,1.5105,0.2172,0.2676,2.0480,3.7526,3.8874,3.0927,2.9044,2.6570,2.2625,2.0735,4.1198,2.7438,0.9599,1.5386,-0.8289,0.5992,2.3888,1.0571,1.2520,2.1155,3.3560
-4.7180,-4.7828,-4.5272,-3.7764,-3.2514,-2.9818,-2.9218,-2.7211,-1.8755,-1.4904,-1.5100,-1.6534,-2.0899,-2.4248,-2.3524,-2.1864,-1.7101,-1.6167,-2.0096,-2.2667,-1.8421,-1.2536,-1.2392,-1.4415,-1.0816,-0.6170,0.1751,0.6034,0.7803,0.7645,-0.2089,-3.7639,-2.8055,0.5176,0.8497,0.1787,-2.8525,-3.7018,-2.1055,-0.9211,1.9563,4.0265,3.8325,4.3249,4.8396,4.6864,6.6408,7.0544,6.1871,6.1590,2.8182,0.8396,0.5160,1.9915,4.1795,4.3703,2.7591,2.8571,3.4819,1.8352,1.2714,3.4437,1.4621,0.4647,1.7265,0.5043,1.9444,2.3773,1.3078,1.4164,1.9063,2.5298
-4.4089,-4.3705,-3.8241,-3.0008,-2.6178,-2.5764,-2.6379,-2.6425,-1.9159,-1.4974,-1.4485,-1.5530,-1.8164,-2.0146,-2.0039,-1.8642,-1.4965,-1.6338,-2.1828,-2.4077,-1.7724,-1.0721,-1.1113,-1.3863,-1.0655,-0.4611,0.1087,0.5515,0.7041,0.4753,-0.8372,-4.0029,-2.4142,0.8733,1.6968,0.9910,-2.8468,-3.4840,-1.8006,0.0247,2.8791,2.6477,3.2933,4.1773,4.4428,3.8656,5.9882,6.9054,6.1225,5.5712,2.6620,1.7263,2.6537,3.0397,4.7368,4.1967,3.1692,3.1456,3.8192,2.3052,1.4510,2.8349,0.8527,1.4018,3.0944,1.9084,1.5425,1.9166,1.0278,1.2927,2.1299,2.2093
-3.6421,-3.5094,-2.9281,-2.2329,-2.0740,-2.1854,-2.4439,-2.5732,-2.0165,-1.5660,-1.4633,-1.5178,-1.6026,-1.5835,-1.5341,-1.4224,-1.2935,-1.6519,-2.2551,-2.5171,-1.6606,-0.8879,-1.0271,-1.3203,-1.0692,-0.3656,0.0465,0.4780,0.6783,0.1077,-3.2882,-6.6108,-2.3779,1.7762,2.0656,1.3129,-2.8093,-2.7489,-0.8273,-0.8533,1.0665,1.9449,3.3382,4.1080,4.2735,4.1842,6.4528,7.2512,6.3341,6.5472,2.2085,2.2065,2.8002,4.1101,4.5540,3.6786,3.8734,3.4372,4.4307,2.8890,1.4372,3.5099,2.8359,3.6843,4.1693,3.2800,0.9631,1.4057,1.2281,1.9746,2.8748,2.2845
-2.6627,-2.5294,-2.1655,-1.9373,-1.8370,-1.9310,-2.3464,-2.5279,-2.2198,-1.7394,-1.5206,-1.5174,-1.5534,-1.4479,-1.2412,-1.0915,-1.1801,-1.6506,-2.2291,-2.5380,-1.5574,-0.7830,-0.9414,-1.2260,-1.0496,-0.3671,0.1093,0.5723,0.6879,-0.5515,-5.3293,-6.2282,-1.6090,2.0439,1.8877,0.1725,-3.6159,-3.1061,-1.9783,-1.5678,0.6004,2.2598,3.3636,3.8809,4.1608,4.2444,6.0219,7.5197,6.5116,6.5879,1.8731,2.5256,3.2923,4.1919,3.9964,3.6653,4.0564,2.9330,2.6285,3.0526,1.6941,3.9425,4.2068,3.8638,3.2746,5.5516,2.3746,1.0762,1.8536,2.8771,3.7377,2.5008
-2.0211,-1.9930,-1.9496,-1.8896,-1.7543,-1.8304,-2.2917,-2.4967,-2.3995,-2.0355,-1.6818,-1.5787,-1.5714,-1.4551,-1.1955,-1.0224,-1.1444,-1.6194,-2.1880,-2.5115,-1.5222,-0.7464,-0.9001,-1.1511,-1.0073,-0.3034,0.2149,0.4955,0.2902,-1.9339,-7.0866,-4.6956,-0.3391,2.1877,1.5422,-2.5907,-4.4236,-3.2773,-2.2436,-1.4325,0.6135,2.1831,3.7528,4.0980,3.8579,4.7638,6.1332,7.6024,7.1301,3.0408,1.4043,1.7363,4.1020,4.0397,3.5806,3.3748,4.1539,3.4024,1.7604,-0.1510,0.6961,1.7924,2.9022,2.7022,3.8880,5.1654,3.2459,1.0657,2.0308,3.2950,4.2203,2.7278
-1.8624,-1.8831,-1.8806,-1.8595,-1.7324,-1.8136,-2.2622,-2.5272,-2.5064,-2.3198,-1.9802,-1.8000,-1.6621,-1.5034,-1.2036,-1.0349,-1.1479,-1.5384,-2.1718,-2.4207,-1.5094,-0.7850,-0.8420,-1.0533,-0.9374,-0.2849,0.2688,0.4584,-0.2119,-6.8837,-5.0989,-3.5644,0.5004,1.8959,0.8009,-3.1708,-2.7677,-1.9914,-1.8538,-1.4542,0.8062,2.7763,3.8763,4.5639,4.3783,5.2575,6.0388,7.4467,6.1507,-0.9728,-0.2127,2.1001,4.5850,5.3446,4.3895,3.5236,3.9319,2.7067,0.4338,-0.7250,-1.7701,-0.7133,0.7304,3.0228,4.4777,3.2447,1.9795,0.2903,1.6577,2.9248,3.9411,2.9344
-1.8210,-1.8591,-1.9317,-1.9452,-1.8351,-1.8270,-2.2675,-2.5967,-2.5903,-2.5321,-2.3160,-2.0557,-1.8771,-1.6491,-1.3512,-1.2272,-1.2549,-1.5367,-2.1592,-2.2304,-1.5100,-0.8267,-0.7020,-0.8819,-0.7658,-0.2313,0.2256,0.3906,-1.0707,-1.8755,-0.3409,-1.5276,1.0210,2.1277,0.6016,-2.5508,-1.3470,-1.5861,-1.9143,-1.1964,1.5167,3.1869,3.9383,4.5708,5.1310,5.6768,6.0999,6.8475,4.0719,-0.6739,0.1987,2.1096,4.0322,4.2931,4.3428,4.4091,4.0182,3.1287,0.2028,-1.7479,-3.8843,-1.3405,-1.0636,-0.0353,1.0576,1.7814,1.0413,-1.3539,0.5602,1.6440,2.5234,2.6830
-1.8625,-1.9008,-1.9843,-2.0566,-2.0226,-2.0028,-2.3066,-2.6506,-2.6580,-2.6819,-2.6274,-2.2967,-2.1039,-1.8349,-1.6627,-1.6232,-1.5844,-1.6345,-2.0661,-2.0596,-1.3058,-0.7133,-0.5629,-0.6681,-0.6614,-0.1625,0.2591,0.4125,0.9042,-0.4249,1.2241,0.9148,2.7999,2.4367,2.1751,-1.5658,-2.2358,-2.0888,-2.4438,-0.6371,2.3220,3.5793,4.1703,4.8047,5.7044,5.9512,6.0368,5.7767,4.1947,0.5727,2.9273,2.5937,2.2786,3.1090,4.3545,5.0243,3.2630,2.8115,-0.5775,-2.9254,-4.5059,-3.1082,-0.8636,0.2536,0.1337,1.1884,2.0137,-0.4959,0.2359,1.3475,1.8333,1.8723
-1.9567,-1.9043,-1.9553,-2.0944,-2.1916,-2.2474,-2.3937,-2.6868,-2.7236,-2.7529,-2.7837,-2.5329,-2.2946,-2.0136,-1.9809,-1.9910,-1.9337,-1.7287,-1.9058,-1.7903,-1.1099,-0.5028,-0.4149,-0.5243,-0.6245,-0.1285,0.3282,0.4690,0.8433,2.3031,2.3524,0.9477,2.9839,2.2968,4.1669,1.9447,-2.1868,-2.1505,-2.4647,0.6442,2.9014,3.7650,4.0762,4.6226,5.8855,6.0321,5.1591,1.7636,-1.3908,-1.2707,3.1239,2.5289,1.8734,2.4154,3.3585,4.7312,2.6906,1.7448,-1.0843,-2.8525,-3.3336,-3.5195,-0.0529,0.9264,0.1133,1.7297,4.0131,1.6657,1.1843,1.2832,0.4976,0.1001
-2.0212,-1.8897,-1.9046,-2.0753,-2.2569,-2.3432,-2.4730,-2.7205,-2.7592,-2.7764,-2.8240,-2.8023,-2.5180,-2.1944,-2.2447,-2.2620,-2.1512,-1.7433,-1.7936,-1.6229,-0.8194,-0.3009,-0.3014,-0.4234,-0.5250,-0.1298,0.2530,0.4767,0.0752,0.8443,0.1513,1.0087,2.5813,2.7871,4.2370,4.0043,-1.7246,-1.6064,-0.3022,2.2625,3.5011,3.9223,4.1836,4.8526,5.2650,4.7597,3.7541,-0.7400,-0.4070,-0.1048,1.4163,3.8945,2.6735,1.8098,3.5949,2.7900,2.3552,1.4330,-1.8432,-1.6781,-1.1756,-1.0418,0.5816,0.3475,0.0503,2.1028,5.9981,3.1407,0.5458,0.4483,-0.9312,-0.9488
-2.0540,-1.8261,-1.7809,-1.9319,-2.3203,-2.4356,-2.5445,-2.7232,-2.7587,-2.7259,-2.7853,-3.0553,-2.7517,-2.3658,-2.4255,-2.3926,-2.1926,-1.6946,-1.6927,-1.4422,-0.6382,-0.2030,-0.2093,-0.3653,-0.5251,-0.1545,0.0948,0.3770,0.3155,-0.3070,-0.1669,1.2259,1.4693,1.9690,3.5000,2.9776,0.0156,-0.1708,1.5873,2.6884,3.6413,3.4165,3.8183,4.6127,4.6549,3.6523,3.8126,-1.3354,0.4704,2.0170,1.7525,4.4860,3.0377,2.2264,3.1776,3.7834,3.4372,2.2265,-1.4283,-1.8132,-0.9121,-0.1496,-0.0009,0.8744,0.6189,1.9559,5.7200,3.1299,0.6737,-0.3986,-1.9915,-1.8169
-2.1571,-1.8385,-1.7560,-1.8503,-2.3792,-2.5144,-2.5761,-2.7348,-2.7614,-2.6468,-2.7143,-3.2301,-2.9166,-2.4862,-2.5201,-2.4230,-2.1797,-1.6239,-1.5612,-1.2364,-0.5706,-0.1638,-0.1640,-0.3473,-0.6461,-0.3675,-0.2079,0.2399,0.0326,-0.0895,-0.1494,0.6852,1.1020,1.5729,3.7350,2.3861,1.6431,1.8017,2.5264,2.7217,3.2620,3.2255,3.8028,4.5359,2.7138,3.4029,1.3096,-1.2548,0.6427,2.8199,2.2099,4.7441,3.5861,2.8559,2.4463,1.5544,3.4013,1.3640,-1.8197,-1.6352,-0.8657,-1.4921,-0.7477,0.6655,1.5440,2.8162,5.3819,3.5057,2.4079,-0.8358,-2.4293,-2.0052
-2.4567,-1.9739,-1.8076,-1.9097,-2.4287,-2.5437,-2.5612,-2.7231,-2.7295,-2.5796,-2.6979,-3.3313,-3.0110,-2.5366,-2.5567,-2.4069,-2.0380,-1.5585,-1.4182,-1.0260,-0.4597,-0.1323,-0.1219,-0.3851,-0.7256,-0.4996,-0.5519,-0.1525,-0.2619,-0.2330,0.2629,0.8882,0.9070,1.7838,3.2983,3.8167,2.2860,1.9702,2.3252,2.3947,2.7070,3.2251,3.5446,4.1139,-0.2130,1.5393,-0.0425,-0.3676,2.1792,3.3775,2.2819,3.7220,3.0149,3.3609,2.4177,1.1146,2.4953,0.4841,-1.7909,-1.5569,-0.4732,-1.0108,-0.7890,-0.1955,1.8303,3.9534,6.9209,7.5450,3.6574,-0.8576,-2.8202,-2.1153
-3.0283,-2.5482,-2.1652,-2.1830,-2.5207,-2.5600,-2.5773,-2.7087,-2.6833,-2.5480,-2.7108,-3.2945,-3.0511,-2.4554,-2.4088,-2.2628,-1.8504,-1.4475,-1.1929,-0.7914,-0.3093,-0.1029,-0.0993,-0.4362,-0.6773,-0.5742,-0.7270,-0.5423,0.0380,-1.0923,-0.2477,0.3771,-0.2294,1.6269,1.6222,-0.1909,0.9101,2.0249,2.0820,1.8569,1.9426,3.5559,3.9336,3.7913,-0.0088,-3.0887,-1.9786,-0.6474,-0.2198,1.1817,2.8419,2.9544,2.6615,3.8541,3.2662,0.6592,1.3323,0.6251,-2.0091,-2.1220,-0.9464,-1.2808,-0.7878,-0.0128,1.5432,4.0243,7.7739,6.4285,2.8307,-0.4114,-2.4162,-1.8407
-3.7001,-3.3209,-2.9098,-2.7591,-2.7110,-2.5908,-2.5961,-2.7078,-2.6725,-2.5332,-2.8345,-3.0185,-2.7149,-2.1933,-2.1845,-2.0954,-1.6721,-1.2385,-0.8801,-0.5488,-0.2295,-0.1138,-0.1757,-0.4809,-0.6026,-0.5670,-0.7429,-1.5315,1.0509,1.7911,1.9551,1.9066,0.6902,-0.2774,-3.9291,-0.8974,3.1176,1.7819,1.2338,1.3929,2.7831,4.1113,4.3041,3.7393,1.4962,-2.9725,-2.9787,-1.5786,-1.0658,-1.1116,1.4770,1.6306,3.1590,3.8824,3.1579,0.3386,-0.1997,0.2768,-2.7458,-3.4819,-3.0013,-2.0980,-1.0597,0.1653,2.9877,3.1702,6.0021,2.9529,1.1661,0.1461,-0.8823,-0.2305
-4.1510,-3.8209,-3.4340,-3.1722,-2.8803,-2.7164,-2.7245,-2.7641,-2.6917,-2.6838,-2.9033,-2.7464,-2.1172,-1.8788,-1.9439,-1.9084,-1.4236,-0.9179,-0.5212,-0.4475,-0.2481,-0.1703,-0.3794,-0.5098,-0.5284,-0.6530,-0.8682,-0.3084,3.3837,2.2942,3.1154,2.7412,1.3142,-1.4874,-4.3918,-0.4561,1.4402,-0.4959,0.5137,1.4588,3.3809,4.4486,4.4259,2.6074,3.1943,-1.5007,-1.9513,-2.1124,-0.4618,-1.0105,-0.2727,0.8091,3.6647,4.0639,2.3971,-0.0259,-1.1979,-1.5726,-3.2597,-3.9408,-3.7509,-2.2567,-1.6192,-0.3463,4.4772,3.2518,4.5273,1.3710,0.2661,0.3267,-0.5161,-0.6957
-4.2749,-4.0539,-3.6178,-3.3155,-3.0028,-2.9225,-2.9262,-3.0080,-2.8084,-2.9590,-2.8953,-2.5877,-1.8451,-1.7521,-1.7706,-1.6636,-1.0417,-0.5457,-0.2107,-0.4098,-0.2400,-0.2073,-0.5237,-0.5431,-0.5830,-0.7979,-1.0485,-0.6833,2.2451,4.3430,2.1370,2.3283,2.2173,-2.0793,-4.8055,-6.2853,-4.7352,-1.5567,0.5388,2.3608,4.1219,4.7999,4.3032,2.2552,0.7095,-1.6400,-2.6912,-2.9423,-0.6080,-0.0155,-0.9504,0.9322,1.3916,3.4886,2.4622,0.3057,-1.3624,-2.2663,-3.7232,-4.2518,-4.1236,-2.2368,-1.5033,-0.7173,2.5758,2.2626,3.6884,2.0971,-0.6415,-0.3876,-0.6784,-0.8969
-4.2493,-4.1801,-3.7260,-3.4015,-3.1328,-3.1301,-3.1585,-3.3123,-3.1366,-3.0662,-2.8143,-2.4467,-1.8182,-1.6431,-1.5438,-1.2504,-0.6284,-0.2286,-0.0082,-0.2960,-0.1370,-0.1845,-0.5939,-0.6179,-0.7309,-0.9275,-1.0093,-1.0000,0.7015,1.2734,0.2853,1.5258,2.9206,-0.1079,-5.2828,-9.4285,-6.3771,-1.2296,0.9245,2.7042,4.5021,5.3650,3.2118,2.1735,0.3543,-2.0936,-3.2612,-3.6345,-1.4262,0.3835,0.0009,1.2097,2.0349,3.3792,2.7626,0.5769,-1.5510,-2.6081,-3.5872,-4.7460,-4.1833,-2.3899,-1.8512,-1.0245,-0.0008,3.6317,3.6318,3.2802,0.1972,-0.2887,-0.4882,-0.8487
-4.2621,-4.2654,-3.8135,-3.5155,-3.2696,-3.3333,-3.3765,-3.4287,-3.2164,-3.0418,-2.6500,-2.3739,-1.8923,-1.5120,-1.2055,-0.7311,-0.2988,-0.1168,0.1002,-0.0995,0.0003,-0.1752,-0.5990,-0.7182,-0.8511,-0.9820,-1.1236,-0.9914,-0.2172,-1.2704,0.1317,1.0533,2.5127,4.1508,-1.4887,-4.2787,-1.9877,0.4655,1.7298,3.1387,5.0677,5.7270,3.4208,2.1969,-0.1000,-3.1471,-3.8811,-4.0661,-1.4711,-0.2592,0.1472,2.0792,3.6393,3.8995,2.6625,0.1501,-1.9016,-2.2565,-3.3139,-5.0319,-4.1269,-2.1056,-1.8815,-1.3061,-0.9990,1.2152,2.3735,2.5333,1.1296,0.2014,0.3046,-0.5421
-4.2640,-4.3189,-3.9269,-3.6721,-3.4225,-3.5071,-3.4741,-3.3977,-3.1687,-2.8596,-2.5814,-2.3671,-1.9213,-1.4195,-0.8978,-0.4302,-0.2349,-0.1194,0.1158,0.1054,0.1697,-0.1180,-0.6028,-0.8425,-1.0372,-1.1530,-1.4820,-1.0395,-0.9018,-1.8755,-0.3734,1.1264,1.7660,2.4067,2.8903,1.4106,0.6893,1.6377,2.4752,3.6682,5.5256,5.5909,4.5337,0.1977,-1.9585,-4.1283,-4.6022,-3.7729,-1.2713,-1.3702,-0.2278,3.1375,3.7944,3.1814,1.8306,-0.6665,-2.6550,-2.3285,-3.6591,-5.4809,-4.1083,-1.9732,-1.1020,-1.1199,-0.7052,-0.2653,1.2934,1.8590,1.1860,0.8473,-0.1690,-1.0066
-4.2302,-4.3443,-4.0555,-3.8680,-3.6417,-3.6703,-3.5362,-3.3057,-2.9579,-2.6280,-2.5104,-2.3368,-1.9097,-1.3636,-0.7640,-0.3726,-0.3327,-0.1649,0.0552,0.2436,0.3395,-0.0585,-0.7229,-1.0317,-1.2191,-1.3745,-1.7499,-1.1491,-1.0761,-0.5732,0.5086,2.0365,2.2971,3.2928,2.7124,1.2362,0.7860,1.8214,2.9800,3.9912,5.5035,5.1568,3.6848,-0.5758,-2.3585,-4.5164,-5.0447,-4.3889,-2.1696,-2.1597,0.6269,3.6731,3.8625,3.2876,1.6524,-0.8774,-2.9242,-3.1801,-5.2241,-5.4701,-3.8055,-1.3498,-0.3304,-0.9149,-0.8983,-0.8378,0.2391,0.7024,1.2618,0.9008,-0.1477,-1.3881
-4.1722,-4.3465,-4.1652,-4.0607,-3.8474,-3.7938,-3.5451,-3.2351,-2.8249,-2.5158,-2.4158,-2.2443,-1.8045,-1.3054,-0.6823,-0.5106,-0.5173,-0.1615,0.1344,0.3198,0.3027,-0.3367,-1.1370,-1.4102,-1.4983,-1.5711,-1.7173,-1.1522,0.3643,-0.0248,1.1757,1.9605,2.7452,2.2011,1.4705,1.0304,0.9487,1.8007,2.9606,4.0264,5.0050,5.7499,3.0153,-1.1228,-3.2263,-4.7133,-5.5822,-5.6797,-5.3748,-3.1468,0.9725,3.9022,3.6839,2.5587,0.6659,-1.6295,-3.3542,-5.4039,-6.0508,-5.1479,-4.0857,-1.2451,-0.4464,-1.5188,-0.5433,-0.3344,-0.0615,0.3572,1.7012,1.5427,0.8457,-0.6951
-4.0970,-4.3322,-4.2669,-4.1579,-3.9923,-3.8063,-3.5071,-3.1843,-2.7897,-2.4479,-2.2381,-2.0478,-1.6005,-1.1838,-0.6452,-0.6715,-0.6089,0.0713,0.2676,0.4279,0.1272,-0.7261,-1.6186,-1.6477,-1.7488,-1.7679,-1.2246,-0.1506,0.2285,0.0977,0.7553,1.6203,1.6652,1.4292,1.0782,1.5739,1.6697,1.9956,2.7101,4.1590,4.6272,5.4122,2.4106,-0.9787,-3.4469,-4.7207,-5.5934,-5.4640,-6.0012,-4.3895,1.8185,3.5151,2.9703,0.8480,-1.0206,-3.2529,-1.6180,-5.9896,-5.8099,-5.2394,-5.1917,-3.1849,-1.1877,-1.8894,-1.8603,-0.5627,0.1150,-0.6029,-0.1841,1.1918,1.7013,0.6930
-4.0298,-4.2847,-4.3223,-4.1831,-4.0212,-3.7123,-3.3714,-3.1145,-2.7249,-2.3580,-1.9814,-1.7916,-1.4306,-1.1491,-0.6722,-0.7386,-0.4722,0.3199,0.4860,0.3403,-0.1615,-1.0993,-1.8628,-1.8044,-1.8218,-1.4028,-1.3707,0.7782,0.1257,0.0246,0.9807,0.8539,1.1021,1.3983,1.7044,1.8053,2.1542,2.4312,3.0325,3.8512,4.5594,6.6539,1.4082,-1.1473,-3.6944,-5.2051,-6.0219,-5.6777,-5.5855,-3.7502,1.2032,3.9262,2.8200,1.0926,-1.1130,-3.8915,-5.1374,-5.5407,-6.0523,-6.7857,-6.9141,-5.7134,-2.8985,-2.8342,-2.4092,-1.4903,-0.7320,-0.9943,-1.3214,-0.0509,0.7166,0.4078
-3.9668,-4.2490,-4.3448,-4.1792,-3.9708,-3.4864,-3.1874,-2.9533,-2.5630,-2.0555,-1.6909,-1.5833,-1.3809,-1.2193,-0.6954,-0.5489,-0.1044,0.5363,0.5516,0.1560,-0.4216,-1.5447,-2.0283,-1.8844,-1.9090,-1.4841,-0.4975,0.7963,1.3934,0.7907,0.9536,1.4122,1.7292,2.2989,2.4558,2.2080,2.3081,2.4443,2.6354,3.2335,4.0245,6.8488,1.8632,-1.7938,-3.7664,-5.0077,-4.8913,-4.9898,-5.8229,-3.4574,1.3255,2.1908,1.2991,1.4382,-0.8865,-3.9451,-5.0008,-5.5981,-6.4808,-7.0034,-6.4533,-4.7982,-2.5914,-3.1241,-2.6130,-1.7918,-1.3736,-1.6973,-1.2894,-0.9204,-0.0477,-0.3089
-3.9109,-4.1936,-4.3273,-4.1435,-3.7554,-3.3206,-2.9979,-2.7453,-2.2260,-1.7193,-1.4544,-1.5354,-1.4481,-1.4181,-0.6362,-0.2428,0.3011,0.6290,0.5335,-0.0078,-0.8654,-1.9470,-2.0972,-1.8802,-1.9722,-1.5461,-0.0856,0.8767,2.1608,1.8880,2.1368,3.4838,4.2056,4.1640,3.8567,3.1160,2.5204,2.3529,2.4177,3.4297,4.5077,7.4037,2.8924,-1.6864,-4.0648,-5.4131,-4.8999,-4.5997,-5.3395,-3.7574,-0.2142,1.7993,-0.8119,-1.0360,-1.5022,-3.2606,-5.5650,-7.0426,-7.1712,-6.1968,-5.1453,-3.9021,-2.4457,-3.5051,-2.9967,-2.1173,-1.2101,-1.3283,-1.8211,-1.3831,-1.4248,-0.8569
-3.8064,-4.0449,-4.2291,-4.0628,-3.5976,-3.2128,-2.7771,-2.4313,-1.7611,-1.4369,-1.4296,-1.6835,-1.6793,-1.5385,-0.3790,0.1476,0.5492,0.6783,0.3882,-0.2192,-1.3055,-2.1603,-2.2260,-2.1568,-2.2239,-1.1039,-0.1293,0.5970,2.5108,3.5537,3.7782,4.6510,4.8018,4.5611,4.5167,3.9481,3.3455,3.0913,2.9318,3.9830,6.0809,7.4856,2.2926,-2.0880,-3.7048,-5.1842,-4.3614,-4.0953,-4.6834,-3.6865,-3.1063,0.5324,-1.2170,-1.9214,-2.8446,-4.3790,-6.3435,-7.2499,-6.8428,-5.8901,-4.6216,-3.6688,-2.9365,-3.7121,-3.4241,-2.7287,-1.4822,-1.1314,-1.4337,-2.4384,-1.6577,-1.0633
-3.6289,-3.8189,-4.0045,-3.9043,-3.4535,-3.0579,-2.5634,-2.0726,-1.4427,-1.4200,-1.5200,-1.9536,-1.8107,-1.4262,-0.0443,0.4792,0.6534,0.6959,0.2620,-0.3109,-1.6169,-2.2087,-2.4587,-2.3871,-1.6454,-0.1559,0.5195,1.0737,2.8462,3.4986,3.5063,3.9568,3.4721,4.3057,4.4302,4.1114,3.6071,3.6731,3.3214,4.7876,6.2116,4.9648,-0.3879,-2.7820,-3.9518,-4.4924,-3.5900,0.3174,-4.6924,-5.5510,-5.4869,-0.2537,-1.3112,-2.8538,-3.9868,-4.7657,-6.3346,-7.0665,-6.0367,-6.0137,-5.8356,-5.8601,-4.5996,-4.0096,-2.6000,-2.0161,-1.5864,-1.4966,-1.3171,-3.0101,-2.1049,-1.5792
-3.3554,-3.4869,-3.6518,-3.5760,-3.2346,-2.8658,-2.2895,-1.7383,-1.4429,-1.5816,-1.9781,-2.2392,-1.8162,-1.1818,0.2230,0.7119,0.7320,0.6513,0.1908,-0.4951,-1.7548,-2.3658,-2.7194,-2.3422,-0.4307,0.4018,1.2021,1.3020,3.0790,3.4401,3.6247,2.6096,2.2053,6.9096,5.8133,4.5028,3.7979,3.6739,3.4374,5.1090,6.8506,2.8661,-1.8964,-3.7451,-4.3736,-3.7239,-3.4348,3.3829,5.8069,-5.8388,-5.8540,-2.6596,-1.7838,-2.8313,-4.3773,-6.0146,-7.4287,-6.4895,-6.4746,-6.1408,-6.6195,-7.4195,-5.9175,-3.6072,-2.6495,-1.8773,-1.2041,-1.2258,-1.2634,-2.3531,-3.1478,-2.5183
-3.0485,-3.1116,-3.2334,-3.1934,-2.9361,-2.6065,-1.9949,-1.6145,-1.5995,-2.0085,-2.6631,-2.4887,-1.6630,-0.9220,0.3343,0.8404,0.8330,0.5955,-0.0175,-0.8052,-2.0813,-2.4811,-2.8024,-1.5270,-0.4160,1.9311,1.9285,2.2437,3.6667,2.1400,1.1248,0.2981,4.2871,7.8559,6.0813,4.6546,4.1028,3.3693,3.4331,5.5330,6.1468,1.4588,-3.5426,-4.6466,-4.0828,-2.9703,-3.4090,-3.2643,1.1372,-6.2270,-6.9153,-4.8109,-3.8954,-4.2515,-5.5578,-7.5912,-7.9985,-6.2978,-6.1122,-4.6932,-6.2991,-7.1284,-6.3495,-4.2172,-3.1177,-2.3513,-1.5168,-0.4078,-0.6271,-0.7686,-2.7275,-3.5124
-2.7198,-2.8284,-2.9529,-2.9236,-2.6308,-2.3725,-1.8210,-1.5969,-1.7486,-2.3344,-3.0412,-2.5454,-1.5323,-0.7463,0.3637,0.9695,0.8934,0.5157,-0.2488,-1.0839,-2.3035,-2.5918,-2.6593,-1.5241,0.3548,4.3975,4.0623,4.2502,2.8176,2.7222,2.1239,1.2968,4.2923,8.1316,7.1216,4.7389,4.2732,3.6695,3.6907,5.1606,5.3940,-0.6854,-3.8499,-4.7377,-4.7651,-2.7389,-3.4024,-3.9710,-4.7769,-5.8167,-6.5065,-4.9010,-4.3018,-4.9268,-6.7125,-7.9802,-7.7429,-6.8394,-5.8783,-4.0982,-5.3710,-6.6180,-7.2164,-6.6443,-3.1915,-2.9167,-1.2422,0.0633,0.2591,-0.1222,-0.0258,-2.0831
-2.4245,-2.6185,-2.7215,-2.7339,-2.4711,-2.2131,-1.7640,-1.5826,-1.6398,-2.3111,-3.0352,-2.4722,-1.5756,-0.8872,0.3723,1.1007,0.8497,0.1953,-0.6453,-1.3704,-2.4528,-2.6778,-2.6114,-1.8774,1.3231,5.0198,5.6402,6.5523,4.8694,3.2393,2.3491,1.8097,5.3518,7.8740,6.7027,4.5654,4.5686,4.0957,3.8625,5.3171,2.6851,-1.3669,-4.3468,-4.5876,-4.8516,-1.8710,-2.1725,-3.5261,-4.4567,-6.0160,-5.1640,-3.2170,-3.2387,-4.3395,-5.7059,-7.3464,-7.0305,-7.8104,-7.2968,-5.7438,-5.4479,-6.2958,-7.0101,-7.0360,-5.4941,-3.8390,-0.6035,-0.0797,0.4645,0.8619,0.4049,-1.1680
-2.2733,-2.4274,-2.5481,-2.6044,-2.3666,-2.1454,-1.7403,-1.5405,-1.4036,-2.0389,-2.8326,-2.5572,-1.7367,-1.1008,0.4609,1.2176,0.6678,-0.5479,-1.2382,-1.6575,-2.5644,-2.8741,-2.4243,-1.6828,2.8057,4.7120,6.4676,7.9359,8.0241,4.5189,1.8384,2.8790,5.5868,7.7285,6.2951,4.8261,5.3839,4.4599,4.4165,5.4420,0.3946,-2.7886,-5.3799,-4.5658,-4.7897,-1.7874,-1.9689,-2.8073,-3.7578,-5.8950,-3.9901,-3.5083,-4.7180,-5.2793,-5.9963,-6.0741,-6.3976,-7.6559,-8.0338,-6.9621,-6.5784,-6.7524,-7.4928,-6.4109,-5.9163,-3.6941,-0.7865,-0.2839,-0.9641,-0.5152,0.3317,-1.3819
-2.1436,-2.2587,-2.3992,-2.4913,-2.2750,-2.0721,-1.7011,-1.4703,-1.3656,-2.0394,-2.9707,-2.7111,-1.9679,-1.2412,0.7195,1.2859,0.2896,-1.2498,-1.7086,-1.9003,-2.6532,-3.0059,-2.2686,-1.1874,1.9983,4.2765,6.5252,7.6680,18.9152,2.8776,-0.5020,3.0192,4.8066,7.3682,6.2372,4.8239,4.6872,4.6443,4.9928,2.6035,-1.5939,-5.0500,-5.5348,-4.1314,-4.5060,-2.5509,-2.9538,-3.1323,-3.2092,-4.5651,-4.4059,-4.8879,-5.4670,-6.0648,-5.5801,-5.6756,-5.7935,-6.8854,-7.6503,-7.5105,-7.4633,-7.3537,-7.5895,-7.5232,-6.4246,-4.8286,-2.1563,-0.5024,-1.2687,-1.6071,0.6270,-0.6933
-2.0274,-2.0829,-2.2480,-2.3774,-2.1540,-1.9772,-1.6711,-1.4213,-1.3673,-2.0744,-3.0699,-2.9161,-2.2737,-1.2985,1.0939,1.3132,-0.2258,-1.8969,-2.0384,-2.1624,-2.6909,-2.9818,-2.2606,-1.7652,0.2039,3.0959,5.9104,7.3231,9.6765,-1.3872,-1.9166,2.6142,4.2954,6.4781,5.7514,4.3263,4.3081,4.9370,5.7001,0.5555,-1.9148,-4.5689,-4.8294,-4.1505,-3.8636,-3.6214,-4.6956,-3.0803,-2.2672,-2.8837,-3.4607,-4.5287,-4.8694,-4.8418,-5.5107,-5.8468,-5.9037,-6.4784,-6.5163,-6.4929,-7.3232,-8.0008,-8.4431,-7.9895,-7.9821,-5.2247,-4.3421,-2.9905,-2.3035,-1.6179,0.2557,0.0929
-1.8203,-1.8891,-2.1248,-2.2718,-2.0585,-1.9038,-1.6229,-1.4147,-1.3642,-2.0503,-3.1063,-3.0997,-2.5384,-1.2504,1.4136,1.2773,-1.0434,-2.3355,-2.2667,-2.4656,-2.6737,-2.7347,-3.1293,-2.4647,-0.7456,2.4924,5.2668,6.2796,8.9854,-1.0640,-0.7744,3.2590,3.8049,5.6192,5.7058,4.5075,4.6208,5.1734,6.1422,0.3921,-2.8147,-3.9246,-3.9349,-3.4215,-3.8059,-4.9059,-5.0979,-3.8785,-3.7804,-3.9224,-4.6652,-4.7276,-5.5259,-2.1685,-5.8463,-6.2853,-5.8497,-6.0046,-6.2330,-5.8857,-6.4461,-7.4799,-7.5706,-7.0215,-7.2353,-5.9035,-4.2149,-3.2214,-2.5609,-2.1885,-0.9977,-0.1486
-1.6258,-1.7239,-2.0339,-2.1785,-2.0121,-1.8513,-1.6385,-1.3983,-1.2998,-1.9799,-3.0438,-3.1959,-2.7510,-1.0672,1.6023,1.0417,-2.0749,-2.8116,-2.4266,-2.7449,-2.6237,-2.4177,-2.6729,-2.4960,-1.0229,2.1476,4.8259,4.8003,5.9615,-0.1438,-1.8317,2.8080,3.5670,4.6334,5.1399,4.8311,4.8811,5.9003,5.8131,-0.9748,-4.5212,-4.2624,-3.9904,-4.2182,-4.7909,-4.3867,-3.5179,-3.2737,-3.0979,-4.7432,-5.6373,-5.4188,-5.9723,-2.3685,-5.7859,-5.8951,-5.5689,-5.8029,-6.3222,-6.0424,-6.1946,-7.3977,-7.5528,-6.9374,-7.4367,-6.5644,-4.7268,-3.2098,-2.4295,-2.4145,-2.0505,-2.8358
-1.4951,-1.6222,-1.9432,-2.0749,-1.9689,-1.8120,-1.6399,-1.3519,-1.2263,-1.7722,-2.7568,-3.2333,-2.8655,-0.8644,1.6476,0.6646,-2.7274,-3.0991,-2.4817,-2.9214,-2.6824,-2.2658,-2.0189,-1.8142,-0.1979,2.8648,6.6782,5.3792,3.8687,-0.5195,-1.5387,2.8210,3.3461,3.2327,4.4135,4.6386,5.2606,6.8201,3.3683,-4.7152,-5.6417,-4.8605,-4.5910,-5.0254,-3.2307,-3.3928,-3.3586,-3.1442,-3.9738,-4.3405,-4.5194,-5.0782,-5.2275,-4.4161,-5.3388,-5.8424,-5.8321,-6.2109,-6.7766,-6.4977,-7.1030,-7.9561,-8.1223,-7.4413,-7.4896,-6.2182,-4.8665,-3.3392,-2.4047,-2.4694,-2.3713,-3.3827
-1.4553,-1.5885,-1.8522,-1.9495,-1.9185,-1.7581,-1.6017,-1.3343,-1.1609,-1.5913,-2.4668,-3.1880,-2.9158,-0.7585,1.6321,0.2947,-3.0542,-3.2127,-2.4991,-3.0609,-2.7875,-2.1796,-1.8916,-1.4256,-0.3788,2.7604,6.1536,5.7768,5.7838,-0.2320,-0.7944,2.9511,3.0929,2.7705,3.1264,4.5101,6.0943,7.3855,-2.4517,-7.1087,-6.4164,-6.4652,-6.7962,-5.3874,-4.7344,-4.9194,-4.4469,-4.3341,-3.8221,-4.4521,-5.4089,-5.7635,-5.8779,-6.0293,-6.1104,-6.3118,-6.5472,-6.8753,-7.3148,-7.3746,-7.8640,-8.6181,-8.6043,-8.1430,-7.2204,-5.3718,-4.2498,-3.2792,-2.3693,-2.4333,-2.1725,-2.1398
-1.4904,-1.5876,-1.7513,-1.8243,-1.8594,-1.7058,-1.5563,-1.2976,-1.0897,-1.4671,-2.2461,-3.0740,-2.9266,-0.6170,1.5941,0.2066,-3.0915,-3.1961,-2.5359,-3.1611,-2.8506,-2.2048,-1.8788,-1.2417,1.3200,3.6161,5.8381,7.1276,4.8995,1.2301,-1.2421,2.8944,3.1064,2.4315,1.7549,4.4202,6.1544,5.9711,-3.3772,-6.1941,-6.0848,-5.1487,-5.2817,-5.5985,-5.9772,-5.7335,-4.9442,-4.7199,-1.0959,-6.1646,-6.3355,-6.5723,-7.2824,-7.0645,-6.7674,-6.8252,-6.8351,-6.7831,-6.9875,-7.5872,-8.2969,-8.3657,-8.4545,-8.1107,-6.4144,-4.7265,-3.4115,-2.5167,-2.3708,-2.9302,-2.6262,-1.8347
-1.5286,-1.5607,-1.6353,-1.7028,-1.7833,-1.6430,-1.5056,-1.2807,-0.9865,-1.3637,-1.9868,-2.7155,-2.6317,-0.4383,1.5592,0.2643,-2.9888,-2.9749,-2.6310,-3.1454,-2.9191,-2.2844,-1.9008,-0.6347,2.4905,4.4250,5.5540,8.1366,3.1714,3.4370,-1.5357,1.6049,2.6979,2.7585,2.1907,4.0990,5.2766,3.4982,-1.5579,-5.4658,-5.5616,-5.0856,-4.8502,-5.6359,-5.5836,-5.2692,-5.1399,-6.0774,-6.8678,-6.6265,-6.7865,-7.1327,-7.8370,-7.5520,-6.2165,-6.2917,-6.3903,-6.6447,-7.3007,-7.7293,-7.1284,-6.8762,-7.1638,-6.7130,-6.0760,-4.6240,-2.9217,-2.2668,-2.3033,-3.2183,-3.4174,-1.6769
-1.5236,-1.5140,-1.5295,-1.5573,-1.6528,-1.5775,-1.4816,-1.2680,-0.9037,-1.2624,-1.6569,-2.0706,-2.1628,-0.2737,1.5249,0.6359,-2.3188,-2.5747,-2.7167,-3.0479,-3.0126,-2.3232,-1.8041,-0.2286,2.8462,5.6041,6.3199,9.7233,5.0690,2.6295,-0.1091,0.1700,3.1483,3.3117,2.8781,4.8760,4.9243,2.0038,-1.1340,-5.1690,-5.7317,-6.3094,-4.4694,-5.3398,-5.5501,-5.7087,-6.0711,-6.5788,-7.6699,-7.5268,-7.4604,-7.2188,-7.4951,-7.5602,-6.8695,-6.2824,-6.6596,-7.1735,-7.8886,-7.8665,-6.0897,-5.3237,-5.3773,-4.8929,-3.3930,-1.9783,-1.3879,-0.9518,-1.7316,-1.7043,-1.7156,-1.8963
-1.4956,-1.4338,-1.4179,-1.4085,-1.5123,-1.5329,-1.4425,-1.2495,-0.8693,-1.1579,-1.3174,-1.4034,-1.5226,-0.1416,1.5033,1.1128,-1.2836,-2.0520,-2.7948,-3.2093,-3.1400,-2.3052,-1.6017,-1.0849,2.7358,4.6220,4.8838,8.5212,7.9332,3.7793,0.6393,1.9982,6.7968,5.5898,4.6132,5.5095,4.3083,1.8979,-0.1451,-5.1738,-6.2790,-6.1525,-5.8331,-5.4109,-5.9565,-6.5301,-6.7289,-7.5295,-8.2161,-8.3069,-8.1478,-7.7170,-7.6614,-7.5875,-7.1639,-6.7572,-7.2445,-7.9657,-6.7512,-5.0710,-2.0009,-1.2161,-2.0434,-3.3680,-2.4428,-1.6088,-1.7954,-0.9881,-0.5108,-0.4479,-0.8195,-1.9187
-1.3977,-1.3231,-1.2952,-1.3081,-1.4102,-1.5050,-1.4233,-1.2385,-0.8512,-1.0429,-1.0694,-0.9912,-0.9626,-0.0368,1.4648,1.2614,-0.4246,-1.6607,-2.9391,-3.3202,-3.2401,-2.2374,-1.2736,-0.5077,1.9817,3.4462,4.2279,6.2651,7.6589,5.5528,2.7545,6.7989,7.2171,5.8470,6.5262,5.8803,4.5371,2.9466,0.8139,-5.2679,-6.8355,-6.7603,-7.1514,-6.9442,-7.0836,-7.3889,-7.6906,-8.2472,-8.3137,-8.4071,-8.0751,-7.7201,-7.1627,-7.1175,-6.5386,-6.3284,-6.0750,-5.4429,-3.6512,-2.0892,-0.4124,1.5306,-0.1884,-3.9003,-2.6952,-1.0134,-1.5940,-1.6226,-1.3117,-0.4694,-0.2674,-0.5969
-1.2428,-1.1917,-1.1924,-1.2397,-1.3447,-1.5038,-1.4318,-1.2401,-0.8615,-0.9056,-0.9200,-0.8347,-0.7069,0.0361,1.3570,1.2655,0.1593,-1.5874,-3.1548,-3.4154,-3.2627,-2.1650,-0.5891,0.5322,0.8947,2.6881,4.3989,5.9396,6.8958,7.0065,4.7441,7.3975,7.2756,4.0464,3.6221,4.5084,3.7603,3.2727,0.6093,-5.2757,-6.7887,-7.4033,-8.2798,-8.3443,-8.2121,-8.3226,-8.3223,-8.4014,-8.3322,-8.2340,-7.7488,-7.2158,-7.0217,-6.6508,-4.0524,-4.3763,-4.6477,-4.0923,-2.9558,0.7587,2.2954,2.8303,1.9707,-3.7419,-3.4228,-1.5674,-0.8326,-0.2652,-1.1178,-1.1859,-0.8272,0.2197
-1.0987,-1.0476,-1.1213,-1.1855,-1.3090,-1.5299,-1.4616,-1.2534,-0.8612,-0.7892,-0.8737,-0.7761,-0.5565,0.0743,1.1502,1.2288,0.5092,-1.7764,-3.3344,-3.5114,-3.2779,-1.9959,0.8895,1.2334,0.1250,2.7330,5.1228,6.3146,7.8644,9.1741,7.7759,7.8121,7.7034,4.5580,1.9459,0.7026,1.4168,2.2954,0.8447,-4.4475,-6.3358,-7.5641,-8.5811,-8.7244,-9.0292,-8.9375,-8.8487,-8.9036,-8.5986,-8.3638,-7.8075,-7.2503,-7.2395,-6.0259,-3.7781,-3.8275,-4.1789,-3.7745,-0.5480,1.9412,2.5112,2.6207,2.0931,-1.4639,-4.4831,-2.4437,0.2620,1.1558,0.5758,-2.6850,-2.0589,-0.6370
-0.9314,-0.9524,-1.0892,-1.1606,-1.2903,-1.5537,-1.4852,-1.3175,-0.8898,-0.7458,-0.8678,-0.7453,-0.5041,0.1037,0.8773,1.0585,0.5825,-1.9866,-3.4266,-3.5700,-3.3392,-2.0890,0.5493,1.5789,-0.3418,2.3554,5.2223,5.9010,8.4332,8.0874,8.5371,8.7744,6.4042,3.5505,3.4667,0.7408,0.8270,1.5191,0.5945,-1.9573,-4.7074,-7.3822,-9.8140,-9.9962,-9.7015,-9.4148,-9.5083,-9.5901,-9.0915,-8.5400,-7.8827,-7.0602,-7.2250,-6.2406,-5.0492,-4.5233,-3.5535,-1.2804,2.4978,2.1102,0.1173,1.8080,3.0680,1.4776,-0.5140,0.1325,0.6652,1.3475,1.2600,-2.2963,-2.8999,-2.1263
-0.7533,-0.9031,-1.1006,-1.1561,-1.3314,-1.5539,-1.5004,-1.3627,-0.9528,-0.7455,-0.8539,-0.7124,-0.5255,0.0961,0.5873,0.6959,0.5388,-2.1777,-3.4751,-3.6702,-3.4337,-2.5060,-0.2260,0.6222,-0.5323,2.4040,6.5201,4.3886,6.7833,6.9515,7.6151,7.9102,8.7516,7.6856,6.4843,1.7320,-0.4560,0.5868,0.0352,-1.0836,-5.2618,-8.8147,-8.8846,-10.0759,-9.3960,-9.3317,-9.4907,-9.8059,-9.5782,-9.3890,-8.1611,-6.0826,-6.5510,-6.3739,-5.3106,-4.0211,-2.9073,-1.0430,2.3984,1.9726,-0.3974,0.4316,2.4262,1.4255,0.8539,0.8678,-0.3393,-0.1429,0.4572,-0.0396,-3.0079,-3.8474
-0.6416,-0.9290,-1.1616,-1.2026,-1.3472,-1.5914,-1.5680,-1.4303,-1.0067,-0.7466,-0.8156,-0.7756,-0.5559,0.0786,0.1865,0.4013,0.4725,-2.3166,-3.5994,-3.8036,-3.5497,-2.4623,-1.4826,-0.2503,-0.6922,2.4913,7.7963,5.9328,5.6706,6.2514,7.5796,7.6581,8.7630,9.7580,6.3045,1.9407,-0.5349,0.4906,-0.2917,-2.1903,-5.0108,-6.1260,-5.1689,-6.0066,-7.6428,-8.3610,-8.2482,-9.3451,-10.0899,-9.9109,-7.4504,-5.7847,-5.9184,-4.6026,-1.7489,-1.1663,-1.0360,-0.7301,0.7987,0.7281,-0.5106,0.1576,1.0486,0.2743,0.1500,0.0977,-0.8448,-2.0862,-0.9595,-0.9762,-2.0021,-3.8420
-0.6114,-1.0341,-1.2041,-1.2233,-1.3550,-1.5781,-1.5923,-1.4509,-1.0934,-0.7211,-0.7909,-0.8209,-0.5730,-0.0100,-0.1290,0.1247,0.3723,-2.4557,-3.8602,-4.0554,-3.6823,-3.1103,-2.1372,-1.0437,-0.9841,1.3414,7.4754,7.2444,5.9491,6.5179,8.2734,8.9711,6.8689,6.9777,3.2590,2.0300,0.4396,1.0656,0.6649,-0.6749,-2.2118,-4.9497,-4.6650,-4.0811,-7.5084,-7.7774,-7.4603,-8.9077,-10.6784,-9.7549,-4.6129,-4.8019,-5.1339,-2.1118,0.8636,0.8925,0.7833,0.7882,0.5397,-0.3619,-0.5715,0.0411,0.1126,-0.3348,-0.2726,-0.4152,-1.1311,-3.2778,-3.5911,-2.0366,-1.6227,-2.8056
-0.6747,-1.1119,-1.2315,-1.2173,-1.2705,-1.4859,-1.5740,-1.4782,-1.2650,-0.6917,-0.8298,-0.8149,-0.4973,-0.1483,-0.3609,-0.0567,0.3043,-2.7702,-4.2898,-4.4099,-3.9571,-3.0675,-2.8087,-1.2857,-1.0347,0.5479,5.1294,6.7647,5.0314,6.5437,8.3958,8.3595,4.8771,1.9321,1.1836,1.2537,-0.8864,-0.6094,-0.1103,-0.1658,-2.6342,-5.7418,-5.0648,-2.7352,-5.5964,-6.9524,-7.8648,-9.3519,-9.2029,-6.3977,-0.9131,-1.8230,-1.7423,1.0192,2.8176,2.2643,2.4337,2.2297,0.5208,0.2549,-0.3069,-0.9664,-1.2239,-0.4445,0.0811,-0.8208,-2.2550,-3.9858,-4.4872,-1.4689,-1.4298,-3.0143
-0.6878,-1.1096,-1.2363,-1.1704,-1.1367,-1.3313,-1.4437,-1.4083,-1.3176,-0.8388,-0.8404,-0.8178,-0.4759,-0.3835,-0.5743,-0.2761,0.1542,-3.5227,-4.9705,-4.8238,-4.2010,-3.1895,-2.6923,-2.4922,-0.6219,0.1155,2.4110,4.3156,5.0099,7.1160,7.9424,9.6467,7.2777,1.2569,-0.0700,-0.3554,-3.2240,-2.4960,-0.3480,-1.1133,-3.0773,-4.7480,-4.5672,-2.7028,-2.8445,-4.2367,-6.4122,-6.6929,-4.1590,0.5768,2.5282,1.6302,-0.0259,0.9729,2.9963,2.5141,2.0285,1.7729,0.6864,0.4570,-0.1310,-0.8927,0.1152,0.4965,0.2628,-0.0371,-3.2626,-4.4268,-4.4737,-1.7746,-2.0427,-4.0402
-0.6581,-1.0744,-1.2133,-1.1025,-1.0100,-1.1659,-1.2871,-1.3051,-1.2969,-0.8902,-0.8339,-0.7405,-0.3947,-0.5243,-0.7601,-0.4844,-0.2190,-4.4639,-5.7109,-5.1906,-4.3468,-3.3357,-2.8148,-1.9235,-2.2906,-1.1170,0.8886,2.1785,5.2481,8.0167,7.5876,10.2323,13.7597,3.9964,-1.4226,-2.0116,-3.8926,-5.2332,-3.2942,-3.0161,-3.8978,-4.6470,-4.7926,-4.8821,-4.9016,-3.1914,-2.0269,-2.0345,-0.5952,2.4579,3.8760,3.3012,0.4427,0.4304,3.3049,2.5301,1.2398,1.5317,1.0261,0.0876,-0.1062,-1.1475,-2.0421,-2.7935,-2.6328,-1.9633,-2.9471,-4.5568,-4.9749,-3.7387,-3.8987,-5.0443
-0.6384,-1.0409,-1.1586,-1.0100,-0.8624,-1.0105,-1.1648,-1.1971,-1.2263,-0.9221,-0.8053,-0.5855,-0.3341,-0.7308,-0.9719,-0.5697,-0.6308,-4.8992,-6.0893,-5.4147,-4.4135,-3.3368,-2.8704,-1.8953,-1.4621,-2.4088,-0.7813,1.5695,4.5479,8.4239,8.5939,9.1973,11.0729,2.6858,-1.1361,-0.8048,-3.2807,-5.3587,-5.0908,-4.3692,-5.2475,-5.8635,-5.6429,-5.9349,-5.1498,0.9682,2.9043,1.8789,2.0952,3.6120,4.2674,3.4969,3.1787,-0.0240,1.2042,1.2333,1.0476,1.1732,0.9082,0.2076,-0.1520,-1.3863,-2.7313,-4.3312,-3.8529,-2.4049,-2.8142,-3.3087,-5.6699,-4.7904,-3.1566,-3.7067
-0.6794,-1.0602,-1.1577,-0.9346,-0.7808,-0.8992,-1.0424,-1.0933,-1.1526,-0.9498,-0.8361,-0.3741,-0.2664,-0.8137,-0.9992,-0.4998,-0.9617,-4.9158,-6.1914,-5.4831,-4.4113,-3.2632,-2.8060,-1.5670,-1.4229,-2.1012,-2.3427,0.7456,6.2294,6.7430,7.7321,11.8868,8.3636,2.7763,1.3034,2.5779,-1.3848,-1.9920,-2.3874,-2.9449,-4.4845,-5.0463,-4.0185,-3.3746,-0.8588,2.7178,5.3564,5.1634,4.4644,4.2461,3.5764,2.1691,4.5330,0.7317,-2.4311,-2.3901,-0.1965,0.8864,1.3398,1.3327,0.3464,-2.3184,-2.7849,-3.1846,-2.2825,-1.0264,-1.4798,-2.0182,-2.6540,-2.9445,-1.9471,-0.9918
-0.7536,-1.0591,-1.1748,-0.8771,-0.7129,-0.8149,-0.9405,-1.0207,-1.0438,-0.9308,-0.8204,-0.1957,-0.2275,-0.8654,-0.9224,-0.2148,-1.3120,-4.7444,-6.2159,-5.3797,-4.3332,-3.1917,-2.5224,-1.2078,-1.3881,-1.9778,-3.0162,-0.2950,8.3622,9.6102,7.3939,12.4172,7.5135,4.2758,2.0195,2.4950,-0.8693,-1.5746,-0.8944,-1.1841,-1.8950,0.0043,1.8562,2.8032,3.8431,3.4702,5.1871,5.9483,5.9510,4.5557,2.0122,3.1030,5.3029,1.0920,-2.6450,-3.1225,0.6775,2.4164,2.5353,1.3669,-1.3398,-2.9498,-1.3061,-1.5286,-3.2325,-1.9429,-0.0588,-0.1299,-0.3014,-0.4502,-0.5839,-0.3215
-0.8320,-1.0533,-1.1675,-0.8403,-0.6912,-0.7625,-0.8838,-0.9336,-0.9735,-0.8777,-0.7349,-0.0380,-0.1751,-0.8085,-0.7814,0.0733,-1.8399,-4.6987,-6.2052,-5.2044,-4.0780,-3.0849,-2.0424,-0.9150,-1.4273,-2.4494,-2.8650,-1.1825,10.6175,10.6284,7.6864,9.1706,6.6213,5.3198,4.1373,2.8885,-0.3598,0.7811,0.2806,0.2291,-0.3715,1.3136,3.5236,3.2796,3.5756,3.7235,4.7462,5.2564,5.8216,3.6029,1.7069,3.6540,4.1654,2.8734,-1.9099,-2.7276,0.1700,1.3857,0.3315,-1.7433,-3.1468,-3.1508,0.9935,0.0407,-5.3525,-1.1693,0.8334,0.5444,0.2573,0.3972,-0.0061,-0.0744
-0.8760,-1.0272,-1.0868,-0.8482,-0.7132,-0.7375,-0.8169,-0.8490,-0.9209,-0.8239,-0.6178,0.0183,-0.1692,-0.7202,-0.6151,0.2915,-2.7096,-4.7881,-6.2560,-5.1430,-3.8205,-2.7220,-1.3927,-0.7050,-1.4341,-2.7057,-3.0016,-0.4139,12.6862,12.1801,3.0632,2.9982,4.9670,4.1271,3.3095,2.9597,2.1065,3.6203,4.1679,2.7914,1.5528,3.0428,3.4142,3.1980,2.8496,2.3165,3.4570,4.4308,4.8004,3.2249,2.4039,3.3273,3.7556,2.3708,-2.0447,-3.0917,-0.2898,-0.0668,-2.0606,-3.7676,-2.5117,-0.2364,2.7919,1.6548,-5.0746,-3.2066,0.9646,0.3082,-0.4890,-0.7527,-0.6947,-0.6399
-0.8565,-0.9616,-1.0076,-0.8578,-0.8023,-0.7555,-0.7857,-0.7942,-0.8595,-0.7953,-0.4410,0.0678,-0.2376,-0.5682,-0.3057,0.4886,-3.6615,-4.8487,-6.1285,-4.9757,-3.6015,-2.2466,-0.7006,-0.6089,-1.4370,-3.0960,-2.9562,0.2518,11.3908,12.9657,5.7998,0.9726,0.1832,1.8058,4.0301,3.7459,3.8381,3.7386,4.3319,4.9249,4.6799,3.7674,2.6936,2.8319,2.3182,2.4037,2.7773,4.0290,2.5776,2.5455,2.5206,0.8872,0.6322,0.3976,-0.8534,-2.2794,-0.5557,0.8957,-1.7490,-2.6488,-1.7408,0.2344,1.9736,2.0129,-2.6519,-5.1206,-1.2371,-0.1168,-2.3575,-4.2924,-1.0487,-0.4933
-0.7701,-0.8915,-0.9856,-0.7750,-0.8874,-0.8199,-0.7957,-0.7720,-0.8220,-0.7227,-0.2250,0.0467,-0.3387,-0.4655,0.2416,0.3612,-4.0674,-4.8993,-5.7018,-4.7182,-3.3883,-1.5959,-0.2424,-0.6004,-1.8128,-3.4446,-3.3162,1.4262,9.4719,15.4151,11.6790,7.8924,2.0077,1.0458,2.9942,6.1215,5.0132,3.9743,4.4592,4.2408,3.7003,2.2448,2.3139,1.9872,2.8851,3.2807,2.8490,2.5135,1.1610,1.6571,2.3096,-0.1247,-0.3648,0.7669,1.7214,-0.6098,-0.8379,1.3678,2.3471,0.6802,-0.8559,-0.4655,0.5801,1.3249,1.1720,-3.3427,-3.4178,-0.8587,-2.1139,-3.5446,-1.3047,-0.7347
-0.6653,-0.8259,-1.0136,-0.8391,-0.9314,-0.9233,-0.8340,-0.7758,-0.7704,-0.6112,-0.0225,0.0134,-0.3045,-0.3286,0.8257,-0.0790,-4.0118,-4.9497,-5.1491,-4.4966,-3.0679,-0.7875,-0.0697,-0.6834,-2.4093,-3.5643,-3.4770,0.8863,7.9049,11.7213,9.0031,8.3237,4.5195,-0.2987,-0.1243,2.2388,3.4094,2.6256,3.6126,5.4477,2.0729,2.1692,2.4215,3.1045,2.7854,2.7901,2.1462,1.2176,0.7178,1.7022,2.1523,-0.1447,0.3987,-0.1316,0.7993,0.8754,1.0768,1.7877,2.7072,2.7316,1.3876,0.1322,-0.9004,-0.6970,-1.0438,-1.2087,-3.1835,-3.4471,-2.0900,-1.3754,-1.1442,-0.7505
-0.6567,-0.7923,-1.0025,-0.9173,-0.9271,-0.9541,-0.8836,-0.7590,-0.7369,-0.5682,0.0965,0.0374,-0.2884,-0.2098,1.2568,-0.5572,-3.8636,-4.8877,-4.8870,-4.4956,-2.4243,-0.2237,-0.0459,-1.3608,-2.7231,-3.5329,-3.7439,0.3138,9.9974,7.4862,1.2076,3.4173,4.1138,1.8515,-1.2943,-1.8454,-0.3110,1.2059,1.9645,4.2996,4.3021,2.2948,3.0535,4.0471,2.1291,1.1568,1.9450,1.7704,2.1938,2.7604,1.1601,0.2139,0.5912,0.4211,0.7556,1.8210,2.1763,0.6985,0.2950,0.7325,0.0438,-0.6636,-1.2224,-1.9199,-2.2636,-1.3582,-1.5595,-2.6146,-2.0499,-1.8248,-1.8658,-1.4594
-0.6363,-0.7132,-0.8538,-0.8970,-0.8749,-0.9004,-0.8553,-0.7920,-0.7733,-0.5738,0.1616,0.0473,-0.2289,0.0006,1.5962,-1.0741,-3.5982,-4.7563,-4.5310,-4.2872,-1.6664,-0.1580,-0.3705,-1.8038,-2.8185,-3.4782,-2.9348,0.7046,7.3392,5.5890,-0.8787,-1.6309,2.1506,3.8178,0.8722,-2.1132,-0.9990,0.8409,1.7283,2.4795,6.4811,2.6481,1.6611,2.4354,2.1470,0.6618,1.2916,1.8533,1.3249,0.8769,-0.0253,0.1844,-0.9633,0.2470,-0.1883,0.7309,2.3765,0.7398,0.3390,0.1114,-0.4314,-0.8982,-1.5284,-1.4431,-1.3806,-0.6309,-0.9967,-1.2503,-1.0258,-2.0006,-3.0486,-2.3153
-0.6277,-0.6853,-0.6854,-0.7506,-0.7970,-0.8276,-0.7937,-0.7282,-0.7969,-0.5876,0.2152,0.1723,0.0053,0.3444,1.7923,-1.6454,-3.4171,-4.5237,-4.1635,-3.4459,-1.0484,-0.2236,-1.0439,-2.2435,-2.8611,-3.5525,-3.3532,0.4979,2.1195,5.5730,0.2827,-3.2324,1.0020,3.0613,2.5831,-1.7805,-1.4757,0.4418,1.0348,2.2946,5.8664,4.8164,0.3854,0.0199,0.6970,1.2444,-0.4977,0.7532,0.8151,-0.4637,-0.2931,-0.6028,-1.3080,-0.2780,-0.2426,0.3526,1.4339,2.0890,1.5439,0.6302,-0.3123,-0.8030,-0.8121,0.3020,0.8520,0.3957,-0.3450,-0.8941,-0.5109,-0.7272,-2.5619,-3.1052
-0.6467,-0.5581,-0.7139,-0.7465,-0.8538,-0.7719,-0.7267,-0.6593,-0.7555,-0.4853,0.3235,0.3086,0.2452,0.8679,1.8696,-1.8602,-3.2004,-4.1985,-3.8121,-2.5158,-0.8635,-0.9146,-1.9119,-2.4287,-2.8714,-3.4053,-3.0977,0.4643,0.6930,2.7929,1.3154,-3.5128,-0.9567,2.2661,4.0341,-1.7059,-3.3640,-2.8163,-2.1863,0.8069,5.5077,8.5595,1.1329,-0.4184,-0.2665,1.2881,-1.4718,-0.5528,1.5249,0.6373,0.0386,-0.6213,-1.8583,-1.1873,-0.5243,-0.1273,0.4045,1.0598,0.5211,-0.2241,-0.0663,0.0235,0.3564,1.3118,1.4575,0.6428,0.9100,-0.8663,-3.0507,-2.1848,-1.6270,-2.5097
