2.4381,3.4140,3.4444,3.1263,2.6271,2.5987,2.5145,2.5729,2.6201,2.6748,2.5376,1.9164,1.6184,1.6864,1.8125,1.7318,1.3949,1.2722,0.9875,0.4926,-0.2165,-2.3472,-2.8812,-2.4764,-1.3172,-1.0627,-1.1939,-1.2680,-1.0856,-0.6759,-0.5489,-0.4119,0.5953,1.6212,2.1209,-0.9394,-4.0306,-4.3985,-4.4927,-4.5905,-4.1873,-4.0825,-4.3240,-3.9618,-2.8943,-2.7487,-2.8238,-4.5369,-5.1203,-6.1808,-6.4824,-6.6481,-6.4806,-6.2214,-5.6696,-5.4682,-4.6554,-3.1118,-2.6331,-3.7244,-4.7797,-3.6766,-1.7498,-0.6970,0.0767,0.6321,0.7790,0.7292,0.4060,-0.4087,-0.4383,-0.4042
2.0204,2.7125,2.7360,2.5196,2.1176,2.0594,2.0270,1.9995,1.8994,1.8079,1.6000,0.9983,0.8518,1.1244,1.2910,1.1528,0.8567,0.6349,0.4661,0.2291,-0.1484,-1.7621,-1.9916,-1.4378,-0.7227,-0.5924,-0.6510,-0.7082,-0.3884,-0.3420,-0.3481,0.0884,1.4141,2.3516,3.3774,-2.9810,-5.1739,-5.4314,-5.1428,-5.2756,-5.4783,-4.6552,-5.0658,-4.2359,-3.4097,-2.7880,-2.7062,-0.4742,-1.5067,-2.5712,-4.1997,-5.2146,-6.5391,-6.7743,-5.3779,-5.2372,-5.0061,-3.7895,-4.0428,-5.3795,-5.9290,-4.6219,-2.6432,-1.9363,-2.0319,-1.6661,-0.6793,-0.3786,0.1024,-0.1384,-0.6710,0.6714
1.6904,2.0683,2.2688,2.1358,1.9017,1.8989,1.9103,1.7763,1.5812,1.2859,0.9343,0.4452,0.5088,0.7592,0.7552,0.6509,0.4539,0.1181,0.0914,0.1117,-0.2198,-1.2719,-1.3423,-0.9941,-0.8106,-0.7962,-0.8409,-0.8350,-0.4967,-0.6529,-0.2561,0.5017,1.6815,2.5672,3.5549,-2.9935,-5.3022,-5.6881,-5.8064,-5.8503,-5.8569,-5.6867,-5.2398,-4.2761,-3.4636,-2.4231,-3.1876,-1.4301,-0.9123,-2.2272,-3.6325,-4.7856,-5.6967,-5.6088,-4.3258,-4.4888,-4.3139,-4.2707,-4.5348,-5.6864,-5.6935,-4.3681,-3.0032,-2.7259,-2.9048,-2.8996,-1.8302,-0.9665,-0.3113,-0.5633,-0.8659,0.0197
1.3659,1.6861,1.8054,1.8615,1.8448,1.8240,1.7778,1.6823,1.5113,1.1167,0.4620,0.1632,0.2325,0.3261,0.1619,0.0150,-0.0926,-0.1591,-0.1013,0.0643,-0.0813,-0.5883,-0.5594,-0.6458,-0.8933,-0.9642,-1.0457,-0.9254,-0.6653,-0.6867,-0.2183,0.5071,1.3164,3.2322,4.5270,-2.7765,-5.4000,-5.1981,-5.5164,-5.3026,-5.5554,-5.3801,-4.5892,-3.5584,-3.9769,-3.7236,-4.4972,-3.4062,-2.7040,-2.9570,-3.0275,-3.6479,-4.5667,-4.8184,-3.4116,-2.8259,-2.6619,-3.6058,-4.2200,-3.8278,-3.0540,-3.0374,-1.9140,-2.6679,-2.8132,-1.8799,-1.9440,-1.5651,-0.9500,-1.0477,-1.4025,0.3731
1.3776,1.6077,1.8069,1.8976,2.0578,2.0657,1.9366,1.7930,1.6113,1.2665,0.4021,0.2253,0.3085,0.1943,-0.0451,-0.2767,-0.2450,-0.1777,0.0650,0.3178,0.2182,0.1097,-0.0105,-0.4828,-0.8933,-1.0581,-1.0301,-0.8670,-0.6422,-0.4129,-0.0583,0.4361,1.6365,3.7164,0.2630,-4.9271,-4.7750,-4.7093,-4.8362,-5.2832,-5.6970,-5.3559,-4.8621,-3.7633,-3.9000,-4.0061,-4.5887,-3.4768,-3.0857,-3.4910,-3.2336,-3.7043,-3.9851,-3.5121,-2.7731,-0.4331,-1.2290,-1.9051,-3.3818,-1.4994,-1.1384,-2.1011,-1.8698,-2.6006,-2.3580,-1.6649,-1.6806,-1.3441,-1.2120,-1.3083,-1.8964,-0.5154
1.4282,1.5980,1.8505,1.9190,2.2271,2.3051,2.0359,1.8803,1.6491,1.3100,0.3323,0.0375,0.0421,0.1376,-0.1793,-0.2473,-0.2559,-0.1390,0.3352,0.6595,0.5285,0.4394,0.1184,-0.4565,-1.0548,-1.1953,-1.0770,-0.8871,-0.7728,-0.5402,-0.0838,0.4822,1.8105,0.0195,-3.7144,-4.9022,-4.5754,-3.1976,-3.2678,-4.5389,-5.4866,-5.5328,-5.1329,-4.0778,-4.2718,-4.3786,-5.2076,-3.9380,-3.7155,-4.3269,-3.5597,-3.6101,-4.0917,-3.7747,-2.4859,-0.2792,-0.6552,-2.1179,-2.1367,-1.1812,-1.8196,-2.4300,-1.6058,-1.2654,-1.4937,-1.2518,-1.6125,-1.4467,-1.6139,-1.2529,-0.8778,-1.0644
1.5820,1.7070,1.9507,2.0904,2.2835,2.4062,2.1699,1.9825,1.6771,1.3649,0.3515,0.0007,-0.0762,0.1526,-0.0317,-0.1520,-0.1528,0.1443,0.7778,0.8866,0.6961,0.5449,0.1683,-0.4875,-1.2135,-1.3186,-1.0699,-0.8583,-0.7800,-0.4035,-0.0397,1.7267,2.2302,-1.4669,-4.2742,-4.8434,-4.0257,-2.2639,-2.2433,-4.4854,-5.2489,-5.4762,-5.2853,-4.2622,-4.1274,-4.2404,-5.9675,-5.0202,-4.1937,-4.1970,-3.6228,-2.6324,-3.2289,-2.7371,-1.6974,-0.7767,-0.8453,-2.2554,-1.7113,-1.4066,-2.3423,-3.1693,-1.3307,-1.0466,-1.5335,-0.8598,-1.2397,-1.8403,-2.0638,-1.4970,-0.2475,-0.2480
1.6226,1.8604,2.1714,2.1268,2.1841,2.3128,2.1946,1.9902,1.6779,1.2776,0.3661,0.0689,0.0107,0.1426,0.1551,0.0482,0.0955,0.4590,0.9338,1.0070,0.8162,0.6169,0.2330,-0.5819,-1.2864,-1.3369,-1.1470,-0.9773,-0.7273,-0.2740,0.3747,1.9416,0.5689,-2.1829,-4.3431,-4.5435,-2.6970,-1.6260,-2.3046,-4.2331,-4.9453,-5.3289,-5.3110,-4.0919,-3.8844,-4.3862,-5.7740,-5.4944,-4.3801,-3.4469,-4.0093,-2.4372,-4.0772,-3.4889,-2.0978,-1.5849,-0.9837,-2.2005,-2.1628,-1.6753,-2.2456,-2.8650,-2.5261,-3.0638,-3.4269,-1.0797,-1.0332,-1.6509,-2.1907,-1.8616,-0.2263,0.3144
1.6543,1.9808,2.2136,1.9996,1.9294,1.9815,1.9701,1.7903,1.6384,1.0697,0.3312,0.0849,0.0918,0.1874,0.4151,0.4688,0.4693,0.6820,1.0267,1.0575,0.9877,0.7457,0.1178,-0.6259,-1.1679,-1.3067,-1.3003,-0.8915,-0.4007,0.0591,1.1194,3.4998,0.7528,-2.1689,-3.4950,-3.3030,-1.5299,-0.9433,-2.8434,-3.7922,-4.8164,-5.5539,-5.0784,-3.5963,-3.3949,-4.5422,-5.2872,-4.7282,-4.0890,-3.2677,-3.5822,-3.2369,-3.4526,-3.5038,-3.4716,-1.2405,-0.7109,-1.9648,-2.4499,-1.8260,-1.4562,-2.2251,-3.5380,-5.3440,-4.3923,-1.7507,-0.9089,-1.2010,-1.7310,-1.6591,-0.5354,0.3518
1.3110,1.6782,1.9532,1.6617,1.5444,1.5940,1.5683,1.4532,1.3054,0.8038,0.1304,0.1194,0.1390,0.3131,0.6782,0.8016,0.7120,0.8967,1.0241,1.2190,1.1799,0.9058,0.0582,-0.6948,-1.0083,-1.2955,-1.2035,-0.5941,0.0402,0.2338,1.5505,2.1735,0.2410,-1.4704,-2.2690,-2.2958,-1.2795,-0.8092,-3.1788,-3.3875,-4.4346,-5.2377,-4.2117,-2.9882,-3.0911,-4.7048,-4.4499,-3.3985,-2.7991,-3.3008,-4.2158,-4.5009,-2.8135,-3.0798,-2.2041,-0.0959,-0.6767,-1.9331,-2.5022,-2.3739,-1.0679,-1.2158,-3.4398,-5.3521,-4.2966,-1.9176,-1.0969,-1.1145,-1.4008,-1.4339,-0.6148,0.1365
0.7915,1.1547,1.3562,1.1388,1.0360,1.0880,1.2287,0.9753,0.8819,0.3636,-0.3214,0.0481,0.3168,0.6053,0.8544,0.8907,0.8012,0.9500,1.1389,1.3000,1.2472,0.9708,0.1285,-0.5214,-0.9532,-1.1481,-0.8862,-0.2608,0.6793,1.1912,1.6722,1.8695,0.8821,-0.7094,-1.4944,-1.5280,-0.9952,-0.6570,-3.0131,-4.3456,-4.5830,-4.6678,-3.3379,-2.4056,-2.8660,-4.2955,-3.9926,-2.7106,-2.6546,-3.5318,-4.6369,-4.7235,-4.2622,-3.6368,0.8973,1.2946,-0.0045,-0.9217,-2.3485,-3.1661,-1.2234,-0.8635,-2.4328,-3.4646,-2.6044,-1.5795,-1.2246,-1.1444,-1.3518,-1.2506,-0.7928,0.1311
-0.3486,0.2221,0.4191,0.6242,0.5146,0.7518,0.7337,0.2859,0.0627,-0.1753,-0.6538,-0.1458,0.3912,0.7796,0.9163,0.8186,0.6961,1.0007,1.1510,1.2175,1.1531,0.9605,0.1223,-0.5069,-0.7287,-0.9385,-0.7023,-0.1033,0.9995,2.8109,1.0361,1.7596,0.8148,-0.1502,-0.9313,-0.9457,-0.5549,-0.8243,-3.0740,-4.7780,-4.7801,-4.2596,-3.0294,-2.5223,-2.8607,-3.4977,-3.8625,-3.3034,-3.8361,-4.4998,-3.1271,-5.0136,-4.1633,-3.8736,-0.3778,1.7744,0.0698,-0.8211,-2.2285,-2.5088,-1.6825,-0.8045,-1.4558,-1.8496,-1.0586,-0.6595,-1.3358,-1.1228,-0.8014,-0.8117,-0.7195,0.2419
-1.6503,-0.9837,-0.6403,-0.1108,-0.2172,0.0885,-0.2864,-0.5372,-0.8048,-0.7124,-0.5648,-0.2237,0.3582,0.8852,0.9629,0.7788,0.7375,1.1110,1.1125,1.0826,0.9622,0.6781,0.0375,-0.3486,-0.5294,-0.6652,-0.5934,-0.0734,1.7678,-1.0007,0.2136,0.3281,0.0571,0.1318,-1.0477,-0.4585,-0.1230,-1.2181,-3.5108,-4.4956,-4.5996,-4.2241,-2.9456,-2.8161,-2.8023,-3.3071,-2.6863,-2.1895,-2.6478,-3.3676,-2.1734,-4.2164,-2.0876,-2.4893,-1.1851,0.8161,0.0650,-0.4113,-1.9791,-2.4376,-1.5301,-1.5369,-2.0033,-1.4280,-0.2196,-0.3306,-1.4507,-1.1370,-0.0160,0.0796,-0.1978,0.6338
-2.6664,-2.2354,-1.5319,-1.1654,-1.3252,-0.9221,-1.8819,-1.3728,-1.3558,-0.9187,-0.3072,-0.0706,0.4078,0.8790,0.9985,0.8135,0.8817,1.1407,1.0635,0.6168,0.4578,0.2068,-0.1281,-0.1464,-0.1548,-0.3378,-0.4197,-0.0430,1.9299,-0.5064,0.6757,-0.0132,0.4132,0.2815,-0.9583,0.0817,-0.0103,-2.1062,-3.8283,-4.3603,-4.5620,-4.5307,-3.4125,-3.4654,-2.5279,-2.3406,-0.7477,-0.5542,-1.5619,-3.4792,-2.2236,-2.8801,0.4710,-1.6131,-1.8114,-0.8811,-0.1845,-1.4709,-1.9995,-2.4002,-2.6740,-3.0066,-2.2967,-1.4356,-1.2261,-1.3508,-1.5449,-1.1009,0.0282,0.6927,0.4997,0.9165
-3.1234,-2.8146,-1.9514,-2.2581,-2.2630,-2.0863,-3.2201,-1.9725,-1.6419,-1.0097,-0.0902,0.1694,0.5737,0.9488,1.0093,1.0245,1.1475,1.1709,0.9315,0.1988,-0.0709,-0.2852,-0.2129,0.0716,0.2099,0.0669,-0.2287,-0.0507,1.1036,1.3656,-0.1966,0.1063,0.8375,-0.3097,-0.8704,0.5002,-0.1897,-2.7589,-4.0281,-4.8038,-4.9334,-4.6893,-4.1648,-3.9836,-2.7093,-1.3603,0.6664,0.3086,-0.7531,-2.1850,-1.2900,-3.3891,-0.6228,-2.2153,-3.5394,-0.8100,-0.7861,-1.8506,-2.0224,-2.7603,-2.3492,-2.2985,-2.2867,-2.3253,-2.3711,-2.2915,-2.3739,-1.5600,-0.4108,1.0137,1.1957,1.4999
-3.1637,-2.7712,-1.9000,-2.7495,-2.5419,-2.8955,-3.5174,-2.1856,-1.6615,-0.6334,0.0557,0.4310,0.8251,1.0711,1.0286,1.1564,1.0721,1.0168,0.5138,-0.1355,-0.3266,-0.3897,-0.2562,0.3023,0.5378,0.4702,0.1588,0.1644,1.3042,1.2541,1.1463,0.8334,-0.3827,-2.0055,-1.7326,-0.2103,-0.7215,-2.9482,-4.7117,-5.7100,-5.1280,-4.8143,-4.1519,-4.4278,-3.2077,-1.6287,-1.0954,-1.3575,-1.5536,-2.7992,-1.5631,-3.6494,-3.0262,-3.7483,-3.3622,0.6017,0.0022,-1.3913,-2.0603,-2.0886,-2.2429,-1.9291,-2.2323,-2.6138,-2.8307,-3.0807,-3.0621,-2.3898,-1.9198,-0.1192,0.9945,1.8600
-2.9801,-2.5766,-1.7169,-2.6727,-2.4430,-2.9409,-2.9317,-1.7902,-0.6779,-0.0913,0.1778,0.4319,0.8240,1.0755,1.1197,1.1441,0.9893,0.8237,0.1671,-0.2723,-0.3350,-0.3053,-0.1435,0.3749,0.7076,0.6574,0.3686,0.6891,1.1510,1.2768,1.2243,0.8805,-1.9283,-3.7188,-3.4020,-1.6579,-1.8087,-3.3235,-5.6651,-6.1982,-4.9448,-4.4726,-4.4552,-5.0965,-3.8252,-2.6371,-2.1297,-2.3516,-2.4056,-3.5544,-3.7439,-3.3885,-4.1374,-4.3247,1.3076,1.6940,0.0394,-0.9451,-0.9174,-1.8241,-2.7302,-2.3285,-2.4950,-2.6515,-2.5639,-2.9340,-3.2113,-2.5934,-2.0562,-0.6905,1.1911,2.0293
-2.5222,-1.7354,-1.3965,-1.8265,-1.5502,-2.2754,-1.3203,-0.6596,0.1640,0.0636,0.2487,0.4476,0.7430,1.0696,1.0207,0.9151,0.8748,0.5529,-0.0466,-0.2984,-0.2503,-0.1445,-0.0058,0.3690,0.7294,0.6806,0.4671,0.7034,0.8654,1.1081,1.0366,0.8908,-1.2815,-4.0669,-4.5932,-3.3988,-2.9432,-4.5904,-6.3792,-5.7837,-4.5218,-4.3185,-4.8426,-4.8590,-3.6173,-2.6241,-2.7694,-2.8011,-2.8467,-3.5959,-4.3248,-3.0037,-4.8255,-4.0162,1.7774,2.2665,0.6281,0.0035,-0.3590,-1.4319,-2.5495,-2.6873,-2.4439,-2.4112,-2.2149,-2.3855,-2.7470,-2.2842,-2.1862,-0.9606,0.9097,2.0683
-1.7678,-1.0920,-1.0530,-1.1824,-1.0170,-1.1007,-0.3936,0.0650,0.2194,0.1853,0.2774,0.5425,0.7332,0.9604,0.9162,0.6047,0.4610,0.3531,-0.0334,0.0494,0.1248,0.0428,-0.0004,0.2166,0.3246,0.2254,0.1912,0.5725,0.5828,0.7229,1.3239,1.3190,-0.2648,-2.6676,-4.1550,-3.8000,-4.0082,-5.2621,-5.8790,-4.7148,-4.0516,-4.7241,-5.5079,-4.6351,-3.3284,-2.2264,-2.5395,-3.0887,-3.8248,-3.9074,-4.3852,-2.3136,-4.3068,-3.8937,1.7105,1.5546,0.6518,0.1837,-0.2150,-1.1426,-2.0024,-2.6043,-2.4488,-2.2120,-2.3595,-2.1628,-2.3358,-2.3559,-2.4918,-1.4616,0.9400,1.8345
-1.2332,-0.9845,-0.9716,-1.0180,-0.9326,-0.7568,-0.4276,-0.0103,0.3069,0.3308,0.5226,0.7026,0.7248,0.7517,0.4974,0.0432,0.0364,0.1694,0.2765,0.4960,0.4407,0.1227,-0.0912,-0.0732,-0.1077,-0.2462,-0.1209,0.3194,0.3710,1.2258,-1.0653,-0.8899,-3.4466,-4.0436,-4.2701,-3.8524,-4.0829,-4.6700,-4.5437,-3.7466,-4.6152,-5.5252,-5.4429,-4.3247,-2.6609,-1.8266,-2.2853,-2.3984,-4.1352,-4.1908,-4.0408,-3.4382,-3.9868,-3.6030,1.9541,1.5061,0.4415,0.1828,-0.4221,-0.7301,-1.4195,-2.1621,-2.1940,-2.3250,-2.2793,-2.0438,-2.2056,-2.2814,-2.3530,-1.7369,0.9184,1.4421
-1.1000,-0.9770,-1.0397,-1.0876,-1.0552,-0.8771,-0.5127,-0.0866,0.2840,0.3944,0.5977,0.7052,0.4731,0.4155,-0.1094,-0.5575,-0.3542,0.2118,0.7685,0.9294,0.5112,-0.1781,-0.4836,-0.5822,-0.5685,-0.5574,-0.3416,0.6168,0.5912,-0.5471,0.0352,-2.0062,-3.3592,-3.7512,-2.8084,-1.9881,-2.9200,-3.3334,-3.4178,-4.2246,-5.1950,-5.8994,-4.7353,-3.8472,-2.1954,-1.9479,-3.0833,-3.2182,-3.5528,-4.2211,-3.8670,-4.0269,-4.0570,-3.1606,0.2656,1.5219,0.9270,0.5996,-0.6223,-1.3401,-1.6305,-1.8663,-1.7253,-1.8196,-2.4724,-2.3349,-2.0925,-1.9397,-2.1150,-1.3900,0.3776,0.7694
-0.9178,-0.8055,-0.8856,-1.1203,-1.0589,-0.8710,-0.4646,-0.0635,0.3302,0.3998,0.5242,0.5801,0.2846,-0.1815,-0.6346,-0.7575,-0.4782,0.6884,1.1322,1.1126,0.3600,-0.7156,-0.9639,-1.0194,-0.8263,-0.6497,-0.5080,0.5421,0.5766,2.9097,1.8678,-0.2504,-0.8519,-2.6062,-1.0596,-1.9060,-2.1370,-1.9545,-3.5826,-4.7562,-5.3319,-5.3728,-4.3615,-3.2988,-1.8911,-1.2923,-2.6353,-4.0039,-2.3778,-4.5911,-5.8814,-5.4421,-4.8033,-3.6601,-0.8261,1.2920,1.3298,0.9283,-0.6915,-1.3463,-1.7230,-1.8733,-1.4121,-1.7109,-2.4788,-2.4163,-2.0541,-1.3477,-1.2208,-1.4559,-1.1762,-1.6960
-0.5569,-0.5370,-0.6373,-0.9536,-1.0222,-0.7078,-0.2870,0.0824,0.5051,0.4071,0.2303,-0.0393,-0.3007,-0.8518,-0.8402,-0.7489,-0.0525,1.0803,1.2314,1.0902,-0.0646,-1.3987,-1.5969,-1.5515,-1.0556,-0.6674,-0.4016,0.3885,1.2461,2.7123,1.1165,0.7699,-1.7770,-2.3663,-0.5358,-0.7286,-0.1973,-1.4331,-3.2475,-4.2523,-4.7280,-4.9167,-3.9991,-2.4257,-1.4586,-1.1997,-2.1732,-3.9832,-3.1529,-3.9366,-5.1899,-5.5407,-5.5096,-4.2866,-2.2064,-0.0464,1.4935,0.5979,-0.5763,-1.4836,-1.9905,-1.7362,-1.3551,-1.6801,-2.6062,-2.6253,-1.8755,-1.3743,-1.4034,-1.4874,-1.6022,-1.9616
-0.2448,-0.3047,-0.4144,-0.7177,-0.6864,-0.3262,-0.0610,0.3393,0.6480,0.2314,-0.6373,-1.3546,-1.5185,-1.3002,-1.0859,-0.4479,0.7444,1.1499,1.2014,0.8106,-0.6024,-2.1690,-2.3577,-2.0978,-1.2127,-0.5069,-0.3531,0.5031,1.0366,1.9841,1.2346,0.0279,-2.1356,-0.8442,-0.1696,-0.5080,-0.1864,-1.0081,-2.5002,-3.3033,-4.0573,-4.2561,-3.2186,-1.7288,-0.8389,-1.4328,-2.3972,-3.5665,-4.4332,-3.4523,-4.0919,-5.3286,-4.5591,-4.6387,-3.2117,-0.3154,1.1085,0.4231,-0.4949,-1.5781,-1.8978,-1.6482,-1.0777,-1.6278,-2.6281,-2.7272,-2.0692,-1.6377,-1.7611,-1.6429,-2.2518,-2.5414
0.1013,0.0960,-0.0499,-0.4210,-0.3762,0.0124,0.2401,0.7092,0.6457,-0.0207,-1.7508,-2.5294,-2.4721,-1.8721,-1.4040,-0.2661,0.8419,1.1196,1.0111,0.3280,-1.7217,-2.8715,-2.8996,-2.6725,-1.3563,-0.4745,-0.1745,0.5747,1.2761,1.6836,0.8396,-0.5057,-1.6274,-0.6544,-0.1259,-0.2960,-0.7689,-1.1757,-2.6701,-3.0080,-3.7131,-3.7345,-2.3150,-1.3886,-0.7963,-1.4081,-2.8060,-3.1724,-4.4366,-3.9132,-4.2806,-5.1095,-5.4635,-4.4812,-3.3185,-0.8381,0.2790,-0.0892,-0.7471,-1.5181,-1.3649,-0.9112,-0.5925,-1.2237,-2.3552,-2.4770,-1.5761,-1.5634,-1.9161,-2.2386,-3.0490,-2.7334
0.5132,0.4832,0.3687,0.0204,0.1169,0.3140,0.3834,0.7402,0.4639,-0.4119,-2.5443,-3.1875,-3.0822,-2.3354,-1.6040,-0.2188,0.7565,0.8163,0.6164,-0.7819,-2.7798,-3.2612,-3.2385,-2.6503,-1.3947,-0.6241,-0.0839,0.3581,0.4235,0.1205,-0.2846,-1.6446,-2.9533,-1.3166,-0.6777,-1.3165,-1.4382,-1.8288,-3.1903,-3.3429,-3.8868,-3.4548,-1.6359,-1.3997,-1.8269,-2.6900,-3.4945,-3.6890,-2.7956,-4.3679,-4.1887,-5.1344,-4.4844,-4.0601,-3.6956,-1.8933,-0.1965,-0.3535,-1.0583,-1.3608,-0.9384,-0.1145,-0.0320,-0.6311,-1.7758,-1.7287,-1.0110,-0.8130,-1.7210,-2.4789,-2.9866,-2.3616
0.9805,0.9127,0.6748,0.3219,0.3649,0.5234,0.5451,0.7491,0.3764,-0.5918,-2.4118,-3.1991,-3.1720,-2.7707,-1.9017,-0.1287,0.5036,0.3446,-0.3703,-2.1978,-3.3310,-3.4685,-3.2293,-2.3229,-1.4356,-0.8363,-0.3541,0.6806,-0.0250,0.0539,0.0628,-1.4041,-2.5579,-3.4785,-3.5124,-3.4045,-2.3269,-2.8245,-3.8712,-3.9420,-4.1215,-3.0269,-0.9611,-0.3116,-1.1990,-2.2501,-2.3247,-4.7864,-5.3190,-4.9623,-4.5623,-4.0935,-3.6241,-3.3559,-3.4109,-1.8795,-0.6019,-1.3704,-1.8379,-1.0825,-0.1581,0.5394,0.8642,0.2599,-0.7548,-0.6907,-0.0354,-0.1618,-0.9361,-2.1784,-2.8749,-1.8213
1.2483,1.1132,0.8054,0.3627,0.3595,0.4798,0.4115,0.6884,0.3017,-0.6039,-2.0947,-3.0643,-3.1560,-3.0692,-2.1368,-0.1344,-0.0567,-0.3979,-1.5133,-2.8863,-3.5423,-3.4294,-2.8815,-1.8264,-1.4058,-1.2447,-0.8797,-0.1110,-0.2481,-0.4243,-0.9246,-2.4972,-3.8532,-4.3927,-4.9806,-4.1566,-3.2623,-3.8286,-4.3631,-4.2366,-4.0598,-2.5084,-1.1548,-0.1470,-0.6296,-1.7985,-2.3111,-3.1619,-5.2898,-5.5621,-5.1678,-4.2870,-3.6292,-2.1385,-1.4549,-1.1564,-2.3655,-2.3891,-1.6205,-0.5954,0.3967,0.5634,1.1135,1.1460,0.0859,-0.9864,-0.3556,0.6405,-0.3902,-2.0482,-2.7551,-1.3560
1.2770,1.0127,0.6015,0.2638,0.2846,0.3663,0.3735,0.4286,0.1582,-0.3655,-1.2541,-2.6492,-3.0589,-3.2193,-2.3631,-0.3754,-0.4323,-0.7044,-1.7477,-3.0287,-3.4026,-3.2927,-2.4542,-1.6134,-1.5510,-1.7673,-1.5005,-0.4802,-0.2267,-0.4912,-1.3437,-2.8122,-4.3724,-6.1405,-6.4874,-5.7147,-4.5995,-4.0396,-3.5465,-3.0412,-3.2329,-2.4331,-0.9441,-0.1249,-0.9362,-1.9836,-3.0199,-1.9713,-3.5503,-4.0521,-4.7178,-5.1999,-3.9896,-1.4157,-0.5471,-1.9072,-3.6139,-2.4171,-0.9350,-0.4125,0.0320,-0.2437,0.5874,0.9968,0.2141,-0.4822,-0.1397,0.9108,-0.0947,-1.4429,-2.3424,-1.3068
1.2297,0.8603,0.4745,0.0830,0.2073,0.2841,-0.0639,-0.1994,-0.2724,-0.1811,-0.4738,-2.1710,-2.9850,-3.2832,-2.4981,-0.4521,-0.4368,-0.7390,-1.6897,-3.1472,-3.4077,-3.0117,-2.1694,-1.8072,-1.8976,-2.1717,-1.4571,-0.0642,0.3103,0.0383,-2.1161,-3.5862,-5.0484,-6.7761,-7.0148,-5.4056,-3.2575,-2.1986,-1.7808,-1.5269,-2.3683,-2.0548,-0.9765,0.6518,0.1764,-1.3539,-2.8649,-1.1823,-2.0797,-2.3837,-4.0815,-4.8353,-2.3047,-0.9130,-1.7145,-2.7905,-5.7177,-1.7663,-1.2237,-1.9340,-1.1130,-1.0948,0.1382,0.2813,-0.0144,0.0481,0.1144,0.6349,-0.0736,-0.8315,-1.3720,-0.9137
1.0917,0.7155,0.2944,0.0677,0.0664,0.1329,-0.6924,-1.1297,-0.7023,0.0939,0.1484,-1.7317,-2.8307,-3.3188,-2.8304,-0.6426,-0.3450,-0.5640,-1.5831,-3.1324,-3.2686,-2.7978,-2.0063,-1.8686,-2.0014,-2.1290,-0.4862,-0.3305,-0.2660,-0.4500,-0.3779,-2.8237,-4.0547,-5.1144,-4.5846,-3.5664,-2.5868,-1.5537,-0.9813,-0.6459,-1.4287,-2.1314,-1.9897,0.0239,0.0149,-0.4241,-1.9349,-0.6604,-0.6807,-0.8200,-3.0396,-4.4596,-2.4420,-1.3358,-2.4401,-3.0327,-3.0244,-2.0659,-2.3002,-2.2640,-1.3133,-0.4843,0.1639,-0.1719,-0.4188,-0.2508,0.1250,0.2113,0.2628,-0.0604,-0.2614,-0.2896
0.9775,0.5940,0.2200,-0.0892,-0.0318,-0.2562,-1.2933,-1.7020,-0.8436,0.3359,0.5142,-1.3085,-2.7510,-3.5217,-3.2909,-0.9191,-0.0833,-0.1570,-1.3857,-3.1235,-3.0348,-2.4850,-2.0817,-2.1947,-2.0505,-0.8240,-0.4575,-0.5193,-0.9045,-0.2278,0.3197,-0.8721,-1.9592,-3.0237,-2.6994,-2.1885,-1.2270,-0.2659,0.7452,1.5369,0.2007,-1.1672,-1.5565,-0.5229,-0.3220,-0.3861,-0.2406,0.0803,0.6407,0.7097,-1.9335,-4.1791,-2.9361,-1.1501,-2.0220,-3.4657,-3.9544,-3.4119,-2.7273,-1.5842,-0.0491,0.7826,0.9444,0.0141,-0.1819,-0.1996,-0.5582,-0.3381,-0.1235,-0.0563,-0.0923,0.5256
0.9905,0.5950,0.2258,-0.1777,-0.6527,-0.9934,-1.7642,-1.7444,-0.7779,0.5103,0.4476,-0.9862,-2.3884,-3.6945,-3.7316,-1.3057,0.2101,0.1962,-1.2038,-2.7080,-2.6228,-2.2932,-2.3622,-2.0995,-2.0063,-0.7803,0.1002,0.0373,0.0183,0.0359,-0.5662,-1.4081,-2.3004,-3.0772,-3.4836,-2.6110,-1.2411,-0.2487,0.9271,1.8934,1.2591,0.4220,-0.3294,-0.2301,-0.6654,-0.8572,-0.8533,-0.1326,0.7178,1.9312,-1.7873,-3.3015,-2.2389,-1.0405,-1.0895,-2.1340,-3.3861,-3.1717,-2.3261,-1.1637,-0.2454,0.3869,0.4918,0.3171,-0.1725,-0.4220,-0.7026,-0.6984,-0.3297,-0.2234,-0.0360,0.6203
0.9309,0.6160,0.1952,-0.5949,-1.4526,-1.8723,-1.9108,-1.4926,-0.0857,0.6717,0.2154,-0.6330,-1.7514,-3.7400,-3.9247,-1.6286,0.4208,0.3136,-0.8573,-2.0800,-2.2808,-2.3166,-2.2770,-2.0421,-2.0671,-0.4825,0.1593,0.4958,0.2267,-0.5795,-2.1767,-3.3871,-5.0485,-3.7229,-3.0950,-2.5941,-1.5559,-1.9022,-0.1778,1.8964,1.1137,0.4497,-0.4042,-0.4602,-1.0614,-1.1416,-0.1997,0.1935,1.1520,1.4535,-1.6818,-2.9788,-2.0359,-0.0752,-0.2175,-1.0737,-2.0397,-3.0895,-2.4987,-1.9110,-1.6348,-1.2625,-0.8182,-0.0647,-0.2709,-0.8050,-0.7605,-0.8845,-0.9162,-0.7698,-0.0890,0.8910
0.9072,0.5610,0.2000,-0.8976,-1.8575,-2.4209,-1.9899,-0.5098,0.7323,0.5090,-0.1357,-0.5292,-1.2710,-3.3727,-3.7304,-2.1132,0.4879,0.5395,-0.3490,-1.5791,-2.2169,-2.1797,-2.2865,-2.0789,-1.9014,-0.4518,-0.0683,-1.3356,-1.6912,-1.4897,-3.1052,-4.1756,-3.2989,-1.3453,-1.8642,-2.7001,-2.6666,-2.4376,-1.4861,-0.1054,1.4284,1.0213,-0.0974,-0.4878,-0.9076,-0.6738,-0.1292,0.4165,0.1708,1.5196,-0.9436,-3.4195,-2.3015,0.2408,-0.8259,-1.1244,-1.9601,-2.9299,-3.3134,-2.6600,-2.2471,-1.8572,-1.3239,-0.6108,-0.5572,-0.6433,-1.1279,-1.3846,-1.7335,-1.4391,-0.5712,0.3360
0.7427,0.4195,0.0147,-1.1930,-1.9545,-2.4205,-1.5835,0.3698,0.8623,0.3853,-0.1157,-0.6265,-1.0735,-2.6605,-3.3369,-2.3470,0.5341,0.8255,-0.1136,-1.5346,-2.1536,-2.3450,-2.3139,-2.1606,-1.2583,-0.8964,-2.2947,-3.1768,-1.2271,-0.7151,-0.9778,-1.2896,0.1899,-0.8455,-1.4172,-2.0652,-1.7237,-0.9133,-0.7324,-0.5874,0.5174,1.0203,0.5900,-0.5001,-0.8945,-0.5906,0.3499,0.8313,0.2768,0.4417,0.7548,-2.3914,-2.6694,0.3393,-0.4158,-0.8925,-2.2458,-2.4693,-3.0449,-2.7772,-1.6297,-1.0899,-1.5139,-1.5253,-0.8762,-0.9085,-1.2589,-1.5561,-2.1512,-2.1725,-1.1183,-0.1956
0.5001,-0.1305,-0.5078,-1.3120,-1.6633,-2.0059,-0.9888,0.5094,0.7998,0.1712,-0.1190,-0.4455,-0.4729,-1.9678,-3.1630,-2.3717,0.6752,1.0976,-0.0359,-1.5587,-2.2883,-2.3883,-2.3340,-1.3492,-0.6416,-1.6832,-3.5740,-3.3143,-1.6218,-0.1647,0.6731,1.7568,1.0856,-0.7757,-4.0529,-3.3481,-1.4022,0.2619,0.5942,0.1874,0.4437,0.6871,0.6622,-0.2196,-0.9329,-0.5365,1.2266,2.3304,2.2221,1.2952,1.6215,-1.7050,-3.2046,-1.6051,-0.0154,-0.5328,-1.9253,-2.5316,-2.6353,-2.2540,-1.5390,-1.3400,-2.2558,-2.7953,-2.1328,-1.5677,-1.1567,-1.3258,-1.7885,-2.3715,-1.4332,-0.7122
0.0744,-0.7593,-1.1705,-1.1513,-0.9097,-0.8800,-0.3524,0.3755,0.6253,0.2054,0.0027,-0.1272,0.3458,-1.7644,-3.0742,-2.1115,1.0081,1.2541,0.2403,-1.7431,-2.2869,-2.3166,-2.2587,-0.3519,-0.0002,-2.3497,-3.7198,-2.8507,-1.8509,-1.5422,0.5472,2.0581,-0.2573,-0.8560,-2.6790,-2.2628,-0.9298,1.1165,2.3630,0.7894,0.1199,-0.1484,0.1809,-0.2772,-0.8648,-0.8292,1.8215,2.8397,2.8622,1.6808,3.0821,0.1516,-1.1798,-1.0706,1.0446,0.7297,-1.1898,-1.6420,-1.3498,-1.9162,-2.4933,-2.5127,-3.1354,-3.3423,-2.9273,-2.4575,-1.7980,-0.9606,-1.2824,-1.8859,-1.5307,-1.3295
-0.5410,-1.0716,-1.3405,-0.8495,-0.4613,-0.3102,-0.1184,0.2805,0.4554,0.2163,0.0772,0.2518,0.6828,-1.7816,-2.6854,-1.2144,1.2905,1.2807,-0.1563,-2.1579,-2.4235,-2.4116,-1.8603,0.2171,0.2679,-2.1431,-2.9911,-2.9237,-2.0518,-2.0706,-0.5842,1.0062,-0.6026,-0.7448,-0.7745,-2.2414,-0.3011,1.5761,3.2481,1.9818,0.2903,-0.7021,-0.9392,-0.4830,-0.7981,-0.8973,1.6979,2.5783,2.6037,2.1494,5.0255,2.3468,1.9499,1.5443,2.3143,1.5752,-0.5616,-1.0504,-1.6069,-2.6917,-3.9006,-4.4231,-3.5594,-3.3036,-2.6566,-2.8377,-2.3462,-0.9641,-0.7051,-0.8214,-1.0398,-1.4747
-0.7521,-1.1243,-1.1873,-0.5329,-0.2540,-0.1525,-0.1220,0.1322,0.3005,0.2028,0.0608,0.2101,0.6397,-1.3942,-1.7132,-0.0033,1.3351,1.0097,-1.1314,-2.5646,-2.4732,-2.3819,-0.7243,0.4942,0.1722,0.0493,-2.2178,-3.0911,-0.8775,1.3887,0.9101,0.6953,-1.0034,-1.0115,0.1562,-1.0976,1.0259,2.3841,3.2915,1.8862,0.6227,-0.5889,-1.2967,-0.8337,0.0876,-0.8130,1.3424,2.0714,3.1362,2.9105,5.4229,1.1775,0.0013,0.0904,0.5862,-0.4028,-2.0902,-2.2723,-1.9765,-2.9524,-3.9641,-5.2579,-4.3115,-3.0593,-2.7239,-2.5888,-2.7960,-1.3399,-0.6578,-0.2122,-0.1576,-0.9656
-0.7492,-0.4767,-0.5341,-0.2794,-0.1551,-0.1529,-0.2089,-0.0396,0.2531,0.1602,0.0608,0.1830,0.6634,-0.6062,-0.5995,0.8889,1.2005,0.5153,-2.0157,-2.8844,-2.6192,-2.2821,-0.3666,0.1345,0.6285,0.6858,-1.6779,-2.4784,-2.5234,1.3198,3.2716,1.0209,-0.7543,-0.0190,0.2641,-0.0525,1.7712,2.5979,3.2175,1.4208,0.4921,-0.3325,-1.0378,-0.7421,-0.2312,-0.2132,0.7592,1.6439,2.8433,3.7499,5.4558,1.6642,-2.0690,-2.8087,-2.3697,-3.1389,-4.1235,-3.5565,-2.4538,-2.5618,-3.5744,-4.5653,-4.8811,-3.6946,-3.0111,-2.9144,-2.8737,-1.9805,-0.8031,-0.0165,-0.2184,-0.6673
-0.2158,0.1836,0.0148,-0.1096,-0.1517,-0.1761,-0.3593,-0.2289,0.0861,0.1385,0.0252,0.2198,0.6564,0.2278,0.3244,1.0360,0.9278,0.0408,-2.7285,-3.1640,-2.6718,-2.1349,-0.1312,0.0789,0.2578,0.2814,-2.0084,-1.7418,-1.7056,0.9226,3.0896,0.3219,-0.5939,0.4269,0.3431,1.2533,2.4546,1.8794,1.8893,0.8425,0.2440,0.0025,-0.3832,-0.4196,-0.8044,0.3260,0.6309,0.9772,2.2702,3.6775,4.8932,3.6185,-3.4702,-7.5430,-7.7252,-5.4300,-4.1173,-3.3791,-2.7682,-2.8010,-3.1737,-3.8346,-3.6159,-3.1781,-3.1535,-3.3526,-2.7499,-1.3462,-0.2362,-0.1187,-0.1966,-0.7300
0.3290,0.5186,0.1433,-0.1925,-0.1726,-0.1923,-0.4199,-0.4087,-0.0202,0.0885,-0.0038,0.2748,0.6231,0.6002,0.4851,1.0176,0.8693,-0.4432,-3.3391,-3.3688,-2.6583,-1.9503,0.6032,0.0360,0.0341,-0.1538,-1.5092,-1.3347,-1.5096,1.0312,2.3230,-0.7910,-0.2266,0.8413,1.1969,1.6735,2.2938,0.8422,-0.2517,-0.4151,0.0126,0.4724,0.6626,0.5514,0.4682,0.7201,1.3458,1.9439,3.0827,4.2586,4.8409,4.6312,-0.2287,-5.1814,-7.7754,-8.0002,-4.4153,-2.5132,-2.2091,-2.2321,-2.5835,-3.4684,-3.5893,-2.6894,-2.5579,-3.1504,-2.2717,-1.1178,-0.8067,-0.7758,-0.2986,-0.5034
0.5375,0.5549,0.0775,-0.2820,-0.2357,-0.2466,-0.4707,-0.4695,-0.1401,0.0472,0.0064,0.2582,0.5318,0.6059,0.4093,0.8086,0.6651,-1.0937,-3.8598,-3.4464,-2.4425,-1.6418,0.7915,0.1459,0.0700,-0.3179,-1.0724,-2.8547,-3.2608,-0.6547,2.0886,-0.3642,0.1823,0.7844,1.5093,1.7051,0.9590,-0.1530,-1.1561,-1.4059,0.1166,1.3095,0.9143,0.8918,1.0968,2.1860,3.0874,3.2146,3.5922,4.0501,4.1851,4.1628,2.4297,-4.7545,-5.9401,-7.4982,-6.1826,-3.3615,-2.3080,-1.7436,-1.9215,-2.7793,-3.2831,-2.9546,-2.5018,-2.6073,-2.0336,-1.4787,-1.2806,-1.0521,0.0472,-0.1110
0.6601,0.5657,-0.0010,-0.3966,-0.3407,-0.3358,-0.5063,-0.5849,-0.3697,-0.0617,0.0455,0.2334,0.4415,0.3701,0.1611,0.6329,0.5169,-1.7512,-4.1037,-3.3325,-2.1346,-1.4305,0.2413,-0.0007,-0.0188,-0.5486,-2.8892,-4.0853,-3.1793,-1.2730,1.2287,-0.4359,-0.2155,0.1143,1.1013,0.9866,-0.0082,-1.5781,-1.6356,-1.3392,-0.4244,1.8545,1.9497,1.1060,1.3896,2.8069,3.9062,4.2355,4.0039,3.1985,3.3223,3.4716,3.2067,0.7241,-1.5021,-4.8658,-5.5174,-3.4718,-2.2457,-1.5589,-1.6281,-1.7495,-2.6817,-3.1331,-2.9277,-2.7285,-2.3595,-2.3447,-1.7862,-0.9529,-0.2207,-0.0589
0.7398,0.6410,-0.1486,-0.5551,-0.5030,-0.3423,-0.4410,-0.6052,-0.4465,-0.0720,-0.0202,0.1855,0.4377,0.3059,-0.0147,0.4883,0.3414,-2.4669,-4.0627,-3.0453,-1.9884,-1.1936,-0.5639,0.2020,0.6641,-0.0275,-2.9729,-3.3401,-2.1685,-0.8887,0.8273,0.2704,-0.3647,-0.3240,0.3804,-0.1174,-2.1906,-3.6694,-2.4863,-0.1144,-0.7409,1.2455,1.7638,1.9107,2.6593,3.1876,4.1667,4.5931,3.5600,2.1450,3.0829,3.8027,3.6290,3.3424,2.1876,-1.0604,-3.0920,-3.1625,-2.4486,-1.2150,-1.4371,-1.4004,-2.3746,-3.2697,-3.7220,-3.5748,-3.5098,-2.9617,-2.0104,-0.9387,-0.4691,-1.0459
0.8201,0.6073,-0.2951,-0.6998,-0.6078,-0.3430,-0.3904,-0.5362,-0.5961,-0.2072,-0.0308,0.1290,0.4403,0.1883,-0.0672,0.3531,-0.0102,-3.0576,-4.0368,-2.6994,-1.7237,-1.0467,-0.8493,0.7844,0.1996,-1.1603,-2.9579,-2.5130,-1.1707,-0.9917,0.6378,0.5061,-0.7120,-1.2116,-1.0739,-1.2657,-3.8042,-4.8597,-4.1359,-1.9469,-0.6334,1.2300,1.5128,2.2913,2.7591,3.5160,4.1391,4.0114,1.5375,1.2377,3.4653,4.6996,4.4522,3.7033,2.5308,1.2792,-0.1236,-1.5548,-2.5711,-2.3029,-2.3985,-2.2508,-2.3596,-3.8943,-4.6895,-4.8598,-4.8644,-3.5386,-1.9094,-1.8897,-1.0355,-3.1576
0.8736,0.5707,-0.3062,-0.7207,-0.6953,-0.4350,-0.3531,-0.5380,-0.6190,-0.2873,-0.0606,0.1033,0.3686,0.1693,-0.2171,0.2528,-0.4136,-3.4732,-3.7768,-2.4181,-1.6069,-0.9639,-0.6647,2.0084,0.3093,-1.4311,-1.5091,-1.7305,-0.5314,-1.1324,-0.3207,0.7802,-0.7136,-2.0036,-2.1686,-2.6525,-4.4522,-5.1475,-5.1619,-3.6190,-2.0168,0.9927,1.1662,2.1831,2.9089,3.7404,4.2223,4.3462,3.5922,3.7549,4.5397,5.5359,5.0832,3.8251,2.7242,2.0193,0.7172,-0.8218,-2.4551,-3.0034,-3.4288,-2.8744,-2.8430,-4.2275,-4.8347,-5.1702,-5.0278,-4.2982,-3.4787,-2.9084,-2.1479,-2.7961
0.8581,0.6341,-0.3344,-0.6611,-0.7305,-0.3378,-0.3207,-0.3715,-0.6210,-0.3939,-0.0992,0.1795,0.3821,0.0569,-0.3610,0.2243,-0.7823,-3.6497,-3.3904,-2.2645,-1.6406,-0.9079,-0.5545,2.1483,0.0901,-1.2295,0.1610,0.2842,0.5207,-0.2189,0.3732,0.7024,-1.4980,-2.7928,-2.5614,-3.2400,-4.3307,-4.3878,-4.8394,-4.5935,-3.4688,-0.0147,0.9375,2.3700,3.2111,3.8544,4.4906,5.0196,5.1171,4.9318,5.0489,5.3833,5.1568,3.7933,2.7487,1.8372,1.1380,-0.2827,-1.9893,-3.2001,-4.0095,-3.9039,-3.7904,-3.9737,-4.8816,-5.2586,-5.1511,-4.7555,-4.5502,-4.0950,-2.7097,-2.7505
0.9079,0.6859,-0.1294,-0.5396,-0.5376,-0.3182,-0.2624,-0.3716,-0.5333,-0.4068,-0.0723,0.2440,0.4196,0.0489,-0.3681,0.2310,-1.0887,-3.8562,-3.6085,-2.3866,-1.7299,-0.8716,-0.1597,1.0890,-0.1259,0.9600,1.2480,0.8913,0.1428,1.4395,1.9005,0.2271,-1.7412,-3.3083,-2.9672,-3.7899,-3.7060,-3.7353,-4.1755,-4.4242,-3.4745,-0.6893,1.4281,2.3808,3.3043,4.3179,5.5083,6.5788,6.1556,5.4156,5.2615,5.6884,5.2579,3.8952,3.1175,2.6264,1.9062,0.3270,-1.6121,-2.7869,-3.7482,-4.4344,-4.3417,-3.9756,-4.4831,-4.5868,-4.4938,-4.4231,-4.4647,-3.8775,-2.6615,-2.3998
0.9428,0.8266,0.0198,-0.3791,-0.4646,-0.1920,-0.1067,-0.2027,-0.5210,-0.4159,-0.0514,0.2467,0.3974,-0.0262,-0.3588,0.2782,-1.3438,-4.0479,-3.7354,-2.5472,-1.9888,-0.5270,0.2136,-0.6854,1.2018,1.6246,1.1958,0.5011,-0.9024,-0.5013,0.8326,1.4735,-1.5662,-1.8547,-1.7837,-3.8844,-3.7358,-3.7955,-3.7685,-4.4059,-3.3627,-0.2715,1.6354,2.8150,3.6610,5.7046,7.1932,8.1090,7.7254,5.9192,5.2578,5.1717,5.1427,4.0299,2.7811,2.5946,1.9028,0.8095,-0.6774,-2.2099,-3.4575,-4.3157,-4.4436,-3.8447,-3.9490,-3.7933,-3.6965,-3.5034,-3.5387,-3.1021,-2.5792,-2.5955
1.0846,0.9873,0.1872,-0.2007,-0.2837,-0.1190,-0.1070,-0.1964,-0.5052,-0.4420,-0.2174,0.1609,0.3974,-0.0839,-0.3645,0.3537,-1.3998,-4.0141,-3.8226,-2.8519,-2.2421,-0.2115,0.5927,0.4188,2.0208,2.0641,0.4969,-1.1102,-3.1532,-3.8028,-1.9095,2.7703,1.4974,1.3321,2.2424,-0.0540,-2.1615,-2.5344,-2.6556,-3.6733,-3.4537,-0.5449,1.0258,1.4098,1.6700,3.4609,5.4905,6.9910,7.0716,6.3318,4.8720,4.9629,4.5731,3.3722,1.7180,1.6092,1.6370,0.9028,-0.1155,-1.3581,-3.1333,-3.8200,-4.4559,-3.6254,-2.9639,-2.8899,-3.1433,-3.0927,-2.9021,-2.4551,-1.9209,-2.2270
1.0837,1.0850,0.3755,-0.0711,-0.2484,-0.1120,-0.1741,-0.1783,-0.4945,-0.5645,-0.4209,0.0587,0.2200,-0.0583,-0.3671,0.4635,-1.5110,-3.5767,-3.8261,-3.0551,-2.3003,0.3750,0.3473,1.2048,2.0403,1.7246,-0.7736,-2.2710,-1.0930,-1.2635,0.0792,1.4976,2.8875,3.6987,5.0029,0.9863,-1.9999,-2.2061,-2.2454,-2.9407,-3.5637,-0.6780,-0.2139,-0.3948,-0.4441,0.4000,1.9459,3.6546,4.7991,5.0476,4.6054,4.4488,4.2411,2.6010,1.4072,1.5097,1.5670,0.9257,-0.3436,-1.1603,-2.1901,-3.0685,-3.7085,-2.9287,-1.8443,-1.3252,-1.8952,-2.1870,-2.4451,-1.7188,-1.2387,-1.6560
1.1091,1.1295,0.4054,-0.0340,-0.2938,-0.1521,-0.1426,-0.1580,-0.4845,-0.5967,-0.5329,-0.0568,0.1077,-0.0441,-0.2670,0.5400,-1.5542,-3.0641,-3.6962,-3.1377,-2.2687,0.5639,1.1353,1.1190,1.0889,1.2505,-2.0057,-2.5318,0.0801,0.6104,0.0269,0.3528,1.5795,2.5204,3.4783,-0.9166,-2.4643,-2.0338,-1.9059,-2.2081,-1.9359,-1.3105,-1.3465,-1.4506,-1.2337,-0.6473,0.0695,1.4530,2.8321,3.1002,2.9136,3.5094,4.0364,2.4463,1.3387,1.1664,1.2078,0.7802,0.3902,-0.3792,-0.8180,-1.7745,-2.3090,-2.1819,-1.7340,-0.7026,-0.7756,-1.4127,-2.2740,-1.6250,-1.1568,-0.8057
1.0843,1.1892,0.3366,-0.0150,-0.2858,-0.2254,-0.1347,-0.1440,-0.4202,-0.6257,-0.6445,-0.1002,0.2416,0.0011,-0.2262,0.6666,-1.7234,-2.5403,-3.5368,-2.9755,-2.2720,0.5338,1.3036,0.8558,0.1552,0.3500,-2.4884,-3.5408,-0.0984,0.2561,-0.7158,-0.6791,0.2334,1.7934,1.6147,-1.9525,-2.1993,-1.7182,-0.8146,-1.0679,-0.6287,-0.4078,-1.5879,-1.2427,-1.1524,-0.8696,-0.7180,0.2235,1.4593,1.0305,0.6993,2.1732,3.2549,2.1162,1.1533,1.2179,1.4285,1.2591,0.9367,0.6367,0.2558,0.0032,-0.3859,-0.6490,-0.4013,0.3068,0.1703,-0.3857,-1.5321,-1.8327,-1.2828,-0.0173
1.0992,1.2537,0.4749,-0.0608,-0.3486,-0.3532,-0.1290,-0.0869,-0.3569,-0.5487,-0.6646,-0.1651,0.1730,0.0342,-0.0524,0.8651,-1.8368,-2.1623,-2.7086,-2.5197,-2.1550,0.5857,1.3462,1.1272,-0.1795,-0.5156,-0.5665,-2.3372,0.9601,1.3269,-0.2073,-0.5255,0.2777,0.9223,2.7625,-1.2390,-2.4531,-1.3404,-0.5331,1.0843,1.4361,1.4195,0.2677,0.4691,-0.1942,-0.5978,-0.7866,0.0476,0.8191,-0.7005,-0.9934,0.6338,1.7083,0.6377,-0.0392,0.5584,1.4922,1.6636,1.4886,1.2703,1.3161,1.7458,2.0655,2.3062,1.6295,1.5674,1.1877,0.2648,-0.8835,-1.5535,-1.7717,-0.0854
1.1491,1.3322,0.4656,-0.1032,-0.4522,-0.4056,-0.1562,0.0322,-0.1996,-0.5454,-0.7346,-0.1086,0.1671,0.1658,0.2783,0.9477,-1.8550,-1.8344,-1.7442,-1.7810,-1.7440,-0.7421,1.6033,0.9069,-0.3398,-1.0132,-0.4750,0.3379,1.3381,2.5447,1.5470,0.5042,-0.1579,0.1250,2.2236,0.5337,-1.0349,-1.2129,-0.4543,0.9737,2.4042,2.4939,1.2277,1.4998,1.0977,0.0608,-0.0422,0.1373,-0.1265,-1.4846,-1.4461,-0.2417,0.4224,-0.5180,-0.5728,0.3194,1.2973,1.2790,1.0747,1.2227,1.6197,2.3502,3.1866,3.5022,2.9141,1.8250,1.2189,0.6938,-0.2607,-0.8608,-1.7915,-0.1834
1.1170,1.3129,0.5559,-0.1253,-0.4147,-0.4185,-0.1611,0.0844,-0.0965,-0.4663,-0.6270,-0.1352,0.1326,0.2304,0.6162,0.9751,-1.7255,-1.7543,-1.1961,-1.1317,-1.3271,-0.9779,1.8298,1.6569,0.0109,-1.2039,0.0808,0.8793,2.7261,2.9384,0.5281,-2.0021,-1.6819,-0.9335,1.7480,1.7329,1.0933,-0.2589,-0.8140,0.6399,2.3070,3.0388,2.4567,2.7729,2.2713,1.3577,0.3826,-0.1327,-0.8940,-1.5206,-1.1643,-0.8260,-0.4295,-0.6248,-0.5272,0.5562,1.3505,1.3211,1.0527,1.4412,2.0565,2.6904,3.1717,3.0112,3.1451,1.8375,1.0912,0.8450,0.3022,-0.2252,-1.1767,0.1282
0.9677,1.2795,0.5439,-0.0417,-0.3375,-0.3504,-0.0011,0.1272,0.0558,-0.3638,-0.5529,-0.0469,0.1134,0.2526,0.8940,1.0382,-1.3780,-1.8824,-1.0246,-0.9040,-1.0929,-0.7730,1.2481,2.9579,0.9375,-0.6388,0.3558,1.0748,2.5697,0.8147,-2.9395,-2.5780,-0.2409,0.6051,0.5716,0.8755,1.6114,0.6199,-0.1678,0.2451,1.5153,1.6895,1.3413,2.0109,1.9876,1.1710,0.7379,0.0440,-0.7272,-1.4219,-1.2531,-1.4773,-0.7429,-0.5392,-0.2314,0.4080,1.1374,1.6546,2.0046,2.6489,3.4729,3.5305,3.6760,3.2290,2.9077,3.4952,2.9181,2.2573,1.4631,0.6203,-0.1781,0.4996
0.7799,1.1413,0.5473,-0.0281,-0.2360,-0.2423,0.0919,0.2895,0.2277,-0.2902,-0.5504,-0.0567,0.2047,0.4612,1.1421,1.1291,-0.9817,-2.1023,-1.0498,-0.8385,-0.9965,-0.5641,1.5760,2.7140,3.0502,-0.2349,0.6361,0.7619,2.1702,-0.8855,-4.4653,-3.3114,0.5887,1.8997,1.7857,0.4283,1.1217,0.3945,0.6556,1.0718,2.1015,0.8720,0.6573,1.5756,1.6637,0.9550,0.6727,0.6357,0.3843,-0.2279,-1.1548,-1.6781,-1.0183,-0.2329,0.3295,0.2949,1.3494,2.0744,2.8121,3.6129,4.5246,4.1207,3.7880,3.5648,3.3293,3.8501,3.9169,3.7637,3.3887,1.5240,0.6519,0.5285
0.5804,1.0265,0.4700,0.0462,-0.1232,-0.0430,0.2144,0.3585,0.3228,-0.1209,-0.2466,0.1184,0.3344,0.5089,1.3570,1.1967,-0.5514,-2.2063,-0.9906,-0.8154,-0.8423,-0.1835,1.6584,2.4094,1.0572,-0.1302,0.5195,0.4582,1.2271,-0.1867,-0.0299,1.1365,0.7718,1.7373,0.7595,-1.1624,-0.5577,-1.1422,-1.1513,-0.6608,0.9936,0.4019,0.2202,0.9367,1.3550,0.3464,0.8137,0.2918,0.4032,-0.1659,-0.6513,-1.4501,-1.1392,0.4404,1.3313,1.0055,1.2884,2.3131,3.2572,3.7232,4.3757,4.3878,3.9459,3.8143,3.6382,3.8791,4.1511,4.1804,3.4661,2.0866,0.4178,-0.1158
0.3853,0.8027,0.3684,0.0397,-0.0002,0.1446,0.3318,0.4386,0.3974,0.0653,-0.0684,0.2299,0.4344,0.6754,1.4841,1.2749,-0.3368,-2.0409,-0.9938,-0.4213,-0.4331,-0.0594,1.5655,1.8279,0.5848,-0.3437,0.2260,0.2723,-0.0352,-0.4036,1.7565,1.6616,-0.4111,-0.8891,-1.8982,-2.4186,-1.3664,-0.9354,-1.9911,-2.4925,-1.6498,-1.5430,-1.5870,-1.2634,-0.7900,-0.7069,-0.5378,-0.6489,-0.3282,-0.3149,0.3104,-0.1836,3.6604,2.1590,2.8260,2.6747,2.0894,2.7121,3.5807,3.8460,4.0752,3.7779,3.5162,3.6831,4.1238,3.8367,3.8180,3.5934,2.8990,1.8179,0.6936,-1.3591
0.1713,0.5984,0.2190,-0.0313,0.0338,0.1549,0.4166,0.4240,0.4757,0.1523,0.1003,0.4052,0.5843,0.8408,1.6407,1.1284,-0.3345,-2.0255,-0.8851,0.2530,-0.2067,-0.1377,1.2924,1.4100,0.1001,0.2494,-0.1320,-0.2040,-0.0069,-1.3675,0.5995,1.6156,-0.5306,-3.1079,-1.9281,-2.5848,-1.6866,-1.4855,-1.9819,-2.5789,-2.1233,-3.6648,-4.4562,-4.0126,-2.7202,-1.2451,-0.8578,-0.6317,0.1048,0.8649,2.1204,2.4878,3.9348,2.8079,3.4888,2.9955,2.5526,2.5879,3.1577,3.8637,4.0753,4.0921,3.7458,3.8533,4.5090,4.6186,3.6820,3.2420,2.5750,1.4059,0.8353,-0.4833
-0.0166,0.3509,-0.0316,-0.1373,-0.0646,0.0510,0.3132,0.4121,0.3683,0.1310,0.1280,0.3776,0.5897,0.8589,1.7677,1.1121,-0.5362,-1.8821,-0.6737,0.7599,-0.3711,-0.4565,0.5572,1.0665,-0.0043,-0.2088,-0.1000,-0.5850,0.5203,-1.5416,-0.6950,0.5074,-0.4134,-1.3695,-1.5669,-2.3186,-1.8724,-2.0389,-2.7548,-2.6673,-2.4063,-4.5022,-5.0021,-4.0569,-2.9319,-1.8333,-0.8576,0.2683,1.6613,2.7083,3.8004,4.0112,3.6861,3.9872,4.0873,3.8472,3.4251,3.1490,3.7170,4.1334,4.3628,4.4520,3.8714,3.9051,4.3415,4.7258,4.0597,3.1626,2.5153,1.4116,1.1749,0.8584
-0.1460,0.1416,-0.2664,-0.3406,-0.2644,-0.0624,0.2021,0.3077,0.3462,0.0812,0.1118,0.3418,0.5949,0.9752,1.9355,1.0298,-0.7399,-1.5581,-0.3074,0.8858,-0.8845,-1.3628,-0.1226,0.8171,-0.0917,0.4047,1.2357,-0.5888,-0.0109,-2.0809,-2.0293,-0.6439,-0.2750,-1.1976,-1.3809,-2.0451,-1.9567,-2.9720,-4.5928,-3.2469,-3.1505,-4.1324,-4.8086,-3.3999,-1.5910,-0.6307,0.1441,0.8781,2.2620,3.5596,4.3494,4.7651,4.3887,5.0365,5.5527,5.4747,4.1338,3.5109,3.8435,4.2395,4.0890,3.8833,3.6501,3.4220,4.0314,4.8180,4.3760,3.2277,2.4569,1.7138,1.4372,1.2098
-0.3468,0.0069,-0.4195,-0.5969,-0.4961,-0.2800,0.0134,0.2074,0.1591,-0.1009,0.1195,0.3728,0.7042,1.0416,2.1089,0.9531,-0.7710,-1.3651,0.0990,0.8335,-1.7177,-1.9885,-0.4763,0.6298,0.4538,0.7599,1.4142,-0.7153,-0.2097,-0.6002,-2.3555,-2.1654,-1.7141,-2.1368,-2.2271,-2.1546,-2.2447,-5.1460,-6.1993,-5.3754,-4.0285,-3.8475,-3.4368,-1.8268,-0.0501,0.6877,1.4494,1.9916,3.1946,3.6818,4.2061,4.9372,5.2621,5.4620,5.6114,5.3080,3.9280,3.1680,2.9616,3.0855,3.3294,3.5541,3.8235,3.3737,3.7980,4.0205,3.4968,2.7041,2.2079,2.0027,1.7979,1.4682
-0.4543,-0.1194,-0.6777,-0.7965,-0.7261,-0.4813,-0.1674,0.0444,-0.1303,-0.2749,0.1038,0.4729,0.7311,1.1638,2.0730,0.8918,-0.6213,-1.2178,0.3378,0.7737,-2.0344,-2.2572,-0.6441,0.3902,1.0377,1.0817,-0.1777,-0.6984,-1.4825,0.6075,-1.6484,-2.5747,-2.6567,-2.4343,-2.6444,-2.7228,-3.7092,-7.7214,-8.2819,-6.9033,-5.3625,-3.8238,-2.6999,-0.9678,0.0902,1.3905,2.4658,3.5310,3.5694,3.4074,3.8400,4.6958,5.2756,5.9283,4.9225,4.2795,3.1070,3.1199,2.9236,2.8327,2.9561,3.3943,3.7706,3.4790,3.4176,3.0803,2.2460,1.4268,1.9121,1.9271,1.5692,1.4656
-0.5569,-0.2534,-0.8410,-1.0332,-0.9338,-0.5908,-0.2660,-0.1283,-0.3697,-0.4928,0.2036,0.6492,0.9209,1.4745,2.0513,0.7845,-0.6123,-1.1487,0.4001,0.4284,-2.2921,-2.5315,-1.0439,0.1551,0.9480,1.0993,-0.3916,-1.0085,-1.5929,-0.1322,-0.6969,-2.7028,-3.9957,-3.3034,-2.8377,-3.9220,-7.5024,-10.3617,-9.8200,-7.5663,-5.5527,-4.4685,-2.9852,-1.9249,0.0091,1.1258,2.3994,3.4712,3.4502,3.4318,3.7909,5.6667,5.8769,6.4105,4.5639,3.1446,2.4755,2.7221,2.7450,3.0516,3.1386,3.6596,3.9786,3.5746,2.5798,1.4850,0.3915,0.9132,1.2321,1.4279,0.8881,0.8530
-0.5736,-0.1174,-0.7182,-0.9151,-0.7100,-0.3605,-0.1268,-0.1793,-0.5202,-0.4858,0.3009,0.7407,1.1174,1.6415,1.9573,0.7133,-0.5866,-1.1453,0.2302,0.0529,-2.8422,-3.4402,-1.9109,-0.2070,0.8718,1.0103,-0.2211,-1.2863,-1.4626,-2.0110,-2.6052,-6.0304,-4.9640,-3.9646,-3.8203,-5.5885,-8.7530,-8.9414,-8.8087,-7.7251,-6.2804,-4.4970,-3.3787,-2.8230,-0.8967,0.6450,2.1601,3.1683,3.5178,3.9596,4.4238,5.9172,5.9116,5.2413,3.6418,2.5731,2.5481,2.6345,2.5291,3.0585,3.4615,3.4488,3.2956,2.9323,1.4568,0.1709,-0.0467,0.4828,0.2413,0.2032,0.3260,0.5339
-0.4194,0.1645,-0.3215,-0.3589,-0.1491,0.2179,0.3559,0.1171,-0.4037,-0.5355,0.3183,0.7412,1.1242,1.8001,1.8919,0.6862,-0.6661,-1.2619,-0.0331,-0.2470,-3.5346,-4.5248,-2.7800,-0.5296,0.6959,0.8605,-0.2633,-1.1773,-2.5809,-3.6428,-4.0498,-6.5046,-6.2447,-5.4986,-5.3379,-7.6108,-7.9044,-7.9374,-7.7489,-7.7709,-7.4705,-6.5385,-6.5040,-4.2882,-2.9346,-0.6191,1.4921,2.8574,3.4314,4.0828,4.6824,5.4989,4.8603,3.7511,3.1172,2.9264,2.6378,2.3061,1.9365,2.3085,2.5709,2.5811,2.0121,1.2303,-0.1020,-0.4667,-0.3174,0.1648,0.1570,-0.0974,0.2423,0.2929
-0.5128,0.2817,0.0132,0.0505,0.2475,0.5380,0.5790,0.1591,-0.4501,-0.6492,0.3023,0.6850,0.9795,1.6276,1.7003,0.5234,-0.9150,-1.6795,-0.4825,-0.6310,-3.9555,-4.9994,-3.1827,-0.7271,0.4835,0.5655,0.4489,-1.2374,-2.6884,-3.1346,-3.9418,-5.8606,-6.9863,-5.4066,-5.5503,-7.5426,-6.9321,-6.7344,-7.3590,-8.4334,-8.1789,-7.3241,-6.9645,-4.2913,-4.0694,-1.6069,1.0990,2.6755,4.2009,4.5851,4.9594,5.2838,4.5516,4.2587,3.8832,3.6767,3.2480,2.6135,2.0538,1.8998,2.0799,1.5231,1.2295,1.0008,-0.0359,-0.3646,-0.3829,-0.5046,-0.3708,-0.0996,0.5590,0.6661
-0.8576,-0.1279,0.0262,0.1325,0.3101,0.5889,0.5456,0.1366,-0.4881,-0.6224,0.2012,0.5693,0.7189,1.2018,1.1630,0.1994,-1.1383,-1.8093,-0.5294,-0.8967,-3.9601,-5.4332,-3.6482,-1.0899,0.1997,0.3006,1.6120,-0.2905,-1.6700,-2.6547,-3.4214,-5.0857,-6.7619,-5.4274,-5.1773,-6.6364,-6.2387,-6.5051,-8.4567,-8.6491,-8.0018,-5.3787,-4.3221,-2.4530,-1.3898,-1.7201,0.3393,2.7972,4.2295,4.6027,4.4679,4.5673,4.2567,4.4070,4.3287,4.0615,3.6841,2.8940,2.4696,2.4371,2.0100,0.9881,1.1327,0.0247,-0.9347,-1.1228,-1.3142,-0.4581,0.5742,0.3316,0.1228,-1.2526
