0.5817,0.1305,-0.6463,-1.0334,-1.5378,-2.0229,-1.8341,-1.4817,-1.2567,-1.0047,-1.3324,-1.4454,-1.0888,-0.6812,0.0130,0.5766,0.6936,0.5202,0.2268,-0.0850,-0.2112,-0.0896,0.0922,0.4190,0.2815,-0.3530,-0.9919,-1.6778,-1.9913,-1.8425,-1.3615,-0.5429,0.0901,0.4045,0.9428,-0.3139,-2.4116,-2.7379,-3.0324,-4.4320,-3.1288,-1.4774,-1.9827,-1.6796,-2.2217,-3.3475,-4.5369,-5.1746,-6.2595,-6.5487,-6.9907,-7.0532,-8.2132,-9.7675,-9.7993,-8.7685,-7.5385,-5.4612,-4.3095,-4.8487,-5.9489,-6.0924,-6.3650,-6.3383,-6.2474,-5.3451,-5.5665,-4.9287,-3.2687,-1.1459,-1.1434,-1.6977
1.0252,0.5466,-0.2572,-0.4271,-0.6677,-0.6771,0.0001,0.2331,0.5059,0.5182,-0.0725,-0.1567,-0.0332,0.1284,0.5571,1.0970,0.9543,0.6644,0.1999,0.0432,0.1750,0.7258,1.1227,1.3524,1.0320,0.2188,-0.8220,-1.6750,-2.0516,-1.7521,-1.1294,-0.2828,0.1145,0.5461,0.8572,-0.8327,-1.5957,-1.2233,-3.0060,-4.5169,-2.6493,-1.2256,-1.5984,-1.0521,-1.6917,-2.4639,-2.3717,-3.0413,-5.2408,-5.8031,-5.6809,-6.2684,-7.5001,-9.4575,-8.1837,-6.9879,-4.3799,-3.4887,-4.3468,-6.1608,-6.9820,-7.5502,-6.8622,-6.2072,-5.6360,-5.3635,-5.5990,-4.3911,-2.5331,-0.5522,-0.1619,0.3084
0.5437,0.4551,0.0865,0.2506,0.5054,0.6181,1.4699,1.5395,1.5703,1.2381,0.9533,0.9171,0.8055,0.7638,0.9014,1.0035,0.7621,0.2833,0.0595,0.1197,0.3928,1.0852,1.4873,1.5572,1.2427,0.1130,-0.9528,-1.8703,-2.1815,-1.5629,-0.5940,0.4635,0.6075,1.6725,1.2391,0.4420,-0.2420,-0.2675,-2.6517,-4.2807,-2.0511,-1.2379,-0.1675,-0.5901,-1.2125,-2.2561,-1.6446,-1.8949,-2.9708,-3.3563,-3.8305,-5.3776,-6.5166,-5.5145,-3.8261,-2.9334,-1.4139,-1.6354,-3.6116,-6.1845,-7.4412,-7.5063,-6.6002,-6.0860,-5.2574,-5.4811,-5.7018,-4.9331,-2.2115,-0.0375,-0.5221,-0.5255
0.4220,0.0564,-0.1582,0.5905,1.2095,1.3807,1.9769,2.0581,1.9744,1.3470,1.1246,1.0105,0.7967,0.8266,0.8653,0.5651,0.2596,0.0819,0.1342,0.2935,0.5884,1.0549,1.4375,1.5384,1.0220,-0.1716,-1.3107,-2.1363,-2.2388,-1.3078,-0.2061,0.6344,0.4707,1.1492,1.1828,2.3928,1.7585,-0.9092,-3.2742,-3.9564,-1.7088,-0.2730,0.4137,-0.3566,-1.3878,-1.6335,-1.7123,-2.0424,-2.5985,-1.3829,-2.9046,-4.2039,-4.5182,-3.1800,-2.6859,-1.7135,-1.0650,-1.3940,-3.7009,-6.0570,-6.8778,-6.7381,-5.6583,-4.9824,-4.5868,-5.6805,-4.7526,-4.2791,-1.9096,-0.0694,-0.1836,-1.2872
0.1824,0.0993,-0.1790,0.7686,1.4921,1.6705,2.0120,2.2081,2.0024,1.3938,1.2351,1.0145,0.8040,0.7605,0.4061,-0.0150,-0.1631,-0.0779,0.2445,0.5325,0.6978,1.0779,1.3559,1.3034,0.5253,-0.5022,-1.7807,-2.5236,-2.2923,-1.1163,0.0373,0.5007,0.4011,0.7065,0.2068,-1.6903,-2.9996,-3.0757,-4.3406,-3.4540,-0.6703,-0.0816,0.0415,-0.5705,-1.6242,-1.4642,-1.8775,-2.7103,-2.4853,-1.6064,-2.7203,-2.8393,-3.3239,-2.6342,-2.8716,-1.7836,-1.0939,-1.0888,-2.8008,-4.7527,-5.1109,-5.3875,-4.1645,-3.8190,-3.9814,-5.9906,-4.7884,-3.5189,-1.3171,0.0959,-0.3835,0.1350
0.3122,0.4270,0.3033,0.8520,1.4368,1.6399,1.7999,2.0849,2.0625,1.5787,1.2713,0.7596,0.1985,-0.0559,-0.4287,-0.5874,-0.6290,-0.3769,0.2273,0.5288,0.6911,0.9472,1.0635,0.8305,0.3020,-0.6412,-2.0096,-2.5841,-1.9608,-0.6419,0.2634,0.6375,0.5578,-2.0229,-1.3346,-0.5217,-0.4340,-1.0156,-2.2611,-1.9073,-0.9983,0.3126,-0.3232,-1.2758,-2.1310,-1.7195,-2.1158,-3.5173,-3.2796,-2.5711,-3.2201,-1.2110,-2.1455,-2.8983,-3.0647,-1.9453,-1.3743,-1.6804,-2.4597,-3.9348,-3.2102,-3.8372,-1.8462,-2.2210,-3.6719,-5.3699,-4.2336,-2.7494,-0.2117,0.5076,-0.2623,-0.0282
0.3338,0.6473,0.7015,1.1462,1.3729,1.6488,1.6990,2.0971,2.1497,1.6984,1.3708,0.5153,-0.3713,-0.9937,-1.0286,-1.0958,-0.9586,-0.6739,0.1598,0.6009,0.6502,0.7680,0.7030,0.6436,0.4066,-0.3848,-1.9047,-2.3855,-1.4095,-0.1993,0.6462,0.5935,-1.1542,-2.1388,0.4368,0.3751,0.7690,0.9140,-0.9248,-2.4101,-1.1535,-0.5977,-1.6216,-2.2742,-2.7340,-2.1622,-2.8429,-3.9396,-3.7735,-4.5408,-3.6333,0.8810,-0.0856,-1.6771,-2.7125,-1.7363,-0.5602,-1.9684,-2.2149,-1.5813,-1.8023,-1.8762,-0.7503,-1.3705,-2.2436,-3.7475,-2.2166,-1.2657,0.3405,0.6265,0.2468,-0.1313
0.4698,0.7523,1.1759,1.5524,1.5785,1.5654,1.7166,2.0726,2.2419,1.8009,1.4441,0.5852,-0.4369,-1.0885,-1.3869,-1.3171,-1.1872,-0.9771,0.0064,0.5854,0.5482,0.5629,0.6363,0.8410,0.6900,-0.1141,-1.7713,-1.8618,-0.6816,0.2994,0.9755,0.9904,-2.7096,-0.6826,-0.8535,-0.8892,0.2039,0.5335,-2.4191,-2.3988,-1.7090,-2.1481,-2.9143,-3.7406,-3.5840,-2.8641,-4.0381,-4.4583,-4.6433,-5.7254,-3.7757,0.4434,-0.5809,-0.7929,-0.5231,-0.2493,-0.9924,-1.9970,-1.7474,-2.1182,-1.1884,-1.3772,0.7523,0.2886,-1.0299,-1.7790,-0.4913,-0.2009,0.2784,0.3237,0.9552,0.6213
0.7371,1.0823,1.5425,1.9867,1.7138,1.7812,1.7793,2.2681,2.3158,1.8440,1.4468,0.7913,-0.3005,-0.9632,-1.2628,-1.3165,-1.1694,-1.0877,-0.2505,0.3983,0.3361,0.7144,0.9018,0.9729,0.9396,0.1231,-1.4709,-1.2004,0.0048,0.8836,1.2281,2.7881,-1.8157,-0.5831,-0.8557,-0.8644,-0.0024,0.1144,-1.8733,-1.0596,-1.5381,-2.8781,-4.4876,-4.9583,-4.0592,-2.5386,-3.9600,-4.9275,-5.7623,-6.4213,-4.8493,-1.8213,0.3228,0.4110,1.5420,-1.4282,-1.7573,-1.5193,-0.0973,-0.7267,0.1770,2.5064,3.8604,1.3002,-0.5493,-1.0489,0.3908,0.7662,0.8141,0.4949,1.4130,1.3356
0.9742,1.3970,1.8624,2.1548,1.9961,1.8690,2.0283,2.4274,2.4006,1.7204,1.4491,1.0697,0.2117,-0.6532,-1.1810,-1.2705,-1.1768,-1.0058,-0.5476,0.0444,0.3936,0.9171,1.0842,1.0645,0.9926,0.2758,-1.3864,-0.7421,0.2469,1.3912,2.6583,-0.1850,-2.1710,-0.4684,-0.3454,-0.9172,-0.5839,0.3831,-1.2736,-0.8345,-1.0768,-3.6990,-5.6890,-5.6647,-4.4573,-3.2946,-4.7247,-5.7234,-6.4561,-7.1987,-5.6156,-1.5776,0.7493,-0.1647,2.3667,-0.7639,-1.7345,-0.7273,1.7457,1.5490,2.9679,3.3419,2.8159,2.3925,0.2968,0.3747,1.4236,2.0242,1.3637,1.0694,1.7388,1.5434
1.0893,1.5642,1.9485,2.2891,1.9946,1.9254,2.2299,2.4644,2.3395,1.6338,1.4515,1.2843,0.8634,-0.0342,-0.8402,-1.1874,-1.1816,-0.9946,-0.7392,-0.3822,0.3550,1.0217,1.1311,1.0162,0.9060,0.0457,-1.1468,-0.7589,0.3282,1.1685,2.8263,-0.9755,-1.3476,-0.4314,-0.6728,-1.3653,-1.1042,0.7628,-1.2964,-1.7193,-2.4531,-5.1976,-7.0342,-6.1857,-4.8132,-3.4674,-4.7206,-5.1235,-6.3664,-6.6018,-2.5625,-0.4822,0.5516,0.2076,1.9400,1.2027,1.3998,2.6758,4.0832,2.3221,4.0451,3.1910,3.5467,2.8437,2.3842,2.1290,2.6648,2.7176,3.0177,2.1893,1.8864,1.7149
1.3209,1.7623,2.1810,2.3093,1.9541,1.9505,2.3097,2.5065,2.2571,1.7167,1.6510,1.5440,1.4313,0.6175,-0.2697,-0.9078,-1.0868,-1.0004,-0.8922,-0.7111,-0.0572,0.6475,0.8340,0.9261,0.8870,-0.1851,-1.0537,-0.5661,0.6835,2.5095,1.9430,0.4491,-1.1325,-0.1421,-0.6288,-1.3861,-0.9205,-0.6064,-2.8614,-2.9491,-4.6605,-6.9299,-8.0725,-6.4456,-4.7709,-3.2423,-4.4265,-5.3416,-5.6261,-4.1929,-1.3879,-1.1687,1.0896,0.4296,1.0110,-1.0593,0.9519,2.9162,3.4841,3.6645,3.0199,2.7451,2.3429,2.2947,2.6688,2.6286,3.1686,3.0538,2.8646,2.9697,2.7546,2.3637
1.6108,2.0364,2.4120,2.3961,1.9350,1.9259,2.2632,2.4932,2.2277,2.0695,1.9731,1.8798,1.8025,1.3023,0.4595,-0.1666,-0.5535,-0.7668,-0.9016,-0.9094,-0.5195,-0.0377,0.3544,0.7484,0.8098,-0.2326,-0.8729,-0.4022,0.8177,2.5298,2.7411,-0.6137,-0.9250,-0.2042,-0.8789,-1.7800,-1.8041,-2.7080,-3.3944,-3.3197,-5.6041,-7.9937,-8.2547,-6.3299,-4.6137,-3.9202,-3.7844,-4.8769,-4.2872,-3.6311,-1.8334,-1.5332,0.5388,0.0993,0.9596,0.6958,1.0631,4.0543,2.4883,2.1999,2.7497,2.1592,1.8580,1.7030,2.3217,2.5736,2.9721,3.0473,2.5709,2.8475,3.1387,2.5578
1.8667,2.1599,2.2623,2.2889,1.9171,1.8690,2.2820,2.4587,2.4020,2.3911,2.3869,2.2264,2.0745,1.7548,1.1940,0.6640,0.2739,-0.2319,-0.5829,-0.8773,-0.7965,-0.6635,-0.1695,0.5647,0.7000,-0.0351,-0.6128,-0.1092,1.2306,2.0307,0.6890,-0.9823,-1.0805,-0.2970,-1.8833,-2.7195,-2.8689,-3.6623,-2.7723,-3.1536,-5.3620,-7.7301,-7.3536,-6.3173,-4.5793,-4.1766,-3.8666,-4.4244,-3.7854,-3.7333,-2.5690,-1.4187,2.2587,1.3156,1.7607,1.6667,1.5512,3.5646,2.7875,2.3489,2.2924,1.3231,0.8215,1.2116,1.7818,1.0049,1.7918,2.0675,2.1449,2.7868,3.1490,2.7133
2.0169,2.2176,2.2171,2.2403,1.9492,1.9156,2.3038,2.6249,2.5520,2.5367,2.6428,2.4478,2.3048,2.0793,1.7301,1.3909,1.1133,0.4931,-0.2357,-0.7633,-0.7414,-0.8143,-0.3767,0.5812,0.7300,0.3293,0.0328,0.1442,0.8027,0.9040,-0.1544,-1.5684,-0.3628,-0.6187,-3.3246,-4.9823,-4.5690,-3.5519,-2.2355,-1.9780,-4.1860,-6.4046,-6.3524,-5.4643,-4.7678,-4.0016,-3.9701,-3.9666,-3.6134,-2.9067,-1.3172,1.3093,1.4995,2.1555,3.2638,1.3850,1.3376,4.7360,3.5369,2.7251,2.1297,1.5233,0.8809,0.5106,0.6422,0.4650,0.5557,1.3381,1.8150,2.5964,3.3323,3.2899
2.0222,2.2250,2.0612,2.1663,1.8756,1.8949,2.2696,2.3383,2.2856,2.4504,2.6282,2.5392,2.4240,2.2173,1.9819,1.8607,1.6274,0.9496,0.1431,-0.4008,-0.5367,-0.7301,-0.4580,0.5152,0.7635,0.6122,0.6007,0.0595,0.7148,0.4795,-0.7013,-0.7214,-0.0989,-1.0181,-4.0679,-5.5724,-4.6587,-2.8301,-0.8541,-1.1942,-3.3070,-5.4816,-5.9077,-5.2147,-4.4055,-3.9225,-3.6207,-2.9653,-1.7445,0.7315,0.4877,1.5682,2.3705,3.0392,2.8130,4.5048,2.1150,3.1218,3.3923,3.1463,2.9083,1.7038,1.5553,1.1657,0.3009,0.0944,0.2004,0.7821,1.2127,1.8497,2.7544,2.8490
2.1184,2.2357,2.0993,2.2515,1.8309,1.6294,1.8479,1.7630,1.7937,2.1010,2.4146,2.4427,2.4254,2.2814,2.0995,1.9831,1.6874,1.0596,0.3638,-0.1329,-0.4561,-0.7181,-0.4921,0.3957,0.5343,0.6746,0.2806,-0.2383,0.0346,-0.2236,0.0996,0.5102,0.1976,-1.0065,-2.8975,-3.6835,-3.6421,-1.9694,-0.7766,-1.3662,-2.6021,-5.5053,-5.2549,-3.7945,-2.9811,-3.2292,-3.1161,-2.1222,0.0196,2.3542,0.6269,0.7692,1.9865,3.0409,3.5258,6.5994,4.9578,2.6418,3.6881,3.3186,2.5197,2.6060,2.6665,1.9019,1.3862,0.8123,0.6196,1.2631,1.5712,2.0894,2.6465,2.7667
2.1944,2.2890,2.1520,2.3236,1.8999,1.2649,0.8306,0.5954,0.9597,1.6401,2.2015,2.3445,2.4100,2.3316,2.0008,1.8372,1.5869,0.9596,0.4036,-0.1579,-0.5077,-0.7077,-0.3855,0.2265,0.2966,0.5712,-0.4647,-0.9658,-0.2109,-0.6027,0.6782,1.0884,0.4318,0.3738,-0.9972,-1.2755,-1.5734,-1.1288,-0.8710,-1.2868,-3.7999,-4.1752,-3.9567,-3.2850,-3.5266,-3.6905,-3.2499,-1.6713,0.3289,2.1081,1.0426,1.6236,1.3628,2.1539,2.5149,5.8537,6.0983,3.6736,4.1279,4.6656,4.1950,3.9463,3.7189,2.5399,2.1056,1.6693,1.2403,1.9602,2.0267,2.2228,2.6961,2.7872
2.3954,2.5014,2.2507,2.3861,1.7410,0.7111,0.0875,0.0179,0.4275,1.1360,1.9405,2.2526,2.3980,2.2735,1.8511,1.6303,1.2191,0.6642,0.0769,-0.3828,-0.7437,-0.7386,-0.2733,-0.0657,-0.1354,-0.2263,-1.0534,-1.4269,-1.2152,-0.3635,-0.5176,0.3068,-0.3323,0.0679,-0.7798,-0.4737,-0.7879,-0.3345,-1.4305,-3.7328,-3.1847,-3.0470,-3.0405,-3.2289,-3.8233,-3.8242,-3.0474,-0.6466,-0.1762,0.2057,-0.2713,2.2801,2.5121,1.5518,2.9926,4.4872,5.2098,5.0184,4.8018,5.1444,5.5212,5.4728,3.9517,2.9242,2.2840,2.1708,1.7904,2.2456,2.0611,2.2370,2.7969,2.7065
2.3746,2.5144,2.3336,2.2003,1.5666,0.6224,0.1137,0.0693,0.1996,0.9617,1.7159,2.0830,2.3483,2.1333,1.6505,1.2900,0.8367,0.3103,-0.1842,-0.6407,-0.9302,-0.7781,-0.4193,-0.4919,-0.5557,-1.0757,-1.4449,-1.6772,-2.0570,-2.9580,-2.8477,-3.4697,-3.1665,-1.6000,-1.3065,-2.3141,-2.1074,-2.9143,-4.6668,-3.9890,-3.2511,-4.4846,-4.5611,-4.5299,-4.5711,-4.3749,-2.4080,0.5124,1.5512,0.2532,-0.2075,1.0419,2.5620,3.0900,2.6380,4.7114,6.1194,5.8122,4.3677,5.5795,5.8307,4.8944,3.4734,2.5103,2.4556,2.5117,2.1127,1.8999,1.5237,1.9276,2.3229,2.2940
2.3857,2.3913,2.0954,1.7248,1.1320,0.7888,0.5887,0.6538,0.7847,1.2140,1.5842,1.9146,2.1219,1.6773,1.1821,0.8322,0.5272,0.0028,-0.5056,-0.6816,-0.8994,-0.6241,-0.5186,-0.6007,-0.8762,-1.5204,-1.6552,-1.6590,-1.7478,-1.7649,-2.2808,-2.3250,-1.4373,-0.2140,0.1654,0.8755,0.3967,-4.1708,-3.9950,-4.2032,-5.0051,-6.3956,-5.4367,-5.3515,-4.9221,-4.0387,-0.9039,1.2339,3.3682,2.7973,1.9872,0.9331,2.5636,3.6458,5.4021,5.5723,7.0834,6.4535,4.5744,4.6908,5.3766,3.8442,3.1910,2.4885,2.3204,2.3100,1.3521,1.3382,0.7283,1.0590,1.3734,0.9231
2.2662,2.0056,1.4242,1.0726,0.7562,1.1079,1.7357,2.0050,1.7934,1.7489,1.6456,1.8054,1.6447,0.9150,0.6386,0.5108,0.3719,-0.1250,-0.4066,-0.5682,-0.6207,-0.3774,-0.4886,-0.8032,-1.3247,-1.7879,-1.6175,-1.5462,-0.8207,-0.5098,-1.7160,-1.9263,-1.5002,-0.1479,1.3534,2.6666,-2.0549,-2.8846,-3.1032,-4.8792,-5.6585,-6.5235,-6.1001,-6.1166,-5.7849,-3.6177,-1.5154,0.6332,4.9446,3.3786,1.1174,-0.1568,1.6673,3.4166,4.9265,4.7046,6.2311,7.1848,4.9792,5.7442,5.2520,4.0226,3.5593,2.5433,1.6396,1.2021,0.4239,0.2942,-0.4295,0.0097,0.4300,0.5987
2.0492,1.2884,0.6194,0.6817,0.8130,1.8114,2.8423,3.1117,2.7091,2.2114,1.9002,1.7960,0.8580,0.2816,0.3598,0.4861,0.3769,0.0971,-0.1107,-0.1399,-0.1647,-0.1928,-0.4147,-1.0506,-1.6712,-2.0493,-1.7180,-1.2116,-0.9053,-0.9400,-3.1152,-3.4298,-2.4015,-0.1921,2.6639,2.4364,-1.3515,-2.3573,-3.0196,-3.7709,-4.7842,-6.1466,-6.4715,-6.6459,-6.1643,-3.9765,-2.3933,0.4768,2.1941,3.3441,1.5755,0.5046,1.0562,2.9711,4.2345,3.8913,5.0328,6.5979,5.7655,5.8091,5.8891,4.6585,3.9334,2.6303,1.0772,0.3595,-0.2995,-1.0267,-1.0055,-0.2202,0.3200,0.9680
1.7714,0.8279,0.3202,0.7292,0.9688,2.4774,3.2721,3.5015,3.1513,2.5024,2.0795,1.6596,0.4583,0.2279,0.4246,0.7103,0.6036,0.3169,0.2747,0.2954,0.1396,-0.0938,-0.4816,-1.3621,-1.8431,-2.1238,-1.9856,-1.4035,-1.6892,-2.8415,-2.5446,-3.6796,-1.9379,-1.0158,3.2988,1.2490,-1.2645,-1.7359,-1.9783,-2.8153,-4.6489,-6.4305,-6.6435,-7.3121,-7.0632,-4.6303,-2.5166,0.3668,0.4574,1.7838,0.0067,-1.1540,1.0015,3.0851,4.3714,5.1098,5.6600,7.3462,7.3582,5.4396,4.8109,6.0732,5.0306,3.1218,1.3428,0.6561,-0.1013,-0.8344,-1.5467,-0.5140,0.0162,0.7195
1.2064,0.6245,0.3015,0.8267,1.4329,2.7805,3.3057,3.4191,3.2356,2.5421,1.9558,1.3421,0.4035,0.2577,0.7279,0.9999,0.8762,0.7333,0.7008,0.6148,0.3629,-0.0485,-0.7408,-1.4876,-1.9886,-2.3147,-2.4612,-2.4332,-2.9511,-2.8351,-3.4439,-2.2440,-2.9979,-0.9935,2.4865,1.9158,-0.8481,-1.5402,-1.7382,-2.1983,-4.5403,-6.7029,-6.7970,-7.4015,-7.2785,-4.6834,-3.7207,-1.2838,-1.0534,0.3684,-0.3506,0.5533,2.2791,2.4903,4.2549,5.7769,6.7103,7.4396,6.0863,5.4144,3.5920,5.1899,5.2145,4.0337,2.4721,1.3711,0.2838,-0.3260,-0.7376,-0.4609,-0.4200,0.5113
0.7210,0.7937,0.5894,1.3343,2.1404,2.8050,3.1371,3.2696,2.9548,2.3339,1.7014,0.9938,0.4165,0.5942,1.2757,1.3901,1.2989,1.1911,1.2037,0.8550,0.5367,-0.0786,-0.8659,-1.6244,-2.1712,-2.7994,-2.2623,-2.7243,-3.5602,-2.9879,-3.2131,-2.0235,-2.3704,-1.0568,0.2236,0.2095,-1.8486,-1.7516,-1.7356,-2.5942,-5.3650,-7.4973,-6.6636,-6.9374,-5.9870,-4.1278,-2.3818,-1.5455,0.6207,0.6234,0.5551,2.2256,4.6141,4.6684,4.9448,5.6815,5.3358,5.7991,5.3738,5.2723,4.2584,4.3857,4.2894,3.7230,2.6885,1.8309,0.8914,0.2165,-0.0370,0.1408,0.2214,0.7947
0.5908,1.2047,1.5625,2.3252,2.5642,2.7132,2.9407,3.0068,2.7693,2.0049,1.2972,0.9875,0.8339,1.1223,1.7055,1.8095,1.7461,1.6233,1.5107,1.0013,0.5048,-0.1848,-1.0835,-1.9201,-2.3925,-2.6944,-2.5948,-2.9328,-1.9721,-2.1424,-2.4328,-2.1453,-2.4256,-2.0248,-1.6383,-1.9081,-2.4995,-2.6080,-2.2508,-4.1902,-6.5548,-7.7302,-5.9674,-5.5482,-4.3910,-2.3361,0.8797,0.3357,-0.9062,-0.1376,0.5336,3.1069,5.4513,7.1561,5.8687,4.7793,5.8297,5.1882,4.0488,3.5407,3.4761,3.4888,3.1404,2.4114,1.8946,1.5229,1.2923,0.8161,0.4800,1.0608,0.6930,1.0136
0.6021,2.1461,2.4170,2.7504,2.4775,2.6073,2.7488,2.7330,2.3808,1.5476,0.9898,1.0447,1.2894,1.7285,1.9878,2.0210,2.0831,1.9622,1.6967,1.1387,0.4581,-0.2886,-1.2602,-2.1791,-2.7967,-2.5842,-2.1306,-2.6523,-1.6211,-2.0111,-1.3893,-2.1097,-2.6169,-2.2658,-2.3846,-3.1925,-3.0814,-3.8803,-3.6690,-4.5049,-6.6006,-6.8882,-5.5652,-4.9479,-4.1985,-1.8667,-0.0595,1.9907,0.2797,-0.9818,-0.1206,3.1587,6.2960,8.7821,6.4690,4.5991,4.1715,3.9595,3.4434,2.4541,1.8947,1.9276,1.7777,1.4998,1.5851,1.2259,0.3995,1.4657,0.9596,1.5363,1.2469,1.4726
1.0924,2.6794,2.6576,2.7842,2.5426,2.2432,2.2506,2.1790,1.8756,1.2799,0.9870,1.1600,1.6352,1.9164,2.0909,2.1131,2.1928,2.1124,1.8276,1.2486,0.6251,-0.2994,-1.3578,-2.3038,-2.8165,-2.6080,-1.9805,-1.0384,-0.9462,-0.8315,-1.0493,-1.9504,-3.3065,-3.3803,-3.4356,-4.8010,-4.8656,-4.7045,-3.6905,-4.0779,-6.1586,-6.3014,-5.1358,-4.4683,-3.2195,-1.6015,-1.2130,-0.1373,0.2904,-0.3364,0.8152,3.8932,6.6107,7.4327,5.7783,5.2717,3.9448,4.1764,3.6420,2.7217,2.1174,1.2858,0.8662,0.8119,1.2380,0.6721,-0.2527,1.5516,1.1527,1.4164,2.0426,1.6113
1.8696,2.8340,2.7440,2.8978,2.4122,1.5646,1.4974,1.5831,1.5515,1.1761,0.9975,1.3381,1.8471,1.9648,1.8875,1.9853,2.0802,2.0785,1.9453,1.4321,0.6761,-0.2663,-1.3700,-2.1532,-2.1321,-2.1357,-1.4099,-0.5814,-0.1297,-0.8099,-1.3316,-2.3341,-3.0330,-3.9219,-3.9876,-4.3464,-4.8908,-4.2321,-2.8325,-2.5189,-4.8939,-5.5564,-4.7655,-4.2206,-3.0880,-1.3346,-0.5923,0.4960,0.9739,1.8199,2.8051,4.9010,6.7424,6.7601,6.3274,5.9344,4.8260,4.0409,3.2896,3.1887,2.1031,1.2083,0.6856,0.4197,0.5731,0.1650,-0.2079,0.4394,1.7161,2.0205,2.4295,1.7564
2.2417,2.8156,2.8157,2.7756,2.1548,1.1017,0.9683,1.2846,1.4256,1.4221,1.4220,1.7090,1.7894,1.7686,1.7431,1.8193,2.0296,2.1194,2.0443,1.4814,0.7533,-0.3620,-1.3617,-1.7753,-1.5084,-1.3320,-0.0022,0.3601,-0.5289,-0.7043,-1.5648,-2.2118,-1.8352,-2.6056,-3.0132,-3.0688,-2.4383,-1.7290,-0.8163,-1.2762,-3.8875,-4.6770,-4.0277,-3.6959,-3.8897,-1.6844,0.7998,3.2698,3.5052,3.4266,4.1962,5.7847,6.7643,6.7147,6.0346,6.4168,5.2423,4.3853,3.6378,3.2408,2.7909,1.3870,0.3943,-0.0968,-0.1569,-0.4045,-0.5140,0.2428,1.2811,2.6179,2.6724,2.1327
2.2712,2.7904,2.6721,2.7516,1.8469,0.9693,0.8183,1.2013,1.7033,1.9111,2.0260,2.1151,1.8662,1.8016,1.6619,1.7372,2.0706,2.2302,2.1352,1.6215,0.6840,-0.5617,-1.4084,-1.0401,-0.9111,-0.3359,0.2397,-0.1323,-0.0887,-0.4045,-1.1766,-1.3613,-1.7294,-2.1590,-2.1880,-2.0106,-1.8317,-1.2016,-0.6117,-2.0232,-4.6184,-4.4977,-3.4758,-2.3234,-1.9950,-0.7487,0.9549,3.7395,4.2704,5.1414,5.2581,7.0031,7.0992,6.3566,5.7464,5.4390,5.4732,4.2048,3.7783,3.6687,3.2425,1.8183,0.5886,-0.2129,-0.0450,-0.3308,-0.2970,0.5444,0.8036,2.0788,2.1652,2.3827
2.2594,2.7852,2.6370,2.4210,1.6154,0.9679,0.9377,1.3433,1.9598,2.1736,2.2236,2.1102,1.8890,1.7812,1.6713,1.7743,2.1167,2.3284,2.2923,1.5102,0.4089,-0.7665,-0.9910,-0.3933,-0.6166,-0.0799,0.6955,0.1622,0.1741,-0.2258,-1.9135,-3.0248,-3.8399,-3.5551,-3.0233,-2.0793,-1.5459,-0.4641,-0.3694,-2.6165,-4.9857,-4.9142,-4.0659,-1.5676,-1.0639,-0.6101,1.0226,2.6193,3.6143,6.1866,6.2499,6.2182,6.6993,6.8763,5.8351,4.7860,4.5838,3.0890,3.1056,3.4139,2.6941,1.8125,0.7571,0.2091,-0.0283,0.1011,0.0924,0.3872,0.8614,1.5870,1.9874,2.2100
2.1864,2.7731,2.5202,2.1600,1.5207,1.1567,1.1291,1.6046,2.0058,2.1494,2.1728,2.0352,1.8807,1.6191,1.5030,1.6617,2.2352,2.3314,2.2516,1.3426,0.1390,-0.5551,-0.4084,0.0290,-0.2733,0.5176,0.4160,0.1625,-0.2451,-0.1181,-1.9196,-3.1285,-4.0131,-3.4146,-3.3330,-2.2379,-1.7269,-0.5250,-0.8161,-3.0777,-4.9064,-5.2074,-3.2560,-1.3544,-1.2587,-0.5877,0.1614,1.7575,2.7949,4.4091,5.1340,4.7301,5.3858,6.4409,5.7068,4.3179,4.2513,2.7884,2.4723,2.5213,2.1503,1.8420,1.0057,0.6125,0.5396,0.5940,-0.0794,0.2856,0.6923,1.5714,1.3373,2.1017
2.1506,2.7574,2.3236,2.0221,1.5901,1.4522,1.4902,1.7308,1.8382,2.0730,2.1036,2.0406,1.8649,1.3791,1.2665,1.5818,2.2926,2.4387,2.0710,0.9600,-0.1012,-0.4172,0.1653,0.4724,0.2191,0.7829,0.3079,-0.7200,-0.8544,-0.3991,-1.5578,-1.9182,-2.9898,-3.3999,-2.5468,-2.7119,-2.3042,-1.7275,-1.8589,-4.7803,-6.6036,-6.5557,-3.2939,-1.1707,-0.4257,-0.1595,1.0405,-0.1662,1.4610,2.4628,3.9932,4.6131,5.7159,6.8462,6.0591,4.9561,4.7177,3.3245,2.6130,2.1513,2.5979,2.1231,1.2426,1.0285,0.7854,0.8141,0.1099,0.1972,0.7623,1.1633,0.9514,1.5143
2.2044,2.8219,2.3043,2.0632,1.8103,1.7663,1.6504,1.7554,1.7265,1.9147,2.0268,1.8686,1.6358,0.8786,1.0050,1.5664,2.3583,2.4027,1.9202,0.5099,-0.3199,-0.3781,0.4963,0.6688,0.7358,0.3870,0.1325,-1.2023,-1.2439,-0.9236,-1.4499,-2.0702,-2.9471,-3.4524,-2.9691,-2.5429,-3.8834,-3.1570,-3.8312,-6.9989,-7.6974,-7.1255,-4.1560,-2.2740,-0.2806,-0.4153,1.3046,0.6525,0.6018,3.0445,3.7057,5.0316,7.2580,8.3844,6.9979,5.7693,5.4758,4.5784,3.1042,2.7754,2.8568,2.1682,1.6818,1.7478,1.5089,0.8992,0.2122,0.3667,0.8386,1.0764,0.8230,0.9575
2.2770,2.8777,2.3518,2.3030,2.0018,1.8236,1.7553,1.6613,1.6234,1.7405,1.7541,1.6127,1.4132,0.5518,0.7295,1.7274,2.4654,2.5492,1.6978,0.0618,-0.5518,-0.1981,0.3185,0.9183,0.4226,0.4476,-0.0252,-0.8734,-1.1585,-0.7301,-0.9031,-1.7872,-2.7482,-3.9016,-2.9939,-3.3468,-5.9791,-5.7603,-6.3010,-8.8830,-7.7560,-7.4620,-4.0872,-2.5758,-0.5392,0.3663,0.7765,2.2024,2.7226,3.6266,4.4437,4.8963,6.7136,7.0364,6.8179,5.5348,5.8215,6.1723,3.7622,3.1791,2.1359,1.8371,1.8045,2.0847,1.8429,1.1811,0.7292,0.6925,1.1956,1.1342,0.4579,0.6580
2.3044,2.8075,2.4393,2.4536,2.0607,1.9235,1.7374,1.6318,1.5955,1.6251,1.7447,1.6021,1.3698,0.4837,0.8221,1.9965,2.6482,2.6238,1.5819,-0.2206,-0.6642,-0.2145,0.3044,1.0574,0.2779,0.7179,0.1759,-0.1876,-0.3828,-1.1338,-0.3888,-0.3943,0.6770,-2.5648,-3.2301,-5.1835,-7.7849,-7.5277,-7.1522,-8.4683,-7.5213,-8.4415,-4.7284,-2.6106,-0.1796,0.2432,1.2699,1.8146,2.9700,4.1180,5.0487,6.5235,7.7089,5.3365,5.0839,4.3327,4.5816,6.2199,3.5058,2.3486,1.8187,2.4297,2.3749,2.3394,2.4366,1.6506,1.3509,1.3521,1.4615,1.3030,0.3088,0.5115
2.2712,2.7691,2.7139,2.6191,2.1300,1.9146,1.6167,1.5980,1.5762,1.6783,1.7537,1.6968,1.3384,0.7764,1.2073,2.3604,2.8034,2.7555,1.3888,-0.3877,-0.6376,-0.3881,-0.0535,0.5557,0.3399,0.8177,0.8532,0.6898,0.5744,-0.0008,0.0163,-0.8090,1.1541,-1.8268,-5.1665,-7.4322,-7.9816,-6.5745,-6.8016,-6.4019,-5.4107,-5.2643,-4.3817,-2.7529,-0.0104,0.1460,1.6031,1.9726,2.7522,3.3607,3.1606,4.4851,3.8140,2.6901,4.0513,3.8127,4.8650,8.8394,5.5665,1.5639,1.2604,1.0862,2.4365,2.2855,2.4256,2.8177,2.0717,1.6912,1.4683,1.3816,0.6454,0.7620
2.1774,2.7718,2.8304,2.6980,2.2416,1.8969,1.5753,1.5560,1.7334,1.7378,1.7762,1.6098,1.2644,0.9936,1.5111,2.6507,2.8823,2.7689,1.1265,-0.4811,-0.7086,-0.4742,-0.0766,0.8003,0.5357,0.9246,1.2101,1.0589,0.8653,0.0203,0.9396,0.0861,0.7748,-1.3697,-7.0049,-7.6997,-7.8640,-7.0469,-4.9045,-4.6129,-3.3198,-2.4549,-3.3149,-2.2511,0.4075,-0.1074,1.6812,2.5128,2.1721,3.1759,4.1328,3.6797,3.4117,3.2451,3.8070,4.6984,5.7398,9.2093,7.1282,1.8367,1.2035,1.1927,1.0945,2.6665,2.5162,2.9815,2.5934,1.9702,1.7887,1.7093,1.2344,1.0728
2.3021,2.8470,2.6995,2.6220,2.1465,1.7906,1.5468,1.6029,1.7050,1.7254,1.7909,1.4460,1.1788,1.1094,1.7645,2.7611,2.9460,2.6818,0.8605,-0.5911,-0.7957,-0.5905,0.0382,0.5912,0.6353,0.9160,1.5936,2.3093,1.7546,1.3828,1.6854,0.4672,0.2524,-0.5021,-6.5856,-7.1589,-7.0259,-6.0920,-4.3711,-4.1082,-2.5705,-2.1731,-1.1730,-1.0464,-0.1867,0.7413,1.4967,2.2703,2.6572,2.5852,2.1694,1.7691,1.1524,1.1080,3.4823,4.7038,4.9461,7.1989,7.7273,1.7807,0.5869,0.1545,0.5476,0.8804,2.5990,2.6087,2.8081,2.1908,2.4458,2.1867,1.8572,1.6294
2.3088,2.7596,2.5998,2.4443,2.0345,1.7777,1.6164,1.6574,1.6743,1.7067,1.7619,1.3024,1.0379,1.2680,1.9169,2.7410,3.0048,2.6849,0.6018,-0.7896,-0.9703,-0.7611,0.2028,0.8243,0.7053,1.2225,2.1478,3.1640,2.1212,2.2131,2.9112,2.0547,1.5693,-1.2199,-5.6648,-5.5693,-5.3637,-5.8117,-4.3702,-4.0244,-1.8499,-0.2116,1.0182,1.8434,0.6791,0.9311,1.5497,1.2172,1.1327,1.6001,1.8447,1.4229,1.3857,1.9427,4.0083,5.1671,5.9400,6.7473,8.1383,4.5574,-0.6498,-0.9880,-0.8569,0.4816,1.0003,2.3765,2.5167,2.2691,2.6361,2.3616,1.7671,1.3737
2.1204,2.5559,2.3893,2.3494,1.9352,1.8538,1.6083,1.7327,1.6561,1.7834,1.7824,1.2472,0.9434,1.4194,2.0333,2.7113,2.9538,2.6725,0.4471,-0.8576,-0.9658,-0.7367,-0.0471,1.1269,0.6095,1.3246,2.7504,3.0604,2.6155,4.5855,4.8119,3.8194,1.4049,-2.8136,-3.4222,-4.5154,-4.3513,-5.2685,-4.6906,-3.5973,-1.8985,0.9028,1.9029,2.7218,2.4374,1.7651,1.6761,2.1471,2.2682,2.5032,2.5970,3.0902,3.5818,4.4395,5.6706,5.4755,6.5990,6.7885,7.2826,7.1422,1.9157,-2.5563,-2.5834,-0.5389,0.5977,1.1315,1.2997,2.0755,2.1481,2.3675,1.6719,1.3945
1.9320,2.3753,2.2385,2.0714,1.7582,1.6890,1.6117,1.6544,1.6488,1.7840,1.6336,1.0641,0.9090,1.4645,2.0214,2.7414,2.9658,2.6192,0.2718,-0.8678,-0.9857,-0.6478,0.1132,0.9742,0.5617,1.7882,3.0444,2.2547,4.5090,6.5185,5.8248,2.5783,-0.6397,-2.6536,-3.0012,-3.5200,-3.5938,-3.8848,-4.2639,-2.2704,-0.4422,1.4739,2.6643,2.2025,2.3296,2.3216,2.9686,3.1837,3.5607,3.8159,4.3517,4.2934,4.7282,4.0926,5.2450,4.6047,5.4183,5.8781,6.6108,6.9428,5.9101,-1.6427,-3.5627,-2.2618,-0.6730,0.0546,1.0349,1.5975,2.0089,2.8227,2.1106,2.0477
1.8517,2.3717,2.0821,2.0455,1.7662,1.6205,1.4836,1.6919,1.6409,1.7005,1.3584,0.9319,0.8919,1.4882,1.9043,2.5873,2.9026,2.4855,0.0442,-0.8079,-0.9766,-0.4783,-0.1179,0.7614,0.6532,2.3098,2.2324,3.9761,6.0089,7.7680,6.2514,-1.9250,-0.5696,-1.5355,-2.0580,-2.7957,-3.3245,-3.0515,-2.1283,-2.0788,0.7114,1.0158,1.7721,1.8037,2.3884,3.3390,4.1167,4.2977,4.4837,4.6427,4.9601,4.8550,4.5766,4.9542,5.2302,4.3225,4.9305,5.4777,6.4247,7.0270,6.1205,2.0230,-3.7737,-4.2374,-2.2916,-0.1485,1.1217,1.3216,1.6994,2.6236,2.0102,2.2932
1.8898,2.2181,1.9906,2.0126,1.9466,1.6554,1.5463,1.7138,1.6324,1.6078,1.1840,0.8273,0.8751,1.4627,1.8455,2.4317,2.8314,2.4113,-0.1699,-0.8839,-0.8582,-0.3527,-0.4036,0.8080,1.5985,2.6437,3.9574,6.1686,6.3568,7.3971,7.4196,-0.5940,-0.7641,-0.5932,-1.1813,-1.8904,-2.8675,-3.5390,-2.0628,0.4214,1.8381,0.7806,0.8817,1.7181,2.8513,4.1089,3.7758,4.1925,4.4865,4.8013,4.5424,4.4724,4.5553,4.9813,5.4929,4.9311,5.5916,5.8314,6.4507,6.5834,6.3610,4.4957,-1.9620,-4.0037,-3.4828,-1.4958,0.7962,1.3580,1.5111,2.2344,1.4612,1.7895
1.8487,2.0833,1.8278,2.0971,1.9319,1.6741,1.6494,1.7999,1.7118,1.6608,1.1283,0.8131,0.9766,1.4075,1.7881,2.3687,2.6814,2.1627,-0.4285,-0.8609,-0.8958,-0.3260,-0.4248,0.9407,1.5065,3.4899,5.5572,6.7415,6.3647,5.7225,6.4601,3.5127,-1.8284,-0.0594,-0.5553,-0.7467,-1.4283,-3.0114,-1.9795,-0.6637,2.7071,3.0598,2.0955,2.5323,3.2391,3.5866,3.7130,4.2509,3.5746,3.7980,4.0711,4.6882,5.5525,5.8268,6.1219,5.9379,6.3914,6.2957,6.4091,6.5588,6.0467,5.4197,2.2851,-2.5528,-2.4988,-1.2577,0.6489,1.8007,1.5914,2.1101,1.4913,1.0676
1.7731,2.0588,1.8440,1.9758,1.8834,1.7526,1.7235,1.7965,1.7846,1.7156,1.1096,0.8163,1.0240,1.3389,1.7275,2.1457,2.5241,1.9508,-0.7139,-0.8211,-0.8380,-0.3650,-0.4167,1.1119,2.2766,3.9967,6.6955,6.4982,4.9888,4.5054,5.7965,4.9115,-1.7129,0.1663,-0.6289,-0.6424,-1.2648,-2.2600,-2.1266,-1.0248,-0.5205,2.5301,3.3763,4.1757,4.8193,4.3629,4.3066,4.4294,4.5868,4.2234,4.7670,4.7877,5.8154,6.5084,6.9288,6.6966,6.7524,6.4733,6.5373,6.3468,5.8203,5.2123,4.3435,2.5652,1.2844,1.4437,1.4582,1.5791,1.5512,2.0935,1.4554,0.8444
1.7199,1.9859,1.8144,1.9505,1.9064,1.7271,1.6196,1.6886,1.6763,1.6930,1.1864,0.9034,0.8756,1.2722,1.6567,1.9984,2.3926,1.6693,-0.9133,-0.8739,-0.6789,-0.2267,-0.3991,1.4235,2.3725,4.5150,5.3820,5.4686,3.8630,4.0456,5.2578,2.7727,-1.0564,0.1527,-0.4724,-0.8527,-1.3146,-2.1874,-2.0656,-1.3360,-1.8636,0.3466,2.0967,4.2797,5.2531,5.0044,4.8895,4.4805,4.9932,5.0294,5.0611,5.5819,6.6023,7.3591,7.7771,7.7445,7.2991,6.8967,6.6148,6.1915,5.9482,5.4593,5.0163,4.6244,3.5223,2.8189,2.3775,1.9303,1.6019,2.0427,1.6508,0.9345
1.5523,1.8407,1.7067,1.9268,1.8307,1.7719,1.5725,1.4684,1.5637,1.6864,1.3309,1.0533,0.8772,1.3716,1.5748,1.9462,2.3484,1.5789,-1.0524,-0.8659,-0.4244,-0.1286,-0.2174,1.1465,3.0058,3.3909,4.6556,3.8863,3.1675,3.9119,5.0193,-1.3966,-1.8892,-1.0252,-1.1253,-1.6699,-1.4406,-2.5276,-2.3368,-1.4696,-0.8724,1.9412,4.3983,5.8534,6.0012,5.2953,5.0234,5.0602,5.1053,5.4569,5.6328,6.2211,7.1586,7.8464,8.5545,8.8426,8.7706,7.7992,6.7928,6.0760,5.8730,5.5888,5.2542,5.1307,4.8088,4.3070,3.5659,2.5652,2.0261,2.1845,1.7649,0.9689
1.4921,1.7599,1.6137,1.8178,1.8439,1.7145,1.3499,1.2454,1.3757,1.6794,1.6043,1.3034,1.0841,1.5686,1.7666,1.9835,2.3122,1.5500,-1.1272,-0.9291,-0.1825,-0.0015,0.0163,2.2150,2.8613,3.1409,4.0637,2.2392,3.3869,4.9941,6.6635,5.1753,0.3174,-0.7037,-1.7624,-2.4566,-2.8508,-3.6224,-2.3063,-0.5898,0.4821,2.1786,5.8599,7.8644,8.1382,7.3292,6.5926,5.6447,5.2700,4.8372,4.9350,5.2890,5.9680,6.7737,7.4914,8.0794,8.6535,9.0317,8.2951,7.0517,6.1834,5.8523,5.1959,5.2517,5.7602,5.3617,4.9133,3.6543,2.6594,2.3951,1.8571,1.0150
1.3482,1.5386,1.4624,1.6441,1.6786,1.4825,1.2080,1.1070,1.3581,1.6712,1.6635,1.5497,1.3771,1.7820,1.7871,1.9289,2.2876,1.4718,-1.1407,-0.9955,-0.1157,0.0743,0.9492,2.5046,3.1433,3.1789,3.0182,1.9763,4.6362,6.8476,8.4782,8.5244,7.4632,6.3841,2.4741,-0.8527,-2.5739,-3.0735,-1.7974,-0.1557,1.3442,2.7030,5.1027,6.6847,6.7917,6.2035,5.5288,4.5851,4.1329,3.2302,2.8036,3.3308,3.8946,4.7595,5.2969,6.4915,7.4296,8.5328,9.0052,8.6218,6.4978,5.9440,5.3574,5.3314,5.8154,6.2297,5.9302,4.4839,3.2449,2.8030,2.1897,1.3224
1.2194,1.4113,1.4142,1.4887,1.5995,1.5213,1.2513,1.1630,1.4255,1.6371,1.6044,1.5068,1.6035,2.0135,1.9859,2.0598,2.1857,1.4573,-1.0934,-0.9820,-0.2351,-0.1391,1.1063,2.2677,3.0395,2.8102,2.5975,2.8694,7.3810,7.7683,8.8835,9.7513,9.0852,7.4719,5.6543,2.4253,-2.2322,-2.7280,-1.5203,-0.6005,0.4249,2.7885,5.1231,6.7730,6.8189,6.0664,5.1559,4.4611,3.4153,2.3707,1.9551,2.1038,2.7765,3.5198,4.0311,4.7247,5.9197,7.1353,7.8744,8.3957,8.1575,6.5778,5.6196,4.9371,5.2401,6.8473,6.9559,6.2986,4.6224,3.4372,2.6756,1.7692
1.0163,1.2995,1.3866,1.5957,1.6070,1.5722,1.5791,1.4923,1.6694,1.6647,1.6071,1.5150,1.8245,2.0883,2.0736,2.1298,2.1918,1.5134,-1.0246,-1.0970,-0.2354,0.0997,0.8302,1.8767,2.4338,2.6132,1.8896,3.1501,6.5551,7.1875,8.2323,9.9780,10.9189,9.0331,5.7376,3.1612,-2.3811,-1.5106,-1.6277,-0.7978,1.2486,2.4089,4.3888,6.5481,7.0933,6.5503,5.3469,4.4081,3.4595,2.6825,2.1318,1.9152,2.1433,2.4594,2.6032,3.1389,3.9827,5.1938,6.5312,7.4091,7.7522,7.7493,6.3486,4.8336,4.8243,5.7748,6.6997,6.1901,4.9708,3.7229,3.0247,2.1420
0.8277,1.3737,1.6152,1.7067,1.8633,1.9134,1.7177,1.7615,1.8659,1.7335,1.5756,1.5064,1.9154,2.1770,2.1750,2.3081,2.2102,1.7567,-0.7527,-1.1218,-0.5336,0.1601,0.4311,1.2042,1.7336,2.1228,1.2680,2.2628,5.7022,6.1137,7.1628,8.5753,8.5127,7.1786,5.3993,4.1923,0.7474,-0.1574,-0.2822,-1.1268,0.7597,1.8883,2.9313,5.2263,6.0272,6.0976,5.6647,4.8527,4.5131,3.7527,2.7288,2.0355,1.8116,1.8556,1.9914,2.4484,3.5403,4.7202,5.4878,6.4926,6.7927,7.0069,7.1181,6.1797,5.3073,5.2407,5.5373,5.4102,5.3179,4.6364,3.2006,2.1414
0.9134,1.4913,1.4699,1.6268,1.8384,2.0013,1.8813,1.9912,2.0394,1.8453,1.4345,1.4640,1.9841,2.2585,2.2980,2.3406,2.2593,1.9253,-0.4073,-1.2362,-0.8638,-0.5204,-0.4115,0.6947,0.8028,0.9456,-0.3019,1.5343,3.7368,4.0638,5.0089,4.4670,5.4075,5.7764,5.9037,5.6043,4.2741,0.2779,0.0892,-0.4537,-0.4975,0.2411,1.2994,3.3429,4.6959,5.3391,5.6215,5.3445,5.2760,4.7684,3.9776,3.3365,2.5619,2.1935,2.0186,2.1258,3.5040,4.9026,4.9551,5.4113,5.9014,6.3352,6.2898,6.5048,6.1715,5.1197,5.0557,5.0025,4.9261,5.2397,3.9640,1.9517
1.0386,1.4460,1.4435,1.6497,1.7263,1.9751,1.9730,2.2454,2.1831,1.8409,1.4935,1.3653,2.0237,2.2907,2.2520,2.4024,2.3985,2.0713,0.0446,-1.4237,-1.1852,-0.9492,-0.7252,-0.7143,0.3154,0.1277,-0.7632,0.5570,2.4978,3.4746,2.0459,2.0558,3.9698,4.7319,4.7964,4.6325,5.5256,4.1306,2.9095,2.0688,0.9291,1.0537,1.2039,1.8441,2.9584,3.8906,4.9597,5.3588,6.2906,6.3582,6.0513,5.0493,4.1779,3.1987,2.7474,2.5635,3.5541,4.8362,5.5415,5.6090,5.6762,5.7890,6.1891,6.1330,5.9043,5.7214,5.6358,5.0965,4.8756,6.0445,6.1264,3.1954
1.0010,1.4332,1.5041,1.6979,1.7628,1.8954,2.0005,2.2612,2.1122,1.7645,1.5172,1.4587,2.1131,2.2818,2.3562,2.4452,2.4424,2.1809,0.4557,-1.4406,-1.1702,-0.7567,-0.9522,-1.0823,-0.1597,-0.7550,-1.3442,-0.1317,2.1851,3.1027,0.3803,2.4772,4.4617,5.3382,6.1452,4.7403,4.2349,5.8045,6.0313,5.4224,3.3926,2.4900,1.5834,1.1544,1.2679,2.2905,3.5797,4.8893,6.2491,7.0173,6.8449,6.3240,5.8802,4.8900,4.4499,4.1379,4.5153,5.3145,5.6505,6.1029,5.8249,6.0052,6.4859,6.3324,5.7398,5.7185,5.3778,5.1753,4.9155,6.2397,7.0250,4.3718
0.9997,1.4303,1.4721,1.6642,1.8136,2.0396,2.1589,2.3683,2.1978,1.7889,1.5686,1.4715,2.1329,2.2263,2.3190,2.5481,2.4731,2.2581,0.9036,-1.3183,-1.2382,-0.3480,-0.8421,-1.2194,-1.8492,-0.5085,-1.0842,-0.8051,1.7866,1.6677,-0.0515,1.4279,2.0416,3.0298,3.6217,3.0720,3.1309,2.6413,2.9762,3.7079,3.6293,3.2362,3.0870,2.3282,0.6148,0.4001,1.8888,3.7663,6.1749,8.2370,8.9338,8.8902,8.6790,7.1446,6.1554,5.3204,5.3180,5.9818,6.2326,6.2928,6.2502,6.2555,6.5113,6.4860,6.4761,6.3751,5.4026,5.2244,5.3519,7.1772,7.7372,4.8210
0.9960,1.4296,1.5399,1.7132,1.8907,2.2030,2.4887,2.5876,2.3552,2.0307,1.7282,1.5874,1.9353,2.1571,2.3109,2.5027,2.3848,2.3716,1.2623,-1.0246,-1.3111,-0.6589,-0.1612,-1.1576,-1.4158,-0.2530,-0.2123,-0.0830,1.4163,1.0745,1.1625,0.9849,1.6250,1.6214,1.4450,0.3016,0.2744,0.3366,-0.4487,-0.8726,-0.9307,-0.5993,-0.0282,1.3026,1.2722,0.6403,1.0973,2.4169,4.4009,6.7827,8.7323,9.7797,10.4198,10.3088,9.1970,8.0745,7.4564,7.4318,7.5666,7.4805,7.1827,6.6559,6.1275,5.9144,6.3356,6.5734,6.0277,5.1778,5.3600,7.3347,8.7077,6.1110
1.0067,1.5180,1.5261,1.7238,1.9951,2.4018,2.6295,2.7722,2.6059,2.2273,1.8129,1.5309,1.7727,1.8490,2.0026,2.4073,2.2560,2.3565,1.4095,-0.9605,-1.3279,-1.0226,-0.5035,-1.3891,-2.9591,0.0699,0.2541,0.4943,0.4994,1.2624,1.0105,0.6904,-0.0727,-0.1208,-1.2969,-1.9715,-1.1540,-0.8277,-3.0463,-2.0624,-2.1588,-1.5890,-2.6857,-1.5475,-1.6815,-2.1702,-2.1178,-0.9523,0.8439,2.9234,5.2122,7.1231,9.0592,11.2220,11.0738,10.4909,9.8797,9.4079,9.2579,8.8016,8.3202,7.5016,6.7939,5.9795,6.3642,7.3288,7.7751,6.0296,5.5407,7.1487,8.7266,7.2804
1.1122,1.5239,1.6642,1.8503,2.1210,2.5166,2.7468,2.8873,2.7765,2.4851,1.9229,1.5772,1.5931,1.5476,1.7234,2.2876,2.2041,2.3390,1.4384,-0.8736,-1.4142,-1.1235,-0.7899,-1.8590,-3.3196,-1.6550,0.8539,0.7860,-0.1649,0.0871,0.7555,0.1750,-0.2562,-0.9303,-1.2497,-1.6150,-0.8282,-2.0378,-5.1250,-3.6686,-3.3217,-2.5545,-3.1948,-3.3773,-3.7955,-4.0868,-3.4487,-2.5113,-1.1707,0.5603,3.1450,5.8386,6.7600,9.6209,11.8939,11.6724,11.0945,10.6644,10.6491,10.4049,9.9127,8.6287,7.5238,6.8985,6.9743,7.7305,8.0243,7.9945,7.1413,7.7842,8.4600,8.2211
1.1260,1.5809,1.7770,1.9443,2.2595,2.6893,2.9471,3.0829,3.0114,2.6452,2.0792,1.7199,1.5056,1.4438,1.6787,2.2882,2.3180,2.3934,1.3870,-0.6663,-1.3475,-1.2736,-1.3190,-3.1129,-4.3571,-4.0566,0.2035,1.0934,-1.0587,-0.9020,-1.5075,-1.0713,-0.8563,-0.9807,-0.8755,-1.2025,-1.5271,-2.1537,-6.0642,-3.9696,-3.4191,-3.4299,-2.8632,-3.0425,-3.3878,-3.9249,-2.9263,-2.3979,-1.3989,0.2083,2.0697,5.3789,5.5200,7.9864,11.1083,10.9145,10.6295,11.0077,11.2184,11.1264,11.1507,10.0310,8.8998,8.3069,8.3980,9.0862,9.2998,8.8372,8.4262,8.6780,8.7554,8.3110
1.2314,1.6021,1.8909,2.0401,2.3620,2.8056,3.0599,3.2107,3.1651,2.7956,2.2913,1.8877,1.5767,1.3681,1.5411,2.4280,2.6010,2.5976,1.3076,-0.5218,-1.4283,-1.6418,-2.4844,-4.4838,-5.3327,-4.9376,-0.5905,0.7929,-2.2997,-1.8888,-1.9336,-0.9593,-1.2109,-1.2599,-1.6327,-1.5274,-2.0007,-2.8655,-6.9113,-5.3821,-4.6795,-4.3239,-3.3072,-2.9876,-3.7224,-3.4607,-2.6010,-1.4616,-0.1991,1.2898,2.1809,4.6725,7.1416,8.2607,9.4285,9.8550,10.2467,11.2531,11.7217,11.7262,11.9382,11.1986,10.0810,9.5493,9.3582,9.4121,10.6705,10.2420,9.1044,9.8291,9.5266,8.4895
1.3312,1.7083,1.9232,2.0780,2.3589,2.8231,3.0787,3.2451,3.1939,2.7550,2.3928,1.9026,1.4972,1.2187,1.4420,2.4151,2.7942,2.6833,1.3614,-0.5560,-1.6271,-2.0985,-3.4386,-5.3103,-5.9014,-5.1473,-1.0940,0.4537,-2.1653,-2.4923,-2.2555,-1.8752,-1.8083,-1.9962,-2.9221,-2.4310,-2.2539,-4.0210,-7.5968,-6.5756,-6.2961,-5.2049,-3.7886,-3.0673,-3.2152,-3.2661,-2.7927,-1.3587,0.5111,2.6085,3.8579,4.3719,6.3379,7.7883,8.6748,9.1400,9.4131,10.2634,11.0473,11.2629,11.5720,11.5922,11.3865,11.3509,10.5025,10.6585,11.3439,11.8615,10.8087,10.9342,10.9697,9.4123
1.4580,1.7694,2.0493,2.1699,2.4470,2.7803,3.1050,3.1921,3.1425,2.6360,2.3415,1.8335,1.3464,1.0554,1.3052,2.3454,2.8865,2.8395,1.4400,-0.5563,-1.8123,-2.4110,-3.7813,-5.5940,-6.0370,-5.3628,-0.7323,-0.1066,-1.4721,-2.2020,-2.6912,-2.3907,-3.6998,-3.8036,-3.6572,-3.4480,-3.5555,-5.1095,-7.0426,-6.9243,-6.5300,-5.2889,-3.2360,-2.5195,-2.5485,-3.0190,-2.5525,-0.7686,1.1550,2.9951,4.2866,4.9666,6.0837,8.0129,9.1428,9.0117,8.8683,9.1403,9.5660,10.0339,10.8620,11.3708,11.5807,12.2365,12.0363,11.7550,11.3756,13.0471,12.1667,11.4120,11.3649,10.6186
1.4998,1.7869,2.1573,2.2819,2.4528,2.7355,3.0032,3.0233,3.0171,2.5157,2.2472,1.7496,1.3005,0.9195,1.3921,2.2352,2.9484,2.9276,1.6349,-0.7063,-1.6138,-2.2492,-3.5381,-4.7597,-5.4349,-4.6156,-1.4473,-0.3525,-0.5126,-2.2535,-3.5882,-3.4759,-4.5232,-4.8667,-5.3505,-4.8850,-4.8296,-6.2059,-7.3498,-6.5760,-6.0598,-4.3178,-3.4430,-2.9207,-2.4067,-2.6153,-1.1688,0.0080,0.8651,2.1121,3.2707,4.3816,5.3810,7.8463,8.6859,8.8172,9.2582,9.2579,9.7817,10.1908,11.1234,11.5935,12.0448,12.7023,13.1709,12.2567,12.2306,12.1951,12.4977,11.8058,11.1958,10.7775
1.5431,1.7392,2.2077,2.3646,2.4578,2.6394,2.8216,2.9068,2.9005,2.4257,2.1171,1.7433,1.3634,1.1250,1.5454,2.2692,3.2495,3.1157,1.6428,-1.0281,-1.4687,-1.6872,-2.6958,-3.6304,-3.9343,-2.8665,-0.6850,0.0689,-1.5777,-3.1363,-3.6219,-3.9530,-5.0501,-5.5125,-6.5799,-6.3756,-6.3352,-7.1584,-7.3249,-6.5692,-6.1482,-5.0482,-3.7242,-2.7647,-2.1159,-1.4098,-0.2628,-0.1856,0.1083,1.3597,2.1657,3.1619,5.0377,6.9956,7.5870,8.0819,8.3605,9.2541,10.0940,10.6829,11.3962,11.7002,11.9841,12.5083,12.4675,12.9330,11.6451,11.1970,11.1756,11.8397,10.6608,9.4614
1.4922,1.6705,2.3601,2.6403,2.7980,2.8842,3.0586,3.1010,3.0978,2.6400,2.1571,1.7454,1.5716,1.7006,2.1920,2.7372,3.5810,3.4691,1.6089,-1.0525,-1.1040,-0.8557,-1.4257,-2.0735,-2.5464,-1.3405,-0.7035,-0.3341,-2.6699,-4.0215,-4.1263,-5.1001,-5.8667,-5.9988,-6.4403,-6.2387,-6.5938,-6.9072,-7.0932,-7.1319,-6.8743,-5.3556,-4.0217,-2.5009,-1.9632,-0.9222,-1.4291,-1.0665,-0.7463,0.2641,0.9443,1.8170,2.9410,3.9740,5.5574,6.3763,7.4013,8.3079,8.9218,9.8488,10.8755,11.4042,11.6088,11.7624,11.6740,10.7802,9.5737,9.6701,10.1627,10.9883,10.5450,8.0765
1.4899,1.7857,2.5864,2.7813,2.7524,2.7409,2.8620,3.1570,3.2013,2.7170,2.0837,1.7477,1.8176,2.2298,2.8610,3.5545,3.8774,3.5809,1.3482,-0.9476,-0.6729,-0.1890,-0.3999,-0.7197,-1.1291,-0.1655,-0.3051,-1.4076,-2.7265,-3.0948,-3.1662,-4.5863,-5.9122,-6.5463,-6.0392,-6.4653,-6.9671,-7.4086,-8.1470,-7.6715,-6.3866,-5.3824,-4.5799,-3.1669,-2.0135,-1.5740,-1.9377,-1.0395,-0.8225,-0.8262,-0.1836,-0.1644,-0.2138,0.3957,2.1459,4.3720,5.6749,6.5518,7.1451,7.9922,8.8037,9.3298,10.4710,11.5175,11.0913,8.6445,8.2838,8.6050,9.4596,10.4252,10.0746,8.1234
1.5536,2.1142,2.2148,2.4204,2.3825,2.4753,2.6469,3.0629,3.1040,2.5202,2.0355,1.5903,1.6572,2.3295,2.9986,3.7486,3.8115,3.2826,0.6351,-0.7448,-0.1044,0.3301,0.3346,0.6372,0.5397,0.8068,0.7782,-1.1922,-1.2699,-0.9823,-1.0888,-3.1253,-4.7536,-5.5138,-4.8561,-5.4937,-6.7865,-7.3761,-7.7280,-7.6363,-5.9930,-3.9923,-2.7610,-2.0974,-1.7154,-1.2919,-0.6261,0.1636,-0.2169,-0.1418,0.4271,0.2782,-0.9573,-1.6878,-0.6498,1.0030,2.1240,2.6838,3.2540,4.5661,6.2435,8.4246,10.4146,10.7740,10.0411,8.1350,7.6953,8.2230,9.2130,10.0758,9.8524,8.5382
1.8818,2.1625,2.4138,2.6076,2.3710,2.4066,2.5142,2.9118,3.1109,2.9391,2.5881,2.3829,2.5783,3.2712,3.8923,4.2229,4.1277,3.0300,0.2470,-0.4393,0.0622,0.0719,0.8242,1.2204,1.1250,1.4735,2.6963,-0.4044,-0.3786,-0.3698,-0.1232,-1.6194,-2.8208,-4.8969,-3.6371,-4.9727,-5.5831,-4.9760,-5.8291,-5.7373,-4.3833,-2.1611,-0.9360,-0.3490,0.3836,0.2959,2.1470,-0.0781,-0.2049,0.7081,1.0680,0.7003,-1.1455,-2.7812,-3.2337,-2.4904,-1.5613,-0.3138,0.8452,2.4160,4.0372,6.3336,7.9881,8.9274,8.0267,8.2254,6.8710,7.7678,8.8049,8.4606,7.8402,6.4684
