0.3359,0.1316,0.6155,0.8306,0.7038,0.5040,0.6805,1.0350,1.3094,1.2462,0.9160,0.4413,0.0570,0.2345,0.9735,1.3327,1.2840,1.0891,1.0085,0.7108,0.3062,0.0142,-0.1342,-0.2464,-0.3480,-0.0199,-0.1059,-0.0706,-0.2674,-0.2642,0.4102,1.0073,1.4245,2.3904,1.9546,0.3840,-3.6316,-4.2533,-3.3731,-3.7390,-4.4952,-3.5507,-0.7707,-0.3667,1.1843,2.0522,1.6084,1.8323,2.4521,-0.5225,-1.1281,-2.1377,-1.5378,-0.8288,-0.7038,-0.8407,-0.7750,-1.0264,-2.7482,0.1528,1.2238,0.4799,0.3888,0.6343,0.0121,0.9932,0.5279,0.3777,-0.0441,1.1248,1.9299,0.8741
0.2422,-0.1986,-0.1333,-0.2308,-0.5305,-0.7480,-0.6518,-0.0158,0.3528,0.5282,0.4205,0.0129,-0.5800,-0.7110,-0.0912,0.4848,0.5073,0.6433,0.8877,0.8598,0.5570,0.2115,-0.2312,-0.7374,-0.7901,-0.6132,-0.5976,-0.3358,-0.2732,-0.2635,0.3238,0.7046,0.9385,1.4689,1.5531,-0.4720,-3.0389,-1.1278,-1.6994,-1.9259,-3.0533,-1.8158,-1.8842,-1.7321,-0.1952,0.6998,-0.5252,-0.3634,0.9121,-0.9656,0.0105,0.1633,-0.3613,-0.8084,-0.5233,-0.0887,-0.9990,-2.2132,-1.6329,1.1752,1.5297,0.3457,0.5077,1.2417,0.3259,1.2767,1.2115,1.3230,1.0299,2.2298,2.7388,3.1198
0.5521,0.1894,0.2416,-0.0513,-0.4139,-0.6099,-0.5067,-0.0421,0.4796,0.7913,0.8689,0.6183,0.1600,-0.2174,-0.0762,0.4559,0.4377,0.8015,1.2049,1.3566,1.2782,1.0485,0.5969,0.0427,-0.2009,-0.1934,-0.1398,0.1383,0.1508,0.3616,0.8799,1.3125,1.9660,1.4961,0.5986,-0.3459,-1.5937,0.4664,-0.6855,-1.4677,-1.8080,-1.6168,-3.5829,-2.1074,-0.1287,0.0730,0.2385,-3.1471,-1.5829,-1.2084,-0.2857,0.3364,-0.2160,-0.8048,-0.4578,0.8354,-0.3658,0.5468,0.5848,0.8536,0.0322,-0.9133,-0.4604,0.7176,-0.1257,0.3977,1.3359,1.4169,1.1051,1.6223,1.3903,3.4632
0.4574,0.0202,0.0221,-0.0780,-0.2847,-0.3292,-0.4135,-0.1939,0.3303,0.6176,0.8007,0.8697,0.5002,0.0426,-0.2146,-0.0747,-0.0074,0.3687,0.8874,1.1468,1.2120,1.1634,0.9379,0.3791,0.1064,-0.1318,0.0179,0.3062,0.1917,0.5157,0.7992,1.4815,2.3421,2.4254,0.5897,2.1123,0.2445,0.5673,-0.7819,-0.5989,-0.1127,-2.1173,-2.7310,-1.0667,0.2213,0.2816,0.2164,-1.8233,-2.0247,-2.3814,-1.4347,-0.1121,-1.0732,-1.3880,-0.1077,-0.0913,-1.4900,-0.0337,0.1971,-0.4606,-1.3188,-1.0378,-0.8990,0.1868,-0.4263,0.1802,0.7307,0.5627,0.5740,0.7951,0.4017,4.2839
0.1204,-0.4161,-0.3172,-0.1118,0.1415,0.2281,0.0326,-0.0512,0.2884,0.4970,0.6563,0.9856,0.7920,0.3781,-0.2309,-0.3114,-0.1515,0.1698,0.5317,0.8526,1.0469,1.2061,1.1706,0.7436,0.4135,0.1715,0.1965,0.3610,0.4745,0.5562,0.9581,1.7286,3.0337,1.2649,0.7744,1.7641,1.0269,-0.8425,-2.1659,-1.0559,0.0396,-1.7187,-2.2165,-0.3427,0.6422,0.0431,0.1004,-0.2100,-0.7049,-0.9834,-0.9634,-0.0093,-1.4417,-1.9681,-1.0551,-0.4120,-2.1102,-2.1351,-0.3733,-0.1561,-0.8531,-0.6217,-0.5358,0.6762,1.5151,0.2328,-0.2835,0.1135,0.0519,0.4609,1.1991,4.0507
-0.2147,-0.6414,-0.3891,0.1703,0.6746,0.7978,0.5635,0.3370,0.5179,0.4881,0.6343,0.9484,0.9655,0.5769,0.1168,-0.1785,-0.0378,0.1734,0.3402,0.4424,0.7913,1.1399,1.2419,0.9892,0.7128,0.3863,0.3778,0.4526,0.4785,0.5234,1.2902,2.0216,1.9690,1.0237,1.1297,0.9787,0.6277,-1.7761,-2.5800,-1.5903,-0.6628,-1.2642,-1.1207,0.0945,0.7554,0.0715,1.2886,1.0421,0.2309,-0.4521,-0.7683,1.0146,-0.8823,-2.0724,-0.9702,0.1918,-1.2571,-1.6455,-0.9422,1.0038,-0.4762,-1.1508,-1.7471,-1.3119,2.2919,0.4026,-0.2346,-0.0748,-0.5776,-0.0456,1.5237,3.4412
-0.1472,-0.4728,-0.1212,0.4506,1.0662,1.2499,1.0697,0.7289,0.7629,0.6077,0.6021,0.8642,0.8564,0.7624,0.5556,0.3503,0.2773,0.3088,0.1674,0.0667,0.4604,0.9825,1.1445,0.9741,0.7644,0.4347,0.4112,0.4353,0.4990,0.7165,1.3501,2.7154,1.5518,1.8335,1.5082,0.5593,-0.4178,-3.5464,-2.7891,-1.5609,-1.2333,-1.2301,-0.5955,0.4551,0.6254,0.3478,1.5501,1.2520,0.5669,0.2182,-0.1478,1.6547,-0.0710,-1.2125,0.0728,0.6305,-0.8707,-0.7576,-1.6161,-0.8245,-0.6360,0.4666,-1.6606,-1.3891,0.2861,-2.3905,-1.3455,0.2183,-0.5404,-0.1314,1.5897,2.2856
0.1124,-0.1246,0.3567,1.0294,1.5911,1.6645,1.4053,0.9997,1.0174,0.7733,0.5727,0.6907,0.7297,0.8492,0.9491,0.7576,0.6933,0.4735,0.0375,-0.2172,0.2106,0.8296,0.9587,0.8112,0.6112,0.4679,0.4039,0.4919,0.5081,1.0342,1.3513,0.1523,1.1588,1.5221,1.8119,1.9394,-1.0360,-2.4755,-1.4334,-1.6296,-1.5438,-1.2759,-0.3614,0.4456,0.5549,0.7057,1.9609,2.5322,-0.0178,0.7089,-0.5194,1.6084,-0.1764,0.0066,0.4255,0.4618,-1.6435,-1.7920,-1.8004,-2.8717,-1.5844,0.5295,-0.0625,-0.9534,-0.3545,-2.0790,-0.7688,-0.0897,-0.6092,-0.3721,1.2590,1.8826
0.6756,0.6015,1.2769,1.8039,2.0312,1.8113,1.4570,1.0023,1.0517,0.8142,0.5230,0.4890,0.6442,0.9371,1.2685,1.2792,1.1969,0.6780,0.0024,-0.3636,0.1327,0.7038,0.7809,0.5960,0.4802,0.3858,0.3879,0.5288,0.6269,1.1227,2.0426,0.2670,0.6811,0.9330,1.8181,2.6068,-0.8192,0.0211,0.2259,-1.0034,-1.5193,-1.7298,-0.2911,0.9241,1.0734,0.9657,1.7801,1.7076,-0.5551,0.0639,-1.5244,1.4331,1.0854,1.3636,0.7739,0.0717,-2.0419,-2.2530,-1.3067,-2.5433,-2.6097,0.0006,-0.0419,-0.4716,0.4785,-0.8544,-1.0219,-0.2365,-1.1076,-1.0713,0.2764,1.6588
1.4766,1.5339,2.0761,2.3466,2.1481,1.6972,1.2539,0.8836,0.9840,0.8556,0.4984,0.3171,0.4594,0.9921,1.4550,1.6628,1.5423,0.8841,0.1401,-0.3256,0.1972,0.7413,0.7381,0.4070,0.2952,0.3662,0.4872,0.5865,0.9368,0.8455,0.6588,-1.6466,-0.0103,1.1875,2.0314,2.9081,-0.8267,0.0246,0.1380,-2.0227,-1.4806,-1.0085,0.5968,1.5979,1.4673,0.6485,1.1778,0.8517,-0.3715,0.9989,0.0904,2.0597,1.5158,2.1729,1.1455,-0.6460,-1.5182,-1.4114,0.8946,-0.2959,-2.1899,-0.2979,0.0392,1.9181,1.0897,-0.0784,-1.5272,-0.8391,-1.3448,-1.2262,-0.2168,1.1250
2.1968,2.0743,2.3288,2.0565,1.7617,1.3239,0.8973,0.6942,0.7376,0.7615,0.4898,0.2004,0.2642,0.6849,1.3111,1.7124,1.5895,1.0250,0.4244,-0.1443,0.3203,0.8554,0.7068,0.3384,0.2285,0.4483,0.5408,0.6892,1.0470,1.0130,-0.1294,-2.0525,0.1305,1.5838,2.4173,2.4288,-0.5483,0.2744,-1.3223,-2.2036,-0.4888,0.4119,1.6226,2.3542,1.7866,1.1650,1.0847,1.0549,-0.6430,1.9733,0.4704,0.9083,0.8583,1.0196,0.1302,-0.6761,-1.7831,-1.9579,-1.3949,-0.0324,-1.4758,0.1873,1.7220,1.8880,-1.0246,1.8731,-0.2316,-1.4136,-1.1614,-0.8396,-0.3540,0.5952
2.2772,1.7640,1.6772,1.3341,1.1484,0.9548,0.6111,0.5691,0.5511,0.5392,0.4263,0.1676,0.0587,0.3181,0.8446,1.3169,1.3897,1.0460,0.5685,-0.0150,0.4421,0.8712,0.6943,0.3349,0.2643,0.5176,0.5309,0.8681,0.6211,2.8719,-2.3409,-1.8985,0.8580,2.0351,2.6610,0.1266,-0.4618,0.0718,-1.3520,-1.1065,0.0758,1.0126,2.3276,2.1939,1.8888,1.1842,0.5210,-0.0827,-0.1023,-0.9875,-1.2620,-1.3100,1.7404,0.3176,-0.2467,-0.5565,-1.9344,-0.6181,-1.1715,-2.6618,-1.6358,0.0623,1.7637,-0.1916,-0.3889,1.7941,0.9166,-1.0172,-0.7217,-0.4753,0.0420,0.2781
1.7520,0.9576,0.8362,0.7058,0.6751,0.6701,0.4338,0.4209,0.4277,0.3647,0.2671,0.0318,-0.0503,-0.0030,0.4208,0.8421,1.0499,0.9715,0.5992,0.1282,0.4856,0.8622,0.7231,0.4761,0.4088,0.5471,0.5824,0.8882,0.7972,-1.3154,-1.6553,-0.9654,1.5037,2.2411,2.4206,0.2584,1.2487,0.7720,-0.9966,-1.1506,0.0470,1.2937,2.7036,2.1394,1.3220,1.0658,0.0577,-0.1302,-0.0029,-4.3466,-1.6715,0.3863,2.9435,2.1313,1.0817,-0.2772,-2.2144,-1.6270,-0.4122,-1.4023,-2.3787,-0.6352,1.2346,1.3789,1.1048,0.8688,0.7389,-0.6064,-0.1577,0.1343,0.0612,-0.0059
1.2470,0.3929,0.2794,0.2216,0.3720,0.5397,0.3617,0.3377,0.4056,0.3029,0.1124,-0.0642,-0.2415,-0.2058,0.0498,0.3003,0.6193,0.7665,0.4700,0.2402,0.5227,0.8726,0.8152,0.6502,0.6575,0.6359,0.6561,0.7902,1.2954,-1.3011,-0.4517,-0.6745,2.2524,2.3492,2.3647,1.5562,2.6256,1.1700,-1.5656,-1.9110,-0.1268,1.4154,2.3937,1.7854,0.8941,0.0914,-1.6917,-1.1761,-1.3224,-2.1995,-0.9661,0.6789,2.7648,1.5369,1.7626,1.2936,-0.7409,-1.6224,-1.0186,-1.0654,-2.9966,-0.1529,0.4330,-0.2010,-0.3494,0.2736,-0.1502,-2.2998,-0.5104,0.3891,0.8867,1.5340
0.9990,0.2037,0.1136,0.0464,0.2416,0.3778,0.3393,0.3700,0.4489,0.2923,0.0139,-0.0589,-0.2740,-0.2854,-0.2974,-0.2254,0.0256,0.4120,0.3273,0.2660,0.6501,0.9362,0.8883,0.8948,0.7983,0.7619,0.7648,0.6637,0.9074,-1.5266,-1.7823,-0.2647,1.8053,1.6105,2.8073,2.3558,2.4089,0.3197,-1.8430,-1.4907,0.2089,1.2953,1.7907,1.5677,0.2528,-1.0435,-2.0457,-0.5901,1.5308,0.1465,1.9552,0.4731,0.6021,1.2668,1.8506,1.9895,-0.5332,-1.0281,-1.3029,-2.0713,-2.3572,-0.6560,0.0920,-0.5038,-0.7129,-0.2390,-0.6313,-3.3116,-2.1251,-0.2035,1.7071,1.8428
0.9241,0.2796,0.3058,0.2054,0.2341,0.2838,0.3737,0.4004,0.4644,0.3656,0.0717,-0.0609,-0.2036,-0.2732,-0.4976,-0.6067,-0.4237,0.0973,0.2981,0.3956,0.7535,1.0712,1.0585,1.0327,0.9604,0.9974,0.9921,0.7538,1.0813,0.1464,-0.2815,1.0588,0.5642,-0.0236,3.4017,3.7270,1.1658,0.3565,-0.8301,-0.3119,0.8753,1.1077,1.8623,1.3661,0.3268,-0.8051,-0.7165,-1.2107,-1.3529,-1.9676,-0.0610,-0.5654,-0.1991,0.9231,1.0443,2.4312,-0.3661,-0.5040,-0.9501,-3.0517,-2.7604,-2.3124,-0.1518,-0.6224,-1.0769,-0.3587,0.2974,-2.5973,-3.1502,-1.5905,0.4246,0.8417
0.9162,0.5211,0.5636,0.5374,0.4571,0.4065,0.4442,0.4120,0.4676,0.3926,0.2280,-0.0601,-0.1552,-0.1621,-0.4656,-0.7125,-0.5362,0.0412,0.3244,0.4357,0.9455,1.1586,1.0651,1.0641,0.9984,1.1988,1.3063,1.0775,1.2464,0.1118,-0.4215,0.6599,-0.9048,0.9242,3.6320,3.6569,-0.4033,0.7373,0.8634,1.0268,1.4066,1.2220,1.3812,0.6269,-0.2342,-1.4809,0.4614,-1.5257,-0.9856,-2.6883,-2.0587,1.3784,1.1238,0.7202,1.6574,0.9042,0.0372,-0.1113,-1.1454,-2.3517,-2.0680,-2.0234,-1.1876,-1.2134,-0.9378,-0.0735,2.0651,-1.3692,-4.0384,-2.0952,-0.6268,0.5572
0.9462,0.6139,0.8267,0.8168,0.5893,0.5319,0.5502,0.4564,0.4632,0.4773,0.4027,-0.1293,-0.1037,0.0073,-0.3435,-0.5047,-0.3939,0.2224,0.3834,0.5891,1.0185,1.0884,0.9925,0.9909,0.9335,1.1678,1.4032,1.2720,1.0682,0.5185,0.3398,0.6868,0.2082,1.3288,2.4539,2.2756,-0.2218,0.7413,1.5750,0.6503,0.7338,1.2479,0.8491,0.2960,-0.7194,-1.5695,1.5264,-1.4814,-0.2913,-0.5577,-1.7309,2.2608,1.3009,0.7962,1.5436,2.2067,2.0126,0.7766,-1.1869,-2.0853,-1.1092,-0.7806,-1.2695,-0.9106,-0.9547,-0.4521,1.5832,-1.9119,-4.9802,-2.7727,-1.7448,-0.5008
0.7884,0.5025,0.6723,0.7675,0.5800,0.6427,0.6464,0.4864,0.3928,0.5068,0.4767,-0.1563,0.0070,0.2312,-0.0573,-0.1746,-0.1144,0.4673,0.5568,0.7087,0.9816,0.9507,0.8330,0.8023,0.6229,0.8473,1.0100,1.0049,0.5381,0.0437,1.3491,1.3436,2.0381,3.8853,3.3538,1.1848,0.3545,1.0907,0.8314,0.1824,1.2777,1.3862,0.7033,0.1509,-1.3311,0.4482,-0.4693,-2.7253,-0.9132,0.2420,-0.1495,2.6234,1.4326,0.5230,1.0721,-0.0129,2.8759,0.3486,-1.8944,-2.3070,-0.8515,-0.4237,0.4253,-0.1600,-0.7164,-0.7383,0.4519,-2.3646,-3.8051,-2.8126,-1.9175,-0.9365
0.3413,0.1347,0.3459,0.4870,0.4821,0.6546,0.7132,0.4707,0.4004,0.4933,0.4548,-0.1975,0.0971,0.4633,0.2561,0.2179,0.3482,0.6539,0.6761,0.7975,0.9253,0.8175,0.6456,0.5603,0.2918,0.4903,0.5630,0.9996,0.9313,1.2494,1.2797,1.1562,2.8257,3.3895,2.7107,2.5650,0.7817,0.9641,0.4674,0.8452,1.5102,0.5867,0.4983,0.1278,-1.5913,1.8783,-1.3073,-1.6977,0.7798,2.0917,1.4392,1.3860,1.1103,1.0288,0.1730,-0.7569,1.8608,0.6456,-1.6193,-2.0144,-0.7666,-0.2461,0.5427,0.2231,-0.0138,-0.0588,1.6093,1.7062,-1.1769,-1.9610,-1.7483,-1.7894
-0.3085,-0.6259,-0.2172,0.0784,0.3710,0.6064,0.6933,0.4644,0.3173,0.3860,0.3136,-0.1659,0.1985,0.7463,0.6464,0.6000,0.7491,0.7855,0.8109,0.8701,0.8824,0.7155,0.5721,0.3527,0.1613,0.2445,0.0819,0.9173,0.3988,-0.1003,-1.1864,-0.0161,0.8050,-0.3327,0.3051,-1.3038,-0.7179,0.5830,0.1322,0.8135,0.9654,0.9147,0.7884,0.3018,-1.3456,-3.1160,-2.3477,-1.6487,-1.7740,-0.2995,1.6277,0.8057,1.3860,1.4649,0.7742,-1.3323,0.4577,1.0703,-0.3460,-0.8880,-0.3870,-0.4418,0.3725,-0.4986,-0.5908,0.0862,2.8634,1.7360,-0.5283,-1.4885,-2.1273,-2.9839
-0.8919,-1.2035,-0.8221,-0.4077,0.1861,0.6135,0.6059,0.3420,0.2337,0.2240,0.0041,0.0192,0.4847,1.0334,0.9245,0.8425,0.8975,0.8934,0.9118,0.8820,0.7418,0.6175,0.4326,0.1833,0.2104,0.3199,0.2675,1.1264,1.0910,-0.5828,0.1930,1.8262,0.5568,-0.2202,-2.0049,-1.5141,2.6305,0.9931,0.0536,0.8897,1.0316,1.4503,1.2834,0.1263,-1.2760,-3.1431,-2.3829,-1.5228,-1.6709,-3.7954,-1.7464,-1.2543,1.0809,2.1074,1.3828,-0.9755,-0.3274,1.5723,0.3002,-0.3517,-0.3807,-0.1052,0.5789,-0.4966,0.3971,-0.7466,1.1955,-1.4373,-2.1006,-2.4083,-2.7287,-2.4115
-0.9192,-1.1400,-0.7767,-0.3312,0.2709,0.5169,0.3958,0.1740,0.0803,-0.0608,-0.1954,0.1677,0.9784,1.2108,1.0347,0.8982,0.9452,0.9766,0.9656,0.7434,0.5597,0.5125,0.2729,0.1105,0.2560,0.2489,0.3169,1.1928,1.8790,-0.0374,0.9805,0.7567,-1.8339,-0.3930,-2.0574,-2.2165,0.0907,-1.3734,0.0126,1.7380,1.6784,1.8639,1.4721,-0.7956,1.0257,-1.0979,-0.9923,-1.1783,0.1065,-2.4995,-3.2724,-2.9296,0.7944,2.2602,0.4643,-1.0450,-0.5793,0.4748,0.2247,0.0871,-0.1197,0.3162,0.6856,0.2766,2.2007,-0.7015,-0.2753,-2.8202,-2.6633,-1.3671,-1.7250,-1.8149
-0.4979,-0.5988,-0.0552,0.1495,0.4783,0.4205,0.1396,-0.1306,-0.1109,-0.3480,-0.2794,0.1295,0.9945,1.1379,0.9518,0.8833,1.0504,1.0535,0.9974,0.5439,0.4329,0.4743,0.1199,0.0782,0.2105,0.1894,0.1799,1.1365,1.6569,1.4716,1.3189,-0.0074,-2.4376,-1.4022,-2.3610,-6.5714,-4.4727,-1.6300,1.1858,2.6217,2.1378,1.8093,0.8883,-0.9812,-1.0623,-1.6478,-0.5782,-1.7296,-0.1562,-0.6956,-2.5352,-1.6859,1.3635,1.0031,-0.0395,-0.3117,-0.3277,0.4503,0.0446,-0.0663,-0.3772,0.5529,0.6979,0.2506,1.3973,-0.7105,-0.3354,-1.1038,-2.4839,-1.7343,-1.9901,-2.2456
-0.0616,-0.0941,0.5032,0.5688,0.5893,0.2916,-0.1031,-0.4547,-0.3733,-0.4097,-0.2691,0.1426,0.7453,0.8525,0.7971,0.9105,1.1170,1.1435,1.0286,0.4987,0.5063,0.5022,0.1070,0.0545,0.1566,0.0366,0.0687,0.7866,1.3597,1.8019,1.4262,0.1238,-2.0977,-2.0848,-2.4133,-4.9239,-3.5067,0.1913,2.3483,3.0802,2.4698,1.6457,-0.2452,-0.5310,-1.1948,-1.8318,-1.5529,-2.0239,-0.6034,-0.3198,-1.1234,-0.1450,1.8145,0.9415,0.4835,0.3755,-0.4969,-0.3036,-0.3278,-0.8850,-0.6440,0.7200,0.5656,0.0414,0.1589,1.7307,0.8239,0.9892,-1.5577,-1.4756,-1.2662,-2.1718
0.1211,0.0863,0.7139,0.6897,0.5775,0.1476,-0.3467,-0.5720,-0.3939,-0.3515,-0.0983,0.0461,0.3226,0.5540,0.6692,1.0136,1.0846,1.0407,0.9393,0.5879,0.6742,0.5912,0.1238,0.0898,0.0389,-0.0243,0.1711,0.8143,1.3341,1.5177,1.8453,1.5468,-0.0438,-0.3240,-1.6136,-1.3158,0.4732,2.4538,3.0594,3.0617,2.2391,0.5540,-0.9269,-0.1417,0.1981,-1.1929,-0.8851,-1.6491,-1.2081,-1.6193,-0.7818,1.0732,2.0473,2.2365,1.1218,0.3691,-0.9979,-0.9625,-0.9170,-1.6411,-0.8698,0.3108,0.0051,-0.5508,-0.4981,0.5888,1.4039,1.4080,-0.5851,-1.6007,0.0427,-0.7445
0.0843,0.0072,0.5076,0.4278,0.3627,-0.0862,-0.4172,-0.5320,-0.3648,-0.1951,-0.0612,-0.0618,0.0438,0.2475,0.5700,0.9121,0.8434,0.7700,0.8075,0.6949,0.8354,0.6101,0.1513,-0.1153,-0.1584,-0.2146,-0.1214,0.5810,0.5513,1.9703,2.3303,2.0126,1.7902,0.7103,1.2946,1.1848,1.5599,2.6136,2.8479,2.7534,1.7595,-0.1038,-0.2718,-1.2891,0.3206,-0.1603,-0.4198,-2.8777,-2.6511,-2.6218,-0.4648,1.9600,1.7975,1.4259,0.8660,-0.1058,-1.9668,-1.5103,-1.2004,-1.6049,-0.8139,-0.4933,-0.1104,-1.2095,-0.6049,0.1210,1.1011,1.2495,0.3691,-0.4189,-0.0284,-0.7581
0.0261,-0.2127,0.1346,0.0182,0.0159,-0.2850,-0.5206,-0.4650,-0.2280,0.0083,0.0196,-0.0661,-0.0791,0.0883,0.4463,0.6710,0.4613,0.4656,0.5894,0.7191,0.8950,0.5492,0.0179,-0.3623,-0.3317,-0.2341,-0.2667,0.8891,0.4403,1.2133,1.9006,1.8491,0.8853,1.4974,1.1380,0.8693,0.9614,1.9128,2.6593,2.5962,1.3180,-0.4095,-0.6783,-0.9206,0.5584,0.1305,0.1403,-2.3527,-2.7910,-2.3382,0.3111,2.3545,1.4899,0.7562,-0.1246,-0.9619,-2.6424,-1.5869,-1.4650,-0.5959,-0.1828,-0.1122,0.3012,-0.6409,-0.7020,-0.2813,0.5575,0.7441,0.9203,0.5038,-0.2037,-1.7017
-0.0250,-0.3721,-0.2102,-0.3593,-0.3198,-0.4479,-0.5207,-0.3887,-0.2214,-0.0048,0.1095,0.0566,-0.0129,0.1039,0.3082,0.3037,0.0590,0.3218,0.5479,0.6729,0.6942,0.2283,-0.4378,-0.6521,-0.5788,-0.5215,-0.3399,0.5525,0.6886,0.3442,0.5979,0.7196,0.3691,0.5660,1.2258,0.7794,0.5927,1.3703,2.2847,2.1851,1.0814,1.0755,0.1450,-0.2244,0.8537,0.2620,-0.3200,-0.8374,-2.6930,-1.1039,1.0232,2.6377,1.6319,-0.2935,-1.3186,-2.2431,-3.2402,-2.8465,-1.0166,0.0745,-0.2789,0.3077,0.6540,0.1134,0.6660,0.3327,0.1106,0.2963,2.1845,1.4984,0.2556,-2.6447
-0.0106,-0.4142,-0.3962,-0.5124,-0.4453,-0.3817,-0.4442,-0.3973,-0.2864,-0.0854,0.1988,0.3006,0.2555,0.2684,0.3076,0.0418,-0.0260,0.5011,0.5891,0.6521,0.4155,-0.1239,-0.8674,-0.8408,-0.7225,-0.2760,0.5593,1.5069,1.5956,0.7928,-0.1481,-0.8390,-0.9040,0.1366,0.8189,0.6023,0.2254,0.9934,1.6293,2.1028,1.0366,0.9769,0.6245,-0.3367,0.8635,0.2922,-0.3047,0.3579,-1.0279,-0.5467,2.4509,3.0879,1.3958,-1.3592,-2.7591,-3.9504,-2.1898,-3.1834,-1.0685,-0.2730,-1.2065,-1.3713,0.5365,0.7768,0.9566,0.4984,0.1447,0.2474,0.8558,1.8165,1.6419,-1.0093
0.0698,-0.3969,-0.4461,-0.4750,-0.4129,-0.2895,-0.3283,-0.4015,-0.3361,0.0213,0.4862,0.6066,0.5799,0.4406,0.4826,0.1206,0.2262,0.7758,0.7093,0.4878,0.1221,-0.4668,-1.0654,-0.8556,-0.6678,0.1691,1.4059,1.0121,1.3770,1.1601,0.5525,0.4963,0.6309,0.4803,0.3262,0.0920,0.3001,1.3074,1.4539,1.6751,0.4396,-0.4247,-1.6511,-0.7068,0.6344,0.4396,-0.4034,0.0451,-0.4838,-0.1922,2.4820,3.6500,1.3596,-0.9717,-2.6931,-3.7029,-3.5411,-2.5547,-1.9441,-2.2116,-2.2229,-2.4159,-0.3130,0.5612,0.8721,0.0969,-0.7485,-0.2725,-0.1071,1.6014,1.9662,-0.4224
0.1646,-0.3155,-0.3884,-0.4239,-0.3346,-0.1447,-0.2549,-0.2518,-0.1053,0.3654,0.7803,0.8332,0.6971,0.4578,0.5867,0.4719,0.7159,0.9686,0.5735,0.1448,-0.0968,-0.8319,-1.1278,-0.8079,-0.4278,0.8772,1.2864,1.6554,1.8099,2.1935,2.2047,1.9328,1.9235,1.3102,0.6924,0.3249,0.3388,1.1311,1.0277,0.8018,-0.0935,-0.6368,-1.5003,-0.5509,1.1751,1.3478,0.2871,-0.4113,-0.9387,-0.0665,2.8074,2.0337,0.4263,-0.1872,-2.1429,-3.5069,-2.7754,-2.5887,-2.9382,-2.5620,-2.0034,-1.1679,0.6774,0.7578,1.2162,0.4322,-0.6669,-0.2187,0.2425,0.2004,1.7098,-0.0674
0.2559,-0.1844,-0.2831,-0.3574,-0.1627,-0.0669,-0.1074,0.0083,0.3737,0.7790,1.0133,0.8251,0.5907,0.3301,0.7322,0.8030,1.1134,0.9243,0.4332,-0.1704,-0.5991,-1.1330,-0.9916,-0.6163,-0.6802,0.5440,1.3822,1.8897,2.5109,2.8608,2.7849,2.0703,0.8270,0.7283,0.5173,0.3545,0.1418,0.5804,-0.0038,0.2550,-0.5434,0.4369,0.2754,0.2061,1.0427,0.8972,0.3903,-0.7536,-2.4334,-2.7166,1.1704,1.8559,-0.7920,-1.1349,-1.5931,-1.7444,-2.6584,-3.4786,-3.3075,-2.2487,-1.4378,-0.6067,0.6593,0.4944,0.8397,0.0743,-0.4298,-0.1929,-0.0719,0.1368,0.5987,-0.1597
0.4046,-0.0363,-0.1829,-0.3226,-0.0216,-0.0026,0.1279,0.3459,0.9043,1.0537,0.9747,0.5889,0.2758,0.0816,0.9811,1.1569,1.3084,0.8528,0.1689,-0.4677,-1.0219,-1.2212,-0.7966,-0.5966,-0.6828,0.4400,0.8046,1.2507,1.7739,1.8323,2.0308,2.1956,1.3814,0.9654,0.9042,0.8878,0.6468,0.6915,-0.2874,-0.5840,-2.1011,-0.5217,0.2945,-0.0653,0.3482,0.5440,0.1682,-0.9270,-3.5648,-2.7879,-2.2729,1.0753,-0.8927,-1.5067,-2.3472,-1.9836,-2.0969,-2.6492,-2.7637,-2.5910,-1.9811,-1.5644,-0.4349,-0.3377,-0.1858,-0.9056,-0.9388,-0.9395,-0.6525,-0.3964,0.8891,-0.1536
0.5598,0.1572,-0.0201,-0.2080,0.0588,0.1226,0.4116,0.7820,1.2299,1.1047,0.8185,0.2836,0.1059,0.1552,1.1922,1.3074,1.2372,0.7918,0.0319,-0.4652,-1.2143,-1.0675,-0.7896,-0.7995,-0.2571,0.0843,0.6027,0.6732,0.4108,0.2814,0.3756,2.4350,1.2858,0.1657,0.5301,0.9826,0.7483,0.5070,-0.4171,-0.7026,-1.9600,-1.6466,-1.2508,0.0098,0.3120,1.0961,-0.1593,-0.5492,-5.7040,-7.0188,-5.8208,0.5050,-1.3808,-2.9907,-3.6200,-1.9768,-1.9427,-2.4405,-1.7263,-2.2905,-2.6060,-2.8080,-0.8671,-0.6682,-0.3724,-0.7472,-0.7317,-0.9326,-1.3031,-0.6265,0.9435,-0.2330
0.7789,0.4236,0.1954,-0.0048,0.2252,0.3110,0.6275,1.1111,1.2172,0.8823,0.3830,0.0060,0.1228,0.3864,1.3278,1.4372,1.1187,0.5479,-0.0627,-0.4657,-1.1482,-1.0460,-0.9420,-0.6006,0.5565,-0.3096,0.7508,0.3601,1.1235,1.1698,2.1349,1.4813,-0.7528,0.3619,0.8667,1.3300,0.8519,-0.1075,-1.0382,-1.1090,-2.0805,-1.1665,-1.1909,0.0025,0.5135,1.0951,-0.2745,-1.2329,-2.5896,-7.4273,-6.2274,-0.7239,-0.0239,-2.2841,-3.2166,-2.9800,-3.1851,-2.0198,-1.9695,-1.5450,-2.3668,-2.7146,-0.8116,-0.0894,-0.9367,-0.8682,-0.1650,0.2219,-0.2337,0.2900,0.1186,-0.8770
0.9223,0.5710,0.3270,0.1535,0.3439,0.4751,0.8569,1.1951,1.0481,0.4803,-0.2394,-0.1186,0.3479,0.6138,1.3240,1.4026,0.9950,0.4348,-0.1590,-0.5545,-1.1623,-1.0296,-1.0441,0.3717,0.3092,0.0707,0.9081,0.0295,0.2026,-0.6750,-0.0875,-1.8815,0.2129,0.5065,0.2617,1.1310,0.8565,-0.4879,-1.4527,-1.3949,-2.2556,-0.7050,-0.5127,-0.1610,0.2489,1.3782,0.2334,-1.8641,-1.7987,-5.1497,-6.1271,-2.4834,-0.4253,-0.7462,-2.1221,-3.7787,-4.3614,-1.9633,-1.1539,0.3832,-1.4578,-2.4410,-1.5425,-0.6092,-1.1400,-1.2139,-0.2625,0.6792,0.3738,0.8712,0.0000,-1.3124
0.9185,0.4776,0.2168,0.1399,0.3083,0.4867,0.8474,1.0542,0.8307,0.1496,-0.5296,-0.1550,0.5578,0.7276,1.2335,1.3049,0.9556,0.4159,-0.1783,-0.6008,-1.1072,-1.1206,-0.9733,1.0679,0.4911,1.0451,1.0935,0.0638,-1.4158,-1.2600,-0.7680,-2.4312,-0.2393,1.2626,1.6656,0.9795,1.0611,-0.6618,-1.0886,-1.8663,-0.5926,-0.6682,0.4645,-0.2660,-0.1936,1.3091,-0.0443,-1.3250,-2.6289,-4.0931,-5.3380,-2.6870,-0.7306,0.2344,-2.0738,-3.9506,-4.7388,-3.1689,-0.8251,1.2734,-0.6999,-2.1053,-3.3114,-2.8878,0.2115,-0.9125,-0.4189,0.4417,0.4386,-0.2578,0.5879,-1.0961
0.7917,0.2025,-0.0426,-0.0890,0.1474,0.3606,0.6528,0.8631,0.8178,0.2481,-0.4404,-0.0997,0.4546,0.4996,1.0915,1.3620,0.8059,0.1884,-0.3796,-0.5982,-1.0674,-1.2120,-0.8480,0.7823,1.1372,1.8462,1.5079,0.8173,-0.7099,-0.2774,-0.3416,-1.3649,0.8417,2.0599,1.4669,0.6771,1.1482,-0.5217,-0.5447,-0.4913,-1.2426,-1.4401,-0.3333,0.0414,-0.4576,1.9419,0.8688,-0.7820,-2.1829,-2.0947,-1.4270,-2.5953,-0.4848,1.1441,0.5347,-2.3744,-3.1713,-3.7098,-2.2506,0.0138,-0.6378,-2.4003,-3.1645,-2.5630,-1.0485,-0.2131,0.9314,0.2883,0.5389,0.0764,0.0994,-1.6123
0.5406,-0.0952,-0.3177,-0.2697,-0.0347,0.1647,0.4638,0.7099,0.9558,0.4931,-0.2553,-0.2369,0.2076,0.2851,1.0963,1.4484,0.6290,-0.4242,-0.7244,-0.6160,-1.0466,-1.2673,-0.2973,0.6581,1.1870,1.8720,1.1326,1.6168,1.2116,0.0969,-0.4364,-0.2363,0.8715,2.4662,1.4966,1.0874,1.2019,-0.2870,0.3093,0.8728,-1.4822,-0.0821,0.6721,0.6262,-0.1301,1.5939,1.5129,0.2532,-1.1909,-2.6679,-1.6932,-2.4609,-1.0457,1.3021,0.6083,-0.7520,-1.3291,-2.4267,-2.4818,-1.3036,-1.3790,-2.2360,-3.6335,-1.7719,-1.0427,0.4106,1.2740,0.4448,-0.1070,0.0796,0.6584,-1.6175
0.4650,-0.1233,-0.3186,-0.2677,-0.0610,0.1122,0.4029,0.7341,0.9892,0.5271,-0.3244,-0.2981,0.0101,0.0965,1.3581,1.4910,0.1998,-1.0906,-1.0011,-0.6336,-1.0459,-1.1723,-0.1455,0.2461,1.4106,1.4928,1.1141,1.0204,1.2869,0.1464,-1.9981,-0.3362,0.0040,2.3359,0.8370,0.1053,-0.2219,0.0685,1.1151,-0.6367,-0.4150,0.4095,0.8540,0.9004,0.2520,1.6618,1.3100,-0.5418,-0.9269,-2.8227,-3.2481,-3.1086,-1.4232,0.0965,-0.3130,-0.9967,-0.4361,-1.0202,-1.6208,-1.6689,-2.0410,-2.2704,-2.6979,-2.5535,-1.4231,-1.2317,0.6539,0.9320,0.0996,-0.4331,1.6204,-0.0744
0.5605,0.0052,-0.0416,0.0213,0.1443,0.2502,0.4501,0.8173,1.0356,0.4977,-0.3269,-0.3011,-0.1229,0.0942,1.6746,1.5322,-0.2688,-1.6184,-1.0393,-0.5563,-0.9527,-1.0768,-0.1328,0.3345,1.3848,1.7542,1.5306,1.3367,1.2084,-2.6154,-3.2436,-0.5935,-0.7214,0.9168,0.3264,-0.6639,-0.5777,-0.4298,1.0492,-1.6810,0.1729,-0.4993,-0.1993,1.1868,1.3101,1.7527,-0.5900,-1.4271,-0.0969,-1.1551,-1.0891,-1.1746,-0.2382,0.1611,-1.1728,-0.6578,-0.2140,-0.1889,-0.4018,-0.6450,-1.3177,-2.1966,-2.5010,-2.3510,-3.0444,-1.4340,-1.5090,-0.9594,-0.9283,-0.7771,1.3708,1.3223
0.7202,0.2451,0.2694,0.3363,0.4540,0.4518,0.5707,0.7966,0.9774,0.4826,-0.3780,-0.3978,-0.2637,0.2056,2.0396,1.5173,-0.9765,-1.8276,-0.9701,-0.5067,-0.6889,-0.7735,0.2480,0.2576,1.4414,1.6792,2.0520,1.2362,1.3873,-2.2746,-2.0344,-0.4967,-1.0938,0.6250,0.4341,-0.9123,-0.6395,-0.3612,0.7108,-1.7720,-0.7432,-1.4837,-0.1554,2.0169,2.3721,0.8445,0.0245,-0.3288,-0.7334,-0.8929,-0.7831,0.2624,0.6617,0.1162,-2.1002,-1.5609,-0.4296,0.0001,-0.7534,-0.6168,-0.9208,-2.0861,-2.1503,-1.0505,-1.8813,-2.6908,-1.8133,-1.2573,-1.2934,-1.6224,0.2553,1.1445
0.8695,0.4849,0.5578,0.5076,0.6201,0.6322,0.7186,0.9417,1.0642,0.5386,-0.3421,-0.4549,-0.4641,0.4550,2.2917,1.2782,-1.7398,-1.8980,-0.7666,-0.4502,-0.4085,-0.4041,0.5941,0.1874,1.1623,1.6669,1.9137,0.2648,1.3024,-0.2288,-2.7836,-1.0370,-1.4277,-0.0198,-0.5084,-0.7493,-0.9691,-0.5924,-0.0222,-1.4532,-1.7381,-1.4865,0.3749,0.7665,0.3003,0.5770,1.7279,0.8428,0.3865,-1.0813,-1.3303,-0.4079,-0.4526,-0.5347,-1.9153,-1.7482,-0.6184,-0.2647,-1.5274,-1.3800,-0.8009,-1.9316,-2.0131,-0.9040,-1.6168,-2.6374,-2.1686,-1.4650,-1.5328,-1.7927,-0.7915,-1.6743
0.8871,0.5857,0.6127,0.4588,0.6013,0.7328,0.8347,0.9932,1.0463,0.5954,-0.1308,-0.4951,-0.5260,0.6705,2.3337,1.0393,-2.1001,-1.7430,-0.3863,-0.3848,-0.2607,-0.1510,0.6748,0.0916,1.1318,0.7971,1.6060,0.0830,-1.0357,0.2720,-1.6314,-1.5007,-1.2520,-0.9504,-0.8764,-1.1548,-1.6251,-0.6862,-0.6697,-2.3437,-2.8809,-1.8255,-1.8709,-2.1115,-1.1900,1.1388,1.9061,1.0002,-1.2426,-2.0341,-1.4776,-1.3471,-1.5361,-0.2153,-0.5834,-0.9578,-0.3258,-0.2849,-1.2100,-1.2647,-1.0211,-1.4084,-2.0545,-1.9051,-2.0863,-2.3184,-2.4892,-2.4295,-1.8831,-1.7776,-1.0629,-2.2315
0.8600,0.4926,0.5115,0.3998,0.5354,0.7564,0.9737,1.0617,1.0627,0.6900,0.0893,-0.5234,-0.5905,0.7508,2.3369,0.8596,-2.1036,-1.4384,-0.0613,-0.2941,-0.1779,0.0216,-0.1373,0.2610,0.9585,0.2717,2.3414,0.3094,-0.7500,-0.7096,-0.7235,-1.5525,-1.6029,-1.6632,-1.7256,-1.9877,-1.6650,-0.9155,-3.3946,-4.0862,-2.9131,-3.7368,-4.6712,-2.8257,-2.5952,-0.7328,0.6813,-0.3790,-2.8321,-2.5001,-2.2532,-2.4616,-2.4159,-1.8581,-0.5524,-0.0273,-0.1100,-0.2066,-0.4440,-0.7687,-0.8167,-0.9828,-1.8407,-2.7959,-3.0516,-2.5502,-2.6725,-2.5716,-1.7426,-1.8265,-1.2861,-1.9672
0.7659,0.3700,0.4194,0.3477,0.5068,0.7686,1.0039,1.1270,1.0626,0.6731,0.1852,-0.4610,-0.6206,0.9476,2.3032,0.9016,-1.8148,-1.0175,0.2381,-0.2495,-0.1229,0.1524,-0.5804,0.0657,-0.0223,0.2329,1.8673,1.9178,0.3698,-1.6511,-1.9954,-1.4885,-1.8303,-2.4903,-3.4160,-2.3911,-1.3772,-1.6281,-2.8239,-2.4962,-1.6846,-1.9950,-2.7077,-3.6918,-3.1078,-1.3269,0.5642,-1.8024,-1.0500,-3.2265,-2.7725,-1.5282,-1.8056,-1.7184,-0.9803,-0.7587,-0.4989,-0.1826,0.0238,-0.3743,-1.0164,-0.9939,-1.7255,-2.8875,-3.2347,-2.9900,-2.9127,-1.9212,-1.7467,-2.1889,-1.5236,-1.4735
0.7159,0.3974,0.4615,0.4242,0.5773,0.8045,1.0466,1.2150,1.2251,0.6823,0.2453,-0.2429,-0.3427,1.1333,2.3122,0.9970,-1.5118,-0.6150,0.3465,-0.0927,-0.0804,0.1521,-0.5504,1.3375,0.2604,0.4212,0.9944,1.5188,-1.4733,-0.5143,-3.2278,-3.1903,-2.5101,-2.4765,-3.0514,-2.6283,-1.5195,-1.7466,-0.2049,-0.4565,-0.6269,-1.5978,-1.9955,-4.0796,-2.7537,-0.0662,0.5983,-1.9267,-5.1354,-3.1384,-1.1713,0.1024,-0.7067,-1.4114,-0.9345,-1.1091,-1.1744,-0.8858,-1.1399,-1.7022,-1.6600,-1.9020,-2.3454,-2.4327,-3.9003,-3.6241,-2.9967,-2.3747,-2.2315,-2.4806,-1.7942,-0.4716
0.8146,0.4836,0.6017,0.5208,0.6889,0.8724,1.0734,1.2699,1.3013,0.7449,0.4422,0.2703,0.0892,1.2746,2.2372,1.3571,-0.8623,-0.2483,0.3320,0.0192,-0.1743,0.1516,-0.5960,1.6703,0.8300,1.4249,0.6179,1.2162,-2.8771,-0.8413,-1.6991,-4.4792,-2.3322,-2.3082,-2.6695,-1.8027,-0.9649,-2.0414,0.0220,-1.2748,-1.4757,-2.8121,-1.7483,-2.5432,-1.7464,0.2660,0.2715,-1.2402,-3.0884,-1.9795,-0.4141,0.9631,0.2100,-0.8212,-1.4369,-1.3172,-2.2544,-2.6280,-2.8201,-3.7087,-2.9284,-3.2598,-3.2390,-2.7213,-2.6284,-2.1395,-2.0570,-1.5563,-1.6704,-0.9387,-0.7437,-1.1317
0.8971,0.6551,0.7365,0.6777,0.8354,0.9439,1.0550,1.2148,1.3328,0.7929,0.6260,0.8393,0.6796,1.2834,2.0866,1.6168,-0.0604,0.0265,0.1030,-0.1380,-0.3027,0.0993,-0.6958,0.0210,1.3396,1.3050,0.9701,1.2894,-0.8644,-0.8854,-2.3677,-3.2549,0.7446,-0.0603,-1.1626,-1.2724,-1.1885,-1.2869,0.8636,-1.8782,-1.9530,-1.4263,-1.6353,-0.8694,0.0718,0.7544,1.0673,-0.6853,-1.8490,-1.2239,-0.0158,0.7293,0.4029,-0.4525,-0.8706,-1.1830,-2.2575,-3.2338,-2.7719,-2.5085,-0.4833,-1.1356,-1.7728,-2.5324,-1.9639,-1.8707,-2.3584,-1.2653,-0.6562,-0.8975,-1.2451,-2.5929
1.0291,0.8094,0.8739,0.8077,0.9666,0.9994,1.0129,1.0731,1.2712,0.7997,0.7201,1.0440,1.0101,1.1994,1.7968,1.4620,0.3953,-0.0037,-0.3241,-0.2754,-0.3195,0.0894,-0.7046,-0.7899,0.7790,1.1030,0.5940,0.1436,-0.3057,-0.8735,-2.3414,0.5754,-0.2493,0.1374,0.6418,0.0028,-0.3463,0.6425,2.1269,-2.3406,-2.8061,-2.2055,-1.4765,-0.4832,0.0347,0.0799,0.0267,-0.9061,-1.6487,-1.6236,-0.5130,0.2136,0.3016,-1.3135,-1.4774,-0.9584,-0.9890,-1.0616,-1.2418,-1.2399,-0.1539,1.0733,-0.5791,-2.9582,-1.2578,-0.4188,-1.5925,-1.8256,-1.2296,-0.7629,-1.2822,-1.8870
1.2078,0.8954,0.9436,0.9391,1.0534,1.0412,0.9526,0.9852,1.2180,0.8664,0.6219,0.8639,0.8530,0.9508,1.3707,1.1232,0.4539,-0.4363,-0.8711,-0.5039,-0.2879,0.2225,-0.1640,-0.2839,0.1435,1.0217,0.2290,-0.3865,-1.9131,-1.7799,-2.9981,-0.2084,-0.2291,-1.4068,-1.7721,-0.3160,0.4061,1.7914,2.1406,-1.8881,-2.8304,-2.4401,-2.3801,-2.2023,-1.5596,-1.4734,-1.0903,-1.1662,-2.1582,-2.2760,-1.1690,0.2743,-0.0853,-2.6867,-1.3614,-0.8090,-0.7341,-0.9961,-2.1091,-0.2325,0.8943,1.5395,0.9029,-3.0757,-1.6281,0.1012,-0.3682,-0.4764,-0.3164,-0.4813,-0.4404,0.3915
1.3151,0.9695,1.0067,0.9584,1.0709,0.9949,0.9623,1.0280,1.1186,0.7864,0.3883,0.5450,0.5339,0.7031,0.9403,0.8444,0.4174,-1.0893,-1.3765,-0.7089,-0.2247,0.4072,0.0697,0.0474,0.0983,0.9782,0.3611,-0.8163,-0.5139,0.0672,-0.8827,-0.5552,1.4434,0.7729,-1.8157,-2.0684,-0.1449,2.0496,2.6963,-1.5512,-3.4344,-3.1556,-2.7259,-2.7762,-2.4278,-2.7416,-1.5257,-1.9858,-3.1218,-3.0187,-1.5436,-0.1621,-0.6386,-2.1291,-1.7908,-1.6465,-2.0627,-2.6133,-1.4314,0.4566,0.7093,0.4763,1.0328,-1.1706,-3.8246,-2.0252,0.6632,1.0961,1.2413,-1.5262,-1.0502,0.1396
1.4063,0.9716,0.9992,0.9351,1.0663,0.9361,0.9695,1.0749,1.0862,0.7371,0.2980,0.3394,0.3190,0.4853,0.5961,0.4923,0.2984,-1.6026,-1.6893,-0.7594,-0.1927,0.5356,0.5051,0.1573,-0.1066,0.9678,0.0387,-0.9843,1.1345,0.9142,0.6750,-0.0235,-1.2102,-0.8066,1.0153,-1.0126,0.0150,2.9072,2.7667,0.4497,-1.8971,-2.5823,-3.4845,-2.6466,-2.6053,-3.1002,-2.2638,-2.3166,-3.4970,-3.4271,-2.3960,-1.0817,-1.0591,-1.8032,-2.4370,-2.9264,-2.6912,-2.0389,-0.4599,0.2988,-0.2259,0.8626,1.8595,1.3350,-0.8804,-0.6524,0.2234,1.1407,1.7504,-1.2158,-1.2043,-0.9418
1.4126,0.9347,0.9446,0.9295,1.0883,0.9887,1.0209,1.0435,0.9709,0.7425,0.3450,0.3439,0.1892,0.5158,0.4375,0.0882,0.1663,-1.8745,-1.8445,-0.8020,-0.2134,0.3963,0.6435,0.2441,0.1826,1.1199,0.6730,-2.3732,1.4577,0.9534,0.0134,0.1899,0.1088,-0.2841,2.0719,1.4088,-0.3523,3.4692,2.9993,1.4233,-1.2536,-3.6869,-4.1539,-4.5407,-2.6960,-2.5898,-2.1310,-2.3669,-3.2940,-4.3594,-3.7351,-1.8586,-2.1887,-2.8002,-3.7172,-3.5847,-3.3752,-2.6911,-1.0806,0.1383,0.5017,1.0493,2.6810,1.8352,0.0759,-0.7396,-0.8885,-0.1464,0.8935,0.8035,-0.7615,-1.8652
1.3653,0.8020,0.8611,0.8084,1.0699,1.0668,0.9962,0.9380,0.8332,0.6667,0.3675,0.2217,0.1196,0.5993,0.2339,-0.0135,0.1265,-1.9884,-1.9517,-0.8073,-0.2725,0.7117,0.3439,0.6763,0.3056,1.0719,1.5677,-1.3521,0.6165,0.3551,0.2647,-0.7064,0.7650,2.0536,1.3695,2.0968,1.9341,3.9147,3.6230,1.5805,-1.1078,-2.5569,-2.1818,-2.1724,-1.8257,-2.5088,-2.4280,-2.7176,-3.3544,-5.1899,-4.2994,-3.3983,-3.9914,-3.5713,-2.8478,-2.8813,-2.9708,-2.8885,-1.8686,-0.6048,0.0954,1.2506,2.2534,1.2386,-0.2600,-0.8595,-0.4354,-1.1684,0.0596,0.0908,0.2475,-0.9775
1.3178,0.7341,0.7628,0.8153,1.0328,1.0854,1.0409,0.8959,0.6866,0.5640,0.2446,0.1324,0.1244,0.5288,0.0714,-0.1433,0.1849,-2.0272,-2.1224,-0.8009,-0.2314,-0.1308,0.5365,0.2538,0.3868,0.8502,1.6332,0.3503,0.7492,1.0483,-0.0799,-0.6045,-0.2597,1.7731,-1.0193,0.3633,2.2539,3.5030,3.7461,3.7056,3.7307,-0.1816,-2.1370,-1.1437,-2.4354,-3.2732,-3.2183,-3.0694,-4.5832,-6.6065,-3.0681,-4.2076,-4.7490,-3.1093,-2.2692,-2.5742,-3.0258,-2.7540,-2.2043,-1.2178,-0.0718,0.5450,0.9632,0.9154,-0.3188,-0.6412,-0.1690,-1.3690,-2.1549,-0.9798,1.1231,0.5654
1.3499,0.6473,0.7059,0.8087,1.0072,1.0758,0.9729,0.8414,0.4561,0.5355,0.2018,0.1096,0.1747,0.3571,-0.0777,-0.1577,0.3496,-2.0734,-2.3309,-1.0267,-0.2161,0.0222,0.3207,0.6059,0.3896,-0.0863,1.6978,1.0043,1.6927,0.8052,-0.9302,-2.2644,-3.7038,-3.3620,-2.4141,-1.5943,-0.1686,1.1777,1.5694,3.0030,2.5723,-0.9233,-3.0775,-1.7108,-2.8359,-4.6219,-5.3319,-5.2261,-6.4488,-6.6778,-1.4060,-2.2856,-2.4111,-1.2461,-0.8490,-1.4950,-2.1870,-2.0852,-2.5573,-0.8266,0.3381,-0.4570,-1.1415,-0.9219,-1.1144,-1.0829,-0.5247,-1.7085,-2.8105,-0.3279,1.7211,0.8636
1.4219,0.7298,0.7798,0.7987,0.9963,1.0425,0.9494,0.7735,0.3233,0.2878,0.1804,0.0666,0.2296,0.1149,-0.1163,-0.0794,0.4243,-2.4324,-2.6282,-1.2405,-0.1278,0.2449,0.0807,0.2485,0.8432,0.0794,0.7717,1.2477,1.7837,-0.4143,-0.7298,-1.1633,-2.8123,-3.6208,-2.4144,-2.8140,-3.0711,-0.8171,1.3939,1.6280,0.3935,-1.8294,-3.1492,-2.7832,-2.9536,-4.4524,-7.0402,-6.7951,-5.8609,-2.3490,0.5272,-0.1636,-1.8827,-2.1308,-0.8997,-1.1353,-2.4972,-2.7065,-2.3554,-0.9203,0.6695,0.0764,-0.1297,-0.8471,-0.8757,-0.3083,-1.1687,-1.6596,-2.2095,-0.1059,1.4572,-0.0439
1.4659,0.8674,0.8854,0.8036,0.9360,0.9903,0.9473,0.7851,0.3416,0.2519,0.1276,0.1576,0.2014,-0.0629,-0.2858,-0.0376,0.3604,-2.8663,-2.8451,-1.2845,-0.0707,0.3238,0.2734,0.3463,0.4560,-0.5125,0.7496,0.8848,2.0813,-1.5901,-2.2372,0.6148,2.2541,-0.8127,-2.5565,-2.8022,-2.8625,-2.8466,-1.8291,-0.9149,-0.9230,-1.7582,-2.4102,-3.6394,-5.6399,-5.3713,-5.5385,-5.2484,-4.2007,-1.8119,0.6164,0.3066,-2.3168,-2.4491,-0.3735,-0.8297,-2.5572,-2.6546,-2.0990,-1.2782,0.4652,0.4404,-1.0433,-2.6990,-3.0533,-2.0445,-2.2171,-2.5408,-2.5997,-2.5080,-1.5872,-2.0810
1.4460,0.9284,0.8674,0.7883,0.9314,0.8742,0.9084,0.7825,0.4102,0.1847,0.1038,0.2388,0.2190,-0.3428,-0.4402,0.0955,0.2914,-2.7839,-2.6183,-1.1530,0.0329,0.4185,0.2401,0.5727,0.2563,-0.2542,0.1884,0.9378,2.3839,1.2519,-0.9742,-0.5088,-0.7917,-1.7590,-2.9670,-2.8470,-2.8395,-2.7344,-2.7047,-2.9124,-3.3183,-3.6696,-3.8645,-4.7422,-6.2774,-2.4618,-2.1936,-2.9621,-2.5112,-1.0853,0.6559,1.5751,-1.3461,-3.1475,-1.3446,-1.4369,-2.1788,-2.8198,-2.5589,-1.8204,-0.1961,-0.2225,-1.3854,-3.4373,-3.8844,-2.8602,-2.7341,-3.1125,-4.5564,-4.6956,-3.4689,-3.6623
1.3826,0.8739,0.8351,0.7667,0.8796,0.7832,0.8203,0.7963,0.4470,0.1539,-0.0699,0.2311,0.1047,-0.5032,-0.5024,0.3151,0.2761,-2.3693,-2.2836,-0.9852,0.0810,0.4346,0.2318,0.7745,0.3415,-0.0506,-0.0194,0.6948,1.9965,1.8805,2.2044,0.6711,-2.2752,-1.9683,-2.3975,-1.4957,-2.8760,-1.3678,-1.0762,-2.2496,-4.1888,-5.1416,-5.2671,-4.9729,-3.3514,-1.1524,-1.1776,-1.5133,-1.2447,-0.7848,-0.1014,0.1117,1.7888,-2.8233,-4.0836,-3.6594,-3.0208,-3.0843,-2.5165,-1.3416,-0.3637,-2.4746,-3.1907,-3.4256,-2.2288,-1.8953,-2.3491,-2.5620,-3.0162,-3.6226,-3.1263,-2.5616
1.2502,0.7373,0.7365,0.7814,0.8544,0.7883,0.8205,0.8870,0.5834,0.2409,-0.0813,0.2494,0.0009,-0.6788,-0.4531,0.5978,0.1185,-1.8682,-1.9818,-0.8158,0.1560,0.4428,0.3535,0.9704,0.3066,0.1808,0.3250,0.4556,1.9902,1.6802,1.5195,-0.0585,-2.3493,-1.9189,-3.7935,-2.4902,-3.3577,-1.5201,-0.6900,-2.7413,-3.3479,-2.7925,-1.8188,-1.2398,-0.8506,-0.8431,-0.2878,-0.4528,0.2838,-0.0620,-1.5271,-1.1797,0.8966,-2.1964,-3.2341,-4.4547,-2.7983,-1.2456,-0.5044,-0.8120,-1.8463,-3.4371,-2.7228,-1.9593,-2.1861,-1.2843,-0.7366,-1.0540,-1.4462,-1.9450,-1.9328,-2.1359
1.1137,0.5775,0.6167,0.7394,0.9026,0.8991,0.9456,1.0312,0.7697,0.3759,-0.0091,0.3321,-0.0080,-0.6281,-0.3359,0.8532,-0.3402,-1.6970,-1.9231,-0.7658,0.1874,0.3097,0.5551,1.1425,0.3139,-0.5950,0.3612,-0.2556,2.4044,2.1175,1.1193,-1.3566,-3.0067,-1.7864,-2.2025,-2.4845,-3.8597,0.2124,0.1574,-1.5849,-2.0031,-2.2134,-1.0042,-1.3498,-1.0913,-0.9505,-0.2610,-0.0393,0.7589,-0.9442,-2.2132,0.2749,0.2097,-0.0161,-2.0898,-3.9795,-2.9002,-1.1845,-0.3000,-1.8606,-2.6944,-3.7380,-1.4471,-0.8215,-3.8905,0.1768,0.7535,-0.4221,-1.2016,-1.3926,-1.1659,-1.3778
1.0513,0.5160,0.5323,0.7055,0.9418,1.0704,1.1360,1.2604,1.0093,0.5310,0.1051,0.3853,-0.0518,-0.6161,-0.2705,0.9321,-1.2243,-1.6994,-2.0461,-0.9315,0.0424,0.2577,0.8776,1.1278,0.2217,-0.7556,0.7354,-0.4259,2.3671,1.6239,-2.1624,-1.1759,-1.8730,-2.4066,-1.5638,-1.1781,-1.3969,0.6557,1.5190,0.1650,-1.3902,-1.4635,-1.1112,-0.7282,-1.3076,-2.0527,-1.2847,0.1571,0.4021,-0.7805,-0.7562,0.7831,1.1335,0.1961,-2.1293,-3.3591,-2.1386,-1.3328,-0.9012,-2.5938,-2.0538,-1.4751,-0.5804,-0.3154,-4.7122,-1.9173,0.4011,-1.3135,-2.1564,-1.8950,-1.3646,-1.3791
1.0158,0.5304,0.5144,0.6476,0.9951,1.1503,1.2769,1.3944,1.1593,0.6310,0.2949,0.4731,-0.0784,-0.4560,-0.1221,0.9245,-2.0833,-1.5472,-1.8482,-0.8935,-0.0820,0.3135,1.1958,1.0320,0.2726,-0.9371,0.3981,-0.1225,2.4354,-0.0641,-2.7553,-2.8659,-2.6805,-2.2841,-1.9378,-1.5166,-1.1223,-1.4417,-1.2231,0.3253,-0.2072,-1.3564,-2.3867,-2.3750,-2.7015,-2.3255,-1.5699,-0.2812,-1.5377,-1.1556,0.6093,-0.3310,-1.0399,-1.4535,-2.2994,-3.0184,-1.8668,-0.9807,-2.0297,-2.9351,-2.5388,-1.7946,-1.7949,-1.1078,-3.4132,-3.9440,-2.4277,-1.8647,-4.3335,-5.5760,-2.3684,-1.7119
1.0040,0.5219,0.4680,0.6275,1.0362,1.2536,1.3768,1.4357,1.2345,0.6993,0.6651,0.5746,0.0044,-0.2031,0.3450,0.7790,-2.2499,-1.1781,-1.2565,-0.6423,-0.1377,0.6752,1.3920,0.9611,0.1357,-0.7203,-0.7023,0.8856,1.5041,0.7458,-1.2452,-1.4934,-3.0262,-2.0548,-1.8085,-0.9774,-1.3450,-1.0939,-1.7356,-2.0322,-1.6926,-2.3628,-3.5339,-4.2060,-2.4358,-1.6271,-0.4304,-0.6440,-2.2441,-2.1617,0.5935,-1.2483,-2.6328,-1.1494,-0.4482,-2.0896,-1.9786,-0.8243,-0.2380,-1.9383,-3.2426,-2.8036,-2.2880,-1.2943,-0.4700,-2.6620,-2.4815,-1.1770,-3.5929,-5.1293,-2.5688,-2.0107
1.0126,0.4833,0.4229,0.5746,0.9974,1.2379,1.3452,1.4060,1.2008,0.7656,0.8830,0.6227,0.0621,-0.1485,0.8108,0.2179,-1.9737,-0.9815,-0.6428,-0.5800,-0.1619,1.0826,1.2306,0.6059,-0.4738,-0.6960,-0.6127,0.9725,1.4810,2.0606,-0.9435,-1.3325,-2.2230,-2.7282,-1.8505,-1.5014,-1.6371,-0.7819,-1.4074,-0.9799,-3.4998,-2.5101,-3.3322,-1.9253,-2.2684,-1.1064,0.1348,-1.3089,-2.0370,-1.2062,0.0052,-2.4456,-2.8322,-2.1491,-1.9542,-1.6427,-1.1237,-1.0038,-1.1637,-1.5607,-2.0212,-2.0839,-2.4243,-1.7935,-1.7575,-1.7349,-2.6633,-2.0405,-2.1582,-2.4657,-1.7315,-1.6941
0.8632,0.3589,0.2929,0.4204,0.7994,0.9553,1.0606,1.1090,0.9242,0.4772,0.6471,0.3325,-0.2417,-0.3599,0.8010,-0.4800,-1.8565,-1.0384,-0.6980,-1.0825,-0.1419,1.1617,0.7950,-0.3235,-0.9300,-0.8867,-0.7696,-0.1442,2.7496,0.5635,-3.2025,-1.2932,-1.9296,-2.8762,-3.2926,-3.5673,-2.8224,-1.5815,-1.0893,-1.6343,-2.1627,-3.1420,-3.2210,0.0231,-2.2921,-1.8778,-0.4530,-1.3226,-0.8459,-0.0082,-1.3750,-2.5483,-2.3524,-2.4619,-1.8362,-1.1216,-1.8024,-3.0120,-3.4255,-2.9546,-2.7893,-2.4684,-2.0862,-2.2880,-2.7688,-3.0787,-2.6825,-2.5821,-2.0735,-2.1173,-1.2503,-1.7662
0.6644,0.2675,0.4037,0.6429,0.8024,0.9224,0.9587,1.0647,0.9081,0.4205,0.5714,0.1451,-0.3132,-0.4488,0.9078,-1.1088,-1.5891,-0.9953,-0.5997,-1.2659,0.2071,1.0022,0.2808,-0.7603,-0.8719,-0.9807,0.0775,-1.1555,0.0124,-0.7532,-3.0479,-2.6521,-0.9166,-0.9094,-3.2348,-4.5842,-2.8587,-2.1601,-0.7903,-1.7449,-0.6581,-3.2151,-0.7013,-2.1441,-1.0510,-2.4712,-1.9888,-0.3268,-0.2201,-0.7219,-1.8333,-2.3487,-3.8488,-3.1364,-2.3312,-1.9799,-1.6428,-2.8405,-2.7630,-2.4570,-2.5168,-2.9407,-3.4020,-3.1851,-2.8463,-2.4370,-2.6975,-2.6840,-2.6727,-3.3007,-2.1411,-1.9979
0.5335,0.0340,0.4837,0.6263,0.7757,0.7924,0.7924,0.8410,0.6216,0.3423,0.5583,0.2643,-0.0385,-0.0140,1.1264,-1.6816,-1.4326,-1.0589,-0.5554,-0.5840,0.7144,0.8709,-0.3985,-1.1668,-0.8535,-1.0126,0.3072,-1.7528,-2.7283,-0.5091,-3.0076,-3.9658,-0.3560,0.1957,-2.1499,-4.4851,-3.4693,-3.2797,-2.1257,-1.3568,-1.2680,-2.7710,-4.1225,-1.8433,-0.7070,-1.6324,-2.2454,-0.0128,0.1542,-1.9598,-2.0679,-2.7021,-4.0465,-3.3775,-2.1700,-2.1733,-2.0206,-1.6023,-1.5806,-1.3535,-1.9861,-2.6501,-2.7709,-2.2311,-1.3450,-2.0093,-2.3756,-2.3164,-2.0951,-2.3163,-1.7453,-2.7864
0.6645,0.3296,0.6554,0.8504,0.8972,0.8702,0.8327,0.8406,0.6375,0.7384,1.3227,1.1522,0.9680,1.1684,1.6448,-1.4844,-0.9641,-0.4350,0.0746,0.7906,1.3544,0.5259,-1.0189,-1.1656,-0.6950,-0.7405,0.6725,-0.7782,-1.6678,-1.0011,-1.9915,-4.5541,-0.9965,0.1170,-1.4802,-4.5110,-5.5905,-6.3218,-5.1231,-2.5283,0.9344,2.0657,-3.5168,-2.9672,-1.9400,-0.8464,-1.3852,-0.4458,0.6328,-1.4915,-2.2920,-1.8446,-3.5557,-3.7164,-2.0693,-2.0274,-2.6757,-2.4916,-2.4905,-2.4129,-1.7026,-1.4053,-1.4108,0.7277,0.8972,-0.9745,-0.7084,-1.6681,-3.5193,-3.5325,-1.6703,-3.0748
