3.6012,3.5451,3.1978,2.8202,2.3871,2.2987,2.2501,2.4202,2.5555,2.5525,2.4563,1.8156,1.4659,1.4729,1.5154,1.2943,0.9331,0.8006,0.6904,0.5108,0.0591,-1.8959,-2.4551,-1.9883,-0.8864,-0.5040,-0.5049,-0.5561,-0.4938,-0.4746,-0.7445,-0.8096,-0.0857,0.6817,1.6778,-3.3482,-6.5651,-5.7197,-5.0531,-4.5259,-4.3726,-5.0546,-5.9304,-5.3739,-4.2485,-4.4419,-0.5323,-2.2039,-5.0192,-4.7915,-4.0246,-4.2920,-4.0087,-3.9541,-4.0112,-4.1265,-4.0175,-2.3097,-1.8198,-2.5271,-3.9456,-2.5760,-0.7703,-0.6928,-0.9932,-0.5525,-0.1187,0.2118,0.4413,-0.1298,-0.3973,0.1172
3.6719,3.5811,3.3225,2.9004,2.4679,2.3180,2.2701,2.3385,2.2511,2.3133,2.2036,1.5295,1.3251,1.4457,1.4461,1.1700,0.7766,0.4929,0.3723,0.2719,-0.0873,-1.6093,-1.8336,-1.3173,-0.6364,-0.4621,-0.4781,-0.5632,-0.4168,-0.6267,-0.8446,-0.6686,0.5259,1.4297,0.8310,-4.9575,-6.4564,-5.1972,-4.2453,-4.3355,-4.7374,-4.7801,-5.5018,-4.3165,-4.0857,-4.5798,-4.2351,1.4157,-1.4540,-2.0777,-2.7971,-2.8362,-2.9824,-3.9086,-4.3476,-4.7302,-3.8573,-2.4009,-2.3105,-4.4788,-4.7330,-3.0429,-0.9366,-0.9191,-1.3602,-0.2828,0.4215,0.3770,0.5536,0.4246,0.2562,0.9170
3.7406,3.5954,3.3366,2.9758,2.6176,2.3991,2.3177,2.1964,2.1667,2.0404,1.7639,1.2878,1.2524,1.3790,1.2302,0.9764,0.6120,0.2360,0.1570,0.2082,-0.0754,-1.1301,-1.1188,-0.6953,-0.5284,-0.4517,-0.4604,-0.4985,-0.2848,-0.7018,-0.6260,-0.1217,0.8945,2.4564,-0.2772,-4.9030,-5.6637,-4.7546,-4.1942,-4.3999,-4.7259,-5.5766,-4.7454,-4.1554,-4.3532,-4.7822,-5.7192,-1.4278,-1.2826,-2.2171,-2.7528,-2.6968,-2.6761,-4.0573,-4.2748,-4.4215,-2.9442,-2.2834,-2.7815,-4.3997,-3.8446,-1.5009,0.2380,-0.3895,-0.8895,-0.1398,0.3878,0.5255,0.7589,0.7784,3.1237,0.9699
3.7027,3.5248,3.2233,3.0011,2.8374,2.5709,2.4021,2.2223,2.1471,1.9944,1.4368,1.1632,1.2632,1.2793,0.9563,0.6693,0.3822,0.1583,0.1489,0.2192,0.0586,-0.4724,-0.3103,-0.3170,-0.4709,-0.4597,-0.4340,-0.3564,-0.1734,-0.4958,-0.2767,0.1986,0.8207,1.7324,0.9912,-4.6632,-5.4652,-4.3623,-4.0220,-4.2700,-5.0791,-5.3781,-4.5729,-4.5898,-5.2206,-5.4766,-6.3969,-4.9078,-2.8615,-2.7889,-2.9609,-3.4831,-4.1238,-4.7211,-3.9225,-2.5624,-1.7099,-1.8152,-2.5746,-2.4511,-1.0695,0.3013,1.3824,-0.2763,-1.1336,0.8542,0.4340,0.2300,0.5748,0.7474,1.1332,2.3299
3.6870,3.3981,3.1340,2.9970,2.9973,2.8005,2.5075,2.3289,2.1756,1.9773,1.2439,1.0701,1.2209,1.1185,0.7400,0.4442,0.2916,0.1620,0.2327,0.3844,0.2656,0.1484,0.1557,-0.1338,-0.5012,-0.4698,-0.3808,-0.2146,-0.1455,-0.1264,0.0026,0.3459,1.0449,0.2793,-3.1710,-6.6661,-4.9568,-4.0531,-3.8365,-4.2380,-4.7036,-4.7886,-4.9251,-4.5876,-5.2908,-5.7872,-6.7268,-5.5539,-4.1434,-3.7694,-3.4201,-4.4134,-4.3352,-3.9167,-3.5801,-0.6091,-0.6935,-1.1036,-2.2911,-0.3766,0.6086,1.2786,1.3213,-0.4120,-0.9011,0.6724,0.4126,-0.0494,0.0595,0.6164,0.8419,1.2046
3.5900,3.2696,3.0706,3.0295,3.1140,2.9908,2.6747,2.4811,2.2157,1.9764,1.1150,0.8491,0.8904,0.9510,0.6373,0.4189,0.2785,0.2215,0.5348,0.6704,0.5222,0.4328,0.3048,-0.0928,-0.5272,-0.4617,-0.2551,-0.0686,-0.1058,-0.1775,0.0379,0.3037,-0.0936,-4.2323,-6.4597,-6.1486,-4.8152,-2.9658,-2.8103,-3.5580,-4.3860,-4.7298,-4.9272,-4.5993,-5.6449,-5.9820,-7.3690,-6.3234,-5.4280,-5.1830,-4.5050,-4.9537,-4.4519,-4.1096,-4.1492,-1.8468,-0.8707,-1.7806,-1.0450,-0.6113,-0.3669,0.4920,1.0754,0.2898,-0.2378,1.0036,0.2701,-0.5793,-0.5602,0.2298,1.0499,-0.2266
3.6164,3.3354,3.1744,3.1212,3.1763,3.1984,2.9019,2.6860,2.3316,2.0179,1.0528,0.6578,0.6476,0.8253,0.6319,0.4483,0.3467,0.4677,0.9248,0.9497,0.7305,0.5651,0.3628,-0.0983,-0.5254,-0.4158,-0.0843,-0.0012,-0.0715,-0.0330,0.1293,0.2979,-2.1884,-5.6222,-5.9175,-4.4910,-3.2575,-2.1864,-1.8171,-3.4141,-4.5750,-4.6717,-5.0208,-4.7785,-5.8279,-6.1472,-8.1781,-7.8327,-5.8307,-5.0925,-5.1937,-4.5504,-3.6687,-2.8888,-4.7628,-3.8449,-1.7229,-2.1991,-1.0192,-1.4514,-1.1089,-0.9359,0.1713,-0.5522,-0.5689,1.0197,0.0081,-1.1990,-0.9881,-0.1095,0.8997,0.4275
3.8349,3.5984,3.4154,3.2452,3.2373,3.2613,3.1458,2.8699,2.4979,2.0463,1.0818,0.6691,0.5649,0.7195,0.6666,0.6076,0.5445,0.8083,1.1819,1.0965,0.8904,0.6755,0.3902,-0.1182,-0.4914,-0.2991,-0.0880,-0.0010,0.0601,0.1896,0.2512,-1.5702,-4.2163,-5.3501,-5.6654,-4.4596,-2.7214,-2.7541,-2.5317,-4.2777,-4.6376,-4.5782,-5.0963,-4.6094,-5.9363,-6.7228,-8.8104,-9.1076,-6.9898,-4.8531,-5.9739,-5.2333,-6.0442,-5.9782,-6.4059,-4.8674,-1.9434,-1.9202,-1.7839,-1.6493,-1.8766,-2.4272,-2.7005,-2.9997,-2.3265,0.1687,-0.5376,-1.1069,-0.8706,-0.3898,0.7052,0.7829
4.1786,3.9344,3.6993,3.3922,3.3233,3.2822,3.2249,2.9126,2.6034,2.0045,1.1623,0.7499,0.5520,0.6872,0.8847,0.9785,0.9458,1.1287,1.2876,1.2475,1.0781,0.8361,0.3594,-0.1421,-0.3501,-0.1920,-0.1430,0.0252,0.2842,0.4618,-0.1612,-1.9947,-3.4230,-5.0777,-5.6217,-3.9579,-3.3219,-2.8301,-3.5348,-4.4929,-4.6714,-4.6037,-4.7560,-4.5894,-5.9843,-7.4468,-8.7294,-8.8410,-7.6354,-6.0358,-7.2146,-6.8214,-6.3604,-7.3685,-7.3993,-3.5161,-2.0393,-1.9543,-1.9168,-1.9711,-2.0100,-2.9633,-3.9198,-4.6475,-3.0285,-1.0492,-0.8034,-0.7215,-0.2581,-0.2261,0.3104,0.6435
4.2937,4.0431,3.9048,3.5177,3.3174,3.2477,3.1866,2.9113,2.6398,1.9597,1.1365,0.9309,0.7103,0.7540,1.1464,1.3350,1.2773,1.3496,1.3892,1.4300,1.3057,1.0346,0.3876,-0.1010,-0.1652,-0.1984,-0.0986,0.1800,0.5725,0.6380,-1.5673,-1.4748,-2.8819,-4.4825,-4.8933,-3.6402,-4.1606,-2.0800,-3.2583,-3.5375,-4.1673,-4.4515,-4.6029,-4.6417,-6.1680,-8.3866,-8.0652,-7.5177,-6.2220,-6.3907,-7.6056,-7.8652,-5.4071,-7.0242,-4.7855,-2.3874,-1.9012,-2.1745,-2.2948,-2.5889,-1.8071,-2.2945,-3.5208,-4.0129,-3.5606,-2.1485,-1.4468,-0.5227,0.0648,-0.0857,0.2888,0.7004
4.2044,4.0931,3.8495,3.5439,3.2577,3.1747,3.1328,2.7662,2.4980,1.8612,0.9415,1.0765,1.0552,1.1261,1.3825,1.4823,1.4562,1.4948,1.5284,1.5493,1.4133,1.1467,0.4372,-0.0017,-0.0581,-0.0891,0.0494,0.3293,0.9288,0.5625,-2.6678,-0.2292,-1.6850,-3.7893,-3.9970,-3.3299,-4.5227,-1.0282,-3.0250,-4.4146,-3.9291,-4.5006,-4.4728,-4.6231,-6.2776,-8.2901,-8.8872,-7.3696,-6.0277,-6.1789,-7.8148,-7.7000,-6.5945,-6.6906,-1.1713,-0.4182,-0.7034,-1.4227,-2.0012,-2.6706,-1.5299,-1.6931,-2.2359,-2.2797,-2.6134,-2.3153,-1.8591,-0.6616,-0.0726,0.1716,0.5219,1.1388
3.5195,3.4364,3.3546,3.3457,3.0746,3.0348,2.9341,2.3155,1.9327,1.5836,0.8944,1.1622,1.3631,1.5090,1.5961,1.5679,1.5398,1.6545,1.6617,1.6009,1.4390,1.1822,0.4687,0.1121,0.1144,0.0544,0.1935,0.5464,1.4667,-0.7975,-2.1455,-0.0116,-1.4234,-3.4586,-3.2001,-3.9654,-3.6790,-1.5452,-4.2946,-5.5920,-4.5228,-4.6119,-4.6282,-5.0463,-6.5363,-8.0350,-8.5430,-7.2282,-7.0493,-9.1726,-8.0271,-7.6344,-5.9083,-6.3219,-2.2592,1.0075,-0.1915,-1.2088,-1.4467,-1.5842,-1.6223,-1.3250,-0.9788,-1.1470,-1.4380,-1.6975,-1.7493,-0.8147,0.0154,0.4232,0.7774,1.3914
2.1979,2.1280,2.3107,2.7328,2.4108,2.5449,2.0630,1.6673,1.2665,1.2991,1.2619,1.3556,1.5697,1.7871,1.7986,1.6892,1.6892,1.9018,1.7419,1.5342,1.2711,1.0213,0.4228,0.2373,0.3388,0.2682,0.3237,0.7608,2.4192,-3.0693,-2.1768,-1.2345,-1.6718,-2.5682,-3.5886,-4.0224,-2.9880,-2.9152,-4.8619,-4.9644,-4.0896,-4.5438,-4.7691,-5.6189,-6.6578,-7.8988,-6.9804,-5.2549,-6.1812,-8.3169,-6.3264,-5.3214,-2.8236,-4.8637,-3.7989,-0.3454,-0.3544,-1.1482,-1.9188,-2.0751,-1.5376,-1.4868,-1.1942,-1.3806,-0.8836,-1.1668,-1.7125,-1.2051,-0.0162,0.8188,1.2423,1.7603
1.2274,0.8378,1.2521,1.6529,1.2803,1.5151,0.5195,0.9231,0.8010,1.2180,1.7094,1.6704,1.7869,2.0437,1.9982,1.8985,1.9948,2.1242,1.8348,1.3113,0.8687,0.5609,0.2807,0.3615,0.5449,0.4328,0.3834,0.9240,2.6130,-2.0826,-1.5489,-1.6067,-1.7972,-2.4400,-4.3007,-3.4502,-2.4362,-3.2179,-4.3871,-4.0249,-3.9853,-4.7455,-5.0955,-6.4873,-5.7125,-6.3109,-4.0966,-2.8661,-4.8187,-6.5304,-4.0025,-3.6052,-0.8457,-4.3651,-4.9975,-2.5000,-1.0028,-2.4785,-2.4213,-2.5315,-2.4749,-2.1230,-1.8888,-1.6681,-1.7077,-1.8599,-1.8581,-1.6811,-0.4664,0.5264,1.1929,1.8179
0.7922,0.0442,0.6590,0.2873,0.1105,0.1223,-0.9407,0.2681,0.5420,1.2468,1.9907,2.0644,2.1224,2.2839,2.1843,2.2181,2.3633,2.2722,1.8289,0.9813,0.4163,0.1535,0.0537,0.4173,0.6010,0.4675,0.3019,0.8063,1.9450,0.3567,-2.1489,-1.3877,-1.7423,-2.8914,-4.2394,-3.1153,-2.2162,-2.6555,-3.5525,-3.6347,-4.0604,-4.7074,-6.0553,-7.1877,-4.4302,-3.9577,-1.7484,-1.6524,-3.3052,-4.1425,-3.0444,-5.0199,-3.1380,-5.4234,-6.4936,-2.2828,-1.5004,-2.5364,-2.6136,-3.0360,-2.0867,-1.7658,-2.1914,-2.2741,-2.5808,-2.4781,-2.5213,-1.9683,-0.6427,0.8501,1.8109,2.3027
0.8140,0.1262,0.6425,-0.3441,-0.2408,-0.7111,-1.4297,-0.1078,0.5907,1.6096,2.2649,2.4226,2.4656,2.4737,2.3981,2.5442,2.4698,2.3143,1.6198,0.6797,0.2278,0.0452,0.0085,0.4084,0.6113,0.4762,0.0925,0.1790,1.2676,0.4853,0.1810,0.1410,-2.0919,-3.4386,-4.1341,-3.3952,-3.1731,-3.3126,-3.6525,-4.0594,-4.2095,-4.9638,-6.7605,-7.5876,-6.1842,-3.4302,-1.7068,-2.5156,-3.1875,-4.4605,-3.5111,-5.4533,-5.4478,-6.4651,-4.4794,-0.2410,-0.8922,-2.3968,-3.0019,-2.6881,-2.2540,-1.8695,-2.1717,-2.3973,-2.6156,-3.0037,-3.2626,-2.9910,-1.9118,0.2097,1.7792,2.0556
1.0762,0.4877,0.9278,-0.0709,0.0043,-0.8098,-0.9574,0.2044,1.4012,2.1389,2.4307,2.5634,2.6126,2.6634,2.5918,2.6082,2.4719,2.2280,1.3301,0.5742,0.1947,0.0899,0.1106,0.4214,0.6374,0.4222,-0.1705,-0.1432,0.6388,0.9940,0.9243,0.4268,-2.6207,-4.7311,-4.9503,-3.9161,-4.8112,-4.5620,-4.9218,-5.0887,-4.5130,-5.7428,-7.7676,-7.8295,-5.4387,-2.6165,-1.5962,-2.2673,-3.3340,-4.6600,-4.9058,-4.3432,-6.0027,-6.1305,0.6298,1.6365,0.3046,-2.0849,-2.3339,-2.5139,-2.8082,-2.0539,-2.2470,-2.3939,-2.3344,-2.9313,-3.6806,-3.2665,-2.4423,-0.8458,1.1798,1.3068
1.5482,1.5269,1.4700,0.8937,0.9646,-0.1991,0.6925,1.3610,2.2495,2.3975,2.5535,2.5921,2.6598,2.8017,2.6906,2.5912,2.3589,1.9174,1.1502,0.5658,0.3465,0.2575,0.1740,0.4110,0.5634,0.2959,-0.2267,-0.2823,-0.1953,0.5417,1.1418,0.4616,-2.0796,-4.8863,-5.9613,-5.6597,-5.8999,-6.0798,-6.3054,-5.6365,-5.4695,-7.2305,-8.2170,-6.7239,-3.9363,-1.6537,-1.5302,-1.3420,-2.5556,-3.9325,-4.4251,-2.9270,-5.7233,-5.1043,1.3600,3.5174,0.8205,-1.8457,-2.0517,-2.1960,-2.8061,-2.1814,-2.5894,-2.5895,-2.2717,-2.6691,-3.4581,-3.0974,-2.5855,-1.2326,0.6501,1.1688
2.4516,2.4428,2.1089,1.7666,1.5726,1.0796,1.6203,2.1296,2.4723,2.6067,2.6769,2.6954,2.7226,2.8496,2.6880,2.3185,2.0525,1.7216,1.1327,0.8863,0.7183,0.4240,0.2096,0.2560,0.1865,-0.1445,-0.3896,-0.1994,-0.3861,-0.1807,0.8052,0.3677,-1.3484,-4.2011,-7.0463,-7.2788,-7.0921,-7.3230,-7.2109,-6.6348,-7.3338,-8.3598,-7.9175,-5.2989,-2.3563,-0.8481,-1.2192,-1.8951,-3.0792,-3.2762,-3.7602,-1.9645,-4.6741,-4.2148,1.2620,1.8580,0.6827,-0.7556,-1.5450,-1.8776,-2.2090,-2.2015,-2.6395,-2.7242,-2.9289,-2.9253,-3.2658,-3.0219,-2.1878,-1.5704,0.5907,0.9442
3.0009,2.6671,2.4200,2.0924,1.8100,1.4937,1.7743,2.2680,2.7341,2.8006,2.9350,2.9451,2.8078,2.7980,2.4604,1.8472,1.6621,1.6139,1.5156,1.3376,1.0836,0.4947,0.1171,-0.0079,-0.2138,-0.4770,-0.4971,-0.1346,-0.0426,0.0859,-3.5401,-3.2508,-6.5789,-7.4891,-9.1584,-8.5182,-8.2148,-8.3334,-8.2527,-7.6140,-8.9977,-8.7956,-6.7452,-3.7379,-0.8100,-0.2940,-0.8806,-1.5810,-3.4034,-2.9464,-3.0457,-3.0373,-4.3000,-3.6649,1.9975,1.7132,0.6374,-0.1162,-1.1376,-1.6464,-1.5636,-1.8523,-2.5555,-3.0279,-3.2961,-3.2228,-3.2654,-3.2691,-2.6390,-2.2669,0.0595,0.6963
3.1153,2.7586,2.4952,2.1088,1.8373,1.6043,1.8506,2.4483,2.8738,2.9837,3.0946,3.0714,2.7708,2.5567,2.0339,1.4445,1.3915,1.7512,1.9680,1.7765,1.1932,0.2515,-0.1803,-0.3767,-0.5219,-0.6289,-0.5639,0.5604,0.9390,-3.3093,-2.6556,-5.2271,-9.3136,-8.7170,-8.0713,-7.0628,-7.5932,-8.2487,-7.9325,-9.2405,-9.5085,-7.7916,-5.1090,-2.2820,-0.6058,-0.6167,-2.0602,-2.4989,-2.7259,-3.2634,-3.0094,-3.6116,-4.1798,-3.0115,0.4986,2.1889,1.7084,0.8681,-1.1736,-1.8267,-1.6909,-1.7835,-2.3286,-2.8357,-3.5792,-3.7023,-3.1404,-2.6645,-2.5264,-2.0976,-0.2722,1.2935
3.1669,2.7786,2.4805,2.1260,1.8058,1.5906,1.9820,2.4864,2.9687,3.0260,3.0635,3.0512,2.7431,2.1388,1.6554,1.3703,1.3486,2.2198,2.3417,2.0619,1.0896,-0.1625,-0.5244,-0.6322,-0.6569,-0.6627,-0.4618,0.7317,0.0564,0.5569,-2.3962,-6.8546,-4.7807,-4.5121,-4.2757,-4.1680,-7.1661,-7.4866,-8.8329,-9.2890,-7.6122,-6.2200,-3.9690,-1.4542,-0.6508,-0.0656,-1.7055,-3.3539,-1.5611,-3.2100,-5.0715,-4.6755,-4.1658,-3.1325,-1.1613,1.5482,2.0926,1.8855,-0.7348,-1.5035,-1.5727,-2.0667,-2.5357,-2.9273,-3.7576,-3.6144,-3.2112,-2.3025,-2.0065,-1.9545,-1.4221,-0.8012
3.2820,2.8461,2.4902,2.1506,1.8407,1.7689,2.1187,2.6806,3.0441,2.9732,2.7848,2.5087,2.2090,1.6253,1.5138,1.4271,1.8655,2.7114,2.5624,2.1648,0.8035,-0.6327,-0.9690,-0.9610,-0.7225,-0.5831,-0.3037,0.6415,0.5533,0.3844,-3.9246,-5.0444,-3.4516,-4.2145,-2.7691,-3.6292,-6.1923,-6.5686,-8.7144,-7.3288,-6.6924,-5.5439,-3.1810,-0.4050,-0.5496,-0.1801,-1.1763,-3.1108,-2.2001,-2.3873,-4.3559,-5.3861,-4.5433,-3.7165,-2.3493,-0.3252,1.5084,1.3333,-0.2061,-1.3147,-1.4769,-2.1581,-2.4747,-2.9789,-3.5873,-3.4745,-2.7862,-2.1939,-2.1394,-1.9835,-1.9758,-1.3785
3.4368,3.0320,2.6206,2.2094,1.9763,2.0296,2.3152,2.9164,3.1198,2.7654,1.9654,1.2391,1.0491,1.2357,1.3928,1.7551,2.7373,2.9064,2.6628,2.0268,0.4010,-1.1647,-1.4303,-1.3012,-0.7076,-0.3792,-0.3480,0.5964,0.4367,0.9197,-2.0962,-3.7463,-2.1020,-2.9987,-3.7150,-3.8184,-5.3183,-6.5068,-7.6425,-6.6691,-5.8638,-4.7093,-2.4322,-1.2841,-0.8749,-1.0856,-1.8232,-2.7822,-3.0834,-1.3950,-2.3347,-5.0614,-6.1734,-3.3604,-3.2985,-1.1977,0.2008,0.4773,-0.1357,-0.9811,-1.4647,-2.3161,-2.2116,-2.7271,-2.9263,-3.0294,-2.6618,-2.1463,-2.3822,-2.1384,-2.3226,-2.1821
3.7234,3.3150,2.8490,2.4123,2.1873,2.3583,2.5184,3.0743,3.1291,2.5039,0.7904,0.0262,0.0748,0.7478,1.0980,2.0043,2.8961,2.9236,2.5980,1.6283,-0.5408,-1.7149,-1.6795,-1.4768,-0.5288,-0.2518,-0.4296,0.4439,0.6277,1.0665,0.0050,-1.2285,-1.8829,-2.9604,-4.3413,-4.3457,-5.2225,-6.7302,-7.5894,-6.2840,-5.0779,-4.1053,-2.2557,-1.8990,-1.7274,-1.5001,-2.2403,-2.0860,-2.7848,-1.7052,-2.2686,-3.9180,-6.7986,-3.8081,-4.0944,-2.1565,-0.6843,-0.2887,-0.3422,-0.5955,-0.9242,-1.6479,-1.8272,-2.2771,-2.5688,-2.6446,-2.1587,-2.0342,-2.4962,-2.3856,-2.3395,-2.0431
4.1057,3.7009,3.1355,2.7042,2.5830,2.6838,2.7362,3.2830,3.0321,2.1332,-0.0556,-0.6637,-0.5241,0.2310,0.8337,2.0147,2.8586,2.6704,2.1838,0.6184,-1.5057,-1.8369,-1.7406,-1.2389,-0.3096,-0.2216,-0.5106,0.3681,0.5003,-1.1182,-0.6081,-1.3681,-2.5741,-2.4119,-3.3435,-4.4868,-6.4603,-6.7063,-6.8174,-6.0156,-4.7270,-4.0952,-2.7211,-2.4628,-3.2770,-3.2766,-2.9956,-2.5894,-1.3845,-2.6421,-2.6953,-3.9234,-3.7859,-4.3847,-5.1376,-3.3994,-0.9343,0.2536,-0.0723,-0.4096,-0.7494,-1.1492,-1.2150,-1.7549,-2.1408,-2.1490,-1.8148,-1.5103,-2.0385,-2.1829,-2.2829,-2.0701
4.5063,4.0832,3.5046,3.0656,2.9072,2.8676,2.8468,3.2166,2.8315,1.7822,-0.0988,-0.8861,-0.7926,-0.2795,0.5300,2.0127,2.4858,2.1845,1.2563,-0.6098,-1.8464,-1.8259,-1.5916,-0.8091,-0.2117,-0.3223,-0.6627,0.2633,-0.1329,-1.1322,-0.8837,-1.4653,-1.7787,-2.8600,-3.8450,-4.6902,-6.5893,-6.8531,-7.0729,-5.6612,-4.5604,-3.7751,-2.6040,-1.8336,-3.3916,-3.7622,-2.5449,-4.4199,-4.4309,-3.6788,-3.2054,-3.0335,-3.3168,-3.5978,-3.9748,-2.3777,-0.0978,-0.4433,-0.9340,-0.8155,-0.6322,-0.2953,-0.2825,-0.9984,-1.9933,-1.8091,-1.2517,-0.9855,-1.6573,-2.2824,-2.4016,-2.0246
4.8493,4.3395,3.7487,3.2836,3.0761,2.9139,2.7943,3.1059,2.6393,1.5809,-0.0336,-0.9968,-0.9652,-0.7589,0.1666,2.0213,1.9238,1.5216,0.2556,-1.1501,-1.8593,-1.7348,-1.1907,-0.4042,-0.1956,-0.5170,-0.8960,0.1119,-1.0677,-1.1920,-1.9435,-3.1296,-3.4708,-3.0539,-3.8210,-4.0792,-5.9286,-7.2929,-7.2022,-5.4776,-4.5392,-4.2630,-2.6182,-2.1451,-3.0126,-3.4328,-2.6496,-2.5319,-4.4488,-4.4399,-4.1931,-3.8288,-3.5540,-1.9311,-1.0481,-0.6025,-1.6431,-1.3043,-1.0153,-1.1272,-0.5724,-0.0188,-0.0779,-0.0807,-1.8786,-2.7735,-2.4082,-0.5520,-1.3662,-2.1426,-2.2237,-1.7426
5.1174,4.5060,3.8778,3.3760,3.1457,2.9819,2.9407,2.8900,2.3060,1.4533,0.3745,-0.9333,-1.1725,-1.1974,-0.1404,1.7357,1.6375,1.2537,0.1344,-1.2652,-1.6346,-1.5193,-0.8291,-0.3742,-0.3398,-0.7045,-0.7127,-0.5192,-0.9156,-1.0472,-1.4605,-2.7563,-3.2988,-3.6171,-4.1523,-4.6625,-5.9420,-6.8811,-5.5476,-4.0961,-4.5541,-4.3144,-2.5546,-2.3258,-3.3975,-3.4402,-2.9239,-1.1759,-2.8348,-3.5149,-4.5636,-4.6144,-3.0117,-0.4098,-0.3328,-1.5144,-2.7418,-1.3934,-0.9300,-1.1572,-1.2113,-1.1462,-0.6869,-0.1769,-1.6101,-2.5679,-2.4046,-0.5279,-0.2343,-1.2972,-1.7210,-1.7045
5.2705,4.6244,3.9825,3.4920,3.3034,3.0947,2.6220,2.1697,1.6983,1.4447,0.9074,-0.7578,-1.3019,-1.3991,-0.4207,1.6285,1.6033,1.2485,0.2234,-1.3051,-1.5532,-1.3424,-0.6591,-0.5498,-0.7376,-0.8844,-0.4625,0.5723,-0.8367,-0.8079,-1.9468,-2.3348,-3.0225,-3.9883,-3.3295,-2.7269,-3.7829,-4.7822,-4.1224,-2.6076,-3.6371,-3.4052,-2.6024,-1.5146,-2.1283,-2.7204,-2.8709,-0.7384,-2.2207,-2.6539,-4.3026,-4.3451,-0.8400,0.4982,-0.7508,-2.1851,-6.3729,-0.8795,-1.3950,-2.7454,-2.6466,-2.6439,-1.4062,-1.0159,-1.6876,-2.1156,-1.8932,-0.5682,-0.0170,-0.4054,-0.9993,-1.4503
5.3681,4.7403,4.1134,3.6622,3.4121,3.0580,1.9452,1.2529,1.2629,1.4919,1.2923,-0.5545,-1.3962,-1.6145,-0.8236,1.4593,1.7362,1.3903,0.3917,-1.3084,-1.5047,-1.1131,-0.5972,-0.6936,-0.8898,-0.9776,0.9994,1.1189,0.1343,-1.8417,0.2354,-2.5510,-2.3201,-2.8503,-2.7935,-1.9379,-2.2311,-3.1720,-2.7659,-2.3715,-3.9771,-4.7980,-3.6105,-2.2272,-2.2908,-1.9854,-2.6212,-1.4990,-1.7346,-1.4050,-2.9746,-3.5679,-0.7751,1.0342,-0.3987,-1.4435,-2.4419,-2.0846,-2.2523,-3.1076,-3.2257,-2.5718,-1.5035,-1.2783,-1.7474,-2.2588,-1.8285,-1.1655,0.1653,0.3470,-0.2787,-0.5620
5.4701,4.7850,4.2816,3.7889,3.3859,2.7774,1.4537,0.7349,1.0640,1.7021,1.5914,-0.1826,-1.3543,-1.8144,-1.2928,1.1944,2.0030,1.7714,0.5468,-1.2939,-1.2505,-0.8788,-0.7378,-1.0298,-1.0481,0.4963,1.1479,1.4258,1.1930,0.3242,0.5567,-0.1184,-0.6594,-1.8128,-2.1145,-1.8702,-1.3723,-1.7713,-0.5002,-0.0335,-2.0879,-2.6769,-3.2274,-2.8457,-2.4378,-1.7588,-1.0786,-1.3921,-1.0825,-0.5634,-2.1381,-3.7258,-1.5600,1.2683,0.7115,-1.1673,-3.2167,-3.4496,-2.7085,-2.4715,-1.9566,-1.4760,-0.5652,-1.0619,-1.5248,-1.8042,-2.0611,-1.1323,-0.4074,0.2499,0.4050,0.4374
5.5343,4.8594,4.4226,3.7692,2.9140,2.1943,1.1377,0.7432,1.1807,2.0477,1.8277,0.4061,-0.8183,-1.8834,-1.7885,0.7934,2.2885,2.1396,0.7329,-0.8267,-0.8387,-0.7108,-1.0218,-1.0387,-1.1170,0.6027,1.5827,1.8343,1.8255,1.5350,0.7495,-1.3753,-1.9336,-2.1557,-3.2849,-2.8219,-1.9419,-1.6784,-0.7828,0.3062,-0.2867,0.0085,-1.7887,-2.3464,-2.4306,-1.6670,-1.5031,-1.9695,-1.6349,0.4157,-1.2654,-2.2759,-1.4429,0.0053,0.8598,-0.2352,-2.7829,-3.4277,-2.6734,-2.0625,-1.5936,-0.6337,-0.0607,-0.2306,-1.2342,-1.7896,-1.4172,-1.1298,-0.2652,0.1699,0.5925,0.7322
5.5970,4.9717,4.5460,3.4834,2.2465,1.3542,1.1645,1.1725,2.0223,2.4531,1.9143,1.0897,0.0238,-1.8194,-1.8834,0.4910,2.5239,2.3769,1.1776,-0.0978,-0.4915,-0.6895,-1.0199,-0.9887,-1.0076,1.0954,1.5867,2.1745,0.8149,-0.6338,-2.0221,-4.0626,-5.9301,-3.7008,-2.7481,-2.9809,-2.9899,-3.4113,-2.7874,-0.5712,-0.7542,-1.1436,-1.7075,-2.2558,-2.3391,-1.6730,-0.9497,-1.5638,-0.9551,-0.3369,-0.8188,-2.1833,-1.2983,0.8426,0.9504,0.3069,-1.6748,-3.8236,-3.1688,-2.4944,-2.1386,-1.2149,-0.3408,0.1499,-0.8739,-1.6091,-0.9474,-0.4863,-0.1922,0.0063,0.1477,0.5406
5.6177,5.0309,4.5723,3.2069,1.9431,1.0255,1.2500,2.3454,3.0792,2.7100,1.9635,1.4955,0.7082,-1.3799,-1.6667,0.1324,2.6402,2.7419,1.7286,0.3714,-0.3689,-0.7341,-0.9732,-0.9454,-0.6358,1.1086,1.0223,0.4202,-1.2615,-2.1449,-3.6704,-4.9330,-4.0277,-0.9682,-2.5344,-3.2926,-3.8790,-4.4665,-4.1268,-3.1147,-0.2514,0.5335,-1.5555,-2.3067,-2.1691,-1.3455,-1.0020,-2.1444,-0.6782,0.3526,-0.9830,-3.0972,-1.7135,0.7361,-0.1739,-0.5099,-1.8501,-3.6721,-3.5024,-2.4126,-2.0676,-1.5851,-0.4678,-0.0472,-0.4974,-0.4665,-0.6800,-0.7635,-0.4500,-0.2266,-0.0509,-0.1374
5.5443,4.9016,4.4345,3.0910,1.8993,1.2042,1.8340,3.3839,3.4069,2.7805,2.1914,1.6458,1.1144,-0.5590,-1.2647,-0.0632,2.7940,3.0924,1.9918,0.4512,-0.3956,-0.8828,-1.0215,-0.8402,0.0678,0.1658,-1.3255,-1.6250,-1.0519,-1.4912,-1.7749,-1.9359,-0.8917,-1.3037,-2.3164,-2.5066,-2.4879,-2.6530,-3.4135,-3.8018,-2.1391,0.3567,-0.8538,-2.0271,-2.0905,-1.2330,0.0678,-1.8783,-1.5890,0.4101,-1.0610,-3.9450,-3.3755,0.0170,-0.7648,-1.1081,-2.3695,-2.8525,-2.8070,-2.1080,-1.1140,-0.9184,-0.4656,0.2122,0.3666,0.4139,-0.0287,-0.3399,-0.6025,-0.3546,0.0731,0.2065
5.4070,4.4574,3.9874,3.0638,2.3014,1.7579,2.5950,3.5944,3.4470,2.7322,2.3112,1.8515,1.7645,0.2220,-0.9257,-0.0216,2.9642,3.3072,2.0929,0.4064,-0.6468,-0.9848,-1.0157,0.0486,0.6888,-1.0365,-2.5852,-2.2083,-1.5110,-0.4561,0.3162,0.3766,-0.7864,-1.9953,-4.4819,-3.2340,-1.7440,-0.7919,-1.7373,-2.5503,-1.8034,-0.5800,-0.7041,-1.4225,-1.7751,-0.9443,0.9606,1.3922,-1.2661,0.3286,-0.4642,-3.4882,-5.1883,-2.8668,-0.9866,-1.5239,-2.2271,-2.4732,-2.6143,-1.6686,-0.4829,-0.3035,-0.9534,-0.5960,0.7546,0.6741,0.6912,0.4669,0.1323,0.0567,0.4132,0.6709
4.9730,3.8597,3.4396,3.1961,3.1752,3.0070,3.3069,3.6463,3.4244,2.7877,2.4385,2.2501,2.6364,0.5458,-0.7303,0.3316,3.3297,3.5299,2.3559,0.1581,-0.7914,-0.9357,-0.8963,0.7254,0.6205,-1.1488,-2.2830,-2.3999,-1.7754,-1.7016,-0.3947,-0.2486,-2.2513,-2.8496,-3.6500,-2.2561,-1.1985,0.1748,0.2771,-0.8204,-1.1948,-1.6321,-0.8407,-0.8177,-1.0311,-0.6192,1.2461,0.9143,1.2362,1.5543,0.6838,-2.5356,-4.4206,-3.1409,-0.9171,-0.8530,-1.9462,-2.3110,-1.7309,-1.3761,-0.9420,-0.0595,-0.8536,-1.1059,-0.7197,0.1863,0.7598,1.1202,0.8119,0.5791,0.5917,0.6754
4.4353,3.5477,3.1859,3.5624,3.7349,3.5761,3.5408,3.6662,3.3848,2.8588,2.6313,2.6428,3.0463,0.6402,-0.1778,1.3431,3.8188,3.7284,2.1377,-0.2663,-0.8520,-1.0094,-0.2086,1.0133,0.3007,-0.9003,-1.7085,-2.2300,-1.8186,-2.7446,-1.8681,-1.3438,-2.4610,-2.9462,-1.2945,-2.1408,-0.6099,0.6442,1.3058,0.5605,-0.8342,-1.3055,-1.6268,-0.6267,-0.6256,-0.7107,1.3053,2.2232,1.3422,1.8665,3.6266,0.7497,-2.3072,-2.3264,-0.8953,-0.6418,-1.7473,-1.2242,-1.0689,-1.1152,-1.2442,-0.6516,0.0214,-0.7909,-0.9384,-1.2463,-0.0918,1.4305,1.2402,0.8718,0.9589,0.5801
4.0972,3.4670,3.2953,3.9076,3.9334,3.6646,3.5091,3.6117,3.3455,3.0191,2.6599,2.6766,3.1010,1.1819,0.9503,2.7114,4.0266,3.7132,1.3995,-0.6045,-0.8527,-0.8544,0.8853,1.0285,0.8334,0.8810,-0.7289,-1.8417,-0.1617,0.8256,-0.4376,-1.8030,-2.3245,-2.3645,-0.0349,-1.4279,0.4705,1.2722,1.9339,0.8630,-0.1018,-0.9322,-1.6323,-0.9374,0.3282,-0.2031,1.9765,3.1282,3.0321,2.7020,3.7397,-1.4080,-3.7424,-2.8349,-1.5359,-1.2592,-1.7240,-0.9120,-0.0549,-0.2124,-0.6512,-1.0027,0.0564,0.5385,-0.4929,-0.7708,-0.7082,1.2539,1.2678,1.0006,1.0472,0.7606
4.0198,3.9771,3.9339,4.1714,4.0434,3.7506,3.4416,3.5676,3.4977,3.2578,2.8962,2.8493,3.1893,1.9955,2.0979,3.6574,4.0441,3.3869,0.6000,-0.8173,-0.8638,-0.5554,1.0527,0.5145,0.9454,1.2540,-0.1248,-1.3168,-2.4954,1.9264,2.3460,-1.1807,-1.4749,-0.2902,0.6530,-0.1309,1.6752,1.8118,2.5479,0.1861,-0.6757,-0.7460,-1.2220,-0.7476,0.4914,1.0739,2.0862,3.3616,4.1609,4.5628,4.9471,0.5080,-4.4604,-4.1902,-2.1837,-1.9874,-1.8831,-0.8876,0.3167,0.6089,0.0470,-0.3463,-0.5673,-0.0595,-0.1251,-0.4640,-0.0689,0.5071,1.1043,0.9954,0.8349,1.5844
4.4338,4.5593,4.4455,4.3071,4.0765,3.7852,3.4553,3.5324,3.6252,3.4152,3.0376,2.9802,3.2728,2.9025,3.0694,3.9983,3.9285,2.9932,-0.0997,-1.0111,-0.8210,-0.3632,1.3234,0.3502,0.3947,0.6731,-0.4768,-0.9276,0.4010,3.0869,2.5280,-1.6488,-1.1673,1.0809,1.4374,1.6430,2.5873,1.5135,0.7955,-0.2466,-1.2163,-0.2044,-0.4487,-0.1266,0.4084,1.9429,3.2313,3.8795,4.5576,5.1743,5.5880,3.4629,-4.0037,-6.9275,-5.8375,-2.7813,-1.0361,-0.0371,1.0392,1.0561,0.6008,0.4741,0.5018,-0.1233,-0.6370,-0.4333,-0.0050,0.5825,1.0441,1.2685,1.3940,2.1085
4.8673,4.8071,4.6180,4.4010,4.1770,3.8570,3.4720,3.4758,3.6063,3.5242,3.1191,3.0694,3.3283,3.4697,3.4593,4.1007,3.9460,2.6063,-0.6736,-1.1157,-0.7264,-0.1665,1.9943,0.3060,-0.1487,0.0111,0.1562,-0.3563,0.3414,3.7618,2.4245,-2.2374,0.0036,1.9633,2.3637,2.0357,2.4097,0.5003,-0.4064,-0.6322,-0.9624,0.3032,0.3033,0.7846,1.6954,2.8301,3.0836,3.6011,4.4191,4.9656,5.1590,4.9908,-0.0856,-5.0735,-5.2191,-4.9720,-0.7165,1.6027,2.6370,2.9189,1.8032,0.8457,0.4282,0.2757,-0.4475,-0.4120,0.3250,0.7839,0.8209,1.1326,1.9255,2.3801
5.0761,4.9020,4.6282,4.3714,4.2076,3.8591,3.5563,3.2954,3.5067,3.4355,3.2039,3.1836,3.3279,3.6824,3.5607,4.0346,3.8961,2.0456,-1.1074,-1.1363,-0.5025,0.1574,2.3821,0.6031,-0.3812,-0.3914,-0.0064,-1.8055,-0.9367,2.0762,3.2219,-2.0008,1.0652,2.1188,1.9853,2.1942,1.2109,-0.4562,-0.7096,-1.0018,-0.1424,1.1391,0.8534,1.5286,2.6618,3.8186,4.5269,4.1066,4.1669,4.7538,5.3486,5.2958,3.7481,-4.0551,-3.6074,-4.2746,-2.0149,1.5800,3.3573,3.9132,3.1513,1.3851,0.9670,0.7653,0.0977,-0.1002,0.5702,1.0588,1.4072,1.3837,2.1012,2.4282
5.0414,4.9677,4.6348,4.3341,4.0943,3.8990,3.5440,3.3002,3.3474,3.5378,3.3530,3.3237,3.4512,3.5776,3.3681,3.9781,3.8739,1.3938,-1.3802,-1.0576,-0.1548,0.4594,2.0323,0.6996,-0.6802,-0.8407,-2.1244,-3.1913,0.3033,2.5317,4.1223,-1.9300,0.9531,1.7150,1.7827,1.6459,0.6196,-0.9864,-0.7547,-1.5201,-0.7042,1.8004,2.5207,3.0467,3.2146,3.7088,4.3706,4.3988,4.5786,5.4118,6.0590,6.0302,6.0057,1.0706,0.8061,-1.5433,-1.2198,1.5863,3.5347,4.0416,3.3085,2.5197,1.4111,1.0010,0.6988,0.2177,0.7801,0.8296,1.2021,1.4813,1.9074,2.6669
5.1838,4.9593,4.5215,4.1922,4.0818,3.9276,3.6034,3.2775,3.2723,3.5635,3.5343,3.5124,3.6471,3.5809,3.1534,3.7899,3.7267,0.6705,-1.4550,-0.8306,0.0363,0.6862,1.2371,0.8958,-0.4851,-0.7451,-2.8899,-2.3309,1.2926,3.8954,4.7768,-0.3643,0.8824,1.5637,1.4282,0.6697,-1.2753,-1.7518,-1.2759,-0.6978,-0.7473,2.3520,3.9893,4.5745,4.5273,3.9618,4.0335,4.4381,5.6623,6.3689,6.0289,6.1051,6.2516,5.9305,4.9262,2.3836,1.0478,1.7825,2.9187,3.7597,3.3374,2.9671,1.8881,1.1103,0.7705,0.5462,0.7011,0.9176,0.9626,1.3947,2.1238,2.7750
5.2174,4.9913,4.4071,4.2675,4.1130,3.9714,3.7449,3.3610,3.2033,3.5373,3.6674,3.6476,3.7332,3.5458,3.0622,3.6099,3.4520,0.0547,-1.4003,-0.4175,0.1804,0.7702,0.8543,1.7211,-0.6496,-0.6812,-2.2470,-2.0311,1.3579,3.5130,4.8498,1.1222,0.2926,0.7816,0.3076,-0.1704,-2.2802,-2.4562,-3.1456,-2.1033,0.0777,2.9527,4.6440,5.2095,5.0569,4.3577,4.2952,4.9565,4.7445,2.2510,5.4760,5.5387,6.0416,6.2070,5.6549,4.8532,4.0000,3.1070,2.4817,2.7570,2.9643,3.1352,2.7755,1.4306,0.6685,-0.0793,-0.2795,0.3083,1.2927,0.9922,2.6608,1.5842
5.1832,4.9697,4.4308,4.1294,4.0138,4.0303,3.7875,3.3930,3.1359,3.4584,3.6599,3.7455,3.9069,3.5837,2.9898,3.5654,3.1087,-0.3272,-1.0811,-0.0713,0.2758,0.8210,0.9279,2.3160,1.0906,0.1813,-0.7516,-1.2258,2.1679,2.3641,3.6467,2.5032,-0.5904,0.2363,-0.7667,-1.0255,-2.1180,-2.7342,-3.5726,-2.8624,-1.2028,2.9393,4.9719,5.1161,4.9298,4.8672,4.9669,6.4715,7.6735,6.6343,5.6638,5.6407,6.0813,6.2842,5.9854,5.7357,4.9054,3.8883,2.7560,2.5798,2.9126,3.6017,3.3836,1.9023,1.0266,0.0352,-0.5769,-0.3062,0.8858,1.5877,2.6371,2.3304
5.0988,4.9407,4.4240,4.1466,4.0319,4.1097,3.8620,3.4052,3.0913,3.3279,3.6991,3.8700,3.9479,3.6038,2.8516,3.5504,2.8003,-0.5125,-0.7079,0.0441,0.3134,0.9695,1.0914,2.1996,1.3737,0.9802,1.6732,0.2862,4.4735,3.9620,4.1006,3.4731,-2.6117,-1.5881,-1.4052,-1.5238,-1.6675,-1.5364,-2.7950,-2.7818,-1.5178,3.1386,4.6555,5.2851,5.3389,5.2626,5.8386,7.3566,8.1345,7.3427,6.5087,5.9326,6.0711,6.0241,6.1058,5.6301,5.1388,4.0202,3.0352,2.6431,2.5726,3.0894,3.0166,2.4538,1.1482,0.3383,-0.3587,-0.2013,0.2263,1.0571,2.1649,2.6117
5.0142,4.8673,4.4320,4.1796,4.0363,4.1066,3.8670,3.4314,3.0302,3.2817,3.6168,3.9013,4.0543,3.6163,2.7643,3.5764,2.6150,-0.7086,-0.8393,0.0708,0.3212,1.1397,1.6176,1.1973,1.2406,2.9576,3.2392,1.0765,3.6270,5.4681,5.9968,0.7455,-3.1542,-2.9924,-2.6778,-1.9617,-0.7792,-0.4925,-1.4069,-1.5679,0.0297,3.2472,5.2983,5.5919,5.9727,6.3738,6.8056,7.8698,7.7922,6.8010,6.1603,5.9383,5.8767,5.5697,5.4684,5.0791,4.9401,4.5912,3.4361,2.6648,2.2524,1.9477,2.2681,2.1967,1.2921,0.8149,0.3316,-0.1362,0.5709,1.2055,1.9337,2.5092
4.9072,4.8112,4.5122,4.2290,4.0620,4.0999,3.8996,3.4528,3.0956,3.2645,3.6366,3.9847,4.1324,3.5723,2.8194,3.6194,2.5307,-0.7663,-0.8500,0.0603,0.3239,1.6030,1.8756,-0.2618,2.2155,2.5038,2.6314,0.9738,0.8832,3.1121,4.8602,0.0018,-2.3207,-0.9705,-1.8047,-2.4186,-0.9551,-0.2318,-0.3487,-0.9753,0.7555,4.4045,6.4042,7.5331,8.0465,8.5131,8.7280,9.0556,8.9700,7.3867,6.4780,6.0920,6.0631,5.9897,5.6754,5.5602,5.1918,5.1082,4.1491,2.7808,1.7724,1.4650,1.8638,1.7831,1.3292,0.6390,0.8185,0.9329,1.0343,1.3592,1.5985,2.3196
4.7627,4.7591,4.5607,4.3025,4.1110,4.1008,3.8890,3.4555,3.2003,3.1491,3.5164,4.0136,4.1834,3.5857,2.7934,3.5666,2.4090,-0.6330,-0.7781,-0.0359,0.3132,2.1676,1.7604,0.8126,2.4920,2.3254,1.3851,0.7031,-1.1120,-0.8812,1.6224,2.2871,1.6329,2.6143,3.4827,3.9660,0.7099,0.3892,0.3644,-0.0767,0.8057,4.0965,6.3749,7.2020,7.1802,7.2061,7.7153,8.2954,8.6979,8.2791,6.8729,6.2087,5.9468,5.9720,5.6518,5.6819,5.3105,4.9215,4.3774,3.5132,2.0920,1.2915,1.2931,1.8011,1.3211,0.6916,0.6669,0.9422,1.5363,1.9605,2.0423,2.6889
4.5835,4.6880,4.5625,4.3222,4.0474,4.0029,3.7770,3.5155,3.1882,3.1166,3.3241,3.9782,4.0319,3.4952,2.7537,3.5207,2.1457,-0.2631,-0.7185,-0.1798,0.4374,2.9534,1.6343,2.4727,2.3006,1.7818,0.7517,0.7206,2.2916,2.8098,3.5144,3.6321,3.7453,3.6182,5.7722,5.5600,0.7025,0.2436,-0.0237,0.4121,0.4868,3.7800,5.1916,5.0389,4.1843,4.0981,4.3278,5.3510,6.7645,7.1921,6.5783,5.7967,5.7095,5.9268,6.0224,5.8202,5.4078,5.1611,4.4161,3.5790,2.7001,2.1992,0.9880,1.6584,1.8596,1.9329,1.7861,1.6481,1.9182,1.9905,2.2340,2.8108
4.4398,4.5781,4.5092,4.3207,3.8920,3.9204,3.7852,3.5740,3.1999,3.0647,3.2057,3.8431,3.9283,3.3639,2.6652,3.5573,1.9149,0.1368,-0.7627,-0.3124,0.5343,3.2613,2.2250,2.0414,1.3346,1.0777,0.4259,2.1197,4.3894,4.9560,4.3548,4.1223,5.4916,3.4944,1.9462,-0.2049,-2.1130,-0.8416,-0.0794,0.4094,1.3191,2.2536,3.3991,3.4151,3.3287,3.7085,3.0446,3.3330,4.6353,5.1063,5.3019,5.3952,5.6443,5.8964,5.8953,5.7057,5.4617,5.3164,5.2234,4.2192,3.2175,2.9851,2.5606,1.6364,2.0026,3.0592,2.9617,2.3731,1.7035,1.7254,1.9098,2.2238
4.2646,4.2604,4.5282,4.3848,4.1224,3.9282,3.7583,3.6091,3.1924,2.9809,3.0776,3.6341,3.8196,3.2817,2.5115,3.4218,1.4400,0.4532,-0.6745,-0.3867,0.3187,3.4837,2.2470,0.9200,0.2820,0.3474,0.6319,2.2277,3.4415,4.4224,4.4707,3.4350,3.0431,4.0183,1.9239,-4.2650,-2.6236,-1.6451,0.3790,0.2950,1.3963,2.6267,3.8575,4.3723,4.2249,3.4582,2.9493,2.9572,3.4419,3.8769,4.3017,4.9799,5.5326,5.8428,6.2076,6.1367,5.7637,5.6329,5.8094,5.0814,4.1343,3.5387,3.8049,3.2152,3.3447,4.0550,3.7675,3.1373,2.3913,1.6544,1.8361,1.6688
3.9461,4.5125,4.5406,4.4256,4.1963,3.9164,3.7461,3.5782,2.9982,2.9184,2.7727,3.4748,3.6519,3.1684,2.5183,3.3666,0.8040,0.5568,-0.1242,-0.3204,-0.1227,2.1561,1.8010,0.8395,-0.1837,-0.9979,0.4374,2.1057,3.2714,4.3874,3.6954,3.2154,3.8808,4.7649,5.5280,-1.8703,-4.1382,-1.8105,0.0313,2.7422,3.4464,4.6710,5.4766,5.9984,4.7847,4.5077,4.2472,3.3367,3.2738,2.8526,3.3160,4.0326,4.6804,5.2096,5.4493,5.7754,5.9158,5.9351,6.0284,5.4863,5.2091,5.1658,4.9366,5.0721,4.4801,4.3376,3.9814,3.2722,2.8132,2.5615,2.0776,1.8636
4.0841,4.4775,4.6435,4.4890,4.1016,3.8524,3.7056,3.5349,3.0662,2.6817,2.6135,3.2157,3.3845,3.0069,2.6674,3.2133,0.3835,0.4278,0.4229,0.0342,-0.3212,0.2256,2.0146,1.3606,-0.0669,-1.6790,-1.4760,1.0583,2.6831,3.9331,4.0534,5.5452,5.4865,5.2618,6.3882,2.1713,-0.9398,-1.3980,0.1531,2.5339,4.4563,5.4866,5.8040,6.0831,5.5682,4.8384,4.2431,3.5288,3.4159,3.3033,3.2901,3.7329,4.2015,4.7906,4.8734,5.4838,5.5929,5.6243,5.7140,5.3096,5.3360,5.6817,5.5806,5.6871,5.2605,4.0704,3.2617,2.6028,2.5307,3.2831,2.8359,2.4350
4.0045,4.3503,4.4743,4.3711,4.0562,3.7437,3.5145,3.3941,3.0246,2.7170,2.5744,2.9802,3.1586,2.8904,2.9207,3.0484,0.1694,0.1668,0.6636,0.3126,-0.3611,-0.7368,1.6043,2.2329,0.8064,-1.6630,-1.4533,-0.4215,2.2582,3.8626,3.9409,3.2825,4.2942,5.1683,6.5399,4.9463,3.8516,1.6103,1.9993,2.9144,4.7231,6.1964,6.8081,6.4135,6.2335,5.3380,4.3258,3.9474,3.5579,4.1825,3.5129,3.3902,4.0889,4.6540,4.6082,5.3270,5.5797,5.8376,5.7568,5.5261,5.6088,6.2746,6.2167,6.3652,6.1039,4.1299,2.3369,2.2424,2.9290,3.9833,3.6535,2.6248
3.7464,4.1187,4.3410,4.2558,3.9795,3.6531,3.4654,3.0586,2.9233,2.5564,2.5131,2.9449,3.1013,2.8272,3.0828,2.8611,0.2118,-0.2050,0.6082,0.2738,-0.3938,-0.6640,0.8575,2.9512,2.4935,-0.5418,-0.9259,-0.3426,1.6672,3.5327,1.0181,0.7096,4.5819,5.6653,4.9072,4.8666,6.2878,4.1041,3.6965,3.6393,4.7997,6.0573,6.7363,7.1746,6.6200,5.6778,5.3448,4.4335,4.4615,3.7187,3.2952,3.1016,3.8727,4.2679,4.2351,4.9960,5.5412,6.0349,6.3703,6.4645,6.6754,6.9214,6.9077,6.6408,6.1287,6.0077,4.1500,3.1592,3.2090,3.9356,3.5552,2.3632
3.4473,3.9753,4.2253,4.1860,3.9464,3.6288,3.4271,3.1119,2.8307,2.3118,2.2684,2.8517,3.1864,2.9777,3.3408,2.9368,0.6237,-0.4808,0.4820,0.2079,-0.3030,-0.2063,1.4984,2.3316,3.1297,0.4088,-0.4894,-0.4428,1.1751,2.8679,0.3035,-1.8686,3.5963,6.2705,6.1137,5.3612,5.8372,3.2320,4.6083,5.4174,6.2649,5.8578,6.3677,7.1266,7.1889,6.7696,6.1718,5.8507,5.7091,4.9895,3.7444,3.1139,3.3787,3.8716,4.2475,4.4523,5.6541,6.2710,6.7364,6.9564,7.3855,6.9918,6.6781,6.5425,6.0854,6.6119,5.6968,4.8107,4.5479,3.7568,2.8725,1.7776
3.1658,3.8139,4.1117,4.1188,3.9581,3.6963,3.4429,3.0924,2.7504,2.2341,2.2614,2.8087,3.1015,3.0207,3.5201,3.1197,0.9971,-0.4126,0.4567,0.2376,-0.0447,0.3584,1.9151,2.4058,1.4563,0.1356,-0.0807,-0.6549,-0.1112,0.1948,2.6468,2.4066,4.4296,6.2017,4.9567,3.7651,3.9157,1.6524,1.8905,3.0314,5.1754,5.7472,6.3826,7.1992,7.8518,7.2689,7.2465,6.3268,6.2652,5.5154,4.5501,-2.0779,2.9754,3.8930,4.0543,4.2519,5.2021,6.3654,6.9106,6.9262,7.0337,6.7853,6.4789,6.4615,6.4080,6.4798,6.5653,5.9603,5.3424,4.4538,2.9604,2.2908
2.9222,3.6188,3.9563,4.0450,3.9316,3.6872,3.4549,3.0323,2.7325,2.4867,2.2887,2.6532,3.0193,3.0956,3.5931,3.1035,1.1252,-0.2237,0.4722,0.6337,0.4841,0.7762,2.1313,2.1340,1.1278,0.4020,0.2844,-0.7662,-1.1956,-0.7959,1.2810,2.9322,4.6759,3.9293,2.4853,2.7408,3.1123,3.6315,2.1476,0.4688,1.1858,3.4576,4.4836,5.4130,5.8839,5.6195,6.0767,5.9293,5.6983,5.5897,5.2147,-1.4768,4.5594,5.1943,4.6279,5.3912,6.0045,6.6288,7.1216,7.1940,7.0394,6.6783,6.3827,6.2322,6.3449,5.7868,5.6748,5.5627,5.1198,4.4995,3.3703,2.3214
2.7584,3.4206,3.7769,3.9551,3.7895,3.5608,3.3928,3.1214,2.8488,2.5612,2.3013,2.5208,2.8707,3.0248,3.6036,2.8745,1.1660,0.0532,0.5712,1.3038,0.8320,0.8757,2.1325,1.9543,0.6443,1.0045,0.6020,-1.1728,-0.6574,-0.6178,1.1224,3.8876,4.4632,0.9112,2.3257,2.6407,3.1029,3.3144,3.3333,0.5513,1.0608,1.3350,2.6209,3.5956,4.4923,4.7061,5.4932,5.5357,5.8575,5.8961,6.0966,5.7202,3.9153,5.5029,5.0083,5.7092,6.3233,6.6059,6.6400,6.7747,6.6636,6.7145,6.5588,6.2030,6.3203,5.8164,4.9561,4.6724,4.5706,3.8981,3.1862,2.3208
2.6518,3.2456,3.6524,3.7962,3.6274,3.4263,3.2911,3.0867,2.7359,2.4504,2.2554,2.4757,2.7825,2.9518,3.5487,2.5992,0.9871,0.1815,0.7618,1.7620,0.7040,0.6783,1.6286,1.6822,0.5488,0.7909,1.2346,-1.1000,-0.2154,0.7857,1.9162,4.1116,4.7225,2.4966,2.2080,1.9866,2.8478,2.0746,1.6322,1.0606,1.2055,0.7298,2.2634,3.7221,4.6042,3.7470,4.7425,5.3989,6.4175,6.4608,6.8321,7.1262,6.7927,6.7059,5.4825,5.5149,6.0571,6.2446,6.4350,6.3814,6.0492,6.3951,6.1984,6.2541,5.4854,5.1632,4.9457,4.4231,4.1033,3.7669,3.2876,2.9917
2.5537,3.0976,3.4705,3.6281,3.4676,3.3168,3.2264,2.9849,2.8276,2.4199,2.2204,2.3645,2.6845,2.8688,3.4720,2.2374,0.6900,0.4069,1.1793,1.8813,0.2629,-0.0759,1.0827,1.5322,0.6848,1.3165,2.5532,-0.6998,-0.9246,0.8128,2.8928,2.4209,3.2982,2.2258,0.7524,0.7763,0.6481,-0.1615,-0.9053,0.6796,0.4604,1.2610,2.5435,4.3629,4.2054,4.4934,4.3382,4.8000,5.1120,5.6734,6.1179,6.8931,7.1065,7.0656,6.5698,6.5356,6.0256,5.9472,5.9066,5.8868,5.6030,5.6264,5.4421,5.2633,4.7831,4.7437,4.6552,4.4897,4.2494,3.8041,3.3340,3.3100
2.4779,2.9469,3.2921,3.3971,3.2864,3.1583,3.1473,2.9961,2.8488,2.3012,2.2744,2.4051,2.5381,2.7340,3.3780,1.8719,0.6004,0.4785,1.5151,1.8404,-0.5190,-0.6726,0.8028,1.4893,1.3892,1.7841,2.8273,-0.7363,-1.4814,1.1950,3.1509,2.0773,1.3571,-0.0398,-0.4820,-0.2898,-1.0266,-3.2703,-2.9663,-1.6434,-0.4670,0.7837,3.7646,4.1478,5.1289,4.4507,4.1447,3.7108,3.7301,4.5507,4.7409,5.5044,6.3191,6.9403,7.1959,6.9311,5.7741,5.6919,5.6926,5.5185,5.1344,5.3114,5.0215,5.0657,4.3993,3.8391,3.8118,3.9951,3.7106,3.7634,3.7264,4.2646
2.4689,2.8058,3.1189,3.1727,3.1551,3.0970,3.0709,2.9567,2.7041,2.2501,2.5279,2.4973,2.4573,2.6361,3.2377,1.6220,0.7668,0.5441,1.6971,1.7997,-0.7732,-0.8763,0.5913,1.3767,1.8656,2.2715,1.5130,-0.6337,-2.5711,0.3872,2.0581,1.6101,0.3168,-0.8327,-1.2356,-0.6812,-1.6721,-5.5383,-6.0949,-4.2293,-1.6438,0.6948,3.2475,4.5168,4.1684,2.4633,2.0751,2.1849,2.7621,3.6232,3.6339,4.5101,5.4126,7.3103,7.0500,6.8848,5.6871,5.9540,6.1925,6.0133,5.5450,5.5273,5.0149,4.8045,4.5312,3.0884,2.7470,3.2794,3.7412,3.7704,3.5746,4.7227
2.4962,2.7293,2.9693,3.0376,3.0787,3.0531,2.9827,2.8639,2.6154,2.4035,2.8513,2.6161,2.5590,2.7772,3.1106,1.4474,0.9544,0.5944,1.8709,1.7670,-0.8707,-1.1009,0.1984,1.2414,1.9378,2.4707,1.8241,-1.0869,-2.3688,-0.8053,0.2361,0.1111,-0.5434,-0.7075,-1.6677,-2.5729,-5.3827,-8.3419,-8.0750,-5.6931,-2.5924,-0.1702,1.4811,2.1774,2.2416,0.6612,0.2045,0.9112,2.0177,2.8172,3.1517,4.5820,5.3541,8.2027,7.4136,6.7414,6.1733,6.0606,6.4237,6.6811,6.0507,5.7700,5.1292,4.7759,4.0167,3.3842,1.5354,2.5731,3.5107,3.8200,3.2352,4.3115
2.5193,2.7268,2.8991,2.9673,3.0234,3.0233,2.9179,2.7983,2.6771,2.7136,3.1981,2.9750,2.8013,3.0552,3.0050,1.4129,1.0643,0.6082,1.8689,1.7502,-1.0874,-1.8958,-0.6925,0.8498,1.9989,2.4462,1.7522,-1.2489,-2.4479,-2.1022,-1.6261,-5.0369,-2.9070,-1.5441,-2.2857,-4.3731,-7.0421,-7.5916,-7.5771,-6.6214,-4.1122,-0.1598,1.5664,4.1417,1.8038,0.8088,0.9886,1.4958,1.7462,2.7903,3.2535,4.1906,5.2984,7.1875,6.7270,6.3253,6.5091,6.1922,5.9860,6.2614,5.8801,5.1351,4.2693,3.6909,2.5844,2.1945,2.1993,2.3046,2.3265,2.5386,2.6122,3.7183
2.5527,2.7311,2.8779,2.9151,2.9241,2.9923,2.9111,2.7890,2.7720,2.9436,3.3846,3.1811,2.9963,3.2663,2.9425,1.6304,1.0749,0.5313,1.6164,1.4359,-1.6910,-3.1183,-1.6295,0.6057,1.8771,2.3257,1.7684,-1.0968,-3.2224,-1.6442,-1.4764,-4.7312,-5.2437,-3.8368,-3.1884,-5.6875,-6.1347,-6.5339,-7.0659,-7.2813,-4.7456,-1.5962,-1.5491,2.5748,0.7887,0.7280,0.7864,0.9302,1.6047,2.6795,3.1134,3.7357,5.4389,6.2390,6.2627,6.5000,6.6689,6.1211,5.6654,5.7708,5.3913,4.7268,3.6534,2.4512,1.4374,1.2766,1.9287,2.7783,2.3434,2.2469,2.4933,2.8121
2.6326,2.7660,2.8708,2.9067,2.9309,2.9327,2.8322,2.7584,2.7456,2.9645,3.4111,3.3378,3.0631,3.3147,2.8289,1.6600,0.9751,0.2932,1.1462,0.8837,-2.2017,-3.6948,-2.0121,0.4343,1.6939,2.1938,1.7058,-0.6269,-2.5204,-2.6951,-1.4771,-3.5628,-5.3783,-4.4115,-3.8486,-6.3448,-6.3226,-5.7559,-5.8701,-7.4046,-5.4614,-1.7417,0.2455,2.6797,1.0731,0.0436,0.6383,1.0037,1.9047,2.4333,2.4592,3.3545,5.3030,6.1733,5.9850,6.2258,6.4470,6.0451,5.6783,5.2979,5.1084,4.1534,2.7121,1.9004,0.8492,0.7859,1.0964,1.3776,1.6276,1.8414,2.2291,2.1565
2.6732,2.7645,2.8795,2.9002,2.8834,2.8788,2.7859,2.7100,2.6556,2.7083,3.2112,3.1822,2.8581,3.1825,2.4741,1.4024,0.5879,-0.2620,0.7439,0.4808,-2.3322,-3.7399,-1.9797,0.3956,1.4052,2.1262,3.6575,0.5822,-0.7203,-2.7066,-2.4614,-3.6989,-5.3942,-4.0424,-4.8051,-6.8924,-6.6213,-5.5815,-6.9402,-6.6130,-6.4530,-1.3921,0.9159,2.9763,2.7464,-0.3910,-1.1167,0.1316,1.1603,1.1839,1.4308,2.1062,4.0093,5.3135,5.2730,5.3627,5.2744,5.2606,4.8844,5.1260,4.9232,4.0420,2.8540,2.7973,-0.7239,-1.3772,-1.8581,0.8051,1.5731,1.3443,1.1540,1.6908
