1.4348,1.4034,1.2915,1.2845,1.4630,1.1948,1.2767,1.4835,1.5308,1.6942,1.4041,1.1760,1.2152,1.4677,2.0080,2.2597,1.9865,1.4600,0.8854,0.4895,0.5050,0.6648,1.0005,1.4070,1.3578,1.0268,0.3052,-0.4013,-0.8769,-1.3089,-1.3375,-1.0623,-0.6481,0.4541,-0.4208,-0.7030,-2.4214,-3.0251,-1.6931,-1.5944,-1.7318,-2.7766,-4.2142,-3.5982,-2.6893,-2.0176,-1.4001,0.5688,-0.0188,-2.2690,-3.2276,-3.2881,-4.6967,-6.1380,-6.3709,-6.1257,-5.0806,-3.8656,-3.6133,-3.7650,-3.4591,-2.5191,-2.1876,-1.4642,-0.9809,-0.9636,-1.0186,-0.5369,-0.0299,2.3977,2.6599,2.2155
1.2670,1.1591,1.0698,1.0519,1.3689,1.4790,1.9966,2.0191,2.2950,2.4092,2.0683,1.8421,1.8494,1.7961,2.1746,2.4287,2.0255,1.3813,0.7227,0.4194,0.5526,1.0080,1.4409,1.7163,1.5722,0.9975,0.0329,-0.8035,-1.3643,-1.7897,-1.6335,-1.2504,-0.7277,1.1804,-1.3995,-2.2419,-4.2276,-2.0996,-2.0024,-2.2308,-1.9580,-2.5222,-3.8700,-3.2556,-2.8513,-2.0784,-1.4963,-1.0111,-2.0041,-4.3264,-5.5079,-5.5693,-5.8791,-6.4190,-4.8722,-4.7552,-2.9283,-2.4884,-3.3483,-3.3553,-3.3985,-3.1395,-2.7439,-2.0749,-1.6264,-1.6125,-1.6141,-0.9004,0.1538,2.2233,2.5653,2.3568
1.0579,0.9444,0.9871,1.1776,1.7785,2.2323,3.0531,3.2193,3.2724,3.1189,2.8357,2.6060,2.3276,2.1782,2.2851,2.3344,1.8269,1.1310,0.6494,0.4751,0.6773,1.3547,1.7026,1.8736,1.7081,0.8307,-0.3232,-1.1823,-1.8174,-1.9586,-1.7449,-1.3545,-0.5390,0.9839,-2.3896,-2.6533,-3.9552,-2.0815,-2.3477,-2.3613,-1.5143,-2.8307,-4.1307,-4.0412,-2.9506,-2.7367,-1.3084,-0.8736,-3.0633,-4.8832,-6.5546,-6.7291,-6.3114,-4.2223,-2.5961,-2.7118,-1.9355,-2.1561,-3.2934,-3.2390,-2.4909,-2.9742,-2.9446,-2.5311,-2.0638,-2.4170,-2.2755,-1.6336,0.0628,1.8477,1.4553,1.9208
0.7946,0.7444,0.8654,1.5298,2.4689,2.9862,3.7639,4.0360,4.1220,3.5289,3.1803,2.7687,2.3443,2.2158,2.2754,1.8225,1.3596,0.8467,0.5335,0.5996,0.8148,1.3878,1.8001,1.9481,1.6225,0.5561,-0.6160,-1.4225,-1.9815,-1.9807,-1.8269,-1.4466,-0.6828,-1.0135,-1.9352,-1.8198,-1.1450,-3.1032,-4.1168,-3.4078,-2.3905,-3.8294,-4.6802,-4.3871,-3.7509,-2.4117,-1.1707,-0.8884,-2.6148,-3.2317,-6.6080,-6.2831,-4.7148,-3.3901,-3.6588,-3.3818,-3.3761,-3.6833,-4.5615,-3.9669,-2.3683,-2.5688,-3.0353,-2.7396,-2.1272,-2.8359,-1.7301,-1.3296,0.0766,1.3804,1.3340,1.0949
0.6775,0.7301,0.9144,1.7938,2.9288,3.4242,3.9795,4.4220,4.4357,3.7652,3.2366,2.7019,2.2493,2.0621,1.6505,1.0746,0.6716,0.4373,0.4489,0.6299,0.8755,1.3463,1.7695,1.7710,1.2371,0.2379,-0.7763,-1.5942,-1.9456,-1.9437,-1.8587,-1.3637,-0.4289,-1.8524,-4.9668,-7.3067,-6.6872,-5.8375,-5.0735,-3.2010,-3.4767,-5.1239,-5.1362,-4.6309,-4.0576,-2.5123,-1.6056,-1.1946,-1.8804,-1.9827,-5.6576,-5.5301,-5.0093,-4.5395,-4.5503,-3.9125,-4.2966,-4.3399,-3.9145,-3.8995,-2.3728,-2.5567,-2.6562,-2.7896,-1.5986,-2.7608,-1.5056,-0.4970,0.7273,1.3218,0.4876,1.6343
0.7058,1.0161,1.3001,1.9147,3.0220,3.5798,3.9862,4.4534,4.5038,3.8834,3.2863,2.4292,1.5951,1.0578,0.5770,0.1786,-0.0596,-0.0753,0.2809,0.5632,0.8221,1.1671,1.4165,1.2489,0.7983,0.0568,-0.8835,-1.6100,-1.8992,-1.9608,-1.7579,-0.8663,-1.3153,-6.6746,-6.9719,-6.3372,-5.1229,-5.1812,-3.8125,-3.4609,-5.7423,-5.4219,-5.3176,-4.5888,-4.0762,-2.3349,-0.8525,-1.1626,-1.1423,-0.7077,-4.8598,-4.3856,-4.5302,-4.6001,-5.0139,-4.2421,-4.4482,-4.1341,-3.6757,-4.4337,-1.8442,-3.3019,-2.7288,-2.9321,-1.0820,-2.4566,-1.3372,-0.0941,1.0926,1.5893,0.3709,1.0879
0.6704,1.1544,1.7091,2.2054,2.9690,3.5627,3.9154,4.4142,4.5439,4.0193,3.3848,2.3092,0.8926,-0.0543,-0.3955,-0.6258,-0.7571,-0.7048,0.0252,0.4684,0.6650,0.9625,0.8939,0.7947,0.5669,0.0208,-1.0250,-1.6310,-1.8867,-1.9638,-1.4150,-0.3829,-3.7239,-6.0210,-2.4483,-1.3647,-1.4563,-1.8118,-1.8892,-5.1065,-5.7082,-5.7333,-5.3394,-4.5431,-3.5656,-1.8386,-1.4118,-1.4019,-0.9994,0.3170,-2.4617,-1.3132,-2.2870,-3.1845,-4.6599,-4.1342,-4.4614,-4.2540,-3.8855,-3.7905,-2.7661,-3.0630,-2.4573,-2.1888,0.1313,-2.5150,-0.7902,0.7777,2.0142,1.7268,1.1423,1.5333
0.8433,1.2085,1.9414,2.3125,2.9093,3.4849,3.8185,4.3965,4.6122,4.0152,3.3725,2.3095,0.8685,-0.3263,-0.9179,-1.1610,-1.2791,-1.2986,-0.3521,0.2658,0.3796,0.5407,0.6329,0.6538,0.5745,0.0224,-1.1601,-1.7067,-1.9056,-1.7413,-0.7951,-1.0481,-6.3506,-2.6484,-0.8274,-1.3036,-2.1124,-1.2753,-2.8395,-5.1459,-5.9659,-6.6519,-5.8948,-4.9739,-3.6615,-1.5744,-2.0111,-1.2177,-0.3338,1.5636,-0.5568,-0.3916,-3.3343,-4.0296,-3.2309,-3.9602,-5.6613,-4.7249,-3.3884,-3.6963,-3.5136,-3.7670,-1.2654,0.0176,0.0102,-1.9401,0.1496,1.1592,1.6355,1.4976,2.0798,1.9473
1.3213,1.4307,1.8976,2.4727,2.9600,3.4718,3.8474,4.4388,4.5415,3.8112,3.1978,2.3449,0.8976,-0.3051,-1.0775,-1.3354,-1.5384,-1.6472,-0.9105,-0.2209,-0.0445,0.3498,0.5825,0.6877,0.6460,0.0722,-1.3199,-1.7383,-1.8769,-1.4480,-0.5819,-1.4313,-5.2109,-0.6460,-0.6142,-1.4710,-2.9649,-0.4680,-3.3111,-4.2385,-5.4186,-6.9036,-6.7121,-5.3424,-3.4390,-1.3794,-2.8610,-1.7862,0.1274,2.9540,0.0125,-1.4990,-2.3734,-3.9862,-1.9074,-4.4483,-5.6052,-4.6328,-1.6411,-1.4099,-1.0603,0.6562,2.4456,0.6293,-1.7583,-2.0472,-0.0746,1.2803,1.8181,1.4531,1.9277,2.1099
1.9099,1.9545,2.4021,2.7134,2.9783,3.4466,3.9214,4.4372,4.4107,3.4970,2.9573,2.3798,1.2365,-0.0537,-1.0273,-1.4455,-1.6729,-1.7863,-1.4343,-0.8092,-0.2962,0.3032,0.6677,0.7817,0.7356,0.1158,-1.3756,-1.7428,-1.7602,-0.9851,-1.4662,-6.3932,-3.6168,0.4580,0.2461,-1.8588,-3.0984,-0.4519,-3.9289,-3.5810,-4.7473,-7.0452,-7.1570,-5.4604,-3.7439,-2.6310,-3.6307,-1.4956,0.5751,3.1761,1.1850,0.0008,-0.5231,-5.5639,-0.9557,-1.3138,-4.1880,-3.4025,-0.2889,0.3465,2.1545,1.4946,0.6647,-0.1725,-1.0857,-0.9251,0.3701,1.9053,1.8291,1.6086,1.8630,2.2290
2.3625,2.4021,2.8478,3.0285,3.2104,3.4636,4.0929,4.3820,4.1797,3.1948,2.7582,2.4454,1.7504,0.4989,-0.6691,-1.4207,-1.6922,-1.8313,-1.6978,-1.2352,-0.4245,0.2706,0.6136,0.8588,0.9029,0.1569,-1.2775,-1.5993,-1.2528,-1.1412,-3.0514,-5.9038,-1.5551,1.0526,0.5718,-2.8786,-3.8061,-0.9581,-0.9947,-3.1316,-5.1079,-6.7829,-6.8287,-4.6584,-3.8069,-3.5995,-2.4186,-0.2568,1.2768,3.0566,4.2784,1.9288,0.3477,-5.7306,-2.9781,-0.2448,-0.4051,0.7966,2.0951,2.0378,3.3698,1.7885,1.6819,0.7262,0.8994,0.8326,1.9166,2.3760,2.9569,2.3889,1.8212,2.0858
2.5699,2.7039,3.0789,3.3520,3.4751,3.6077,4.0572,4.1320,3.7037,2.9787,2.6874,2.5222,2.1476,1.1103,-0.1327,-1.0458,-1.4616,-1.6261,-1.6529,-1.4215,-0.7315,-0.0117,0.5309,0.9336,1.0791,0.3941,-0.8535,-1.2311,-0.3225,-0.1888,-4.5278,-1.5071,-0.8034,1.3806,0.3712,-3.9225,-3.5965,-0.9270,-1.6157,-3.7189,-5.6888,-6.5059,-6.3362,-4.5857,-4.0520,-4.3351,-2.5768,-0.6598,2.3199,3.2696,2.6810,0.2046,1.1999,-3.5998,-3.6026,-5.3952,-1.7512,1.0366,2.1403,3.0441,3.0723,2.3542,2.1037,1.9662,2.1374,1.5842,2.1039,2.3513,2.4782,2.7870,2.5593,2.3873
2.9195,3.0312,3.3457,3.5830,3.5973,3.6667,3.9850,3.7632,3.2391,2.8552,2.6283,2.5444,2.3061,1.6597,0.6832,-0.1079,-0.6594,-1.0274,-1.3571,-1.3704,-1.0427,-0.3935,0.3821,1.0463,1.3329,0.7376,-0.1727,-0.5145,1.3250,-1.2270,-1.4464,-1.2245,-0.2840,1.9270,-0.5726,-4.5006,-3.6797,-2.2048,-2.5334,-4.1038,-5.4812,-6.0655,-5.0002,-4.6066,-5.8679,-4.4806,-1.8650,-0.0584,3.1859,1.2026,1.2784,0.1469,1.8957,-1.7430,-2.0506,-4.4378,-3.1298,1.7315,1.7850,2.4992,3.4725,2.7182,2.6176,2.3411,1.9980,1.9575,2.0874,2.1022,2.0876,2.2952,2.5043,2.4301
3.2891,3.2419,3.3952,3.5254,3.5095,3.6327,3.8588,3.5952,3.0576,2.7679,2.6709,2.6256,2.4661,2.1188,1.5385,0.9515,0.3789,-0.2666,-0.8770,-1.1172,-1.0390,-0.7007,0.1398,1.1113,1.5336,1.2581,0.6400,0.4233,2.5837,0.2063,-1.2539,-1.3018,0.7482,1.6486,-1.7771,-4.4851,-3.8121,-3.1958,-3.3489,-5.1685,-5.5541,-5.0517,-4.2684,-5.1564,-7.1408,-4.6736,-2.2122,-0.0550,1.5036,0.2528,0.1987,-0.4730,2.0450,-1.7841,-2.4181,-5.0237,-3.6867,0.5062,2.3199,2.1534,2.7460,2.6775,1.8896,1.5547,1.5961,1.2534,1.5344,1.1535,1.3051,1.7046,2.0468,2.3089
3.0775,3.4083,3.4668,3.4769,3.5626,3.3835,3.5646,3.4842,2.9889,2.7349,2.7727,2.7598,2.6651,2.4308,2.0936,1.7871,1.4070,0.5698,-0.3401,-0.8242,-0.8586,-0.7587,-0.0858,1.0822,1.6144,1.5854,1.2552,1.0008,1.6662,-0.3352,-0.6147,0.3605,1.6392,0.7354,-3.1719,-5.5077,-4.9582,-4.0807,-5.0215,-4.9562,-4.4925,-3.6060,-4.4984,-5.9030,-7.3902,-4.8142,-1.8427,-0.1717,0.5956,0.0046,0.4127,0.6980,-1.0063,-3.0007,-3.4983,-6.8947,-5.5933,0.0551,1.9536,2.0035,2.0219,1.9416,1.2954,1.0703,0.7888,0.7768,0.6455,0.6566,1.1165,1.5598,2.4245,2.9501
3.0805,3.3936,3.4969,3.5471,3.4527,3.6056,3.6834,3.2025,2.8743,2.7164,2.8597,2.9222,2.8442,2.6281,2.4005,2.3076,2.0305,1.2004,0.1745,-0.4881,-0.5471,-0.6090,-0.0777,1.2630,1.7407,1.7723,1.2870,0.6626,0.7724,-0.3007,0.1538,0.9257,0.9331,-0.6419,-3.3526,-5.8605,-5.4958,-5.4505,-5.2779,-4.3644,-2.9906,-2.9539,-5.0780,-5.7158,-4.5960,-3.2270,-1.8480,-1.1871,-0.0343,0.1130,-0.5736,-0.3108,-1.5623,-3.1946,-4.9853,-5.3752,-5.7278,-2.8363,0.6443,1.7834,2.2492,1.1411,1.0671,0.9721,0.4129,0.1508,-0.0521,-0.1842,0.2562,1.0556,1.9235,2.4510
3.1968,3.3379,3.4438,3.4948,3.3814,3.3276,3.4024,2.8565,2.6689,2.7950,2.9495,3.0122,2.9722,2.8348,2.6308,2.4692,2.1479,1.3881,0.5437,-0.0698,-0.1891,-0.2591,0.1841,1.3410,1.6376,1.6536,0.9798,0.2066,-0.0623,-0.2689,0.1545,0.2904,-0.6746,-1.0829,-1.4080,-4.0123,-5.8484,-6.1169,-5.1187,-3.3516,-0.9879,-3.5583,-6.3483,-4.9340,-3.6651,-3.8808,-2.5713,-1.5932,-0.8077,-0.6519,-2.6559,-1.6644,-2.2980,-2.0987,-4.4080,-2.3705,-4.2604,-3.3561,0.6853,1.4236,1.5009,1.5076,0.9946,-0.0990,0.0666,-0.2741,-0.4691,-0.3333,0.1244,0.7669,0.9840,1.6486
3.4220,3.2592,3.2460,3.3987,3.1720,2.8304,2.7304,2.3396,2.3120,2.7574,3.1546,3.2290,3.1830,3.0216,2.7113,2.4670,2.1461,1.4014,0.7039,0.2146,0.1809,0.1196,0.7286,1.4478,1.4926,1.4761,0.5172,-0.2137,-0.4672,-0.6216,-0.1731,-0.3640,-0.4557,-0.3325,-0.6459,-2.5008,-5.0518,-5.2634,-3.7694,-0.9688,-2.6248,-4.4785,-5.0865,-3.6205,-3.6078,-4.3272,-3.1692,-2.5208,-1.4990,-0.9274,-2.6241,-0.7981,-2.6845,-2.4584,-5.5686,-1.1603,-2.1204,-2.7888,0.5773,1.2708,1.1227,1.2025,1.2007,0.2479,-0.0692,-0.3128,-0.3442,-0.2597,0.4459,0.6724,0.7148,1.3121
3.6455,3.3740,3.3723,3.2127,2.7361,2.0164,1.6683,1.8863,2.2728,2.8380,3.2812,3.4180,3.3844,3.1860,2.7405,2.4079,1.9607,1.3413,0.7800,0.4161,0.4171,0.4759,1.2559,1.4903,1.3933,1.0432,-0.2499,-0.6206,-0.7351,-0.5573,-0.3651,-0.5006,-1.4415,-0.8447,-1.9064,-3.3249,-4.4047,-4.2635,-1.9658,-2.7090,-2.9400,-4.6048,-3.9002,-3.4339,-4.3108,-4.3151,-3.7867,-2.8333,-2.0835,-1.2332,-2.0011,0.5739,-1.7093,-3.7466,-5.7741,-4.1576,-2.0251,-1.3622,1.1207,1.1481,0.8108,0.0073,0.2392,0.7261,0.1604,0.0543,-0.1464,-0.0901,1.0057,0.8134,0.3495,0.9176
3.7043,3.4887,3.3386,3.0106,2.4717,1.6761,1.5046,1.8633,2.2533,3.0633,3.4991,3.5543,3.3782,3.1908,2.6108,2.2619,1.9416,1.3788,0.8101,0.5893,0.5541,1.0784,1.5364,1.5367,1.2720,0.4746,-0.7254,-0.9343,-0.5224,-0.8428,-0.8385,-2.2023,-3.8208,-3.3991,-4.6746,-6.4892,-7.4926,-4.6094,-2.9915,-2.0151,-1.9353,-3.6551,-3.1742,-3.8268,-5.5980,-4.8591,-3.5210,-1.6071,-0.3772,-0.4474,-0.6803,0.2261,-1.0233,-2.6823,-5.4819,-4.2238,-1.9631,-1.0718,-0.8388,1.2017,1.1372,0.1087,-0.7537,-0.0621,0.3028,0.3059,-0.3296,-0.5231,0.2596,0.3824,-0.0990,0.6342
3.7343,3.4158,3.1660,2.5429,2.0054,1.7015,1.5446,1.9997,2.6103,3.3113,3.7380,3.7230,3.5170,2.8716,2.3369,2.1535,1.9317,1.4582,0.8995,0.8349,1.0380,1.2810,1.3241,1.5260,1.1037,0.1961,-0.9700,-0.4158,-0.0672,-1.1599,-0.2797,-1.8229,-2.2395,-3.5175,-4.8373,-4.2529,-1.1089,-0.9751,0.0317,-0.8439,-1.9314,-2.5683,-2.8790,-4.5559,-5.9467,-4.9796,-2.8728,-1.6738,-0.2450,0.0545,0.6772,0.5305,-0.1413,-1.6673,-1.3622,-2.2057,-1.2797,-1.3308,-2.3510,-0.1526,0.4451,-0.1788,-0.5697,-0.5211,0.0346,-0.0393,-0.8790,-0.8670,-0.9853,-0.1820,-0.1655,0.3190
3.7844,3.1074,2.5370,1.9305,1.6566,1.7600,2.1991,2.6517,3.1139,3.6612,3.9011,3.7899,3.3407,2.5009,2.1112,2.0000,1.9654,1.5275,1.0497,1.1480,1.3060,1.6224,1.5240,1.0866,0.8616,-0.0296,-1.1530,0.1019,0.0396,-0.0855,-1.3940,-3.6874,-3.8421,-4.1338,-1.1877,3.6819,0.1993,2.0645,0.4013,-0.5488,-0.0420,-1.8453,-3.0818,-5.2490,-6.4042,-4.9136,-3.4840,-2.3783,1.3447,-0.7294,-1.8669,-1.3304,-0.9873,-1.6600,-1.1964,-2.3099,-1.8970,-1.7224,-2.8899,-1.1182,-0.3415,-0.6386,-0.7348,-0.9798,-1.0356,-1.3697,-1.5992,-0.9752,-1.3013,-1.1046,-0.7169,-0.0271
3.7769,2.7059,1.7466,1.3572,1.5070,2.1602,3.0635,3.5650,3.6517,3.8189,3.9685,3.7654,2.7871,2.1611,2.0316,2.0387,1.9511,1.6817,1.3969,1.5813,1.7409,1.6953,1.5396,0.8642,0.2865,-0.6284,-0.8627,-0.5007,-0.3443,-0.8234,-2.8217,-3.3271,-4.1172,-3.2270,1.5224,2.8569,-0.2260,1.3756,0.2282,0.8682,0.4336,-1.8981,-3.7840,-6.0173,-6.3986,-5.0842,-4.1784,-2.6120,-0.5230,0.4321,-0.7809,-2.1797,-2.6720,-2.2968,-2.1928,-3.3434,-2.8879,-2.6828,-3.7322,-2.0907,-0.8510,-1.1778,-1.0941,-1.5187,-2.0854,-2.3661,-2.1732,-1.7600,-1.3545,-1.0892,-0.8521,0.2001
3.6294,2.2552,1.4746,1.2515,1.4339,2.5378,3.1817,3.6690,3.8812,3.9371,4.0010,3.5796,2.4006,2.0839,2.0059,2.2317,2.1309,1.8875,1.8740,2.0362,2.0719,1.8116,1.4291,0.7165,0.1206,-0.8302,-1.4057,-1.1393,-0.8028,-1.3499,-3.0544,-2.5043,-2.9629,-2.2232,1.2712,0.5804,-1.0474,0.7465,1.1470,0.8728,-0.0449,-2.7847,-5.0219,-6.8922,-6.9777,-5.3874,-3.8932,-2.6023,-1.9588,0.6117,-0.2488,-2.3792,-1.4411,-1.6787,-2.6178,-2.7417,-2.7132,-2.4464,-3.0722,-3.0692,-1.9022,0.1128,-0.6023,-1.4260,-2.3140,-2.2830,-2.3258,-1.8358,-1.9253,-1.4001,-0.9193,-0.0044
3.2638,2.1099,1.4462,1.2626,1.5591,2.8744,3.1632,3.5387,3.9817,3.9322,3.9326,3.3113,2.3508,2.0486,2.2717,2.4164,2.3178,2.2549,2.3898,2.4494,2.3227,1.8958,1.2779,0.5140,-0.2177,-1.4044,-2.0886,-1.7252,-1.7329,-1.7145,-1.5967,-1.7071,-2.7530,-2.4465,-1.2050,-2.0107,-0.8629,0.2017,1.0817,1.1337,-0.4664,-3.5413,-5.9707,-7.2348,-7.4097,-5.4721,-4.6136,-2.4412,-1.8145,0.5222,-0.2551,-1.2141,-5.3608,-3.4202,-3.2941,-3.0325,-2.8388,-2.6430,-3.4554,-2.9221,-2.8252,-0.8959,-0.5599,-0.7170,-1.6090,-2.0482,-2.2356,-1.8769,-1.8758,-1.3999,-0.6166,0.4480
2.8873,2.1649,1.6727,1.8277,2.5924,3.1414,3.2573,3.5393,3.6879,3.7471,3.5751,2.9702,2.3930,2.3647,2.6368,2.5997,2.5273,2.6636,2.9058,2.8670,2.5803,2.0106,1.1070,0.2949,-0.7181,-1.8266,-2.3464,-1.8828,-2.0435,-1.7358,-1.9642,-2.3248,-2.0074,-2.3467,-4.8280,-3.5322,-0.5676,0.9931,1.7153,0.6841,-1.7005,-4.9763,-6.2869,-6.9571,-6.3030,-5.2541,-3.4538,-3.0846,-0.5101,0.0561,-0.3203,-0.7686,-1.4186,-2.9428,-3.6130,-3.8107,-3.8200,-2.6945,-2.2146,-1.7325,-1.9292,-1.2905,-1.2227,-1.1157,-1.2024,-1.3041,-1.6440,-1.5028,-1.5955,-1.4133,-0.4299,0.8163
2.9848,2.7024,2.7043,3.0071,3.3120,3.3416,3.3991,3.4696,3.4256,3.2180,3.0488,2.9032,2.7997,2.9259,3.1151,3.0317,3.0858,3.0511,3.1821,3.1416,2.7083,1.9856,0.8832,-0.1325,-1.1178,-2.0621,-2.6061,-2.1634,-2.6795,-1.8871,-2.1604,-2.7438,-2.8429,-3.1133,-3.5490,-1.8096,-0.6568,0.5506,0.6294,-0.9922,-3.3278,-5.8230,-6.1717,-6.3933,-5.2455,-4.2354,-1.7590,-2.5676,-2.5183,-0.9838,-1.2556,-0.9770,-1.0718,-1.1050,-3.4522,-3.7038,-1.8953,-1.5295,-1.7688,-1.4859,-1.2346,-0.9771,-1.3344,-1.9681,-1.5721,-1.2394,-0.7912,-0.7063,-1.0944,-1.2229,-0.3392,1.0186
3.3000,3.8140,3.8312,3.5925,3.4893,3.4219,3.4135,3.4273,3.2894,2.7541,2.6668,2.9447,3.2316,3.4189,3.5041,3.4124,3.4410,3.5521,3.4003,3.1973,2.5938,1.7324,0.6973,-0.4829,-1.3609,-2.1347,-2.7745,-2.6209,-2.1686,-1.9434,-1.9014,-2.5516,-3.7419,-3.9351,-3.5312,-1.5627,-2.1982,-1.7472,-1.4931,-1.9209,-3.7246,-5.7186,-6.6394,-6.1532,-5.5098,-3.6092,-1.9950,-0.7435,-1.6167,-1.9652,-1.9990,-1.3783,-1.2857,-0.4317,-2.1764,-1.5297,-2.2459,-2.3783,-1.5982,-1.0739,-1.1141,-1.0436,-1.5328,-1.7638,-1.1152,-0.8097,-0.6971,-0.6200,-0.3632,-0.5720,-0.1315,1.3745
4.0668,4.6761,4.2225,3.8082,3.6535,3.2583,3.4638,3.3617,2.9855,2.5652,2.5909,3.1315,3.6137,3.6881,3.6871,3.6357,3.6029,3.6201,3.6135,3.1624,2.5089,1.6429,0.5487,-0.4666,-1.4891,-2.1390,-2.2942,-1.3209,-1.4077,-1.8652,-0.6494,-2.0727,-3.4890,-4.1584,-3.1815,-2.3105,-2.7515,-2.4907,-1.6826,-1.4939,-3.2990,-5.2102,-5.8715,-5.6947,-5.0577,-3.1560,-1.9968,-1.0107,-1.1567,-1.2504,-1.5823,-1.0130,-0.3484,-1.0872,-1.6362,-0.9262,-2.2435,-1.6679,-0.6772,-0.5130,-0.6455,-0.9689,-1.4435,-1.5778,-0.6816,-0.4947,-0.7858,-0.3603,-0.9719,-0.3621,0.3484,1.0277
5.1578,5.0839,4.5129,4.0123,3.6875,3.0538,3.0106,3.1342,2.9692,2.6016,2.6862,3.4823,3.9780,3.8792,3.5261,3.5874,3.6269,3.6298,3.6406,3.2450,2.4690,1.6446,0.5789,-0.5610,-1.2817,-1.6639,-1.0426,-0.8879,-1.1531,-0.7267,-0.9330,-1.5021,-2.4450,-4.1366,-4.1068,-2.4215,-2.1857,-1.8080,-1.0498,-0.2950,-1.7711,-3.9205,-5.0861,-5.2438,-4.2772,-2.0480,-1.4415,-0.8271,-0.9624,-1.0690,-0.9143,-0.6637,-0.1154,-0.3507,-0.5511,-0.4737,-1.7081,-1.2556,-0.4058,-0.0901,-0.4470,-0.4896,-0.4735,-0.9601,-1.0605,-0.7893,-0.2758,-1.7806,-0.4966,0.5991,1.0744,1.2801
5.8818,5.5021,4.7088,4.0480,3.6299,2.8411,2.7087,3.1870,3.1419,3.0077,3.1286,3.7241,3.8735,3.7617,3.4873,3.5603,3.5553,3.7209,3.6073,3.1345,2.4591,1.5725,0.4709,-0.5347,-0.9729,-1.1005,0.0650,-0.5159,-1.6937,-1.4941,-1.0983,-2.0625,-0.8906,-0.6869,-0.7062,-0.2593,0.3745,1.0836,1.7195,1.7405,-0.9210,-4.2834,-4.4715,-4.7548,-4.6940,-2.3268,-1.1056,0.3401,-0.2138,-0.3634,-0.4713,-0.0892,0.1025,0.5117,0.8399,0.9206,-0.2113,-0.2883,-0.1643,-0.1653,0.2137,-0.1232,-0.6200,-1.0564,-0.7917,-1.0211,-0.9146,-0.7577,-0.6923,0.1936,1.6192,1.6775
6.2123,5.6905,4.8971,4.1682,3.6317,2.9380,2.8346,3.2608,3.5267,3.6435,3.7925,4.0901,3.9352,3.7799,3.5883,3.4402,3.6056,3.7784,3.5636,3.0843,2.4043,1.3828,0.3496,-0.2544,-0.4606,-0.0844,-0.0072,-0.0335,-0.2180,-0.2159,-0.4028,-0.9943,-0.7606,-0.8098,-0.5176,0.2679,1.1364,2.0382,2.8791,1.9556,-0.6715,-2.9192,-2.4181,-2.9040,-2.7589,-1.5876,-0.9878,0.1253,0.0148,0.2767,0.4191,0.6674,1.0721,1.1130,2.1432,2.0745,1.4753,0.4586,0.1324,0.3083,0.3784,0.0543,-0.5078,-0.9390,-0.4439,-0.3560,-0.4626,0.0012,-0.0161,-0.4510,0.1627,1.6463
6.3242,5.7792,4.9977,4.2378,3.6360,3.1409,3.1435,3.5154,3.9004,4.0393,4.1521,4.2509,4.0679,3.8193,3.5430,3.4876,3.7667,3.7928,3.6215,3.0024,2.1272,1.1366,0.3989,-0.0466,-0.4664,-0.0778,0.3304,0.3486,0.3333,-0.1462,-1.4043,-2.4970,-3.1444,-2.8686,-1.1450,0.4629,1.8269,2.5207,2.8790,1.7142,-0.7731,-2.3200,-1.9497,-1.2638,-1.2868,-1.0083,-0.5014,0.1655,-0.1356,0.5230,1.2089,1.7305,2.1799,2.3256,3.1016,2.9798,2.2457,0.7962,0.2834,0.6757,0.6402,0.4188,-0.0380,-0.4486,-0.5627,-0.1979,-0.2131,0.1152,0.3207,-0.1222,-0.0253,0.8941
6.3355,5.7898,4.9887,4.1633,3.7145,3.5314,3.6160,3.9654,4.1210,4.1798,4.1988,4.2197,4.1232,3.7399,3.4989,3.4401,3.8268,3.7216,3.5008,2.7380,1.7596,1.0051,0.4529,0.0181,-0.4160,0.4750,0.1746,0.1402,-0.9951,-1.6230,-2.2240,-3.2710,-3.6274,-1.3545,-0.3115,0.6872,0.7425,1.4662,0.6565,-0.9307,-2.2045,-3.4870,-1.7118,-0.8219,-1.1336,-0.4506,-0.8573,-0.0333,-0.5236,-0.6235,1.4734,1.4634,2.0461,2.3837,3.1444,3.2039,2.8379,1.0695,0.3798,0.4854,0.4745,0.7859,0.0607,-0.2273,0.0658,0.1377,-0.5143,-0.3869,0.4541,0.4056,-0.1373,0.3122
6.1944,5.7156,4.8293,4.0727,3.8527,3.9631,4.2124,4.3131,4.2507,4.3294,4.2722,4.2404,4.0589,3.4922,3.2193,3.2519,3.8399,3.6321,3.3077,2.3024,1.3863,0.7723,0.3945,-0.0160,0.1481,0.5723,0.2269,0.3838,-0.6569,-1.6524,-2.4681,-2.8289,-2.0539,0.6603,2.8556,1.8276,-0.0265,0.3448,-3.2981,-5.9632,-5.7996,-5.2507,-1.3798,-0.6801,-0.1576,-0.0646,-0.1973,-0.7458,-1.5556,-0.3623,0.7109,1.5499,2.4598,2.9541,3.3221,4.1815,4.0100,2.1506,0.8106,0.0061,0.6506,0.9624,0.2381,0.2440,0.5518,0.4049,-0.3565,-0.2231,-0.0727,0.4064,0.9879,1.2258
6.1247,5.7233,4.7476,4.1786,4.1204,4.4305,4.6014,4.5658,4.3876,4.3972,4.2960,4.2660,4.0199,3.2832,3.0953,3.3790,3.7993,3.6082,3.1056,1.9261,1.1635,0.7686,0.3596,0.3101,1.1077,-0.0702,-0.0173,0.5675,0.0827,-1.1663,-2.0508,-2.4071,-1.4204,0.9950,3.4729,3.8351,0.0476,-0.6619,-4.8963,-9.0270,-10.2198,-7.4521,-2.5822,-1.4396,0.2929,0.0663,0.8576,-0.0516,-0.1311,-0.4622,1.2543,1.9022,3.2446,3.9761,4.5785,5.4401,5.2948,4.3661,1.8375,0.1557,0.2715,0.5913,1.3818,1.3833,0.4975,-0.4122,-0.5053,-0.0785,0.0464,0.5614,1.6553,1.4150
6.0739,5.6766,4.8305,4.5285,4.4530,4.6831,4.8600,4.7640,4.5555,4.3344,4.1935,4.2495,3.9926,3.2261,3.0932,3.6851,4.1739,3.7771,3.0037,1.6411,1.0656,0.7630,0.3682,1.2864,0.5515,-0.4523,0.3543,1.1782,-0.2971,-1.0418,-1.5161,-1.4188,-0.4176,1.2460,3.3539,3.7247,-1.0011,-2.0655,-5.7058,-8.6965,-9.6049,-7.9028,-2.6294,-1.7559,-0.2458,0.9788,0.8077,0.6999,0.9132,1.1761,1.3814,3.6888,4.7020,5.4408,5.9728,6.4617,6.6159,5.8575,2.3909,0.4970,-0.0023,0.2098,1.1521,1.5164,0.5921,-0.4684,-0.5694,-0.1849,-0.3909,0.0183,1.0281,1.4297
5.8721,5.5453,5.0400,4.8892,4.7090,4.9470,4.9890,4.9257,4.5697,4.3450,4.1103,4.1157,3.9526,3.2524,3.3818,4.1476,4.4822,4.1084,3.0320,1.5346,1.1065,0.7561,0.6770,2.1399,0.0909,0.4415,1.2662,1.5519,0.2338,-0.9604,-0.1030,1.0677,2.9690,2.3919,3.7875,2.2635,-3.2059,-3.6828,-5.1285,-6.9632,-7.8270,-7.9253,-4.1311,-1.9507,0.4431,1.1214,1.4182,1.5317,1.5105,2.8051,2.8679,4.6594,5.4944,5.6673,6.3448,7.1342,7.0763,6.6351,2.1959,0.8364,0.3654,0.8593,0.7001,0.6256,1.0788,0.3969,0.1916,0.1294,-0.0947,-0.2223,-0.0281,0.9342
5.5921,5.3833,5.2340,5.1353,4.8580,4.9986,5.0736,4.9263,4.4971,4.1955,4.1843,4.1013,4.0360,3.6878,3.8613,4.5338,4.6259,4.3058,3.0598,1.5774,1.2202,0.7849,1.3680,1.2693,-0.4645,0.7561,1.3996,1.4162,1.3872,0.2048,0.6467,1.9798,4.4395,3.1685,1.7952,-1.3899,-4.9059,-4.9180,-4.3898,-4.2209,-4.7857,-5.2103,-3.9631,-2.1113,0.1304,0.7254,1.9314,2.0267,2.2638,2.5234,2.3462,3.8953,5.9091,6.2584,7.7457,7.1102,8.1176,8.1541,3.2418,-0.2725,-0.2327,-0.2181,0.4231,0.2378,0.8836,1.5109,1.3762,0.7370,0.0774,0.0459,0.2096,0.8376
5.2880,5.2438,5.2669,5.2133,5.1758,4.9769,4.9522,4.7435,4.4516,4.3425,4.2429,4.1952,4.1624,3.9965,4.3621,4.9064,4.7584,4.4148,2.9736,1.6226,1.3152,1.0483,2.3038,1.6018,0.2970,0.6574,1.1706,0.8238,0.8129,-0.1874,0.8039,3.0109,5.6182,3.9267,-0.9589,-3.3553,-5.2454,-5.1143,-3.7754,-2.5639,-3.3899,-2.7210,-2.8523,-2.0467,0.2900,0.5267,2.4893,2.5568,2.9922,3.1714,3.2284,4.2820,6.8965,7.7084,8.4154,9.1523,9.5871,9.7502,5.2408,-0.4622,-0.7892,-0.1301,-0.2543,0.6657,0.3917,1.5563,2.0487,1.4865,0.6613,0.4943,0.7036,1.1397
5.1600,5.2272,5.2784,5.2403,5.1182,5.0606,5.0276,4.7368,4.5788,4.5278,4.4177,4.3257,4.2965,4.2755,4.7239,5.1326,4.8785,4.4355,2.7310,1.5410,1.4046,1.4982,2.1930,1.1183,0.4203,0.3959,1.0222,0.2655,0.5794,-0.2180,1.2847,2.8877,5.9923,5.4321,-2.5106,-4.5931,-4.7834,-4.5102,-3.3401,-2.4252,-1.4354,-1.6604,-1.3284,-1.3093,-0.2503,1.3405,1.6724,2.1851,3.2200,3.0769,3.5067,4.6925,6.1225,7.5749,8.9173,9.2750,9.6913,9.7190,7.4746,0.3981,-1.4116,-1.4338,-0.3420,-0.5046,1.0847,1.1031,2.1368,1.9561,1.6523,1.0417,1.3930,2.4243
5.0404,5.1734,5.2891,5.2751,4.9477,5.1081,4.9245,4.8498,4.8309,4.6190,4.6037,4.3438,4.4199,4.5364,4.9625,5.3675,5.0768,4.4939,2.4885,1.4260,1.3750,1.6696,2.5106,1.0267,0.1745,-0.0415,0.4697,-0.0632,-0.3156,-0.2518,1.1826,3.4478,7.0316,2.8433,-3.0164,-3.8563,-3.4546,-4.1244,-2.7016,-2.0189,-0.4024,0.3417,0.5865,1.5127,0.5244,0.7729,1.1342,1.7392,1.9897,1.8684,2.9650,3.9060,5.4214,6.9449,8.1747,8.9788,9.9206,10.2522,9.7918,4.7239,-1.1523,-1.9015,-1.9849,-0.8889,0.1614,1.8989,1.5659,1.4203,1.6680,1.4178,1.5372,2.2365
4.8524,5.0547,5.3146,5.3276,4.9802,4.9842,4.9227,4.7561,4.7156,4.3418,4.3817,4.2196,4.4980,4.8941,5.2754,5.5900,5.3524,4.6710,2.4156,1.4243,1.3174,1.5079,2.6327,1.2102,-0.2222,-0.8160,0.4600,-1.2414,-2.5675,0.3211,2.8404,4.1078,4.8074,-0.6277,-1.7658,-3.3644,-2.4767,-3.4578,-1.7933,-2.2333,-0.4827,1.3360,1.7109,2.9190,2.8103,2.2729,2.8120,2.5504,2.7002,2.8209,3.3241,5.0542,6.3104,8.1630,8.3282,8.8529,9.8012,10.2884,9.6670,8.5686,2.8884,-2.1520,-2.9295,-1.0742,0.7211,1.2750,0.7113,0.9861,1.0088,1.3908,1.5705,2.0220
4.6342,4.9231,5.2509,5.4084,5.0474,4.9987,4.9890,4.5334,4.3670,4.1859,4.3067,4.2587,4.5152,5.1248,5.5572,5.7903,5.4758,4.7537,2.4277,1.5303,1.3461,1.4062,2.7803,1.5034,-0.4567,-0.9419,-0.6585,-3.4344,-1.3100,1.9339,3.8178,2.4828,0.7097,-1.6550,-2.5535,-2.2671,-1.9948,-2.5286,-1.7411,-1.2176,0.3833,1.8106,3.2470,3.6207,3.4901,3.6729,3.8819,3.4791,4.0071,4.0761,5.1273,6.5526,7.7554,6.9747,8.2894,8.9511,9.4156,9.5557,9.7059,9.0982,7.6773,-0.0740,-2.6816,-1.6546,-0.3378,0.4180,1.1875,1.3713,1.3293,1.1984,1.3549,2.1369
3.9890,4.7300,5.1227,5.2776,4.9584,4.8084,4.7466,4.6132,4.3735,4.3057,4.1790,4.1037,4.6417,5.2334,5.6743,5.9722,5.5934,4.8297,2.3786,1.7039,1.4828,1.3665,2.2944,1.6927,-0.6844,-1.5578,-3.4740,-2.6877,1.4505,3.5302,4.4497,-1.7277,-0.3752,-1.1286,-1.4132,-1.2580,-1.0660,-1.3909,-0.9256,-1.1019,0.7705,1.3521,3.1480,3.1704,3.5387,4.4358,4.4623,4.6174,4.7002,5.2484,6.1262,7.0522,7.6203,2.8358,8.1758,8.6684,8.8811,8.9592,9.3182,9.5046,8.0455,3.4895,-2.1680,-3.1817,-1.6922,0.2172,1.5532,1.3833,1.2161,1.2294,1.6731,2.4373
4.1055,4.5808,4.9517,4.9037,4.9493,4.8164,4.8616,4.6781,4.3279,4.2644,4.1021,4.1729,4.7384,5.1343,5.5810,5.9515,5.6584,4.8944,2.3601,1.8374,1.4942,1.3158,1.7030,1.5548,-0.6295,-2.9294,-2.5968,0.4890,3.1325,4.2239,5.8478,-1.0900,-1.2525,-0.0750,-0.4757,-0.3132,-0.8360,-1.8189,-0.8959,1.3075,2.1770,1.8877,1.8706,1.7008,3.5015,4.4891,4.3258,4.6846,5.2030,5.5369,5.9769,6.6565,7.3215,8.1012,8.5970,8.7668,8.9581,9.0399,9.0734,8.8444,8.1040,6.1405,-0.3575,-2.5416,-2.4470,-1.0633,0.9618,1.2076,1.2425,1.0314,1.8242,1.8437
4.0585,4.5915,4.7685,5.2256,5.2752,4.9412,4.9151,4.7916,4.3798,4.2064,4.0048,4.2575,4.5860,4.9720,5.4009,5.9140,5.6383,4.8325,2.3259,1.9593,1.5582,1.2930,1.3369,2.2785,-1.1708,-0.9700,1.0207,1.6974,3.8057,4.1965,4.4944,3.1522,-1.2761,0.5289,0.1062,0.4373,0.1370,-1.8616,-0.9383,0.9459,4.4699,5.3891,3.5308,2.8623,4.1624,4.7454,5.3197,4.9905,5.8701,0.4855,6.2217,6.8672,7.9157,8.8239,9.3964,9.4608,9.6447,9.4852,9.2128,9.0126,8.1530,7.2541,3.8496,-0.9256,-1.6557,-0.9986,0.5767,2.1284,1.7878,1.6596,1.1776,1.1868
4.0349,4.4123,4.8280,5.0852,5.2103,5.2512,5.1412,4.7930,4.4910,4.2485,3.9814,4.3656,4.9190,5.1617,5.3753,5.9354,5.6311,4.8252,2.2538,2.0461,1.7154,1.4747,1.2182,3.3756,1.4729,1.8819,4.4940,3.3575,3.2024,4.0104,4.6723,4.9100,-0.9517,2.1820,0.8442,0.9964,0.6891,-0.8561,-0.6301,1.7067,2.6558,5.9475,4.8702,4.6512,5.6625,5.9413,5.5602,5.2660,5.7296,6.3772,7.2865,7.2563,8.0845,9.5557,9.9603,10.0906,10.0131,9.6677,9.3895,8.9689,8.2460,7.3144,6.1894,4.0357,2.3684,1.6598,1.1296,1.7913,1.9247,1.5237,0.8538,1.4282
3.9337,4.3101,4.7255,4.9924,5.1682,5.1947,5.0167,4.7303,4.5885,4.3304,4.2642,4.6076,4.6591,5.1765,5.3022,5.8130,5.6260,4.7997,2.1654,2.0947,1.9069,1.6066,1.2550,3.7334,2.8398,5.8416,6.0646,3.6708,3.6773,4.1287,4.5476,2.0900,-0.8353,0.9273,0.6596,0.8767,0.9487,0.1462,1.0931,2.6182,2.7081,4.0871,4.1942,5.4191,5.4332,5.6592,5.3239,5.0611,5.9373,6.5965,7.0058,7.7353,8.1250,9.2479,10.1162,10.6438,10.0638,9.3554,8.9440,8.4430,8.1048,7.4142,6.6770,5.7015,4.2612,2.8913,1.9475,2.1933,1.7756,1.2956,1.2473,1.6454
3.8799,4.2060,4.5112,4.8002,5.0508,5.1022,4.9351,4.6548,4.5326,4.3870,4.3745,4.6740,4.6554,5.1734,5.1219,5.7434,5.6254,4.7270,2.1418,2.1929,2.0436,1.7016,1.3180,1.5667,4.4570,6.5685,6.6655,2.2140,3.6965,3.7243,3.7766,-0.5790,0.0779,-0.4550,-0.3922,0.1111,1.3168,0.8051,2.5040,3.7343,4.7338,6.7926,6.9728,7.2973,6.7900,6.2057,5.9814,5.8863,6.5762,7.2172,7.9387,8.5379,9.1808,9.7171,10.1779,10.4588,10.6618,10.4449,9.7399,8.6734,8.0921,7.7301,7.0764,6.2282,5.1092,4.2218,3.0051,2.3723,1.8110,1.5813,1.2496,1.7075
3.7828,4.0917,4.4090,4.7132,4.9474,4.9850,4.8094,4.4959,4.2391,4.4611,4.6264,4.7998,4.6826,5.0888,5.2876,5.7130,5.5979,4.7690,2.2021,2.2787,2.1636,1.7943,1.6140,1.1584,5.1192,5.6883,5.3325,0.1938,2.3678,3.5861,4.5018,4.6499,4.2407,1.4579,-0.0499,-0.0492,1.3440,1.8938,3.5822,5.1373,6.0475,7.3793,8.8350,9.1379,9.3835,8.6753,8.1938,7.9923,8.7195,8.7361,9.0552,9.3241,9.7033,10.1911,10.7423,10.9510,11.1660,11.6505,11.6362,10.1348,8.7649,8.4681,7.5297,6.7676,6.1321,5.4996,4.4258,3.0049,2.6739,2.0138,1.5254,1.3590
3.5900,3.8822,4.1728,4.4054,4.6596,4.7835,4.6028,4.2005,4.2371,4.4345,4.5395,4.8573,5.0308,5.0479,5.2168,5.5570,5.5583,4.8548,2.3241,2.3444,2.3069,2.1684,2.1755,2.5970,5.3830,5.4268,3.5705,1.0345,2.6963,4.9260,5.4910,4.5038,7.6797,8.8323,6.8285,4.3574,3.4445,3.1165,4.8285,5.7263,7.2644,7.8937,8.1096,7.9260,8.2375,8.1488,8.2200,8.1120,8.3983,7.6007,7.6061,8.1624,8.6593,9.5399,10.4890,10.5200,10.5901,10.8912,11.1970,11.4173,9.6864,8.9175,8.5116,7.6584,6.9707,6.7514,5.7329,4.0615,3.7296,2.4981,1.2694,1.3448
3.3180,3.6012,3.8834,4.0338,4.1705,4.4085,4.1908,3.6346,4.0150,4.2802,4.4496,4.6448,4.9263,5.1474,5.0862,5.3993,5.4759,4.8492,2.4230,2.3401,2.4944,2.8352,2.0631,4.2589,5.2971,5.0072,4.2211,2.9515,6.5882,6.2329,5.6920,4.7239,5.3906,7.3775,9.8214,8.6563,5.6839,4.7608,4.1710,5.9114,6.7743,8.3961,7.7020,7.8625,8.1933,7.5544,7.8591,7.4698,7.0836,6.5969,6.7164,7.3865,7.7575,9.0099,9.6816,9.6774,9.9114,10.2775,10.2775,10.3726,10.0095,8.6616,8.9519,8.0955,7.1950,7.1126,6.5754,6.2382,5.3641,3.4435,1.8569,1.6906
3.0313,3.1671,3.4024,3.5657,3.4222,3.3990,3.7425,3.6272,3.7805,4.0781,4.2627,4.3862,4.7764,4.9918,4.8848,5.4186,5.4678,4.8681,2.4030,2.2185,2.6878,3.7001,3.2635,4.0974,4.2739,4.3920,4.2853,4.7276,7.2837,6.5020,5.7482,5.3512,5.8990,6.0373,7.8089,10.6481,4.5395,4.7374,3.8300,6.0890,8.1243,8.5738,8.0596,8.4970,8.7362,8.0381,8.1271,6.9403,6.3168,6.4563,6.6965,7.1648,7.6437,8.2102,8.7139,8.6913,8.5267,8.5675,8.9504,9.3096,9.3043,8.9407,8.8519,7.8455,7.0816,6.3042,6.1759,7.0686,6.0515,4.4700,3.0039,2.0312
2.5166,2.1380,3.2706,3.4533,3.6206,3.4914,3.3737,3.3907,3.5327,3.7836,3.9598,4.1031,4.5081,4.9008,4.8478,5.1657,5.3849,4.9012,2.4120,2.0745,2.6722,3.9342,4.0526,3.3734,3.7043,3.7312,3.6675,4.7349,7.2528,7.2327,7.1042,6.1371,4.1515,3.8097,5.4619,8.4885,5.7112,3.3935,3.5155,4.8369,7.0418,7.2965,7.9119,8.1313,8.1634,8.0530,7.7572,7.2194,6.5463,6.2722,6.7955,6.7508,7.3211,7.7070,8.3352,8.6485,8.3001,7.7834,7.1324,8.3387,8.3878,8.2497,7.6559,7.8908,7.1821,5.4896,5.1427,6.4561,6.3675,5.7972,4.0095,2.8819
1.5913,2.4036,2.9805,3.3038,3.5925,3.4858,3.1728,3.1033,2.9539,3.2066,3.6737,3.9150,4.2497,4.7506,4.7396,4.9512,5.4167,4.8505,2.4416,1.8437,2.3163,3.2185,3.1421,2.6439,3.1138,2.9775,2.3541,3.9179,5.4577,5.7834,5.8023,3.5813,2.4779,4.0887,6.3646,8.5150,8.3727,3.5289,2.8601,2.9069,4.1131,4.3030,5.2446,7.0982,8.2692,8.7423,8.6532,7.9114,7.1824,6.4488,6.9697,6.7208,6.8817,7.6679,8.3023,8.0580,7.9191,7.4684,6.4135,6.7167,6.9316,6.9496,7.1181,6.9836,6.6052,5.4530,4.7741,5.4886,5.5651,5.6321,4.8406,3.2478
2.0033,2.4439,2.9643,3.2689,3.3754,3.6051,3.3114,2.9840,2.6768,2.6382,3.1916,3.4423,3.8956,4.4137,4.6671,5.0070,5.2701,4.7530,2.5333,1.5937,1.8487,2.4180,2.3396,1.8015,2.9302,2.5686,2.0681,2.5428,4.1153,4.5612,2.2100,3.3487,4.5485,5.0251,5.6676,7.4411,9.1238,6.8355,5.2869,5.3316,5.9372,5.8471,5.7656,7.3664,8.4012,8.4891,8.9146,8.4642,8.3465,7.7053,8.2062,7.3206,7.1373,7.6932,8.5465,8.1288,7.7270,7.3127,6.7659,6.5447,6.1755,6.2936,6.9679,7.0501,5.3452,5.1621,5.5587,5.2920,5.0791,5.8180,5.9018,4.2189
1.9754,2.3295,2.6158,2.9531,3.2168,3.4121,3.0721,2.9976,2.4946,2.3242,2.6910,2.9815,3.7194,4.0879,4.2346,4.7349,4.8632,4.5768,2.7577,1.3889,1.4863,1.2623,0.6836,1.1781,2.3764,2.0789,1.7171,1.8790,3.4311,2.9162,0.3665,4.3827,7.4752,7.5946,8.1360,9.0935,9.9157,8.6297,8.8962,8.8313,7.7997,6.7274,6.7849,7.6289,8.1566,8.0216,8.8864,8.8400,8.6920,8.8908,9.1400,8.9280,8.3091,8.5617,9.2828,8.8865,7.9093,7.5884,6.6995,6.5696,5.8732,5.6552,6.3797,6.4516,6.3431,5.8430,5.2301,4.4827,4.3925,4.9783,5.7885,5.0939
1.7861,2.1764,2.4113,2.6215,3.0238,3.1851,2.8811,2.3773,2.1348,2.0953,2.5206,2.7528,3.3859,3.7716,4.1253,4.4972,4.4748,4.5033,3.0238,1.2209,1.2366,1.3082,0.2112,-0.0981,0.8540,2.1855,1.5412,1.5879,3.1492,1.5381,-0.1924,2.3954,5.2758,6.1724,7.4368,8.9444,9.3126,6.2536,8.3500,10.2822,10.2561,9.7214,9.9590,9.7847,8.6536,7.9630,9.3721,9.9687,10.0882,11.2217,11.5190,11.9058,10.7148,9.8776,10.3010,9.6183,8.5843,8.1427,7.2148,6.3280,5.9574,5.2861,6.0367,6.5642,6.6572,7.5427,6.1415,5.1504,4.5111,5.2591,5.9382,5.5614
1.5691,2.0924,2.2794,2.3869,2.7477,2.9156,2.5850,2.1911,1.8075,1.8787,2.2671,2.6822,3.0103,3.5924,4.0420,4.5210,4.5521,4.5264,3.2923,1.2308,1.1479,1.3955,1.0830,-0.7139,0.2127,2.1777,1.7317,1.9494,2.8960,0.3482,0.6340,0.0728,2.2499,4.4911,5.6565,6.4736,6.7871,3.5454,6.8907,6.9464,6.6532,8.2743,9.3888,10.6055,10.2959,8.8332,9.8666,10.2596,10.6812,11.3218,11.8012,13.3155,12.9601,12.7471,12.6160,12.1242,10.5430,9.2193,8.2501,7.2163,6.2449,5.6356,5.1328,5.5258,6.2073,6.7476,7.0863,6.1400,5.4978,5.4305,6.0444,5.8549
1.3588,1.9259,2.0063,2.1206,2.5084,2.7558,2.4379,1.7601,1.4576,1.5854,1.8232,1.9749,2.5417,3.2389,3.9778,4.5932,4.6834,4.5210,3.4308,1.3278,1.1249,1.4096,1.2368,-0.3794,-1.5790,1.9177,2.0416,2.5826,2.0970,0.3038,-0.5600,-0.4532,0.2853,1.9124,1.1728,3.9933,5.5664,2.1523,4.2019,4.5138,4.0984,3.7507,5.1249,6.3852,6.5776,4.2549,6.2795,7.6262,8.3621,8.9099,9.8396,7.3117,12.3197,12.9667,13.4931,12.9758,11.9710,10.5504,9.5301,7.9438,6.7857,5.9199,5.5747,5.4881,5.1069,6.8170,7.9610,6.3646,6.3857,6.4647,5.4226,6.3142
1.0820,1.7159,1.7747,1.8409,2.2865,2.5035,2.2332,1.6477,1.2020,1.2189,1.3999,1.6605,2.0510,2.7138,3.4986,4.3284,4.6827,4.5081,3.5026,1.5025,1.1480,1.2923,1.0895,-0.6076,-2.1371,0.3211,2.5225,2.6713,1.5329,0.2705,-0.3594,-0.3076,0.6909,0.7814,1.9019,3.9210,4.9606,-1.0608,2.0329,2.6958,2.4161,0.3291,1.6390,2.8745,1.9818,1.4516,3.8510,5.2596,6.4333,7.1544,8.4316,5.2900,10.6710,11.7292,12.1505,12.5051,11.9141,11.0643,10.0337,8.5908,7.2819,5.8981,5.2797,4.8399,5.0625,5.9998,6.7315,7.2841,6.5183,6.0594,5.3814,5.8043
1.0264,1.6000,1.7133,1.7443,2.0438,2.2303,1.9561,1.5146,0.8979,0.8824,0.9491,1.2244,1.5802,2.2445,3.0792,4.1059,4.5005,4.5375,3.5058,1.6153,1.1130,1.0253,0.4679,-1.8469,-3.2416,-2.3508,1.8649,2.8490,1.1097,-0.4379,-2.4167,-1.5791,-0.0314,-0.3686,2.1721,2.5699,3.6228,-2.1495,-0.2995,1.4158,2.0850,1.2879,1.4825,1.8860,1.3102,1.3405,2.3460,3.6613,4.9307,6.5334,7.2685,7.8960,8.6204,9.6775,10.7817,10.9395,11.2491,10.8259,9.7481,8.0235,7.1058,5.6949,5.0296,5.3307,6.1189,7.2669,7.1752,6.6251,5.8782,5.9201,5.6878,5.9544
1.0191,1.5719,1.7088,1.6251,1.8210,1.8748,1.6158,1.2753,0.8556,0.5934,0.6760,1.0105,1.1609,1.7780,2.5469,3.6620,4.3893,4.6184,3.5255,1.6935,1.0077,0.7109,-0.4564,-2.9833,-3.9445,-3.1058,1.4672,2.6102,0.4312,-0.7478,-1.9338,-1.1356,-0.3251,0.2605,0.7718,1.5821,2.6844,-3.9352,-1.2968,-0.5681,-0.3637,0.7229,1.0746,1.8053,1.0844,1.7910,2.2402,3.6775,5.1119,6.6540,7.2983,7.6921,8.3533,9.1029,9.1368,9.4650,9.2231,9.4719,9.0830,8.2833,7.8961,6.7563,6.5266,6.5949,7.2108,7.7685,8.8164,7.6511,5.8329,5.2259,5.3219,5.2478
1.0484,1.5055,1.5575,1.4884,1.6353,1.6330,1.3697,1.0565,0.7217,0.4837,0.4815,0.6780,0.8891,1.3732,1.9795,3.1251,4.0894,4.5082,3.5652,1.7052,0.9099,0.5258,-0.9324,-3.2015,-4.1047,-3.3093,0.8327,2.1311,0.4347,-0.9634,-1.2606,0.2400,0.1476,0.1780,-0.3428,-0.1652,0.7867,-2.9625,-4.3319,-1.0184,-1.5300,-0.4569,0.0291,0.9045,1.6192,1.6573,1.4615,3.5009,5.2289,6.8665,7.4737,7.5883,7.7524,7.6657,7.9301,8.0916,7.6271,8.5112,8.7727,8.2665,7.8073,6.9531,8.0624,8.5552,8.2978,8.9315,9.3640,9.0595,7.1317,6.3692,6.1803,5.6788
0.9841,1.3505,1.4009,1.3653,1.5259,1.5598,1.2644,0.9360,0.6969,0.2353,0.4232,0.4269,0.6318,0.9568,1.4642,2.8360,3.8034,4.5274,3.7042,1.7188,0.9261,0.4791,-0.9773,-3.0367,-3.9610,-3.0805,1.4848,1.3441,0.7272,-0.1436,-0.7638,0.2995,-0.5946,-0.9871,-0.9029,-0.2694,0.7747,-0.9205,-2.7331,-2.3398,-2.5589,-1.7422,-0.5715,0.2759,1.6484,0.9881,1.7669,3.0479,4.6309,6.7172,6.5206,6.7551,6.4668,6.4193,7.2907,7.4575,7.2630,7.4061,7.4881,7.3660,7.5668,7.1048,8.6629,9.3549,9.4514,9.7405,9.5171,10.1042,9.2441,8.4782,6.8615,6.8357
0.9078,1.2460,1.2464,1.2776,1.5180,1.4169,1.2153,0.7937,0.5393,0.1440,0.2404,0.2877,0.6346,0.6682,1.4084,2.6427,3.8072,4.5419,3.8854,1.6691,1.0075,0.5590,-0.7991,-2.2703,-2.9825,-2.4724,0.2446,1.1677,0.9307,-0.4769,-0.7992,-0.0695,-1.6128,-1.8120,-1.0875,0.4247,0.6326,-1.4014,-3.7675,-3.6322,-2.3729,-1.0127,-0.9103,-1.6415,1.0909,0.9745,1.8802,1.5945,3.2907,6.1009,6.3484,6.8259,5.8256,6.0962,6.6831,7.3749,7.8975,7.9619,8.5602,8.5230,8.3712,8.2747,9.2660,10.2755,10.8420,10.7315,10.6882,9.5967,9.7662,9.7243,8.3789,7.4600
0.7837,1.0855,1.1417,1.3012,1.5257,1.4426,1.1209,0.7434,0.6061,0.3191,0.3191,0.1077,0.5831,0.6447,1.4161,2.5897,3.7588,4.5885,3.7908,1.5780,1.2543,1.0317,0.0836,-1.3286,-1.8249,-1.3472,0.4930,1.1218,-0.1794,-1.2678,-1.4660,0.0200,0.0961,-0.0196,-1.4954,-1.3272,-2.2043,-3.3994,-4.0618,-3.6083,-3.2079,-1.6179,-1.6812,-0.7538,0.8906,1.0777,1.1655,1.0918,2.6982,5.1303,5.9341,5.9973,6.4094,5.7500,6.0567,7.0691,7.5312,8.0778,8.9159,9.1824,9.2556,9.2906,9.8644,9.8355,10.3150,10.4342,9.7828,9.3936,8.7733,8.4763,8.6427,7.9502
0.7554,0.9997,1.1953,1.3658,1.5680,1.5087,1.2829,0.8428,0.7678,0.7091,0.5960,0.2915,0.7010,0.9563,1.8673,2.8777,3.8159,4.5302,3.3895,1.2858,1.5236,1.5386,0.7543,-0.2709,-1.0105,-0.7107,-0.3087,0.0444,-1.0863,-1.7798,-1.9766,-1.8065,-0.7412,-0.5961,-1.5825,-1.9955,-2.7047,-3.1604,-4.1111,-4.5330,-3.3542,-1.6636,-1.9917,-0.4341,0.2013,1.5685,0.6782,1.4624,2.2624,3.9527,4.5882,5.0237,5.8199,5.9326,6.1540,6.5243,7.1410,7.5356,8.7377,9.5670,10.1959,10.4744,10.8949,11.5246,10.8150,8.4541,8.6322,8.6234,8.7298,8.2762,9.1536,8.2313
0.7541,0.9835,1.2696,1.4296,1.6824,1.5925,1.3566,1.0955,1.0462,1.0765,0.7620,0.3180,0.7239,1.4801,2.4207,3.4203,3.9494,4.4080,2.5816,0.9130,1.2697,1.6434,0.9370,0.3898,-0.2544,-0.0943,0.9726,-0.7356,-1.1412,-0.8587,-0.7527,-1.6861,-1.5002,-1.3936,-2.2144,-2.6360,-2.8522,-2.8533,-4.2227,-4.5899,-2.9682,-1.0745,-3.1629,-0.7272,-0.0146,1.4545,-1.1397,-0.1112,1.0072,2.5472,2.8039,3.3970,4.0106,4.2558,5.2850,6.0881,6.1559,6.6266,7.4515,8.2500,9.1148,10.1992,10.5486,10.5469,9.6198,7.1600,6.9909,6.5076,6.9204,7.7235,8.4572,8.4554
0.7487,0.9826,1.3262,1.5132,1.6238,1.6530,1.5130,1.3686,1.3843,1.3449,0.9118,0.5803,0.9863,1.8336,2.9390,3.6074,4.0890,4.0638,1.4866,0.4518,1.2098,1.3148,0.9662,0.9643,0.4448,0.3928,1.6457,-1.0135,-0.6538,0.4972,-0.3185,-1.6940,-1.0231,-1.5015,-1.8912,-2.9064,-3.0783,-1.7114,-3.6656,-5.0154,-2.5918,-0.6684,0.2777,0.7736,0.6058,-1.1674,-1.8086,-0.1245,0.5271,0.6307,1.8492,3.0407,3.3917,3.2375,3.3394,3.8228,2.9748,3.9661,4.6910,5.5158,6.4279,8.0373,9.2086,8.7617,6.9321,5.9413,5.7935,6.2393,5.7586,6.2985,7.1095,7.3263
0.6431,0.9943,1.3945,1.6111,1.7612,1.8215,1.6970,1.6373,1.6579,1.4611,0.9749,0.6456,0.9673,1.9114,2.8882,3.3074,3.7669,3.1603,0.5805,0.2283,0.9371,0.7351,1.0658,1.2096,0.8752,0.9319,4.1063,0.2016,-0.5203,0.5023,-0.5411,-2.2267,-1.3356,-1.3436,-1.4809,-2.6277,-2.5877,-1.4242,-3.1814,-3.9912,-3.4127,0.1831,0.8720,0.7065,1.0209,-2.2043,-2.0508,-0.6708,0.0474,0.6315,0.6084,1.6447,2.2256,1.1771,0.3894,0.2483,0.4742,1.4920,2.8990,3.9528,4.6395,5.8950,6.5000,9.4782,4.3400,4.2473,3.2928,6.8617,7.5905,6.3108,5.7336,5.5723
