2.1807,1.9711,1.6567,1.2357,0.9920,0.4140,0.1346,0.0639,-0.1058,0.1212,-0.1454,-0.4223,-0.4713,-0.3225,0.2282,0.8281,0.7816,0.4641,-0.0169,-0.4106,-0.4421,-0.2832,0.0551,0.4145,0.2166,-0.2123,-0.6762,-1.2707,-1.5648,-1.8466,-1.5396,-0.9034,-0.2546,1.0107,-0.9385,-1.1828,-1.4540,-0.7030,0.5604,0.1372,-0.3663,-1.0702,-1.7700,-1.4576,-1.3665,-0.5576,-0.1884,-1.6223,1.8965,-0.2067,-0.8280,-1.4198,-3.5290,-5.1150,-4.9478,-4.8282,-5.2889,-4.7655,-4.3552,-3.6481,-3.5859,-2.6349,-2.2689,-2.1064,-2.8632,-3.3731,-2.6906,-1.5965,-0.2683,2.1847,1.8611,1.0617
2.0413,1.8199,1.5317,1.1734,1.0120,0.7087,0.9366,0.7780,0.8127,0.8227,0.4247,0.1596,0.0778,0.0418,0.4850,0.8988,0.7196,0.2834,-0.2789,-0.4990,-0.2661,0.1205,0.4824,0.6390,0.3678,-0.2614,-1.0254,-1.8162,-2.2046,-2.5292,-2.0194,-1.2293,-0.4734,1.1582,-1.4664,-2.8357,-2.4437,0.2055,0.4319,-0.0706,-0.2005,-0.0455,-0.8676,-0.3879,-0.6523,-0.2324,0.5312,-0.4132,-0.5015,-2.4888,-3.3840,-4.4257,-5.5392,-6.6563,-4.6059,-4.5502,-3.8583,-3.8549,-4.2909,-4.0453,-3.4324,-3.1461,-3.1021,-3.2398,-3.0105,-2.8661,-2.7013,-1.8057,-0.1461,1.7789,1.5041,1.2098
1.8557,1.6866,1.5195,1.4390,1.5810,1.5246,1.9841,2.0020,1.8854,1.5389,1.1726,0.8333,0.4786,0.3305,0.5840,0.8075,0.4667,-0.0465,-0.3605,-0.3219,-0.0720,0.5371,0.7933,0.8009,0.4361,-0.4469,-1.4900,-2.3157,-2.8074,-2.8142,-2.2360,-1.4484,-0.3007,-0.4240,-2.9633,-3.0463,-2.5773,0.0735,0.3759,0.3541,0.6497,-0.0520,-0.3832,-0.6683,-0.7216,-0.4876,-0.1808,0.2987,-1.7690,-2.8431,-4.0310,-5.0729,-5.3860,-3.9421,-3.0366,-3.5628,-3.4763,-3.4758,-4.0639,-3.9865,-2.9885,-3.3374,-3.5942,-3.9543,-2.9021,-2.8764,-3.0147,-2.4582,-0.0806,2.0971,3.9744,1.1022
1.6858,1.5325,1.4152,1.7860,2.2627,2.2233,2.5617,2.7037,2.6538,1.9787,1.5102,0.9175,0.4385,0.3509,0.5803,0.3521,-0.0233,-0.3266,-0.3926,-0.1344,0.1453,0.6756,0.9573,0.8961,0.3372,-0.7555,-1.8835,-2.6599,-3.0618,-2.8419,-2.3597,-1.6242,-0.3954,-2.1903,-2.5130,-1.8607,-0.8057,-1.0240,-1.2803,-0.0395,0.3881,-0.6911,-1.1363,-1.3290,-1.6979,-1.1747,0.3302,0.8535,-0.6201,-0.6152,-4.1595,-4.7415,-3.9671,-2.5995,-3.7273,-4.7612,-4.7033,-4.7761,-5.2498,-4.7125,-3.0198,-3.1232,-3.6614,-4.1474,-2.8892,-3.2943,-2.5370,-2.4665,-0.1102,1.8053,2.6109,-0.2485
1.5924,1.5859,1.4095,1.8749,2.5519,2.6094,2.7482,2.9860,2.8982,2.1978,1.6269,0.8840,0.3192,0.1885,-0.0462,-0.3591,-0.6372,-0.5562,-0.3227,-0.0135,0.2854,0.6876,0.9519,0.7128,-0.0839,-1.1208,-2.1846,-2.8907,-3.0360,-2.7695,-2.4249,-1.5500,-0.5272,-3.0023,-4.3594,-6.7002,-6.0585,-3.9137,-1.8797,0.4593,0.4365,-1.2967,-1.6888,-1.8374,-2.4346,-1.7564,0.3285,0.6936,0.2789,0.9711,-3.1470,-3.5566,-3.8400,-3.8741,-3.9098,-4.7979,-5.1134,-5.0367,-4.4192,-4.8210,-2.8341,-3.1902,-3.3418,-4.3723,-2.6999,-3.5993,-2.4681,-2.0156,0.3048,1.7500,1.0034,0.6884
1.5703,1.7961,1.7375,1.9615,2.6070,2.6947,2.6891,2.9622,2.9401,2.3185,1.6380,0.6383,-0.3606,-0.8298,-1.0180,-1.1528,-1.1404,-0.9059,-0.3577,0.0419,0.2858,0.5276,0.5946,0.1380,-0.5563,-1.3954,-2.3926,-3.0545,-2.9838,-2.7444,-2.3440,-1.2290,-2.9257,-6.3416,-6.6801,-6.2457,-3.8284,-2.4533,-0.4079,0.7002,-1.5116,-1.4984,-1.9566,-2.2165,-2.7150,-1.9721,0.1235,0.5146,0.9983,2.2767,-2.2543,-2.2997,-3.2458,-4.1615,-4.7919,-5.0625,-5.1417,-4.8032,-4.2877,-5.0065,-1.8849,-3.6956,-3.4292,-4.7022,-2.3851,-3.5995,-2.4298,-1.7890,0.1112,1.5768,0.5294,0.4624
1.6879,1.9438,2.1017,2.2255,2.5219,2.5912,2.6048,2.9116,2.9867,2.4174,1.6502,0.4366,-0.9918,-1.8559,-1.8710,-1.7897,-1.6586,-1.3676,-0.4766,0.0704,0.1533,0.2847,0.0494,-0.3408,-0.8065,-1.5301,-2.5870,-3.0890,-2.9075,-2.6761,-2.0888,-0.9793,-4.5256,-5.9988,-3.3704,-1.7761,-0.0255,1.5641,2.0565,-1.0540,-2.0994,-2.5581,-2.4376,-2.5725,-2.6733,-1.9012,-0.7855,0.1206,1.0497,2.2649,0.3885,0.6858,-0.8838,-2.8613,-5.0984,-5.4224,-5.2297,-4.7123,-4.4402,-3.9159,-2.8860,-3.6545,-3.6811,-3.9926,-1.1003,-3.5616,-1.8537,-1.0518,0.9509,1.5662,1.1136,1.3595
1.9646,2.0692,2.4429,2.4332,2.4226,2.5951,2.5999,2.9222,3.0840,2.4004,1.6532,0.5281,-0.9720,-1.9857,-2.2806,-2.1705,-2.0285,-1.8053,-0.7127,-0.0436,-0.0300,-0.0416,-0.2023,-0.4758,-0.8218,-1.5720,-2.7390,-3.1650,-2.8663,-2.4807,-1.7564,-3.1216,-5.9929,-3.5714,-2.8085,-1.7280,0.0811,2.3903,0.9808,-2.4514,-3.3336,-3.4503,-3.5032,-3.4938,-3.1578,-2.0023,-1.2693,0.3025,1.6628,3.0348,1.6119,1.4468,-1.4241,-3.6482,-4.2320,-5.3483,-5.9861,-4.7943,-3.8647,-4.1293,-3.9812,-4.0213,-1.9858,-1.1958,-0.9624,-3.2054,-1.5513,-0.9262,0.5044,1.1490,1.8446,1.3713
2.4586,2.4569,2.7130,2.6260,2.5847,2.7005,2.7181,3.0498,3.1162,2.3229,1.6035,0.6601,-0.7696,-1.8390,-2.2712,-2.2354,-2.1733,-2.0378,-1.1733,-0.4730,-0.3832,-0.2027,-0.2818,-0.4705,-0.8078,-1.5736,-3.0126,-3.2075,-2.8118,-2.4031,-1.4947,-2.5015,-4.3879,-3.0370,-3.3450,-1.7443,-0.2341,2.8539,-0.1146,-2.0447,-2.8894,-4.1454,-4.7864,-4.3726,-3.4239,-2.0848,-1.5695,0.1122,1.6729,4.6811,2.7516,0.3832,-0.6587,-3.6128,-2.3526,-4.9550,-5.6571,-4.8870,-1.7511,-1.3968,-1.3841,1.1197,2.4511,-0.0786,-2.5057,-3.2903,-1.8633,-0.6704,0.7212,1.0936,1.8678,1.7158
2.9841,3.0354,3.1212,2.9665,2.8932,2.9325,2.9790,3.1817,3.1353,2.1607,1.4845,0.8659,-0.2646,-1.4375,-2.1141,-2.2123,-2.1900,-2.0800,-1.6487,-1.0843,-0.7083,-0.3106,-0.3074,-0.4665,-0.7824,-1.5682,-3.1358,-3.1907,-2.7352,-1.9462,-3.2196,-5.1076,-3.4507,-2.9987,-2.6665,-1.7031,-0.2081,3.1162,-0.8080,-0.6132,-2.1310,-4.9318,-5.9451,-5.1638,-4.2730,-3.2765,-2.4295,0.2397,1.4012,4.0006,4.2926,1.6976,0.4966,-4.5654,-0.0339,-1.0069,-3.8392,-3.4794,0.2609,1.1222,2.0735,1.9094,0.9885,-0.4798,-2.0606,-2.2625,-1.2412,0.3927,0.9635,1.2652,1.6778,2.0005
3.4098,3.4109,3.4451,3.3625,3.3443,3.2714,3.3659,3.2996,3.0310,1.9569,1.4090,1.0794,0.4259,-0.7204,-1.6588,-2.0998,-2.1381,-2.0582,-1.9082,-1.5991,-0.9520,-0.4769,-0.4052,-0.4414,-0.6919,-1.6055,-3.0802,-2.9504,-2.4426,-1.8270,-4.3421,-2.5672,-2.2182,-3.0960,-2.2583,-2.1462,-0.6017,2.6694,0.5872,-0.9043,-2.9660,-5.5249,-6.4536,-5.2929,-4.7951,-4.0752,-2.2673,0.4410,1.6380,3.7380,6.8171,3.5079,1.1302,-4.5455,-1.3859,0.6880,0.2630,1.0967,3.0638,3.0323,2.9148,1.7270,2.0312,0.1830,-0.1041,-0.5809,0.7138,1.1280,2.2141,1.8098,1.4254,1.7756
3.7164,3.6785,3.7615,3.8356,3.7758,3.6502,3.6224,3.3106,2.7433,1.8590,1.4633,1.2594,0.9372,0.0259,-1.0246,-1.6817,-1.8605,-1.8895,-1.9668,-1.9329,-1.3957,-0.8960,-0.5742,-0.4028,-0.5628,-1.4613,-2.7551,-2.6074,-1.9646,-2.1764,-2.9016,1.6002,-2.3823,-2.6771,-2.0884,-2.3891,-0.0652,1.9010,-0.7903,-2.3823,-4.2682,-6.1309,-6.7658,-5.7544,-5.3072,-4.3967,-2.3532,-0.4236,2.4159,5.4745,4.9976,1.9108,2.1376,-2.8613,-1.4871,-4.1805,-1.0596,1.0011,2.5674,2.9204,2.6111,1.9627,2.0402,1.0132,1.1318,0.4176,0.7866,1.2787,1.7549,2.0763,1.8895,1.9487
4.2489,4.1669,4.2491,4.2266,4.0650,3.9358,3.7847,3.1740,2.4517,1.9013,1.5416,1.4216,1.2427,0.6889,-0.1101,-0.6814,-1.0405,-1.3684,-1.7941,-2.0639,-1.8462,-1.4408,-0.8621,-0.4041,-0.4322,-1.2418,-2.2491,-2.0297,-1.1676,-2.3890,0.8976,0.4118,-3.5155,-2.6700,-2.5845,-2.2870,-0.1371,-0.3504,-1.9544,-3.1867,-4.9204,-6.4262,-6.3192,-6.0611,-6.3254,-4.4439,-1.9922,-0.1602,3.9677,3.3847,2.6926,0.7685,3.0415,-1.1622,-1.2155,-4.0295,-2.9221,1.1510,1.3701,2.1484,2.9784,2.5105,2.1879,1.3991,0.9850,0.8433,0.6845,1.2031,1.4032,1.3560,1.4361,1.6674
4.6852,4.4887,4.4945,4.3541,4.1558,4.0819,3.8924,3.1399,2.3726,1.9819,1.7269,1.6341,1.5191,1.2815,0.8448,0.4021,-0.0419,-0.6648,-1.4225,-2.0140,-1.9363,-1.8689,-1.1853,-0.4546,-0.2554,-0.8088,-1.6651,-1.6247,-0.3201,-1.4143,-0.7115,-1.9551,-3.3674,-2.9129,-3.5794,-2.3115,-1.0271,-1.9905,-2.6589,-4.4180,-5.5326,-6.1067,-5.8904,-6.4896,-6.1454,-4.5815,-2.5061,-0.3282,3.3934,2.6038,1.6499,0.8423,2.8805,-1.7053,-2.3755,-5.2836,-3.7699,0.1242,1.9187,1.6928,2.2309,2.4881,1.0918,0.4584,0.3219,-0.2314,0.0270,0.3133,0.8224,1.0071,1.3000,1.3221
4.6449,4.7836,4.6812,4.4927,4.3153,4.0329,3.8987,3.2272,2.4141,2.0760,1.9744,1.9185,1.8786,1.7344,1.4877,1.2096,0.9565,0.1139,-1.0427,-1.8731,-1.8917,-2.0128,-1.3687,-0.4341,-0.0466,-0.2798,-0.9680,-1.5280,-0.2784,-2.5993,-3.5367,-3.1076,-2.4976,-3.6297,-4.9278,-4.3558,-2.9330,-2.9403,-4.6179,-4.6476,-5.2180,-5.3595,-5.9436,-6.8062,-5.7541,-4.9240,-2.2627,0.6730,3.1661,2.3076,2.2131,2.0216,-0.6594,-3.4748,-3.6970,-7.2802,-5.5939,-0.1093,1.7438,1.6215,1.0938,1.2504,0.5651,0.0959,-0.6504,-0.7359,-0.7283,-0.4155,0.3186,0.7652,1.2395,1.6997
4.8229,4.8870,4.8334,4.6480,4.2698,4.1844,4.0424,3.2324,2.5107,2.1935,2.2187,2.2225,2.1948,2.0490,1.8809,1.7216,1.4569,0.5970,-0.6784,-1.5509,-1.7092,-1.9251,-1.3866,-0.2882,0.0459,0.0404,-0.4338,-1.0308,0.7142,-1.4948,-2.4351,-1.8759,-3.0112,-4.4307,-5.8071,-5.5722,-3.9418,-4.4466,-5.0431,-4.6200,-4.6798,-4.8892,-6.0953,-6.2197,-5.0178,-3.5373,-1.0447,1.0590,2.0765,2.4078,0.9265,0.3672,-1.9474,-3.8688,-4.9531,-4.9069,-5.3360,-2.6528,0.4362,1.3505,1.7074,0.7336,0.5028,-0.1084,-0.9906,-1.2132,-1.2476,-1.2693,-0.9173,-0.3595,0.6970,1.7132
5.0592,5.0273,4.8921,4.6444,4.2471,3.9405,3.7932,3.0825,2.6011,2.4438,2.4919,2.5127,2.5065,2.3745,2.1413,1.8800,1.4983,0.6366,-0.3951,-1.2338,-1.4499,-1.6438,-1.3197,-0.2386,0.0135,0.1219,-0.3687,-0.8697,-0.2072,-1.0411,-0.9219,-1.1190,-2.8501,-3.7229,-4.6426,-4.4135,-4.5761,-5.2912,-5.1687,-4.5725,-3.5120,-5.2826,-6.6586,-5.1780,-4.0105,-3.0073,0.1573,0.9743,1.4920,1.7481,-1.1097,-0.9048,-2.7353,-2.2316,-4.3342,-1.6368,-3.6766,-3.3078,0.5943,0.8343,0.9614,1.2516,0.2367,-1.1481,-1.0883,-1.5412,-1.6404,-1.5133,-1.3811,-0.8706,0.3689,1.4841
5.3050,5.0154,4.8184,4.6452,4.1215,3.4590,3.1334,2.5848,2.4674,2.7218,2.9383,2.9786,2.8876,2.6905,2.2879,1.9253,1.4728,0.5526,-0.3229,-1.0531,-1.2618,-1.3813,-0.9361,-0.2321,-0.1259,0.0059,-0.7892,-1.1598,-0.7217,-1.3305,-0.9014,-1.1242,-1.3375,-1.6723,-2.8090,-3.2057,-4.1185,-5.2553,-4.9541,-3.4277,-4.5882,-5.3375,-5.1719,-3.6811,-2.9406,-1.1543,0.3891,0.5716,0.8810,1.2918,-1.0247,0.4016,-2.7121,-2.1665,-4.8527,0.0572,-1.3375,-2.7980,0.5757,0.8286,0.8851,0.9012,0.7511,-0.4847,-0.8646,-1.4484,-1.5409,-1.3770,-1.1248,-0.8552,0.4404,1.2409
5.5240,5.1330,4.8921,4.5044,3.7856,2.7884,2.2085,2.2427,2.4952,2.9789,3.4093,3.4374,3.3600,2.9729,2.3317,1.8858,1.3237,0.4974,-0.2746,-0.9367,-1.1240,-1.0658,-0.5299,-0.2372,-0.1929,-0.3620,-1.4812,-1.4427,-0.9429,-0.7389,-0.9465,-0.8373,-1.5101,-1.1025,-2.9944,-3.4905,-4.8923,-5.3782,-4.0987,-4.9369,-4.1674,-4.7393,-3.8577,-2.9014,-1.8512,-0.1018,-0.0064,-0.3153,0.1210,0.8208,-0.3873,1.7652,-1.3686,-3.4764,-5.0431,-3.5176,-1.6913,-0.8878,1.3435,1.0893,1.0994,-0.1195,-0.2885,0.1621,-0.5294,-0.9383,-1.2696,-1.2736,0.3287,-0.4597,0.0315,0.7620
5.6380,5.1902,4.8349,4.3194,3.5190,2.5680,2.1426,2.2775,2.5677,3.3349,3.7891,3.7524,3.5627,3.1167,2.2552,1.7650,1.3017,0.5347,-0.2287,-0.8162,-0.9967,-0.7003,-0.2166,-0.1625,-0.2220,-0.8160,-1.7440,-1.5015,-0.8414,-1.1441,-3.0923,-2.7810,-4.0943,-4.4765,-6.2469,-7.4225,-8.4255,-6.2923,-5.2325,-4.1027,-2.4627,-3.5728,-3.2054,-2.4057,-1.0854,-0.4206,0.0198,1.1267,1.7652,1.3685,1.1359,1.4350,-0.7280,-2.6837,-5.1240,-3.3006,-1.6339,-0.0865,-0.1709,2.1205,2.0803,0.6644,-1.1091,-0.5468,-0.2663,-0.6663,-1.5528,-1.9671,-0.9872,-0.8524,-0.7491,0.1264
5.6665,5.1216,4.6224,3.8782,3.1474,2.5852,2.2242,2.5713,3.1315,3.7465,4.0392,3.9636,3.7482,3.0011,2.1336,1.7833,1.3804,0.6239,-0.1429,-0.6446,-0.6587,-0.3856,-0.1680,-0.0076,-0.1691,-0.8594,-1.5994,-0.8339,-0.9847,-3.7677,-1.7915,-4.1098,-4.1732,-5.4259,-5.8456,-4.6174,-1.8291,-2.9184,-1.9521,-1.1913,-1.8767,-3.1342,-2.6830,-1.6754,-1.1715,-0.9286,0.5440,1.1888,2.0610,1.7762,2.0974,2.0983,0.9091,-0.6639,-0.5098,-0.9250,-0.3092,0.1223,-0.9595,1.0148,1.5991,0.8207,-0.3928,-0.7530,-0.5620,-0.9423,-2.6076,-3.1092,-2.8631,-1.5383,-1.2975,-1.3267
5.6695,4.8081,4.0262,3.2414,2.7980,2.7684,3.0058,3.4865,3.8855,4.2627,4.2945,4.1456,3.6223,2.6184,2.0848,1.8424,1.4995,0.7717,0.0357,-0.2942,-0.3138,-0.0461,0.0243,-0.0551,-0.3598,-0.8688,-1.4457,-0.5349,-0.5375,-1.1482,-3.9120,-6.2153,-6.3925,-4.3717,0.3113,4.1258,-0.8036,-0.3220,-0.5483,-1.6477,-1.6898,-2.5117,-2.2666,-0.9720,-1.4450,-0.6541,-0.0859,0.5013,3.6650,1.0461,-0.1940,0.0538,0.2392,-0.5300,-0.4521,-0.9696,0.0290,0.4792,-0.8515,0.5656,1.1301,0.4626,-0.4236,-1.1828,-1.6996,-2.4137,-3.5434,-3.1969,-3.1736,-2.5966,-2.2411,-2.0405
5.5910,4.3267,3.2459,2.6928,2.7137,3.3071,4.0390,4.4216,4.5548,4.5504,4.4507,4.1964,3.1533,2.3336,2.1203,2.0022,1.6625,0.9738,0.4038,0.2118,0.1521,0.2438,0.2182,-0.2093,-0.6212,-1.0297,-1.2391,-0.5800,-0.4533,-1.8151,-4.6469,-5.3586,-5.9285,-2.4579,3.9539,1.4028,-2.3660,-1.5280,-1.6125,-2.0829,-1.5361,-2.1849,-1.9841,-0.9746,-1.1159,-0.6412,-0.8058,0.2938,1.8669,2.2858,1.1855,-0.1408,-1.2412,-1.1682,-1.1584,-1.7084,-0.6972,0.2212,-0.9207,0.0608,0.5960,-0.0601,-0.7779,-2.0047,-2.7799,-3.4991,-4.0982,-3.9116,-3.3503,-2.8510,-2.3085,-1.6943
5.3701,3.8741,2.9783,2.6087,2.7610,3.8225,4.3849,4.6508,4.8457,4.7190,4.5756,4.0841,2.8353,2.3609,2.2997,2.2906,1.9121,1.2750,0.8865,0.7513,0.6200,0.5912,0.3538,-0.2763,-0.6726,-1.1116,-1.3439,-0.6349,-0.5221,-2.3800,-4.3633,-4.2037,-4.8917,-1.0224,3.5354,-1.0362,-3.8239,-2.6903,-2.0143,-2.2961,-1.7522,-2.3922,-1.8897,-1.2624,-2.0228,-1.3780,-0.6583,0.3168,0.5352,2.7927,1.6949,0.1409,1.0047,-0.2303,-0.5001,-1.1565,-0.8241,0.2945,-0.0542,-0.5560,-0.2555,1.3579,-0.1535,-2.1086,-3.0629,-3.3181,-3.8679,-3.8002,-4.0098,-3.3131,-2.5247,-2.0297
4.9343,3.7265,3.0087,2.7404,3.0765,4.2131,4.5142,4.8049,5.0204,4.7734,4.6262,3.8745,2.8561,2.5539,2.6882,2.6316,2.2213,1.7293,1.4274,1.2432,1.0640,0.8148,0.3502,-0.2429,-0.7353,-1.3996,-1.6753,-1.5634,-1.3706,-2.4226,-3.2196,-3.6480,-4.0955,-1.4187,0.7567,-1.4603,-4.0762,-3.1415,-2.2019,-1.8463,-1.7520,-2.4716,-1.7117,-1.4174,-2.5167,-1.5882,-1.5591,0.0900,0.5662,2.7687,1.4899,-0.0503,-3.1594,-2.1657,-1.9549,-1.6234,-1.2832,-0.6022,-1.1051,-0.5093,-0.9753,0.4986,0.0717,-1.1585,-2.5213,-3.0353,-3.5610,-3.4749,-3.5970,-3.5987,-2.8403,-1.7191
4.4679,3.7658,3.3142,3.3577,4.0957,4.5795,4.7348,4.8659,4.8702,4.6985,4.4633,3.7389,3.1207,3.0054,3.1797,2.9850,2.5427,2.2145,2.0145,1.6662,1.4825,0.9736,0.3554,-0.2358,-0.9429,-1.5981,-1.7364,-1.6813,-2.5153,-2.0135,-3.3272,-3.7703,-3.2942,-2.4583,-2.7262,-3.3839,-3.2798,-2.5751,-1.6418,-1.6537,-2.1082,-3.0244,-1.7197,-1.8726,-2.1920,-1.8698,-0.8645,-0.8317,1.4949,1.7481,0.9531,0.0384,-0.7618,-2.4775,-3.0276,-2.5759,-2.4309,-0.6947,0.1397,0.6996,0.0595,0.0781,-0.5398,-1.3758,-2.4122,-2.7606,-3.1116,-3.1933,-3.3981,-3.5538,-3.0850,-1.4355
4.4000,4.1620,4.3041,4.5520,4.7492,4.7891,4.9074,4.9432,4.7659,4.3897,4.1289,3.8769,3.6472,3.6677,3.6643,3.2571,3.0035,2.6459,2.4274,2.0300,1.7324,1.0328,0.3550,-0.3187,-1.0849,-1.6725,-1.7741,-2.0237,-1.5582,-1.3466,-3.6011,-4.5381,-5.0252,-4.1117,-4.0577,-3.6347,-2.8988,-1.9621,-1.5302,-2.3407,-2.7212,-3.1126,-1.0850,-1.5849,-1.3757,-0.9654,0.4809,-0.8251,-0.9767,0.3053,-0.3709,-0.2668,-0.3863,-1.0513,-3.2554,-3.3245,0.2929,1.3089,1.0130,0.9211,0.7012,0.4064,-0.5115,-1.8505,-2.8267,-2.5551,-2.3549,-2.5150,-3.2405,-3.5062,-2.8821,-1.2940
4.5214,5.1603,5.2918,5.1045,4.9540,4.9496,5.0058,4.9602,4.7239,4.1574,3.9379,4.0700,4.1640,4.1550,3.9759,3.6929,3.2755,3.0610,2.6653,2.2837,1.8939,1.2213,0.4002,-0.3929,-1.1028,-1.6387,-1.7632,-2.7546,-2.0326,-3.8699,-3.3512,-4.2444,-5.0940,-4.4229,-4.4150,-3.7054,-3.0013,-2.2397,-1.8845,-1.9868,-2.1708,-2.5677,-0.7211,-1.1652,-1.4189,-0.4628,0.0888,0.6128,-0.3830,-0.8953,-1.2999,-0.8633,-1.1226,0.2544,-1.0193,-0.3232,0.0809,0.8348,1.0034,0.9832,0.6374,0.2414,-0.5752,-1.2025,-2.2716,-2.5469,-2.3271,-2.2561,-2.5379,-2.9968,-2.6912,-1.1872
5.0441,5.8087,5.5373,5.2367,5.1056,4.8451,4.8353,4.7588,4.4657,4.0189,3.9575,4.3102,4.5796,4.4593,4.1430,3.8617,3.4497,3.1880,2.8966,2.4718,2.0270,1.3045,0.4416,-0.3538,-1.0685,-1.4526,-1.1783,-1.0013,-1.5217,-3.6219,-2.6167,-3.9109,-4.4947,-4.6807,-3.8260,-3.3708,-2.6516,-1.7833,-0.8935,-0.4103,-1.1926,-1.3681,0.2303,-0.9856,-1.1982,-0.2457,0.0067,0.3127,0.0548,-0.5758,-1.3403,-1.2059,-0.6550,-0.1967,0.1749,0.2385,0.4152,0.9618,1.2861,1.2624,0.6653,-0.0367,-0.6388,-1.2716,-1.5016,-2.1929,-2.8436,-2.1872,-2.9122,-2.7802,-1.9533,-1.3580
5.9061,5.9985,5.6557,5.3270,5.0553,4.4392,4.3739,4.5185,4.4463,4.1602,4.1308,4.6761,4.9770,4.5955,4.1091,3.8270,3.6227,3.2780,2.9798,2.5935,2.0831,1.3270,0.5314,-0.3087,-0.7311,-0.8942,-0.2635,-0.2325,-0.8292,-2.6185,-3.1593,-3.7545,-3.8079,-4.0551,-3.1801,-2.0732,-0.9984,0.3254,1.3186,1.4959,0.1870,0.1209,0.8494,-0.5007,-0.5745,0.5106,0.1947,0.2968,0.0828,-0.6279,-1.0314,-0.9765,-0.2464,0.3071,1.1222,0.9763,0.1046,0.8658,1.3043,1.2811,0.4525,0.1477,-0.1253,-1.0926,-1.8057,-2.3856,-2.4094,-4.2092,-2.7347,-2.0459,-1.3763,-1.1324
6.4501,6.1528,5.6767,5.2486,4.8667,4.1306,4.2164,4.5201,4.6212,4.5540,4.5861,5.0078,5.0046,4.5942,4.1370,3.8443,3.5928,3.3727,3.0872,2.6764,2.1553,1.5247,0.6839,-0.1154,-0.2696,-0.3955,0.7097,0.3711,-2.0358,-0.5692,-2.1409,-3.1295,-1.7159,-0.9595,-0.5794,0.6838,1.9237,3.5547,4.3980,4.0530,1.4871,-0.5115,1.4858,-0.0389,-1.2034,-0.0684,0.1455,1.1609,0.7575,0.1057,-0.6414,0.0267,0.3888,1.1874,2.0532,1.9985,1.2318,1.1094,1.2196,1.0140,0.6600,-0.0087,-0.5416,-1.6453,-1.7812,-2.3073,-2.8465,-3.3691,-3.3302,-2.2505,-1.1264,-0.8926
6.5952,6.2142,5.6676,5.1802,4.6839,4.1113,4.2470,4.5538,4.9812,5.1551,5.2028,5.3162,5.0049,4.5663,4.0933,3.7525,3.6467,3.4116,3.1032,2.7565,2.2535,1.5089,0.7554,0.2633,0.2060,-0.0080,0.6155,0.4235,-0.0267,0.1344,-0.2357,-0.3758,0.1074,0.3121,0.9067,1.9338,3.0111,4.5160,5.3824,4.4625,2.3934,1.7964,2.8979,1.2501,0.2983,0.2508,0.0311,1.0674,1.0322,0.5212,0.2427,-0.0836,0.6925,1.4274,2.4714,2.4898,2.3433,1.3600,1.3010,1.3559,0.9170,0.1765,-0.7383,-1.7850,-1.5487,-1.9177,-2.5263,-2.5903,-2.8231,-2.8757,-2.1147,-0.8871
6.6372,6.2130,5.6476,5.0510,4.5100,4.2009,4.3970,4.6882,5.2762,5.4720,5.5003,5.4160,5.0160,4.6099,3.9975,3.7370,3.6797,3.4623,3.2999,2.8513,2.1040,1.3165,0.7943,0.5569,0.3957,0.1506,1.0689,0.9414,0.5089,0.0354,-0.8703,-1.8325,-1.7913,-0.6484,1.1692,2.5982,4.4903,5.5531,5.9270,4.6616,3.0614,2.9092,3.1748,2.5063,1.6479,0.8820,0.4299,0.9796,0.7846,0.0784,0.3776,0.4351,0.6793,1.0428,2.3505,2.9019,2.6633,1.2442,0.9048,1.4954,1.1233,0.4869,-0.3972,-1.4369,-2.0303,-1.9033,-2.2796,-2.2237,-2.4759,-2.8424,-2.3738,-1.3648
6.6100,6.1610,5.5158,4.7376,4.4041,4.4469,4.5308,5.0050,5.3457,5.4635,5.3657,5.1902,4.8686,4.3683,3.8855,3.5983,3.7429,3.5114,3.3105,2.6864,1.8357,1.2201,0.9104,1.0140,0.5527,0.6589,1.2815,0.3851,-0.5450,-0.8684,-1.7533,-2.5221,-2.3447,-0.3931,2.0093,3.2230,4.2182,5.4980,4.7269,2.8938,1.9985,2.0050,3.7263,2.7797,1.5943,1.2570,-0.0431,0.7284,0.4131,0.9740,0.5150,0.0983,0.5786,0.6163,1.7813,2.6007,2.7597,1.0997,0.3509,0.7332,0.6438,0.6671,-0.2791,-1.2802,-1.5950,-1.6690,-2.6893,-2.4901,-2.1107,-2.2130,-2.5807,-1.8626
6.4756,6.0527,5.2094,4.4757,4.3474,4.6958,4.9325,5.1720,5.2356,5.3122,5.1486,4.9528,4.6382,3.9573,3.5064,3.3765,3.7404,3.5639,3.1710,2.3505,1.5772,1.3456,1.3395,1.0845,1.0246,1.1383,1.6324,-0.6905,-0.7457,-1.1879,-1.8108,-1.8975,-0.7632,1.0503,4.2203,4.5820,3.8857,4.7446,1.4872,-1.5644,-1.2627,0.3132,3.3617,2.5927,2.2460,1.3723,0.6047,-0.3434,-0.5498,-0.1823,0.1357,0.2564,0.9268,1.1195,1.3691,2.7129,2.9517,1.2965,0.0577,-0.1472,0.5082,0.5534,-0.2615,-0.8683,-1.0405,-1.3245,-2.3538,-2.1660,-1.9824,-1.9616,-1.6234,-1.0812
6.3181,5.9028,4.9508,4.3719,4.4300,4.7396,5.0645,5.1670,5.0777,5.0198,4.8321,4.7241,4.3823,3.5699,3.2711,3.3117,3.7243,3.5994,3.0110,2.0653,1.5087,1.4586,1.3714,1.3230,1.5483,1.0489,0.9126,-0.1822,-0.1901,-0.5343,-0.7892,-1.1948,-0.4162,1.4974,5.0581,6.8598,4.2677,4.1349,-0.1072,-4.1999,-5.4895,-1.8315,2.1289,1.6976,2.5079,1.3514,1.4953,0.1406,-1.3926,0.4833,0.6697,1.2642,1.9410,2.2518,2.6325,3.3955,3.3207,2.0241,0.0663,-0.4932,0.1205,0.1352,0.4977,0.1285,-0.8302,-1.6946,-1.9082,-1.8985,-1.8063,-1.6079,-1.0452,-0.9892
6.1412,5.7073,4.8502,4.5057,4.6241,4.7434,5.0233,5.0416,4.8166,4.5862,4.4204,4.4029,4.1154,3.2958,3.1471,3.5815,4.0294,3.6900,2.9777,1.8577,1.5297,1.5427,1.3449,1.8722,1.2007,0.5034,0.2711,-0.2965,-0.2832,0.3727,0.3645,0.4387,0.3654,1.6823,5.6742,7.1701,3.3041,2.7612,-0.6894,-3.5724,-4.5707,-1.8783,1.9466,1.2193,1.8892,2.1603,1.2701,1.0222,0.1077,1.2759,1.6749,3.4039,4.0088,3.9818,4.0197,3.5545,3.5970,2.6177,0.0096,-0.6415,-0.5613,-0.3652,0.2763,0.3835,-0.5230,-1.4827,-1.7455,-1.6206,-1.8604,-1.9039,-1.5894,-1.1839
5.8414,5.4815,4.8673,4.6860,4.6088,4.7663,4.8585,4.8138,4.3728,4.2197,3.9923,4.0078,3.8390,3.1807,3.3097,4.0112,4.2173,3.8576,2.9617,1.7381,1.6243,1.6036,1.4761,2.3369,1.2932,0.0775,-0.5563,-0.0546,1.0797,0.9047,2.6093,3.6771,4.4273,3.7754,6.5243,5.6190,0.9272,0.8558,-0.3041,-1.7486,-2.3558,-2.3250,0.0553,0.7692,2.5067,2.1907,1.7543,1.4963,1.1803,2.1805,2.6650,3.8793,4.2282,4.3431,4.5688,4.2031,4.2658,4.0357,-0.0711,-0.7740,-0.5045,0.1747,-0.0358,-0.3544,0.2106,-0.7017,-0.9937,-0.9916,-1.4564,-1.8804,-2.0349,-1.4514
5.4691,5.2090,4.9216,4.7279,4.5355,4.5430,4.6612,4.5049,4.0690,3.8092,3.8015,3.7696,3.7845,3.4830,3.6392,4.2539,4.2866,3.9979,2.9209,1.7243,1.6948,1.6384,1.7823,2.1461,0.7109,0.0734,-0.4206,0.2293,1.6425,1.0881,2.7036,4.0486,5.9121,5.5009,4.6809,1.8166,-1.2668,-1.3206,-0.0846,0.5334,0.1478,-0.7942,-0.3299,0.1586,1.5410,1.1818,1.9910,1.8935,1.9310,1.9536,4.0158,4.9836,4.4341,4.8291,5.4871,5.2103,6.6889,6.3896,1.1193,-1.9659,-1.4050,-0.8348,-0.0399,-0.4002,-0.3423,0.5365,0.4927,-0.1873,-0.8459,-1.2455,-1.5499,-1.0667
5.0919,4.9758,4.8541,4.6564,4.4956,4.3472,4.2908,4.1274,3.7906,3.7072,3.6289,3.5799,3.6442,3.5398,3.9831,4.4581,4.3198,4.0723,2.8348,1.7359,1.6870,1.6559,2.1249,2.1625,0.4076,-0.0144,-0.4274,0.6930,-0.1386,-0.3849,1.8389,4.1868,6.9392,6.6290,1.6549,-0.4558,-1.9140,-1.8895,0.1740,1.8036,2.5188,2.4952,0.7938,0.3623,1.8868,1.1391,2.7268,2.5563,2.4300,2.5593,3.6211,4.0749,5.5531,7.1542,7.6112,8.2690,8.7903,8.6274,3.3399,-2.1748,-2.1789,-0.9546,-0.5268,0.3915,-0.3342,0.0038,0.9791,0.8507,0.0410,-0.4439,-0.4575,-0.3003
4.8840,4.8586,4.7514,4.5819,4.3338,4.2050,4.1278,3.9434,3.7770,3.7036,3.6718,3.5326,3.5266,3.6327,4.1571,4.5513,4.3310,4.0708,2.6385,1.6457,1.6626,1.5768,1.5799,1.4833,0.7776,0.2386,0.0916,0.5143,0.8974,0.2386,3.1295,4.3920,7.6787,7.9856,-0.1346,-1.8250,-1.5300,-1.5330,0.0452,2.5870,4.2637,3.1643,2.3981,1.4386,1.6880,2.4210,2.2876,2.2005,2.7000,2.4705,2.9084,4.1590,5.6992,7.3977,8.5098,9.0928,9.3132,8.8442,6.4395,-1.2458,-2.8840,-2.3550,-0.5924,-0.4468,0.8204,0.2631,1.0170,1.2113,1.0421,0.1448,0.4874,1.0008
4.6678,4.6889,4.6390,4.5302,4.1448,4.0467,3.8757,3.8273,3.7630,3.6402,3.6750,3.3428,3.4120,3.7050,4.2192,4.6304,4.3975,4.0556,2.3839,1.5648,1.6459,1.5751,1.7476,1.6700,1.3188,0.9591,0.5337,1.2324,0.1092,1.3196,3.6380,5.9083,9.3412,5.6740,-0.7267,-1.2478,-0.3982,-1.2169,-0.6579,2.4649,4.6670,4.2934,3.9737,4.1475,2.2562,2.3119,2.3328,1.2776,1.2638,1.6000,2.9600,4.0819,5.4289,6.9416,8.0692,9.1880,9.8697,9.6849,9.4846,4.0238,-2.2376,-2.9548,-2.2606,-0.7047,0.0293,1.2656,0.9837,1.1182,1.1985,0.3994,0.3832,0.8272
4.3844,4.4749,4.5786,4.5161,4.1015,3.9654,3.7629,3.5645,3.5452,3.3392,3.3184,3.0024,3.2687,3.8369,4.3100,4.6766,4.5279,4.1243,2.2439,1.5752,1.6898,1.6379,2.5786,2.1227,1.7739,1.1557,1.3581,0.4301,-1.1719,1.7427,5.7736,7.7194,7.6611,1.8705,0.6667,-0.6756,0.4328,-1.0031,-0.2470,2.0048,4.1477,4.5763,4.4920,5.0457,4.4757,4.0209,2.9402,2.2651,2.4381,2.7464,3.2689,5.0578,6.2482,7.0677,8.0032,9.0214,9.8435,9.9191,9.5210,8.4249,2.3646,-2.8707,-3.0933,-0.9908,0.1498,0.7571,0.3595,0.5931,0.4907,0.4058,0.2859,0.6827
4.2068,4.3341,4.4535,4.4528,4.0999,3.8757,3.7450,3.3976,3.1891,3.1830,3.1203,2.9105,3.1522,3.8468,4.3456,4.6770,4.5656,4.1350,2.1643,1.6624,1.7949,1.8380,2.8464,2.5070,1.9739,1.5491,1.2743,-2.0019,-0.5257,2.9779,7.0430,5.9511,3.9787,0.8572,0.2050,0.4321,0.8985,-0.4255,0.4200,3.5853,4.4432,4.4936,5.7150,5.8452,5.6085,4.8810,4.5551,3.9342,4.4043,4.3001,5.1504,6.4727,7.2268,5.6462,8.2796,9.1161,9.2638,9.4014,9.6121,9.0484,7.4722,-0.4261,-2.6255,-1.7021,-0.4448,0.0499,0.8637,1.0132,0.4898,0.2005,0.2882,1.1760
3.9525,4.2410,4.3647,4.3282,4.0185,3.7326,3.5644,3.3606,3.2404,3.0898,2.8294,2.7088,3.1830,3.7938,4.2806,4.6858,4.6095,4.1363,2.0353,1.7962,1.9390,2.0275,2.5480,2.3933,1.8344,1.0298,-1.8183,-1.4897,1.9754,4.4182,7.9346,1.1472,2.8349,1.2716,1.1759,1.5182,1.4255,-0.2898,2.0442,2.7719,3.3152,3.5567,5.3277,5.9440,4.3965,4.9639,4.9169,5.0630,5.0406,5.1238,5.8202,6.7774,7.1333,0.4186,8.1702,8.7563,9.0069,9.0743,9.3621,9.5356,8.0377,3.5693,-2.0571,-3.0036,-1.5810,0.0688,1.2154,1.0493,0.5357,0.3389,0.5219,1.2297
3.8586,4.0794,4.1640,4.1895,3.9477,3.7366,3.5867,3.3870,3.0910,2.9943,2.6734,2.7260,3.2603,3.6878,4.1438,4.6212,4.6252,4.1225,1.9131,1.8429,1.9062,2.1215,2.1219,1.9905,2.0414,-0.6499,-0.9571,1.0597,3.2672,4.8189,8.7699,1.7173,1.5144,2.2082,1.8845,2.4319,1.3512,0.0025,2.4406,3.3894,4.0580,4.4090,5.2888,4.8527,4.2591,4.8324,4.6777,5.1103,5.0092,4.8353,5.4619,6.5739,7.1554,7.9279,8.6204,8.9328,9.2039,9.1667,9.1250,8.8665,8.2571,6.3038,-0.1970,-2.3186,-2.3926,-1.3059,0.4148,0.6398,0.5461,0.1551,0.6300,0.1398
3.6164,3.9111,4.0900,4.1718,4.0533,3.7898,3.6187,3.3502,3.0357,2.8877,2.5868,2.7071,3.1259,3.6386,4.0243,4.5882,4.5818,4.0201,1.7907,1.8469,1.8414,2.1266,1.9976,2.0598,0.5411,-0.4171,1.5371,2.3294,3.9968,3.9783,6.1082,5.6841,1.1766,2.6887,2.5380,2.6912,1.9127,0.5467,1.5748,1.7551,5.3367,6.4303,6.1572,4.5995,4.5508,4.6335,5.3010,5.0723,4.6922,-0.7949,6.1419,7.3332,8.0351,8.6055,9.2172,9.4063,9.6010,9.6085,9.3495,9.0056,8.1390,7.0880,3.7633,-1.0176,-1.5782,-1.1128,-0.0139,1.2176,0.5399,0.3399,-0.1179,-0.1516
3.5329,3.7024,3.9610,4.1070,4.1039,3.9434,3.7234,3.3033,3.0485,2.9257,2.5272,2.6831,3.2364,3.7021,4.0422,4.6297,4.5685,3.9841,1.6449,1.8147,1.9186,2.2018,1.9525,3.6809,1.5461,1.6927,4.1824,2.6940,2.4253,2.7230,4.9649,7.1346,1.0107,4.0144,3.1020,3.2461,2.3636,1.6163,1.9252,2.2652,3.0492,6.3472,7.3999,5.7841,5.6870,5.9145,5.7253,5.5222,5.9637,6.6058,7.7987,7.7367,8.3543,9.1859,9.6896,9.8772,9.9185,9.7769,9.5572,8.9849,8.0980,7.0259,5.8570,3.6742,1.8722,1.1716,0.4784,0.9387,0.3769,-0.0914,-0.0723,0.2273
3.4497,3.5990,3.8206,3.9936,3.9996,3.8616,3.5715,3.2604,3.0986,2.9731,2.6356,2.7503,2.9871,3.6829,4.0445,4.5896,4.6144,3.9039,1.4751,1.8082,2.1502,2.1971,1.6488,3.7846,2.2973,4.4414,4.1243,2.6023,2.9815,3.9355,4.9388,4.5405,0.9983,3.0039,2.8352,2.7122,2.5344,2.7335,3.2377,2.9610,3.4858,5.6674,5.3088,6.1943,5.9455,5.8738,5.9564,5.5884,6.3636,7.3684,7.8600,8.4479,8.7252,9.4403,10.0544,10.5978,10.2957,9.7986,9.3885,8.6709,8.1674,7.1528,6.2253,5.2698,3.6232,2.1495,1.2294,2.0763,1.6046,0.4064,0.2044,0.8989
3.3785,3.4997,3.6566,3.8200,3.8788,3.7937,3.4762,3.2203,3.1088,2.9530,2.6953,2.7777,2.8395,3.6739,3.9524,4.5747,4.6478,3.8083,1.3612,1.7823,2.1693,2.0473,1.2420,1.1927,3.4189,4.3978,4.0168,1.0730,2.9320,3.2694,4.7349,1.3377,1.7223,1.2082,1.3814,1.9425,3.0991,3.2809,4.1589,3.5814,5.0777,7.5147,7.4952,7.7768,7.3331,6.5258,6.2123,6.4916,7.4736,8.2326,8.8543,9.3021,9.7209,10.1015,10.5762,10.9071,11.0939,10.7317,10.0466,9.1829,8.4131,7.7634,6.6869,5.7642,4.6439,3.4428,2.2726,1.7704,1.4871,0.8474,0.4485,1.0410
3.2611,3.3983,3.5229,3.6641,3.7425,3.6669,3.3501,3.1194,2.9050,2.9227,2.8605,2.7850,2.7342,3.6024,3.9591,4.5648,4.5963,3.7957,1.3276,1.7516,2.1582,1.8212,0.9101,0.4531,3.3196,3.3327,2.7037,-1.2972,1.0770,3.0899,5.5055,6.2845,5.7231,2.6576,0.9913,1.8189,3.6186,4.3477,5.5095,5.0819,6.2454,7.8126,9.3394,9.3458,9.5067,8.4978,7.9544,7.8679,8.8062,9.0848,9.1725,9.3854,9.7307,10.1264,10.6121,10.7593,11.0394,11.5641,11.4989,10.4021,9.1543,8.5785,7.0258,6.1351,5.7057,4.9017,3.5860,2.1811,2.0728,1.4539,0.9319,0.7231
3.1136,3.2511,3.3531,3.4437,3.5794,3.5238,3.2286,2.9909,2.8252,2.9589,2.8708,2.7791,3.0069,3.5227,3.8939,4.4734,4.4871,3.8163,1.3724,1.7031,2.1504,1.8232,0.8065,1.1598,2.7118,2.8125,1.0585,-1.0698,1.5557,3.9233,5.8741,6.2411,8.5452,9.6022,7.2387,3.6750,4.9638,5.5420,6.8232,6.1234,7.7739,8.8031,8.6996,8.3962,8.1214,8.0190,7.9856,7.5865,7.8277,7.3848,7.2907,7.8092,8.2430,8.5859,9.3924,9.9296,10.0920,10.5051,10.8750,10.9922,9.7350,8.9075,8.0669,6.8101,6.2080,5.9244,4.6716,3.0812,2.4371,1.2147,0.6692,0.6549
2.9457,3.0514,3.1381,3.2300,3.3486,3.3207,3.1072,2.6050,2.7084,2.9338,2.8394,2.6374,3.1133,3.6377,3.7780,4.3797,4.4219,3.7573,1.4030,1.5753,2.0734,2.0666,0.2385,1.8495,2.5892,2.5381,1.1745,2.1108,6.1587,5.2948,4.6454,4.8749,5.9689,7.5396,10.4334,9.2191,6.4606,6.7526,6.7166,6.5530,7.4412,9.1690,8.7856,8.5378,8.2921,7.7010,7.6054,7.2571,6.3435,5.9545,6.1841,6.9542,7.2570,7.6220,8.3542,8.7710,9.1735,9.4787,9.3469,9.5947,9.5338,8.4984,8.3234,7.2153,6.0471,5.8100,5.1065,4.7568,3.5805,1.9649,0.6987,0.4545
2.7171,2.7707,2.8818,2.9685,3.1019,2.7716,2.8134,2.6203,2.6880,2.7862,2.7332,2.5381,3.1581,3.5524,3.6468,4.3881,4.3922,3.7802,1.3738,1.3818,1.9582,2.3257,1.3228,2.0288,2.2936,2.7706,1.7249,4.1959,6.8400,5.3729,3.9475,3.3477,5.3451,6.8728,8.9598,12.1637,6.8397,6.7507,6.5043,7.0263,8.8895,9.0938,9.0736,8.6920,8.8352,8.7492,8.4005,7.0040,6.2239,6.0443,6.3548,6.7366,7.0861,6.9504,7.3916,7.5354,7.5449,7.6899,8.3442,8.5830,8.4016,8.6377,8.0964,6.8777,5.9053,4.7303,4.5470,5.0591,4.1108,2.9024,1.9081,1.0369
2.4294,2.4392,2.7313,2.7310,2.9470,3.0030,2.7993,2.5617,2.4947,2.5783,2.5839,2.5798,3.0686,3.5285,3.7482,4.3094,4.4162,3.8660,1.4507,1.2719,1.8929,2.4344,2.6440,2.3477,2.4963,2.9064,2.6128,4.7480,7.7187,6.5192,5.0571,4.0972,2.5980,3.4165,7.4363,9.8187,8.0224,5.7921,6.1792,5.9766,7.5279,7.7888,9.2014,8.9149,9.0595,8.8751,8.3708,7.7851,6.8474,6.2477,6.4016,6.1998,6.5034,6.3503,6.6341,7.1958,7.1956,6.9361,6.7133,7.8607,7.5920,7.4303,6.9989,6.9803,6.1093,4.5127,3.5165,4.4109,4.4039,3.8910,2.9148,2.2430
2.0779,2.1681,2.5418,2.6209,2.7832,2.8976,2.6636,2.3773,2.0747,2.1780,2.5097,2.6465,3.0254,3.5163,3.7900,4.1937,4.5223,3.9027,1.6281,1.1614,1.7234,2.5750,2.4517,1.8494,2.2390,2.6610,2.4858,4.7165,6.5229,5.7218,4.7344,2.5085,1.9569,3.7447,6.9819,10.1715,10.8938,5.9904,5.5506,5.5117,6.2064,6.6955,7.3196,8.3114,9.2496,9.7070,9.6216,8.5511,7.5808,6.4571,6.6203,6.1783,5.8681,6.1053,6.5233,6.3953,6.6126,6.4822,5.9525,6.3543,6.5812,6.4033,5.9427,5.7205,5.1589,3.9625,3.2285,3.7124,4.1710,4.1013,3.3542,2.2306
1.9997,2.1884,2.3511,2.4458,2.5404,2.7272,2.5376,2.2898,1.9321,1.8332,2.3406,2.5155,2.8703,3.3893,3.8157,4.3466,4.5493,3.8821,1.9154,1.1310,1.4542,2.0241,2.0924,1.2140,2.2947,2.4922,2.6960,3.7641,5.2502,5.1157,1.9915,2.8667,4.6316,5.5808,6.3879,9.3880,11.6533,9.7019,7.5141,7.3346,7.3674,7.9356,8.0100,8.9079,9.4960,9.8306,9.8129,9.1379,8.6999,7.6628,7.7884,6.6052,5.8727,6.0525,7.0004,6.6639,6.6180,6.6592,6.4960,6.4071,6.1058,6.1435,6.2941,5.7900,3.5562,3.5060,4.0325,4.1179,4.0745,4.9135,4.6493,3.2413
1.8358,1.9731,2.1034,2.2239,2.3583,2.4910,2.2438,2.1268,1.6661,1.7438,2.3560,2.4323,2.9001,3.3348,3.6217,4.1920,4.5137,3.8827,2.3626,1.1678,1.3712,1.1199,0.7875,1.4016,1.8854,2.0425,2.2948,2.8726,4.8313,3.8082,0.6413,4.8034,7.4308,7.9141,9.3626,10.7893,11.9656,11.9911,11.6630,10.2909,8.8742,8.4472,8.6563,9.0862,9.2333,9.3206,9.7492,9.6196,9.2826,8.8347,8.9787,7.6921,6.5475,6.9196,8.0686,7.8660,7.4835,7.5688,7.0804,7.0735,5.9875,5.4889,5.6501,5.2338,5.0095,4.3622,3.7957,3.6359,3.7485,4.5251,4.9638,4.4358
1.6118,1.7852,1.9166,2.0326,2.1933,2.3447,2.0929,1.7217,1.2546,1.4827,2.2560,2.2380,2.6688,3.2174,3.7291,4.2457,4.5690,4.0351,2.8951,1.3186,1.5202,1.6337,0.5276,0.6185,0.6198,1.9804,1.9092,2.4555,4.7593,2.6716,1.4303,4.3468,5.1087,6.0032,8.1950,10.1068,10.4527,8.3981,9.6224,11.8275,11.3344,10.3958,11.1431,11.1406,9.7637,8.8383,9.9012,10.5320,10.5231,11.7052,11.7516,10.7888,9.2108,8.7916,9.5393,9.1761,8.8019,8.8844,8.3414,7.6127,6.7818,5.4535,5.2704,5.3941,5.5848,6.1032,4.8244,4.3863,3.9635,4.9534,5.5229,5.1626
1.3398,1.6372,1.7883,1.8818,2.0557,2.1713,1.9045,1.4917,1.0513,1.3814,2.0858,2.1833,2.3089,3.0257,3.7071,4.3322,4.7211,4.2639,3.4087,1.6688,1.8569,2.2240,1.9250,0.1835,1.3684,2.1258,2.2498,2.8220,4.5458,1.9907,2.5768,2.6948,4.0620,4.3979,5.4715,7.7396,8.2500,4.5818,6.9016,6.3246,5.8655,7.9733,8.8134,10.0563,10.5571,9.9096,10.2191,9.6825,10.2884,11.0255,11.7926,12.8807,11.9731,12.3194,12.5382,12.1302,11.1420,10.5761,9.9637,9.2084,8.0278,6.6702,5.4657,5.2817,5.9881,5.6690,5.9269,5.1132,4.9614,4.9732,5.8761,5.4920
1.1409,1.4892,1.6322,1.7529,1.9218,2.0713,1.7721,1.2200,0.8789,1.2616,1.8497,1.6544,2.0060,2.7125,3.5632,4.4580,4.8885,4.4623,3.8252,2.1094,2.2207,2.6134,2.5104,0.9161,-0.0989,3.0243,2.6431,3.4319,3.7144,2.8036,1.5151,2.1184,1.7343,2.1741,1.5282,4.8732,5.7941,1.9261,3.1002,3.9496,3.4844,2.6843,3.3074,4.5013,4.8546,3.9821,4.9538,6.0545,7.0071,7.8065,9.2525,4.3863,11.4266,12.9098,14.0223,13.7455,13.1982,12.5294,11.8907,10.6091,9.4702,8.1191,7.1489,6.0669,5.3829,6.4406,7.0722,5.6307,5.5566,5.8823,5.4517,6.0788
0.9115,1.3606,1.5083,1.6142,1.8288,1.9275,1.6072,1.1678,0.6987,0.9324,1.4501,1.5303,1.7761,2.3756,3.2808,4.4090,5.0233,4.6024,4.0912,2.5700,2.5710,2.8325,2.7561,1.0401,-0.4201,1.7151,3.3025,3.6045,3.4085,2.5578,2.5257,2.8349,1.4721,1.3420,2.3490,3.6448,4.5504,-2.3913,0.4060,1.3816,1.1956,-1.2182,-0.3358,-0.1093,-1.5231,-1.5961,0.7552,2.3752,3.8801,5.1613,7.2828,2.3205,9.8926,12.2873,13.3072,13.9316,13.9986,13.5414,12.9609,11.8169,10.5937,9.0069,8.2616,7.0082,6.0910,6.3907,6.8715,7.1584,6.0491,5.4679,5.0966,5.6325
0.7901,1.2579,1.4214,1.5600,1.7274,1.7484,1.4368,1.0009,0.4652,0.6980,0.9951,1.2355,1.5412,2.1255,3.1270,4.4559,4.9835,4.8186,4.2446,2.9320,2.8003,2.8769,2.4666,0.1229,-1.3513,-0.5071,2.9431,4.1225,3.1501,1.8134,0.4464,1.0459,1.0113,0.8423,1.8202,1.5389,2.8460,-4.2718,-2.1819,0.1080,0.3497,-1.1752,-1.3383,-1.9614,-3.1102,-2.3946,-0.8206,0.4453,1.7071,3.8432,5.7483,7.7129,8.7714,10.6856,12.4710,12.9897,13.5086,13.5037,13.0420,11.8593,10.9209,9.3798,8.2067,7.8261,7.6530,7.8775,7.8170,7.4375,6.5064,5.8905,5.2966,5.6329
0.7096,1.1680,1.3806,1.4837,1.6169,1.5862,1.2564,0.8178,0.5392,0.5453,0.7424,1.1402,1.3365,1.8617,2.8552,4.2511,5.0782,5.0830,4.4049,3.2437,2.9439,2.8268,1.7824,-0.7455,-1.8621,-1.1551,2.8537,3.9137,2.5516,1.5593,0.7842,0.9159,0.8630,1.1561,0.7846,0.4675,1.6383,-6.3353,-2.1180,-1.8721,-2.3180,-2.1487,-2.4134,-1.8544,-2.9648,-1.2634,-0.5413,0.1905,1.4500,3.4951,5.0385,6.4133,8.9921,10.3358,11.1234,11.9574,11.8859,12.5511,12.4867,12.1228,11.7150,10.2506,8.8267,8.9789,9.2174,9.0330,9.6426,8.7754,7.3309,6.5123,6.0858,5.4329
0.7213,1.1243,1.2817,1.4134,1.5418,1.4854,1.1526,0.7189,0.4157,0.4070,0.6871,0.9933,1.2108,1.6374,2.5038,3.9597,4.9047,5.1283,4.5096,3.4249,3.0861,2.8396,1.5115,-0.7122,-1.8769,-1.2035,2.3585,3.1230,2.4641,1.3709,0.7558,2.2415,1.7586,1.1077,0.2135,-0.6161,0.1833,-4.1376,-6.1032,-2.7765,-3.8598,-3.9607,-3.2054,-2.1543,-1.2089,-1.5292,-1.2122,0.3016,1.4453,3.1775,4.3595,5.1957,7.0418,8.3244,9.8063,10.3311,10.3647,11.5847,11.8229,11.6398,11.3141,10.3289,10.1489,11.0645,10.8228,10.9157,10.6347,10.2812,8.6458,7.5489,7.2871,6.4981
0.6695,1.0606,1.2088,1.3527,1.5262,1.3987,1.0972,0.6075,0.3770,0.2742,0.7207,0.8751,1.1462,1.4306,2.2128,3.8354,4.6849,5.3349,4.6777,3.5609,3.2102,2.9460,1.6384,-0.4190,-1.6541,-0.9574,2.8830,2.2190,2.5731,1.6473,0.6697,1.2876,0.1846,-0.3654,-0.5940,-0.5889,0.1191,-2.3050,-4.8868,-4.1014,-4.6196,-3.7919,-3.3880,-0.8979,-1.4936,-1.9313,-1.2462,-0.3879,0.9043,2.3928,2.7642,5.1448,5.9609,6.7740,8.7266,9.5769,9.7586,10.3613,10.5679,10.7474,10.8755,10.0523,10.7663,11.7221,11.8580,11.9837,11.1693,11.4406,10.5370,9.2556,7.9484,7.9455
0.6857,0.9976,1.1575,1.3481,1.5649,1.4235,1.0544,0.5421,0.3375,0.1213,0.6512,0.8080,1.1892,1.2523,2.2273,3.7868,4.6440,5.4385,4.8835,3.5744,3.3548,3.1668,1.9529,0.3839,-0.4935,-0.3203,1.4371,2.0431,2.2268,0.9834,0.4538,0.6222,-1.2666,-1.4293,-1.2984,-0.3996,-0.5335,-2.9167,-5.7656,-5.5580,-4.4572,-2.8721,-3.2996,-2.8977,-1.8901,-1.7426,-0.9292,-1.3283,-0.6936,1.2208,2.5168,4.9409,4.6681,5.5579,6.8924,8.5976,9.9047,10.1066,10.9724,11.4715,11.5783,11.1077,11.3959,12.3472,13.4977,12.9174,12.5983,11.1688,11.2178,11.0168,9.5023,8.5493
0.7240,0.9911,1.1807,1.4177,1.6054,1.4438,1.0284,0.5347,0.3864,0.3433,0.7586,0.7127,1.1429,1.2597,2.2577,3.7999,4.5089,5.5420,5.0383,3.3847,3.6024,3.7085,2.9090,1.3563,0.5880,0.7675,1.2886,2.1695,0.8600,0.1167,-0.4290,0.7295,-0.6157,-0.6904,-1.6140,-1.7854,-2.5977,-4.6558,-5.5917,-5.5183,-4.4052,-3.0905,-2.7533,-3.0527,-2.3743,-1.7089,-1.3836,-2.4198,-1.5936,-0.0521,2.6080,3.8993,4.5391,3.6087,4.3692,6.4290,8.3499,10.0264,11.1578,11.5663,11.9076,11.9873,12.0965,11.9729,12.5565,13.1940,12.2252,11.3670,10.3379,10.0944,9.7288,8.9414
0.8155,1.0517,1.2864,1.5149,1.6256,1.4391,1.0755,0.6095,0.5039,0.6606,0.9599,0.7620,1.2102,1.6028,2.8095,3.9483,4.4243,5.5261,4.9167,3.2491,3.8089,4.2200,3.6007,2.3693,1.3285,1.2635,0.7030,1.5021,0.4402,-1.1679,-1.7994,-1.4271,-1.1342,-1.4029,-1.8949,-2.6722,-4.7198,-5.5167,-5.3673,-5.2550,-5.0697,-2.8522,-3.2702,-1.6742,-1.7249,-1.1038,-3.1976,-2.8300,-2.2629,-0.6059,1.1378,1.9985,2.8612,2.4983,4.1339,5.5433,7.8428,9.8209,11.2135,11.9271,12.4836,12.6311,12.9220,12.9610,12.1153,10.4594,11.0309,10.9422,10.6808,9.9278,10.0214,8.8173
0.9286,1.1481,1.4201,1.5939,1.6315,1.4676,1.1216,0.7031,0.6624,0.8876,1.0733,0.7639,1.2160,2.0858,3.4444,4.4350,4.5379,5.4606,4.2453,3.0767,3.7114,4.3592,3.8024,3.0200,2.0242,1.7509,1.3516,0.5928,-0.3230,-1.3454,-1.4765,-2.2081,-1.9325,-1.7803,-3.4393,-4.6502,-5.2720,-5.4991,-5.9273,-5.4423,-3.9898,-2.9414,-5.6836,-2.4621,-1.0934,-0.8234,-4.2441,-3.3368,-3.3092,-2.1544,-1.6261,-0.5674,-0.5842,0.4658,3.7875,6.2223,6.9300,8.6936,9.8821,10.5515,11.1252,11.9099,12.1304,12.0781,10.8837,8.4956,8.7569,8.8578,9.2931,9.9090,9.7286,9.0459
1.0625,1.2647,1.5311,1.6663,1.6268,1.4623,1.1732,0.8663,0.8078,1.0930,1.1395,0.9435,1.4733,2.4968,4.0430,4.4502,4.7104,5.1698,3.2070,2.6448,3.6400,4.1126,3.7942,3.5216,2.7079,2.1358,1.6889,-0.0783,-0.3067,0.5453,-1.2364,-2.7323,-1.5903,-1.7711,-3.8269,-5.5558,-5.7363,-4.8702,-5.2723,-5.5687,-3.1030,-2.2837,-1.2967,-0.7653,-0.6573,-2.6950,-3.9911,-2.9886,-2.7939,-3.3799,-2.4198,-0.7616,-0.9749,0.1565,2.6723,4.2503,4.0655,5.3210,6.4789,7.3676,8.0983,9.5206,10.5449,10.1761,8.2066,7.2658,7.2620,8.1633,8.0641,8.3647,8.7518,8.1988
1.1275,1.4118,1.6448,1.7349,1.6315,1.4911,1.2459,0.9784,0.9186,1.1896,1.2267,1.0091,1.5160,2.6359,4.0567,4.0104,4.4826,4.2282,2.2721,2.2774,3.4328,3.4542,3.7026,3.5500,2.9570,2.6737,4.6846,0.5991,-0.5195,0.5000,-1.0155,-3.8045,-2.0596,-2.5200,-4.5278,-4.8442,-4.5347,-3.4769,-3.8421,-4.3078,-3.7342,-0.7947,-0.6449,-0.4372,0.2084,-3.6213,-4.4072,-3.4601,-2.8399,-2.8452,-3.2671,-1.9979,-1.7387,-1.4754,-0.5097,0.2741,1.3198,2.9039,4.4201,5.4522,5.8834,7.1199,7.7983,10.6065,5.3290,5.6433,5.6599,8.8649,8.6109,7.6516,7.1274,6.6034
