1.4660,1.1338,0.5890,0.1499,0.2466,0.0412,0.3174,1.5179,2.6954,2.3758,1.2402,1.0215,1.1948,1.2875,1.2661,2.1982,2.1743,1.5768,0.8076,0.7501,0.2842,0.4604,0.1844,0.5073,0.8765,0.5421,-0.6152,-1.3029,-1.5747,-1.8533,-1.7194,-1.6623,-1.3964,-1.1323,0.3282,1.7955,0.3710,0.7632,3.0258,0.8816,-1.1722,-2.6071,-4.5604,-3.8918,-2.5100,-2.5211,-3.9317,-8.1505,-6.6831,-11.0671,-13.7037,-13.0786,-13.9075,-15.0887,-11.9702,-10.9126,-9.7770,-8.1035,-5.6698,-4.8739,-4.4582,-3.7036,-3.1009,-2.9767,-2.7837,-2.7826,-1.5430,-0.5585,0.7221,2.6091,2.3065,1.7612
1.1586,1.0961,0.7305,0.1707,0.5019,0.5982,0.7181,1.5054,2.5316,3.0292,2.0542,1.7421,1.7181,1.9090,1.5904,2.0409,1.9778,1.5141,0.4915,0.7291,0.5321,0.9139,0.7486,0.8125,0.9224,0.4132,-0.8856,-1.5269,-1.9632,-2.0523,-1.9863,-1.7116,-1.6502,-1.0639,0.6073,-0.0965,0.4644,2.3151,2.1053,-0.1366,-1.3627,-2.1776,-3.9983,-2.5789,-2.2728,-2.2370,-4.2968,-5.9204,-8.3112,-13.0942,-15.3692,-15.2848,-15.3394,-15.3040,-9.6233,-8.5679,-7.2674,-6.6498,-4.8665,-4.2587,-4.1805,-3.7870,-2.7109,-3.2569,-2.5437,-1.8088,-0.9021,-0.4293,1.2349,3.1242,3.1189,3.2775
0.7764,0.7504,0.6274,0.4566,0.9608,1.0656,1.5294,1.7734,2.6796,3.1844,2.4561,2.6608,2.5064,2.2910,1.5124,1.7447,1.5044,1.1110,0.3846,0.6644,0.7617,1.1540,1.0843,1.1165,0.9808,0.2438,-0.9481,-1.7354,-2.3814,-2.3066,-2.1042,-1.8071,-1.5607,-1.7872,0.1263,-0.4150,0.7247,1.2681,0.7519,-0.9341,-1.2753,-2.6640,-3.8225,-3.1240,-2.7567,-2.4003,-4.3222,-5.9086,-9.1713,-13.8128,-16.1056,-15.9204,-15.0874,-11.9437,-6.4379,-5.7332,-5.3788,-5.3292,-3.6279,-3.6993,-4.1175,-3.4429,-2.3607,-3.6273,-2.5851,-0.9986,-0.3146,-0.5419,1.7175,4.2517,-0.1321,3.2641
0.4150,0.4297,0.3662,0.8614,1.7774,2.2690,2.3681,2.3173,2.8316,2.9752,2.6092,2.7632,2.5514,2.4084,1.3541,0.9695,0.7833,0.5668,0.2874,0.6692,1.0883,1.5499,1.2451,1.3480,1.0492,0.1250,-1.2177,-1.8793,-2.5530,-2.4997,-2.1309,-1.9437,-1.6876,-2.5285,-0.4242,0.4704,0.8725,-1.2997,-1.0228,-1.8224,-2.1048,-3.7322,-3.6644,-3.7486,-3.7431,-3.3739,-3.7378,-5.8899,-9.0808,-12.3515,-15.9233,-14.7061,-12.5983,-9.7981,-6.6125,-6.4032,-5.5230,-5.7051,-4.4746,-4.2288,-4.3766,-3.8420,-1.9129,-3.1202,-2.5851,-1.4433,0.4709,0.0181,1.9640,3.5624,2.4581,1.8965
0.1645,0.2294,0.5740,1.3933,2.6731,3.0407,2.9725,2.9075,2.9949,2.7464,2.3159,2.6565,2.5403,2.2558,0.9395,0.4320,0.1439,0.1516,0.1422,0.9051,1.3247,1.7000,1.4159,1.4061,0.7214,-0.1639,-1.3410,-2.2934,-2.4328,-2.6223,-2.3495,-1.8191,-2.0053,-3.5629,-1.2944,-3.8610,-5.2790,-4.8720,-2.4296,-1.7090,-2.4984,-4.3687,-4.3004,-4.4909,-4.9224,-4.2328,-3.9970,-6.3077,-9.2542,-11.0452,-14.9839,-13.6505,-11.9952,-10.1185,-6.7949,-6.0547,-5.9224,-5.8412,-3.6630,-4.2174,-4.3048,-4.2610,-1.4270,-2.9557,-2.6977,-1.8941,0.7781,1.0357,2.7098,3.5363,2.6138,2.7346
0.3866,0.4360,0.8080,1.4827,2.8558,3.5735,3.3025,3.3913,3.1861,2.8265,2.1813,2.2520,1.9764,1.4160,0.0132,-0.4017,-0.2715,-0.0580,0.0803,0.9391,1.6528,1.7311,1.2018,1.1358,0.4443,-0.2256,-1.4427,-2.4107,-2.7204,-2.6168,-2.4147,-1.8882,-2.6921,-5.5482,-2.2783,-3.0425,-3.5040,-3.8545,-0.9424,-1.6801,-4.7424,-4.6481,-4.3277,-4.8333,-4.7379,-4.4351,-4.7410,-7.0663,-8.8057,-9.8704,-13.9336,-12.0589,-11.2646,-10.6014,-6.8282,-6.1325,-6.2832,-5.9112,-3.4272,-4.8846,-3.3632,-4.1909,-1.6022,-2.8962,-2.0382,-1.6109,1.4094,1.7892,3.0314,3.5290,2.7451,2.5618
0.1948,0.4874,1.2499,1.9916,3.0930,4.2028,3.7976,4.1927,3.8550,3.2065,2.5593,2.5376,1.8481,0.9217,-0.2054,-0.3202,-0.2451,0.0435,0.5639,1.5157,1.8815,2.1449,1.3906,1.1980,0.6709,0.1925,-1.1404,-2.0921,-2.4774,-2.3974,-1.8565,-1.3394,-2.5452,-2.6107,2.5602,2.5743,1.1747,0.3797,0.1877,-4.2252,-4.6076,-4.2424,-5.1731,-5.1793,-4.8817,-5.0494,-5.6093,-7.8573,-8.4248,-8.4474,-10.7227,-7.5930,-7.3396,-8.5030,-7.0900,-5.9368,-6.4250,-6.2121,-4.3040,-4.4226,-4.0373,-4.0466,-1.8675,-2.3978,-0.7615,-1.3596,2.0562,2.3201,3.4941,3.4771,3.1004,2.2861
0.4591,0.7624,1.5445,1.9617,2.9499,3.8166,3.7929,3.9761,3.7113,3.0984,2.3520,2.0046,1.4755,0.7423,-0.5024,-0.7132,-0.4979,-0.1984,0.3848,1.5174,1.7774,1.8115,1.3684,1.0575,0.7425,0.0706,-1.6578,-2.2709,-2.5120,-2.2604,-1.6884,-0.3967,-3.0793,0.4503,3.9049,2.4483,1.0650,0.6133,-2.1425,-5.0872,-4.5579,-4.3041,-5.6371,-5.7245,-5.1662,-5.1641,-6.7160,-8.2954,-8.3496,-7.7230,-8.3240,-6.0031,-7.3880,-8.3158,-5.8564,-6.3565,-7.6314,-6.9350,-4.1822,-4.2536,-3.9308,-4.0492,-0.5585,0.2687,0.0138,-0.5090,2.5734,3.1980,3.9427,4.0456,4.5111,3.9150
1.1883,1.3446,1.6479,2.4405,2.9357,3.5595,3.7112,4.1076,3.6998,2.8414,2.0179,1.6146,1.2672,0.7089,-0.3571,-0.4967,-0.5006,-0.4184,-0.0073,1.0880,1.3303,1.6038,1.0865,0.9469,0.6337,-0.2178,-2.1463,-2.6720,-2.4291,-2.1036,-1.2586,0.7671,-0.8527,2.0883,3.5866,1.6531,0.7027,1.0345,-3.3180,-3.7900,-3.6890,-4.9717,-6.1001,-6.0214,-5.4307,-5.1149,-8.0215,-9.3166,-8.6352,-6.6221,-7.1625,-6.8555,-6.5849,-7.6197,-5.1416,-7.8942,-7.5665,-6.4675,-2.3665,-1.6662,-0.8417,0.8747,2.8582,0.4920,-0.6517,-0.1180,2.6161,3.8522,4.8480,4.9996,5.4049,4.8945
1.8914,1.6991,2.2657,2.7338,2.7829,3.3026,3.3330,3.9445,3.7021,2.8041,1.7639,1.4251,1.2844,1.1247,0.0038,-0.1096,-0.3377,-0.1465,-0.2002,0.4534,0.9761,1.4192,0.9094,0.8569,0.5992,-0.2675,-2.4582,-2.8696,-2.6424,-1.7356,-0.9312,-2.5206,1.1223,2.6668,3.3442,0.5562,0.0742,0.6947,-3.1616,-2.5879,-3.1220,-4.9275,-6.4937,-6.1469,-5.7904,-6.0334,-9.4723,-9.6767,-8.2257,-6.1550,-5.6004,-5.2591,-4.9955,-8.7055,-4.3289,-3.7130,-5.5347,-4.5454,-0.6068,-0.0974,2.3896,1.8726,1.0652,0.8291,0.5373,1.2230,3.4006,5.2998,5.6786,5.6712,5.5647,5.3687
2.3035,2.3790,2.9538,3.0718,3.1223,3.2678,3.3200,4.2358,4.0651,3.1192,2.2106,2.2790,2.3209,2.1698,1.2396,1.0413,0.6597,0.5481,0.2910,0.8125,1.2771,1.6086,1.6018,1.6388,1.2992,0.1141,-2.0412,-2.2773,-2.0466,-1.0094,-0.1901,-0.6301,3.0108,2.5668,2.5653,-0.9308,-1.4733,-0.9303,-2.6245,-2.3511,-2.9740,-5.1377,-7.1032,-6.4357,-6.5279,-7.0931,-9.0509,-8.7574,-7.8665,-6.3054,-2.1314,-3.1319,-4.2794,-8.8406,-6.0998,-2.1431,-1.6193,-0.0908,1.5702,1.0863,3.2831,1.9740,2.2649,2.4142,3.3099,2.5542,4.2874,5.4031,6.5755,5.6885,4.7707,4.6115
2.1507,2.4072,2.6281,2.5827,2.6112,2.8232,3.0145,3.5061,3.2534,2.6457,2.2384,2.4279,2.7412,2.6521,1.5940,1.3001,1.0163,0.9288,0.3725,0.5487,0.9742,1.3436,1.2312,1.7544,1.6041,0.3414,-1.8633,-2.2066,-1.3068,0.6584,-0.2660,2.7032,3.4159,1.7220,1.4718,-1.5816,-2.2489,-1.8652,-1.9471,-2.1772,-3.2559,-5.3176,-7.3998,-7.2276,-7.1146,-8.0451,-9.2385,-8.8429,-6.8841,-4.4738,-2.6605,-4.3944,-2.7771,-6.6368,-4.8714,-6.4868,-2.6143,0.0269,1.6959,3.1508,3.3905,2.5158,2.9000,4.0069,4.3665,3.3957,4.1079,5.3110,5.9912,6.0327,5.0399,4.6632
1.5577,1.8678,2.1351,2.2861,2.3359,2.4977,2.4932,2.8480,2.6646,2.3534,2.2579,2.6965,2.9842,3.0189,2.0069,1.8909,1.6759,1.4259,0.5604,0.3744,0.4046,0.8220,1.0030,1.8396,2.0306,0.5365,-1.2682,-1.9869,-0.5065,1.6422,2.4208,3.0077,2.8821,0.4589,0.4489,-2.3674,-2.6773,-1.8069,-1.7624,-1.6431,-3.1457,-5.5216,-6.9547,-7.7117,-8.1344,-8.3971,-8.3999,-8.2773,-4.8757,-5.3443,-3.5954,-4.2495,-2.0068,-5.7083,-3.4426,-5.3942,-3.6026,0.6510,1.3187,2.3107,3.6423,3.0729,3.8001,4.3721,3.8489,3.4194,4.1824,5.1436,5.3598,5.2269,4.7462,4.2540
1.3923,1.6040,1.5147,1.7967,2.1442,2.5224,2.3373,2.4281,2.5137,2.5025,2.5185,2.8736,3.2785,3.3452,2.5730,2.3868,2.2520,2.0058,0.8769,0.2748,0.1886,0.5100,0.9401,2.0295,2.3149,1.4572,-0.8002,-1.7046,-0.1293,2.5096,2.2676,2.4898,1.7420,0.1236,-0.3314,-2.9123,-2.8349,-2.0261,-1.2256,-1.7799,-3.6149,-5.3421,-6.7153,-8.3927,-9.8268,-8.8661,-8.2281,-7.9499,-5.3940,-5.1062,-3.7625,-3.7180,-1.4551,-6.0140,-4.7168,-6.6902,-4.7080,-0.3798,2.3075,1.8746,2.7454,2.9165,3.5399,3.4704,3.5874,2.8781,3.6141,4.0059,4.7668,4.9068,4.8328,4.0587
1.0777,1.1511,1.5927,2.1742,2.5667,2.3982,2.4384,2.7203,2.7456,2.9888,3.2241,3.8658,3.9572,3.9280,3.0957,3.1997,3.0092,2.7919,1.7582,1.1089,0.6018,0.6106,1.4134,2.7633,3.2012,2.9177,0.9638,-0.6554,-0.0653,0.4933,0.4591,1.6171,0.6317,-0.5926,-1.9740,-4.8233,-4.2860,-3.0732,-1.4811,-1.9806,-3.3525,-4.7915,-6.7348,-8.7018,-10.7554,-9.1277,-8.3120,-7.3470,-5.3050,-4.5837,-3.4180,-2.8780,-5.4253,-8.2102,-6.7270,-8.8346,-7.0513,-0.9598,1.4759,1.2077,1.6628,2.0085,2.0462,2.0820,2.0239,2.2568,2.4635,2.2494,2.8992,3.4281,3.8967,3.4351
1.1276,1.2092,1.4836,1.8450,2.4474,2.5910,2.1947,2.0544,2.2963,2.9264,3.2998,3.8738,3.9151,3.9702,3.0749,3.3938,3.4360,3.3776,2.1982,1.6522,0.8464,0.7132,1.3972,2.9655,3.6241,3.6989,1.9214,0.2800,-0.1857,-0.5830,0.3206,0.2086,0.1393,-1.8204,-3.2522,-5.2212,-4.4703,-3.0715,-1.1452,-1.7176,-2.8011,-4.4620,-7.3411,-8.7486,-8.4990,-8.5062,-8.5198,-6.8702,-4.7396,-3.6940,-4.4499,-4.4209,-6.7278,-8.3656,-8.4685,-7.5274,-7.1846,-3.9623,-0.2466,0.8557,1.8497,1.3268,1.7604,1.6967,1.3267,1.8034,2.0215,1.7735,1.7057,2.5114,3.2351,3.2572
1.5178,1.6549,1.6091,2.1039,2.3620,2.1130,1.5655,1.6541,2.2428,3.2242,3.5190,4.0830,3.8735,3.7980,3.0440,3.3026,3.4766,3.3168,2.5306,1.7096,0.9361,0.7527,1.4292,2.8268,3.7591,3.7419,2.0932,0.9191,-0.1436,-0.1829,0.5960,0.5989,-0.3163,-2.4958,-2.4214,-3.5194,-3.8728,-2.8661,-0.4796,-1.1764,-1.7801,-5.1396,-8.4211,-8.4833,-8.5195,-8.9552,-8.0501,-6.5126,-4.9833,-4.6076,-6.2938,-5.2666,-7.0312,-6.0517,-6.7954,-3.2988,-5.8624,-4.5020,-0.2708,0.5866,0.9060,1.5902,1.2236,0.2785,0.7871,1.4152,1.6694,1.6492,1.5412,2.0524,2.5885,2.7347
2.1431,1.7510,1.6598,2.1362,2.1806,1.5458,0.8534,0.9557,2.1432,3.6735,3.9298,4.0737,4.1168,4.0861,2.9690,3.1859,3.3946,3.1538,2.4880,1.7498,1.0168,0.8780,1.7362,2.8082,3.4400,3.8113,1.9301,0.9442,0.6872,0.0589,0.4854,0.5211,0.3171,-1.1663,-0.6494,-1.6978,-2.4373,-2.5475,-0.0863,-0.1385,-3.1910,-5.9057,-7.7895,-8.2233,-9.1490,-8.9476,-8.1339,-6.8253,-5.2035,-4.2993,-5.3168,-3.5059,-6.8668,-5.6082,-6.6389,-1.8288,-3.3290,-4.5058,-0.3631,0.3843,0.4971,0.7547,1.1325,0.3017,0.6536,1.2616,1.7862,1.6624,1.7311,1.8379,2.1302,2.2245
2.8109,2.2523,2.3515,2.4053,1.9770,0.8718,0.0228,1.1492,2.4258,4.1174,4.4255,4.7772,4.8971,4.4716,3.4368,3.7440,3.6298,3.2673,2.8061,2.3679,1.5841,1.3077,2.3457,3.2269,3.6296,3.3929,1.3140,0.6289,0.3559,-0.0354,-0.4246,1.3737,0.8385,0.3736,0.9815,1.3189,-0.2036,0.4845,1.6178,-1.4382,-3.0003,-4.9023,-6.9626,-8.1264,-8.8032,-7.7548,-7.2717,-6.0748,-5.2501,-4.1447,-4.7674,-2.4150,-5.3758,-6.1907,-7.5102,-5.2194,-3.5317,-4.1047,-0.6860,-0.0268,-0.0689,-0.7183,-1.1384,0.2404,0.7342,1.1579,1.2325,1.1708,0.2934,1.4278,0.7884,1.2088
2.7017,2.1700,2.0430,1.9990,1.4559,0.4353,0.0490,1.0247,2.1037,3.8976,4.3333,4.9565,5.1049,4.5237,3.2517,3.6611,3.7194,3.3639,2.3619,2.5240,1.7902,2.2160,2.5099,2.8913,3.4105,2.8302,0.5327,0.0647,-0.0165,-0.1528,-0.4884,-0.7025,-1.8380,-2.8856,-1.2421,-2.0690,-2.7476,-1.1526,-1.7907,-2.1530,-1.5882,-4.1360,-7.3962,-8.7617,-9.2148,-7.9148,-6.9638,-4.4168,-3.1996,-3.1540,-4.1579,-4.1461,-4.8449,-4.6741,-6.9707,-5.4599,-4.1780,-3.6627,-3.5524,-0.1704,-0.0371,-1.2183,-2.1491,-0.6036,0.8083,1.3049,0.4242,-0.0341,0.4472,0.6136,-0.0283,0.1118
2.2391,1.8304,1.5863,1.1789,0.8435,0.3722,-0.0066,1.1719,2.4264,3.6326,4.0931,4.9338,4.8836,4.1766,3.1193,3.6082,3.8159,3.2762,2.2602,2.4270,2.3609,2.2926,1.9449,2.3818,2.6699,1.8100,0.0399,-0.0361,-0.3726,-0.5957,0.5612,-0.3526,-0.5390,-2.1936,0.4830,0.5353,1.8119,0.0852,0.1389,0.2831,-0.8998,-4.8356,-7.8376,-9.5502,-9.7902,-8.5839,-6.4671,-4.8506,-3.5549,-3.4822,-3.4494,-4.7126,-4.0497,-3.9631,-2.6185,-3.2237,-3.1464,-3.7011,-5.0368,-2.7144,-1.4410,-1.2502,-1.7401,-0.9652,0.0810,0.6750,-0.6730,-0.4942,-0.7524,-0.5051,-0.7095,-1.0165
1.9925,1.1915,0.7414,0.4780,0.3724,0.4637,0.7835,1.7401,2.7028,3.7362,3.8932,4.6131,4.4727,3.6748,2.9887,3.4579,3.6250,3.4291,2.3042,2.5251,2.2309,2.6899,2.0702,2.1630,1.9429,1.3751,0.0071,0.2250,0.2609,0.4434,1.2046,0.1612,0.2004,-0.0937,1.9261,4.0274,1.3249,3.1407,0.9469,0.5110,-1.8262,-5.1261,-8.3068,-10.4436,-10.3506,-8.3194,-7.0862,-5.8029,-2.3879,-5.3089,-6.5423,-5.2687,-4.5318,-4.6661,-2.7115,-3.4952,-3.2772,-3.6814,-5.0378,-2.8219,-2.2511,-1.8448,-1.7902,-1.8581,-1.5414,-1.4569,-1.5921,-1.0988,-1.5690,-1.4815,-1.4786,-1.2613
2.1629,0.9889,0.2802,0.4655,0.9793,1.2436,1.7558,3.1813,3.6501,3.8500,3.7167,5.0095,4.2016,3.6590,3.5166,4.2448,4.3328,3.8668,3.0750,3.1456,2.9492,2.7816,1.8997,1.7943,1.0506,0.6117,-0.6009,-1.1918,-0.7494,-0.6350,-0.5978,-1.5707,-1.6069,-2.2079,1.7795,3.4052,1.7770,2.9179,3.3700,1.5892,-1.0454,-4.5422,-7.3935,-9.8363,-8.8920,-7.1542,-7.2906,-5.5352,-3.8050,-3.4098,-5.0729,-4.9576,-5.1872,-4.8451,-4.3058,-4.8530,-4.2727,-4.1530,-5.9312,-4.3770,-3.4104,-3.1046,-2.5468,-2.9890,-3.1378,-3.1380,-2.4794,-2.4175,-2.3117,-1.9746,-2.1082,-1.6561
1.8404,0.6535,0.1935,0.3848,0.8827,1.4854,1.9293,3.1310,3.6958,3.3244,3.2532,4.3148,3.6758,3.5317,3.4478,4.2401,4.5441,4.2838,3.0770,3.1121,3.2585,2.9363,1.7981,1.5449,0.8429,0.3752,-0.8584,-1.6517,-0.8394,-0.5458,-1.0592,-1.4802,-2.2552,-1.9477,1.3475,1.5343,0.7156,3.3030,4.1012,1.5424,-1.5152,-5.2896,-8.2897,-10.2860,-10.0790,-8.1687,-7.4685,-5.9821,-5.5544,-3.3298,-4.7919,-4.7326,-2.4819,-4.3276,-5.3589,-5.1509,-4.7027,-4.0408,-5.2908,-5.6292,-4.4173,-1.6089,-2.1385,-3.0948,-3.8181,-3.3592,-2.7176,-2.8284,-3.7074,-3.3822,-3.0159,-2.6794
1.4920,0.6616,0.5125,0.7027,1.1858,2.0963,1.9629,2.5818,3.2159,2.9300,2.9975,3.5896,3.2346,3.5800,3.5783,4.0812,4.3042,4.1877,3.3973,3.2027,3.3492,2.7904,1.8349,0.9709,0.4570,-0.2974,-1.3408,-1.9262,-1.5840,-0.4187,-0.1052,-1.6969,-2.3511,-2.5609,0.2811,1.0917,2.2172,3.3695,4.0413,1.5503,-2.2482,-6.0717,-8.6351,-10.3844,-10.8328,-8.5823,-8.6256,-6.3327,-5.6373,-4.0843,-5.4988,-4.4201,-6.1941,-6.0298,-6.1427,-5.8575,-5.0959,-4.8777,-6.0363,-5.9169,-5.2191,-2.5699,-2.2131,-2.3590,-3.2237,-3.0934,-2.9437,-3.1845,-3.9336,-3.8487,-3.4551,-2.6332
0.9191,0.9162,0.8481,1.1289,1.9877,2.5539,2.2255,2.7343,2.5477,2.7187,2.6566,3.0675,3.1205,3.7670,3.9969,4.1754,4.0017,4.3678,3.6226,3.5011,3.2851,2.9376,1.4923,0.6713,0.1204,-0.5385,-1.5235,-1.9657,-1.1318,-1.0306,-0.4181,-1.2971,-1.0953,-2.0927,-0.1843,1.1670,3.2567,3.3389,3.6645,0.5295,-3.9612,-7.5208,-8.4867,-9.9115,-10.1289,-9.1084,-7.8748,-7.2671,-5.0054,-5.3084,-5.3120,-4.2436,-4.8905,-6.2975,-6.8384,-6.7942,-6.5322,-5.4587,-5.6830,-5.0907,-4.6399,-3.3641,-3.1998,-2.8367,-3.1723,-3.2498,-2.8795,-3.0078,-3.5990,-3.7749,-4.0220,-3.2142
0.8764,1.0778,1.7000,2.4625,2.7890,2.9320,2.5883,3.1143,3.0912,2.9012,2.8901,3.7456,3.8697,4.4212,4.5314,4.8013,4.4906,4.5244,3.9054,3.7638,3.4610,3.0242,1.1745,0.4540,-0.3215,-1.4169,-2.4607,-2.8732,-2.3547,-1.8678,-1.8139,-2.6296,-2.6950,-2.8053,-0.4290,0.6974,1.8202,1.7953,3.9804,-0.4878,-4.6611,-6.6593,-6.8197,-7.8872,-7.9939,-7.1384,-6.1549,-7.0916,-7.0148,-5.5592,-5.3817,-3.8932,-3.8371,-3.8106,-6.4022,-7.2352,-5.0616,-4.0716,-4.6684,-4.4927,-4.2969,-3.9087,-3.6480,-3.6207,-3.8679,-3.4614,-2.5592,-2.6021,-3.7013,-4.2433,-4.5859,-3.7884
0.8917,1.8106,2.3836,2.5888,2.8286,2.6643,2.1511,2.5038,2.9272,2.9544,2.5826,3.4357,4.1339,4.7001,4.2138,4.9264,4.7789,4.7312,3.8709,3.9110,3.6074,3.0451,1.1259,0.2299,-0.5894,-1.3704,-2.6612,-2.8439,-1.9299,-2.1392,-1.4547,-2.2274,-3.0863,-3.1619,-0.5483,-0.0430,-0.1740,0.0198,1.4666,-1.9446,-5.1499,-5.9898,-7.6046,-8.6957,-8.9566,-6.9287,-7.0139,-5.6171,-6.4337,-6.4181,-6.3797,-4.8640,-3.9326,-2.6021,-4.9532,-5.0322,-4.3347,-3.5892,-4.3535,-4.1145,-3.8848,-3.8439,-3.8189,-3.5751,-3.9845,-4.0802,-3.4510,-2.4751,-3.1654,-4.2142,-4.4793,-3.6156
1.2955,2.3498,2.3629,2.5351,2.5549,2.5167,2.4268,2.3402,2.5116,2.6927,2.4974,3.3793,4.2846,4.7376,4.1238,4.7206,4.8644,4.9008,4.0385,3.6047,3.4908,2.9632,1.1633,0.2382,-0.4234,-1.4427,-2.4920,-2.0935,-3.0585,-2.6717,-0.8989,-1.6626,-2.4670,-3.6157,0.2845,-0.8696,-1.1358,-1.1520,0.2779,-1.9461,-4.1374,-5.4650,-7.6711,-8.7226,-8.9929,-7.1431,-7.6500,-6.1155,-6.2546,-5.7915,-6.0470,-4.9655,-3.3402,-2.9320,-4.1274,-3.8530,-3.5183,-3.3725,-3.9720,-3.5905,-3.5000,-3.5585,-4.0643,-3.8414,-3.6598,-4.2743,-4.9613,-3.0873,-3.5154,-3.9309,-4.0377,-4.0175
2.0320,2.4587,2.4503,2.5205,2.2993,2.0567,1.8504,2.0106,2.1568,2.8308,2.6767,3.7893,4.4548,4.8064,4.1992,4.5929,4.5810,4.6504,3.7728,3.6500,3.4514,3.2370,1.5354,0.6221,-0.1961,-1.1045,-1.3581,-1.7590,-1.8797,-1.6652,-0.9425,-1.8674,-2.4496,-5.8490,-2.1071,-0.8582,-0.5038,-0.5681,1.7280,-0.5550,-2.5267,-5.0031,-7.3423,-8.9255,-8.6909,-6.3273,-7.4723,-6.4631,-6.2439,-5.2552,-4.6130,-3.5714,-2.7136,-2.8174,-3.0552,-2.9535,-2.9663,-3.4383,-3.9100,-3.1394,-3.0158,-3.1275,-3.7392,-3.8163,-3.8297,-4.2774,-4.5431,-5.0698,-4.1400,-3.3458,-3.8310,-4.0693
2.0644,2.4075,2.3063,2.5721,2.3418,1.7647,1.7178,2.7045,3.3222,3.3401,3.1419,4.4165,4.8651,4.9316,3.9888,4.2988,4.3119,3.9419,3.2361,3.5741,3.5304,3.2257,1.9548,1.1061,0.2883,-0.4422,-0.7201,-0.9401,-2.4665,-1.1503,0.0153,-1.4560,0.5310,0.6547,5.4708,5.1553,4.9457,4.6723,5.9142,3.9576,1.3204,-0.5914,-5.4642,-7.2664,-7.8265,-5.3699,-7.1943,-5.4146,-4.6799,-3.7630,-4.0398,-2.4910,-1.7000,-1.5132,-1.2573,-0.9870,-2.0167,-2.4762,-2.5439,-1.9789,-1.8346,-2.2724,-2.8354,-3.3154,-3.1180,-3.7609,-4.5163,-4.7175,-4.4045,-3.1835,-2.9285,-3.1002
2.1386,2.3415,2.2928,2.4158,2.1988,2.0961,2.1668,3.0145,3.8552,4.1485,3.7012,4.3924,4.6856,4.8986,3.9901,3.9342,4.0947,3.7973,3.1123,3.4171,3.6289,3.2276,1.9633,1.5397,1.0583,-0.4076,-0.7188,-0.8470,-1.0139,-0.9741,0.9869,0.7973,0.9468,1.2177,5.9303,5.9489,5.9865,5.5108,6.3553,3.6484,1.2897,-0.4633,-4.1431,-5.7052,-6.1763,-4.9241,-7.6275,-5.9864,-4.4433,-3.3381,-3.9427,-2.9986,-1.1900,-1.1367,-0.2966,-0.2834,-0.6012,-1.8123,-2.1474,-1.7302,-1.8085,-2.2704,-3.0743,-3.5210,-3.0827,-3.2623,-4.2398,-4.4122,-5.1236,-4.4127,-3.4749,-2.6903
2.2549,2.3393,2.3421,2.4667,2.3457,2.2248,2.8230,3.4635,4.1634,4.4781,4.2009,4.6468,4.8112,4.9830,3.7402,3.6634,3.9640,3.7217,3.3975,3.3912,3.1597,2.7442,1.7360,1.5218,0.9741,-0.3921,-0.5025,-0.5952,-0.5735,-0.8987,-0.5492,-1.3310,-1.7621,-0.7012,4.9814,5.7282,6.0324,5.3780,6.2432,2.9813,0.1876,-1.5159,-3.6561,-4.3512,-5.0247,-4.5607,-6.6276,-5.4478,-4.3897,-3.4744,-3.8673,-2.5651,-1.4089,-1.1159,0.1487,0.1816,-0.4382,-1.8955,-2.3152,-1.8290,-1.9335,-2.2812,-2.9924,-3.2669,-3.7468,-3.3463,-3.9528,-3.4964,-4.7201,-4.8856,-4.5753,-3.5511
2.3974,2.5456,2.5640,2.3735,2.2898,2.7514,3.3298,4.1977,4.4027,4.6957,4.1084,4.4001,4.5019,4.5587,3.6862,3.4982,3.7417,3.6432,3.4401,3.0031,2.2942,2.0635,1.5208,1.3419,0.7213,-0.6052,-0.5485,-0.7334,-1.5163,-2.2357,-1.9214,-2.4844,-2.6294,-0.6662,4.0917,4.9188,4.2071,2.7923,3.5971,0.8155,-0.9003,-2.1357,-3.3638,-4.2930,-5.1857,-4.2950,-7.5008,-5.6037,-4.5508,-4.1393,-3.1637,-3.7713,-2.0971,-1.2233,-0.2595,-0.3975,-0.6114,-1.9517,-2.7042,-2.2259,-2.0581,-2.1823,-3.2685,-3.2921,-3.6918,-3.3623,-4.7109,-4.0449,-3.2072,-4.0329,-4.8468,-4.2028
2.7897,3.0027,2.8788,2.7432,2.8706,3.4274,3.9084,4.6705,4.8450,4.7952,4.0849,4.4615,4.5189,4.3689,3.1835,3.4083,3.7991,3.7088,3.1266,2.6145,1.9617,2.0403,1.9093,1.4493,0.7291,-0.0189,0.8316,-0.5031,-0.6689,-0.4192,1.8156,1.5556,2.2567,3.1042,5.5418,6.2480,4.7776,3.0706,0.1855,-3.6700,-4.4568,-3.7796,-2.9980,-3.1950,-2.9267,-2.8620,-5.8961,-5.5266,-4.4842,-4.2973,-3.5214,-2.8076,-1.4780,-0.2768,1.2321,1.6530,1.8862,0.5291,-0.2535,-0.7092,-0.1489,0.1475,-1.7427,-2.0133,-2.3179,-2.3716,-4.3708,-4.2903,-3.1590,-3.5885,-3.8557,-3.7589
2.6705,2.8049,2.5505,2.5657,2.8316,4.0567,3.9212,4.4448,4.2472,4.2720,3.7470,4.1263,4.1866,3.8903,2.9985,3.3890,3.7447,3.5864,2.5426,1.9887,2.3354,2.2597,1.5513,1.1816,0.5061,-0.1623,0.3708,-0.0412,-0.6150,-0.5193,1.8567,1.1793,2.0330,2.1503,5.6113,7.6279,3.9270,1.9703,-1.3636,-6.5796,-8.0276,-7.2539,-4.9936,-4.4454,-3.0479,-3.4826,-5.2204,-4.8671,-4.6281,-4.3521,-6.2421,-3.2376,-1.4194,-0.2053,1.6191,2.0417,2.4571,1.6169,-0.2256,-0.9540,-1.0987,-0.7336,-2.0648,-2.1568,-2.5514,-2.9839,-4.1851,-4.0315,-3.3211,-2.8171,-3.7178,-3.6359
2.3994,2.4742,2.3775,2.5482,3.0290,3.7143,3.8348,4.0995,3.6753,3.6067,3.1804,3.7335,3.9135,3.2607,2.7310,3.4785,3.5100,3.2561,2.1892,1.6262,2.2218,2.1680,1.3507,1.1323,-0.0233,-0.6086,0.1364,0.6286,-1.5093,-1.0261,1.4082,1.4472,2.4885,1.7877,6.1838,7.1820,2.1900,0.2770,-2.2384,-6.2692,-7.6366,-7.2450,-5.9392,-5.5361,-4.2626,-3.1522,-5.7389,-4.9636,-4.5621,-3.5301,-4.2708,-4.6744,-2.1120,-0.2042,2.0890,2.2354,2.5753,2.0241,-0.6817,-0.8884,-2.2869,-1.9413,-2.0548,-2.1144,-3.0276,-2.9906,-4.1134,-3.8003,-3.3963,-2.8814,-3.3427,-3.3223
2.0830,2.2904,2.3796,2.6164,2.9648,3.9025,3.8635,3.6389,2.8746,2.9779,2.8700,3.1636,3.2603,2.9444,2.2376,3.0373,3.3482,3.5750,2.4518,1.5524,2.1513,2.1048,1.4241,1.4476,-0.2237,-0.2305,0.4016,-0.2681,-0.8522,-0.3117,2.3896,3.5697,5.8624,3.0719,6.4767,5.3008,-0.2457,-1.7441,-1.8571,-4.8997,-6.3940,-7.9154,-7.2784,-6.3649,-4.3731,-3.8538,-6.0035,-5.9042,-4.5381,-2.5175,-3.3948,-2.3797,-1.3935,-0.1954,1.8513,2.1769,2.3661,2.2027,-1.7041,-1.4167,-1.8493,-1.7130,-2.7804,-2.1501,-1.2919,-2.7222,-3.6013,-2.9164,-3.0651,-3.1516,-3.1013,-2.9651
2.1331,2.3384,2.7793,3.4052,3.3778,4.0238,3.7379,3.4710,2.6766,2.5155,2.6674,3.3367,3.7880,3.4386,2.8373,3.6564,3.8828,4.0027,2.5944,2.0627,2.4778,2.1072,1.8384,1.3794,-0.1302,0.0211,1.8149,1.2944,2.0452,1.4593,3.8598,5.6507,8.5480,4.6986,4.7492,1.6519,-2.2305,-3.2491,-1.4037,-2.4002,-3.3240,-4.7898,-6.6314,-5.4258,-3.2576,-3.2194,-3.9733,-3.6610,-2.4106,-0.2985,-2.8875,-1.7563,0.6357,1.5543,2.8614,3.1855,3.8811,3.9115,-0.1629,-2.7881,-1.7046,-1.7972,-2.2964,-2.1769,-0.9395,0.4661,-1.5379,-2.3173,-2.3729,-2.3986,-3.2068,-2.9074
1.9936,2.3833,3.0259,3.3793,3.4010,3.4508,3.0131,3.2930,2.4860,2.4518,2.2728,2.6537,3.1120,3.2683,2.8034,3.5553,3.8375,4.1015,2.4583,2.0750,2.2870,2.2406,2.2586,1.5653,0.5133,-0.2076,1.2547,0.8818,0.4975,-0.3327,2.7627,5.6658,8.9809,4.5856,1.5508,-0.4341,-2.6305,-3.7513,-1.2310,-1.6517,-2.3770,-2.9084,-5.7731,-5.8810,-3.6934,-3.7582,-3.3580,-2.7042,-1.7223,-0.7265,-1.3158,-0.6975,0.9219,1.2666,3.0230,3.9706,4.6786,5.0907,0.9858,-4.3037,-3.9809,-2.1775,-3.6443,-2.3125,-2.1904,-0.3934,-0.8465,-1.7106,-2.6428,-2.8351,-2.9658,-3.5553
2.0308,2.5439,3.0680,3.4558,3.5651,3.6192,3.0661,2.9136,2.5043,2.6956,2.3281,2.0707,2.3898,2.8319,2.6316,3.4969,3.6409,3.9667,2.2369,1.8085,2.1055,2.1029,1.5182,1.0869,0.5783,-0.0680,1.2819,0.5417,-0.4706,-0.2406,3.6320,5.9872,8.6145,5.3475,-0.2040,-1.6696,-2.2393,-3.5192,-2.0429,-1.7493,-1.6780,-2.7003,-4.4630,-5.3728,-4.7008,-3.2215,-4.2172,-2.8953,-1.5398,-1.2431,-2.2065,-1.5766,-0.7309,0.9097,3.4853,4.1112,4.5073,4.5685,3.3362,-3.8170,-5.2791,-4.3402,-3.7676,-3.5143,-1.9366,-1.5650,-1.2536,-1.2735,-2.8512,-2.7713,-2.7625,-2.9970
2.1229,2.6672,3.2275,3.5638,3.4135,3.5616,2.7930,2.9264,2.6484,2.5507,2.1710,1.7524,2.0344,2.7809,2.7453,3.4798,3.5249,3.7524,2.0676,1.6761,1.9294,2.1121,1.3172,0.8790,0.1540,-0.0019,1.1455,0.9098,-0.1943,0.0595,4.2421,6.1278,8.6916,2.8201,-1.0028,-1.4528,-1.3897,-3.0926,-1.1654,-1.6733,-0.7407,-1.1374,-3.2229,-2.9183,-4.3628,-3.9021,-5.1487,-4.3306,-3.6800,-3.4879,-4.2461,-3.4399,-1.6897,1.1349,3.1886,3.9178,4.5492,5.0183,6.0467,1.0488,-4.8023,-4.7332,-5.9607,-4.2563,-3.1116,-1.2884,-2.9399,-2.7738,-2.9223,-2.7783,-2.6123,-2.2387
2.0617,2.6977,3.3687,3.9184,3.9131,3.5999,2.6160,2.7483,2.2885,1.5626,1.2508,1.5184,2.0243,2.7963,2.7684,3.6181,3.6886,3.7419,2.0827,1.9761,2.1230,2.0402,1.8671,1.1657,0.2838,-0.2248,2.1418,0.6136,-1.6075,0.9256,5.8554,5.8715,5.5674,-1.5529,-0.7679,-2.0019,-1.4926,-3.1712,-0.7305,-1.0682,0.1317,0.3146,-1.9957,-1.5175,-1.5457,-2.3843,-3.0470,-2.1326,-2.5192,-1.9087,-3.6842,-1.3045,1.1856,2.2358,4.1579,4.1524,5.2080,6.2587,6.6468,5.3011,-0.4697,-4.2054,-6.9556,-4.9745,-2.9675,-1.6092,-3.8160,-3.2058,-2.9742,-2.8451,-2.6221,-1.6518
1.9190,2.5142,3.1375,3.6242,3.8510,3.5206,2.8796,2.0672,1.4230,1.4778,1.0604,1.2112,1.4357,2.6348,2.5479,3.0969,3.5724,3.8575,2.0385,1.9493,2.0759,1.9006,1.8833,1.3251,0.3026,-0.2432,1.8901,-1.4570,-0.9992,2.1341,5.4549,3.8598,0.9447,-2.6403,-1.0801,-1.0689,-1.1638,-2.3195,-1.2397,0.4596,0.6600,0.1346,-1.2976,-1.0946,-0.8989,-0.5325,-0.8157,-0.9983,-0.4264,-0.0271,-0.4884,0.9772,2.5969,0.3855,4.0840,4.3819,4.8017,5.9408,6.9223,5.9644,4.3217,-3.1413,-6.6209,-6.0801,-4.1593,-2.9280,-3.9792,-3.3321,-3.2744,-3.5206,-3.8598,-3.1766
1.2815,2.3019,2.8967,3.3907,3.4145,3.5405,2.5808,2.1047,1.2910,1.4361,0.7465,0.8209,1.4634,2.4480,2.1766,2.8128,3.5897,3.9384,1.8536,1.8394,1.9742,1.6582,1.3502,1.5453,-0.1526,-0.5256,-0.6239,-0.2802,1.9154,3.0465,4.9174,-0.7411,-0.4400,-2.1510,-0.3263,-0.2642,-0.4340,-1.7794,-0.4203,-0.2525,-0.1957,-1.6091,-2.5779,-0.7676,0.6127,1.1848,-0.2850,0.0145,0.6962,2.2471,1.9537,2.6822,3.0756,-2.3630,3.7495,4.5460,4.7425,5.4601,6.4712,6.1999,4.4490,0.4291,-6.6428,-7.5587,-5.6954,-3.7201,-3.7183,-3.2739,-3.7764,-3.8172,-3.7816,-3.4210
1.1934,1.9387,2.5102,3.0180,3.2939,3.4319,2.3893,2.1285,1.1970,1.2124,0.6080,0.8445,1.7049,2.3381,1.8646,2.6165,3.6050,4.0798,1.6454,1.5836,1.7439,1.4644,0.9449,1.1784,0.0272,-1.6795,1.0045,2.8529,2.5391,2.9837,6.0763,-0.5632,-1.0053,-1.2184,0.4069,0.5583,-0.1595,-2.6810,0.5147,0.9747,-0.0617,-2.1003,-2.8042,-1.0191,0.8100,1.1897,-0.4596,0.5889,2.3392,3.1896,1.5206,1.9772,2.6075,3.2081,4.3382,4.8982,4.7975,4.9566,5.5556,4.8366,4.2705,2.8295,-4.9920,-6.7218,-6.3621,-4.8967,-4.2276,-3.7679,-3.9585,-3.8674,-3.4839,-3.3249
0.7707,1.4446,2.1785,3.1878,3.6655,3.0643,2.4893,2.2564,1.4442,1.2584,0.8473,1.0429,1.8472,2.4101,1.6354,2.5973,3.9656,4.2623,1.6909,1.7756,1.8647,1.3655,1.4340,2.1502,0.5762,0.4928,4.8165,4.5851,3.2881,3.0272,3.7414,3.1799,-1.0696,-1.8714,-0.8851,-0.7624,-1.1545,-3.5586,-0.1550,-0.2284,1.1404,0.4748,-1.6580,-2.0538,-0.8945,-1.1762,-2.6187,-1.2327,-1.1545,-3.4965,0.9285,1.8932,3.2540,4.1907,6.1194,6.3537,6.0271,5.5957,4.4215,4.0524,3.6087,3.1517,-1.3548,-5.7606,-5.6690,-4.9635,-4.4973,-3.6642,-3.8515,-3.4631,-3.4071,-3.1303
0.7957,1.4151,2.1132,2.8142,3.2266,2.8854,2.6090,1.8238,1.1277,1.1373,0.5603,1.0800,1.9353,2.2572,1.5351,2.5423,4.0726,4.2233,1.5377,1.4930,1.9499,1.4809,0.9723,1.9847,2.5582,3.1659,7.1482,5.0411,1.4559,0.9715,3.1445,5.2816,-0.4343,-0.4447,-0.3981,-0.4256,-0.7605,-2.4055,0.1693,0.3044,-0.4304,1.3286,0.0604,-0.0091,0.2782,-0.1157,-1.7720,-1.1523,0.2947,1.3542,1.3733,2.1182,3.6513,5.0273,7.2294,7.4283,7.0538,6.0246,4.9033,4.7833,4.3381,3.3068,1.1497,-0.5591,-2.4402,-2.8126,-3.5957,-3.1270,-3.7278,-3.4956,-3.7578,-3.2369
0.7813,1.3402,1.9524,2.5297,3.0798,3.0308,2.5410,1.7150,1.0651,0.9011,0.8001,1.2347,1.6062,2.1001,1.3839,2.4458,4.3684,4.2420,1.3731,1.4651,1.6888,1.3794,0.7634,2.2525,3.1169,5.9506,7.3725,4.5988,2.3138,1.8292,2.0481,1.2165,-1.1631,-0.9566,-0.9755,-1.1015,-1.0484,-1.5326,1.3466,0.9335,-0.8066,0.6177,-0.7835,0.1119,-0.7917,-0.6887,-1.7320,-0.9438,0.1270,0.8437,1.3673,2.5784,3.6769,4.9471,7.1795,7.4041,6.8206,6.3984,5.8513,5.3672,5.1475,3.9959,2.1702,1.6739,0.0371,-1.1980,-2.6773,-1.9708,-2.3993,-2.9670,-3.1762,-3.3011
0.9801,1.3222,1.7127,2.2020,2.7031,3.0705,2.6627,1.6698,0.8274,0.6323,1.2406,1.5483,1.4350,1.7773,1.0935,2.3966,4.4960,4.2340,1.3523,1.5243,1.5801,1.2216,0.5963,1.2914,4.5941,5.2582,7.1409,2.8291,2.1172,1.4011,1.6068,-0.6982,-1.2010,-1.8795,-1.6190,-2.5162,-0.9763,-1.3696,2.0933,1.3905,0.8067,2.5829,0.1091,0.3881,0.4285,0.2950,-0.6553,-0.3690,0.3189,1.0887,1.9619,2.7984,3.8229,4.5194,6.7796,7.0637,7.2430,6.7862,6.1971,5.5319,5.4081,4.9589,2.7628,2.4545,1.5899,0.4878,-1.5397,-1.5885,-2.0042,-2.7457,-3.3790,-3.6889
1.1761,1.6067,2.1749,2.5181,2.8802,3.3916,2.9935,1.8332,0.6802,1.1378,1.8149,2.1877,1.7988,1.9275,1.1898,2.7348,4.9695,4.5614,1.6775,2.0552,2.1483,1.4544,1.0964,2.3837,5.2788,4.8766,6.1390,0.8702,1.0838,2.0990,3.6551,4.4075,2.7428,-0.5795,-2.9799,-4.9932,-3.4787,-2.3140,-0.3487,-0.7020,-1.5267,-1.0334,-3.1543,-2.0078,-1.0516,-1.0896,-3.2326,-3.2880,-2.7635,-2.3726,-0.9885,-0.3289,0.3915,1.0606,4.0019,4.6632,5.5709,6.6352,5.9312,4.8586,4.4918,4.4855,2.1304,2.0808,1.7748,1.1722,-0.2739,-1.6121,-2.0287,-2.5373,-3.2161,-3.1964
1.0352,1.4670,1.9352,2.3882,2.7993,3.2004,2.5130,1.5717,1.3013,1.2578,1.7061,2.2153,2.0618,1.7583,0.9580,1.9591,4.5148,4.2404,1.6736,2.0530,2.2811,1.7923,2.1121,3.6555,5.2965,4.9087,4.3055,1.6006,2.0953,3.3825,4.8424,5.0777,6.4033,7.6610,3.9360,-3.1949,-2.4709,-1.3058,0.5522,-0.1499,-0.3955,0.0798,-2.8009,-2.1127,-1.8342,-1.5868,-3.5910,-3.8252,-3.9009,-4.0931,-2.6403,-1.9833,-1.3383,0.2572,3.0014,3.5189,4.2002,5.2086,6.0095,6.2341,4.7658,4.6488,2.7004,1.9859,1.9314,1.7135,1.0679,-0.4668,-1.4580,-2.2486,-3.1168,-2.9603
0.9869,1.3387,1.7589,2.0610,2.3805,2.5975,2.0039,1.3704,1.1560,1.2683,1.3907,2.3879,1.8341,1.5647,0.6889,1.6639,3.7764,4.0105,1.6355,2.0287,2.3386,2.2117,2.8257,4.0837,4.9580,4.6748,4.8978,4.2835,7.2126,6.2401,5.4250,5.9227,5.9657,6.9707,8.3741,0.8263,-1.6938,-0.2474,0.3430,0.0308,-1.2129,0.6626,-1.4724,-0.7045,-0.4216,-1.0050,-3.5094,-3.9608,-4.5057,-4.4248,-3.3207,-2.9069,-2.1272,0.1168,2.7861,2.0427,2.8795,4.3240,5.6439,5.7229,5.3169,4.4991,3.5487,1.3383,1.4564,2.7910,2.1574,2.1469,0.4957,-2.3318,-2.8564,-2.7710
0.8634,1.1465,1.6012,1.7835,1.8337,1.9193,1.6441,1.1016,1.0979,1.2095,1.0567,2.1974,1.6279,1.3017,0.5123,1.7666,3.6146,3.8918,1.6210,1.8671,2.0751,2.6775,2.5616,2.3137,3.1102,4.8106,5.1415,5.6073,7.9201,7.2721,5.7679,5.0852,5.9672,6.6087,6.7302,6.9750,-0.5904,0.0596,0.2323,0.1390,1.0826,2.3271,0.5675,0.7342,0.8497,-0.0976,-2.5433,-3.3470,-4.4118,-4.3158,-3.5623,-3.0905,-2.1193,-0.9093,1.3300,1.1728,1.7348,2.9074,4.4628,4.6647,3.8118,4.8006,3.6611,2.3316,1.7193,2.2811,1.7428,2.5217,1.5696,-2.2168,-3.4036,-3.9362
0.8576,0.6237,1.4849,2.0652,2.5169,2.3954,1.6913,1.4431,1.2038,1.0647,1.2009,1.7706,1.5956,1.6507,1.0409,2.1556,3.7641,4.3526,1.8829,2.0977,2.1447,3.8426,2.7081,1.4230,1.9454,3.0252,3.4785,4.2326,7.4018,7.2521,6.6870,5.4640,3.5823,3.3325,3.0019,5.2354,0.6081,-2.2751,-4.9563,-6.0792,-4.8310,-4.5448,-5.0250,-4.5508,-4.2419,-3.9298,-3.8166,-4.7647,-5.5085,-5.6661,-4.5954,-4.9029,-3.9238,-3.1498,-1.6136,-1.3785,-1.0356,-0.4467,1.1269,1.7915,1.6702,1.7673,2.8553,2.6886,2.0664,1.1187,0.5874,1.8690,2.1119,0.1524,-3.9191,-4.3323
0.3423,0.7859,1.6437,1.9833,2.3589,2.3083,1.6362,1.3221,0.7235,0.6995,0.4171,1.0090,1.2809,1.5186,1.2066,1.8861,3.3792,4.1766,2.0496,1.8453,1.5381,1.2178,2.6275,1.0238,1.1974,1.1315,1.4474,2.7835,5.8014,5.7842,5.4893,3.2692,1.4080,2.6580,4.1776,6.1437,4.4929,-2.0948,-6.4162,-7.4206,-7.5728,-7.7562,-8.3172,-6.3871,-5.1478,-4.2732,-3.2178,-4.4373,-4.0269,-4.3645,-2.7767,-4.4418,-3.5393,-2.7771,-1.1571,-1.3561,-1.1074,-0.9318,-0.6653,-0.6606,-0.1003,1.1470,1.3480,1.4150,1.8309,0.9588,0.1012,0.0448,0.9136,0.7321,-1.9050,-4.4415
0.6790,1.1190,1.6987,1.9744,2.0878,2.4132,1.8092,1.3943,1.1572,0.6017,0.2644,0.5298,0.9351,1.2926,1.4557,2.3641,3.0834,4.0207,2.4528,1.6511,1.4672,0.8081,1.0953,-0.1256,0.6994,0.0467,0.0130,0.4072,3.3404,4.7265,2.0558,1.5372,2.2750,3.9514,3.5307,5.3238,6.0476,2.1595,-4.2491,-5.5644,-6.7991,-7.0576,-8.0241,-6.3597,-5.2713,-4.4987,-2.6845,-3.2808,-2.2965,-2.2955,-0.4718,-2.7959,-2.2038,-2.0692,-0.4124,-0.7536,-0.8465,-0.9094,-0.6669,-1.3876,-0.7594,0.4170,1.1615,1.2693,0.5223,0.1924,-0.0710,-1.6157,-0.8957,0.7690,0.1283,-3.0349
1.0705,1.1509,1.6807,1.8507,2.0378,2.2928,1.8725,1.4885,1.0793,0.8619,0.2444,0.0232,0.8555,1.2836,1.4318,2.3167,2.8721,3.9625,2.8669,1.5498,1.4395,0.7034,-0.7567,-1.0717,-0.3298,-1.0062,-0.4026,-0.4703,1.9027,3.1569,-0.2206,2.6961,4.1605,4.3863,4.8861,5.4149,5.2364,3.5414,-0.8804,-2.8104,-5.3166,-6.5382,-7.3867,-5.9848,-5.0168,-4.5813,-2.7453,-2.0630,-1.7643,-1.2805,0.2376,-0.5638,-0.6896,-1.0038,0.7979,0.3727,-0.0262,-0.3583,-0.3052,-0.1247,-0.3395,0.4081,1.3833,1.2117,0.7670,-0.0821,-1.6078,-2.4052,-1.6516,0.8657,0.4237,-2.0464
1.0226,1.0626,1.7342,1.9878,2.2604,2.3514,1.9453,1.1237,0.8638,0.6290,0.2133,0.1204,0.9507,1.3444,1.9409,2.9340,3.0340,4.3457,3.6237,2.0059,1.7044,1.1487,-0.8694,-2.0670,-2.3832,-1.3982,-1.1255,-0.8726,1.1836,0.9797,-0.4497,0.7812,1.6831,2.0965,0.9991,0.4479,-1.0234,-2.9888,-4.5820,-4.0261,-5.1990,-6.0490,-5.3706,-5.9346,-6.0429,-6.1512,-3.3222,-2.7472,-1.8216,-0.7321,2.0474,2.2190,1.1543,-0.0591,1.9389,0.7673,0.1696,-0.0873,0.0973,0.2345,0.4338,0.3327,0.8866,0.9198,1.5731,0.5764,-1.8364,-2.3582,-1.8967,0.2968,-0.2305,-2.2828
0.6772,0.9745,1.6281,1.8650,2.2044,2.3399,1.7604,1.0429,0.8076,0.7047,0.3361,0.0306,0.3240,1.0586,1.7620,2.7615,2.8196,4.4592,3.9476,2.0471,1.6653,1.2901,0.3380,-2.1051,-2.1689,-1.0752,-0.8459,-0.6610,0.9912,-0.2106,0.6960,-0.5117,0.1134,0.6611,-1.4862,-1.7745,-3.6116,-7.6417,-8.5896,-9.1006,-9.0757,-7.5964,-6.3843,-6.1521,-5.4452,-4.9492,-3.7504,-3.7620,-2.9623,-2.0187,1.5516,3.2233,3.0037,2.2010,4.4877,3.2369,2.1677,1.3896,1.5873,1.2444,1.2015,0.4054,0.1173,-0.1673,1.2124,1.5222,-0.2735,-1.8067,-2.0565,-0.8134,-0.8336,-1.9823
0.4296,0.8076,1.5270,1.7645,2.1153,2.3829,1.7907,0.9042,0.7330,0.5188,0.5538,-0.1501,-0.2618,0.7109,1.3723,2.4984,2.4347,4.7928,4.0572,2.0716,1.6525,1.2970,0.5790,-1.6620,-3.5716,-0.5849,-0.4819,0.0743,-0.2330,-1.1189,-0.7702,-0.3401,-1.3965,-1.3724,-4.3394,-1.6116,-2.5190,-6.7374,-9.6360,-10.8128,-11.0246,-10.8881,-10.2212,-9.3666,-7.9134,-8.1803,-7.0884,-6.5026,-5.6226,-5.1011,-1.4908,-4.3945,1.2762,2.7000,4.0586,4.7442,4.3901,3.3457,3.3412,2.1890,1.7202,1.0732,0.6972,0.0567,0.7715,2.6427,2.7498,0.6687,-0.4870,-0.0278,-0.4529,-0.0909
0.2311,0.8114,1.3021,1.7166,2.1041,2.3198,1.9043,0.7183,0.6493,0.5579,0.7084,-0.0483,-0.3917,0.4204,1.2263,2.3816,2.5199,5.0386,4.0811,2.2002,1.6079,1.1554,0.4109,-1.6768,-4.0624,-2.0685,-0.1227,0.2417,-0.7829,-1.7774,-0.8033,-0.4844,-1.0395,-1.6064,-3.8745,-1.9413,-1.7985,-6.9831,-10.7130,-11.4409,-11.6236,-12.7288,-11.7525,-10.6057,-9.7805,-9.9592,-8.4848,-7.5612,-6.1109,-5.4026,-2.0291,-5.8637,-0.7873,1.3247,3.7246,4.8893,4.9371,4.0836,4.2049,3.3352,2.5049,1.7484,1.5850,1.0441,1.4410,2.2301,3.0342,3.2725,2.2604,1.5477,0.7511,1.1643
0.1982,0.7609,1.1124,1.5473,1.8551,1.9745,1.6730,0.7847,-0.0178,0.2668,0.2170,-0.1638,-0.6461,0.0961,1.0921,2.0862,2.2503,4.6271,3.6365,1.9298,1.2097,0.6784,-0.0209,-2.6229,-4.7114,-4.6440,-1.0352,0.3188,-1.3666,-2.3966,-2.9867,-2.7780,-2.5377,-2.7029,-2.4180,-3.1017,-3.2974,-8.9114,-12.8010,-13.0376,-12.0463,-12.4355,-11.7217,-11.1832,-11.5178,-11.6980,-9.1925,-7.7224,-6.2898,-4.9029,-1.7449,-1.0452,-0.6604,0.3259,2.4523,4.2218,3.9120,3.4791,3.5581,2.4096,2.0817,1.5887,1.3128,0.5728,1.6929,2.8711,3.5218,3.1525,2.8093,2.7189,2.2776,2.3809
0.3434,0.8243,1.2188,1.5086,1.7824,1.9229,1.6133,0.8617,0.1779,0.2025,0.2590,-0.3398,-0.6595,-0.0293,1.0369,1.7531,2.3107,4.2392,3.5640,1.6839,0.9203,0.2745,-1.0075,-3.9569,-5.4088,-5.1307,-1.1090,-0.1791,-2.3021,-2.1933,-2.6302,-2.1711,-2.8915,-2.1000,-3.0740,-3.7391,-4.6752,-10.4519,-12.3309,-14.0080,-13.1236,-12.5386,-12.1682,-11.2205,-12.1588,-11.5886,-8.5740,-7.3257,-5.9748,-4.7575,-1.6005,-1.2487,-1.0439,-0.5133,1.1551,2.6445,3.1145,2.9769,3.0962,2.4727,2.6166,2.0735,1.6982,1.8864,1.2232,2.9473,4.7473,3.5985,2.1272,1.9685,2.1608,2.1136
0.5275,0.8882,1.2058,1.4163,1.7376,1.8976,1.5481,0.8970,0.3785,0.6376,0.6157,-0.4183,-0.6971,-0.2264,0.6766,1.5623,2.2862,4.2364,3.6546,1.5187,0.6402,-0.0062,-1.5234,-4.4473,-5.6583,-4.9133,-1.2834,-0.7596,-2.7635,-2.6645,-1.0323,-1.1148,-0.5402,-0.9070,-3.3486,-4.4524,-5.3119,-10.8935,-13.8950,-12.7405,-12.9928,-12.6469,-12.5807,-12.3350,-11.8732,-10.6378,-8.9579,-7.0244,-6.2158,-4.4668,-1.0113,-0.7271,-0.4167,-0.9288,-0.0027,0.9947,1.5546,1.5144,1.9013,2.4266,2.6628,2.4454,2.8746,3.9910,2.1944,2.5093,4.6016,4.6178,2.5793,1.8461,1.7743,1.7118
0.6237,0.9056,1.1576,1.4243,1.7422,1.6458,1.4031,0.9314,0.5933,0.2654,0.3052,-0.5777,-0.8459,-0.2654,0.7037,1.1976,2.5851,4.0509,3.6070,1.2581,0.4163,-0.1368,-1.6922,-4.4338,-5.6417,-4.5832,-0.7867,-1.5663,-2.4178,-2.6908,-1.3423,-0.4986,-1.8317,-2.2242,-3.7604,-4.5530,-4.9832,-6.4156,-9.8375,-11.7094,-12.6611,-12.3609,-11.0228,-13.1871,-11.6166,-10.9116,-8.7863,-7.6686,-6.1098,-3.7576,-1.1035,-0.8927,-1.6645,-1.7057,-0.2575,0.9075,1.2973,1.4169,1.6185,2.4516,2.9882,2.4826,2.9795,5.0038,4.5360,2.7443,3.2839,5.2221,3.9987,2.2997,2.2566,2.9744
0.6222,0.6703,1.0529,1.1126,1.5430,1.4773,1.0501,0.5914,0.4670,0.0200,0.1306,-0.6239,-0.8073,-0.2731,0.5332,1.1759,2.6966,3.8330,2.8135,0.5250,0.1429,-0.3605,-1.7063,-3.4029,-4.4198,-3.7906,-1.6767,-1.8234,-1.9849,-3.5751,-4.0753,-1.8560,-2.5967,-3.0559,-4.4419,-5.4095,-7.0928,-7.6021,-9.3977,-10.5040,-11.2847,-10.1483,-10.3435,-12.8638,-10.1861,-10.1610,-8.3071,-7.6485,-6.0480,-3.5787,-1.0526,-0.7554,-1.5683,-1.1012,-0.9778,0.4425,2.2806,2.5383,3.3348,3.6529,3.9601,3.8985,4.3637,5.4520,6.7437,5.0959,4.4875,4.3332,4.6815,3.7925,3.3629,3.6557
0.8588,0.8267,1.1421,1.1139,1.5111,1.5124,0.9967,0.5166,0.5262,0.3586,0.1694,-0.7602,-0.9291,-0.2534,0.2971,1.0331,3.0721,3.7528,2.4300,-0.0590,0.1550,-0.1074,-1.1689,-2.5438,-3.1509,-2.6269,-1.5556,-2.1124,-3.3294,-4.5411,-5.1803,-3.9474,-4.9032,-4.0912,-5.0045,-5.9640,-8.5583,-9.4864,-10.2418,-11.3708,-10.6947,-10.0821,-9.9690,-9.5454,-8.9716,-9.0768,-8.5093,-8.2309,-6.5173,-3.9323,-1.7587,-1.6596,-0.0561,-0.5069,-1.9163,-0.9412,0.7490,2.2927,3.1867,3.5317,3.8668,4.3364,5.0192,5.3137,4.7602,5.6604,4.8311,3.8754,3.6544,3.6450,3.1673,3.5470
0.9211,0.9512,1.2220,1.2687,1.6842,1.5425,0.8909,0.6307,0.8590,0.4110,0.0485,-0.8008,-0.9346,-0.0197,0.5990,0.9358,3.3617,3.5856,1.9191,-0.3071,0.2224,0.0822,-0.7165,-1.5901,-1.9749,-1.6722,-2.0162,-2.3944,-4.3045,-5.1158,-5.3292,-5.3318,-5.3936,-5.1037,-4.4786,-5.1935,-6.9797,-8.4738,-9.5254,-11.8505,-11.4097,-10.0697,-9.9958,-9.8433,-8.9619,-8.0771,-8.6937,-7.9513,-6.8097,-5.4254,-3.3897,-2.2742,-0.2120,-1.1200,-1.6257,-1.0737,0.0776,1.2317,2.8941,3.7491,4.1096,4.4293,5.0458,4.9457,4.1767,3.0651,3.4985,3.8955,3.6995,3.4343,3.2971,2.7685
1.0251,0.9025,1.2758,1.4048,1.4256,1.5348,1.0480,0.8454,1.0935,0.4999,0.1122,-1.0956,-0.8347,0.2889,0.8685,2.0400,3.6441,3.4161,1.2203,-0.3442,0.0256,-0.0421,-0.6119,-0.9339,-1.0784,-0.9246,-2.0121,-3.3477,-4.3378,-4.4662,-3.7589,-4.9357,-4.5348,-4.5725,-4.2589,-4.8632,-6.4386,-8.1046,-9.2110,-10.6224,-10.8255,-9.8847,-11.1641,-9.7107,-8.9532,-8.0236,-9.4686,-9.4635,-8.6752,-7.7242,-5.0359,-3.2290,-2.2110,-3.2407,-1.7192,-0.2186,-0.1372,0.3663,1.7002,2.8132,3.3064,3.9136,4.6218,4.6802,3.6794,1.2446,1.6198,2.4493,2.9282,3.9531,3.2012,2.7001
0.9308,0.8703,1.2342,1.3673,1.5803,1.2763,0.7560,0.7496,0.9307,0.8523,-0.0045,-1.0562,-0.6136,0.3478,1.2268,2.4765,3.7222,3.2321,0.2400,-0.8161,-0.0071,-0.4242,-0.6157,-0.3492,-0.3047,-0.5791,-2.0575,-2.5480,-3.1452,-2.6223,-3.6524,-4.7568,-4.5697,-4.1446,-4.6707,-6.0174,-7.4540,-9.9524,-7.9805,-9.7696,-8.7371,-7.4562,-7.0363,-7.2176,-7.9095,-10.1646,-10.7505,-9.4130,-9.2285,-9.5353,-6.8172,-4.5591,-4.7867,-5.4441,-3.5671,-1.7579,-2.5517,-2.3147,-1.3365,-0.5842,0.1308,1.8400,3.7276,3.3055,1.6076,0.6836,0.5150,1.3821,2.2892,3.3277,2.6551,1.5639
0.9033,0.9669,1.4447,1.3132,1.1741,0.9304,0.9826,0.9076,0.9671,0.6237,-0.2626,-1.1937,-0.7776,0.5621,1.4975,2.7301,3.5248,2.5871,-0.4343,-0.8326,-0.3908,-0.8235,-0.1700,0.3196,0.1688,0.0945,1.7508,-1.8354,-2.8941,-1.6725,-3.2196,-5.0586,-3.4767,-3.9221,-5.0823,-5.9853,-6.0573,-5.5560,-6.7916,-8.7909,-8.4343,-6.3704,-6.5670,-5.8096,-6.7580,-10.4413,-10.3416,-9.2129,-9.2154,-8.6224,-7.0978,-6.1681,-6.4347,-7.4250,-7.4558,-5.5504,-4.0888,-3.6346,-3.0275,-2.4516,-2.0550,-0.5535,1.3653,0.0130,-1.2754,-1.2211,-1.2171,1.2221,1.6398,1.9574,1.5041,0.5299
