1.4771,1.7270,1.3516,1.0548,0.8759,0.7621,0.5925,0.9926,1.6377,1.5856,1.5126,0.7205,0.4011,0.5546,0.9155,0.8348,0.6261,0.6315,0.6031,0.6635,0.3387,-1.3221,-2.1551,-1.6649,-0.2495,0.2186,0.4718,0.4404,0.4947,0.6055,0.5189,0.3569,0.8943,1.2368,4.9265,1.1108,-4.0306,-3.2880,-2.7843,-3.4800,-4.7853,-5.6201,-6.8867,-5.9265,-4.0902,-4.5853,0.5931,-3.2556,-6.7433,-7.4622,-5.3719,-4.7688,-4.1742,-4.3421,-4.7300,-3.4180,-0.9822,1.5864,1.6380,1.4009,-0.4232,0.7654,1.7525,1.9511,2.9810,3.3656,3.3417,2.7794,2.6270,1.3852,0.5868,1.1334
1.4652,1.6447,1.3692,0.9820,0.7935,0.7567,0.4680,0.6755,0.8316,1.2100,1.1729,0.4003,0.0830,0.3129,0.6503,0.6830,0.3869,0.2932,0.2526,0.3573,0.0225,-1.2496,-1.6499,-1.0961,-0.2102,0.2191,0.5022,0.3168,0.4232,0.3414,0.4207,0.6009,1.4569,1.7109,4.1355,-3.1091,-4.1488,-3.5521,-2.9219,-3.9089,-5.4783,-4.9969,-6.0908,-3.8088,-2.6409,-3.4714,-3.2187,0.8925,-3.0443,-4.4505,-4.1143,-3.6770,-3.8056,-3.8699,-4.0112,-2.8454,-0.3078,1.5067,0.9972,-1.0230,-1.5725,0.1617,1.3716,1.6514,1.8975,2.9467,3.0793,2.3549,2.4088,1.9971,1.4645,2.7215
1.4341,1.3850,1.2011,0.9398,0.7912,0.6389,0.3941,0.3028,0.4066,0.5171,0.4217,0.1036,0.0817,0.2040,0.1573,0.2238,0.2403,0.0326,-0.1648,0.0262,-0.0489,-0.9302,-1.2996,-0.6097,-0.2126,0.0580,0.0561,0.1474,0.4430,0.1586,0.4699,1.0997,1.8524,2.9516,2.7968,-3.3352,-3.9781,-4.3641,-3.5000,-4.0564,-5.3444,-5.2596,-4.7273,-2.7385,-3.2073,-2.6793,-3.8710,-1.6863,-2.2790,-3.8503,-3.6325,-3.4188,-2.6215,-2.8753,-2.1048,-0.8157,1.6656,1.6234,1.1030,-1.5862,-1.5078,1.2698,2.2076,1.4598,1.4517,2.4820,2.6972,2.1942,2.5076,2.5119,3.5760,2.3261
1.2378,1.4298,1.2075,1.0073,1.0333,0.7989,0.6246,0.3155,0.2300,0.2625,-0.0079,-0.0931,0.1898,0.2834,-0.1798,-0.2413,-0.0499,-0.0309,-0.1867,0.0215,0.0896,-0.2893,-0.4740,-0.3895,-0.3380,-0.0673,-0.0634,-0.0285,0.3598,0.1675,0.8068,1.2332,1.7862,3.5632,2.8185,-3.3744,-5.3573,-4.6001,-2.6120,-3.4233,-5.2137,-5.0384,-3.5641,-3.3022,-4.0196,-4.1508,-3.2159,-3.7479,-2.8749,-3.7258,-2.7713,-2.5375,-2.4312,-2.7683,-1.7886,1.6161,3.4030,2.6300,1.2470,-0.1547,1.0462,2.7713,3.1259,1.3470,0.9454,3.5017,2.8397,2.1080,2.4669,2.7963,3.8936,2.3378
1.2495,1.2233,0.9954,0.9153,1.0754,1.1474,0.6980,0.4476,0.2659,0.1560,-0.3667,-0.2872,0.0949,0.1516,-0.2587,-0.5329,-0.3304,-0.1349,-0.0631,0.2751,0.3463,0.3233,0.0322,-0.1411,-0.4662,-0.2039,-0.2186,-0.1409,0.1693,0.3986,0.9241,1.2903,1.7006,1.3379,-1.1038,-5.7814,-5.1594,-4.4103,-2.2736,-3.2331,-4.6720,-4.3309,-3.8370,-3.5498,-4.1563,-4.5614,-3.0511,-3.5622,-3.5983,-4.2598,-2.6357,-3.0209,-2.1058,-1.7182,-1.3210,3.9235,3.8964,3.3911,0.5476,2.2592,2.9619,3.7931,3.0847,1.0726,0.8880,3.5458,3.2739,2.2436,2.2049,2.7065,2.2039,1.1076
1.0438,0.8719,0.8681,0.9367,1.1380,1.2374,0.9040,0.6631,0.3677,0.1568,-0.5646,-0.6459,-0.3850,-0.1187,-0.3502,-0.5462,-0.4694,-0.2244,0.2070,0.4887,0.5712,0.5675,0.1184,-0.1148,-0.5850,-0.3838,-0.3509,-0.2464,-0.1321,0.0577,0.7277,0.9948,1.3941,-2.9916,-4.6968,-4.8594,-4.6182,-3.1122,-1.3031,-3.0013,-4.2907,-4.0806,-3.8516,-3.1382,-3.6738,-4.5495,-3.9263,-4.2797,-4.6551,-5.1811,-3.3035,-3.4392,-2.4687,-1.9809,-1.4608,2.8814,3.6159,2.3240,2.0490,2.4065,2.1952,3.2933,3.1779,2.1514,1.5815,3.9589,3.5128,2.1411,1.8030,2.3348,2.5390,1.0711
0.9841,0.8955,0.9684,1.1935,1.2798,1.5947,1.3156,1.2351,0.8656,0.5961,-0.3319,-0.5545,-0.2898,0.0672,-0.3307,-0.4510,-0.2810,0.1443,0.5642,0.8012,0.8242,0.7585,0.4673,0.1958,-0.2739,-0.2509,-0.3438,-0.1322,-0.1393,0.1090,0.2593,0.6803,-1.4429,-5.5671,-6.4098,-6.3383,-5.5633,-3.3744,-2.1579,-4.9980,-5.7615,-5.1345,-5.4989,-5.2872,-5.6223,-5.9061,-5.8821,-7.2412,-5.3896,-5.6492,-4.2208,-2.7178,-1.6058,-1.1995,-1.6974,0.8463,2.7424,2.1865,2.7307,1.6686,1.9289,2.1269,3.1113,2.1141,1.8834,4.6072,4.0564,2.0891,1.6948,2.2616,3.2548,2.6564
1.1101,1.0916,1.2745,1.3153,1.2445,1.4585,1.4258,1.2855,0.9945,0.5942,-0.3600,-0.6144,-0.2882,0.0572,-0.0585,-0.1653,0.0100,0.5444,0.8911,0.9643,1.0725,1.0013,0.5320,0.0588,-0.3040,-0.3118,-0.5063,-0.4648,-0.3429,-0.0178,0.2466,0.0890,-4.0012,-6.0269,-5.6244,-5.5685,-3.5939,-2.4802,-2.9026,-5.2582,-4.6890,-4.0476,-5.1402,-4.3909,-5.0376,-5.9665,-5.1761,-7.4591,-6.0885,-5.0699,-3.9239,-2.3518,-2.7958,-2.8910,-2.6957,-0.8161,2.0060,1.9852,1.2541,1.2290,1.3421,1.1499,0.2074,0.0968,0.1609,3.7039,3.0671,2.2785,2.1658,2.4949,3.3614,3.0479
1.4407,1.5537,1.6156,1.4017,1.2887,1.2554,1.4149,1.2778,1.0405,0.4290,-0.2667,-0.5985,-0.3781,0.1020,0.3296,0.3833,0.4693,0.8529,1.1548,1.2710,1.2439,1.1728,0.5022,-0.0279,-0.3991,-0.3670,-0.7023,-0.5925,-0.4434,0.0164,0.1370,-0.1947,-3.6892,-5.5004,-4.9898,-4.3708,-2.2987,-2.3955,-3.9539,-4.3901,-4.1330,-4.5288,-4.2241,-3.8525,-4.8470,-6.2933,-4.0059,-5.9241,-6.2246,-5.7449,-4.2656,-3.2369,-2.7693,-4.2726,-4.7529,-1.4967,1.1683,1.8792,0.7107,0.6513,1.4482,0.5084,-1.6587,-2.6959,-0.3775,2.5204,2.6788,2.6430,2.9672,2.7829,3.0523,2.9145
1.6527,1.6782,1.7824,1.4055,1.1173,1.0388,1.2693,1.1970,0.8355,0.2059,-0.4248,-0.5213,-0.3735,0.1422,0.5928,0.7589,0.7120,1.0248,1.1949,1.4752,1.3934,1.2475,0.3999,-0.2250,-0.4104,-0.5694,-0.7763,-0.7222,-0.3869,0.2338,-0.0858,-1.4142,-3.1332,-4.8019,-4.5754,-4.0470,-2.1337,-1.7489,-3.5205,-3.1313,-3.6658,-4.5544,-3.4429,-2.8173,-3.6891,-6.5841,-3.7665,-4.3381,-4.5076,-5.9489,-5.1554,-4.4155,-1.5322,-4.1903,-3.5709,0.0750,1.1172,1.3983,0.9146,1.0430,1.9219,0.9198,-2.2438,-2.7894,-0.3672,1.2430,2.0637,2.8149,3.2119,2.7518,2.7166,2.9555
1.6457,1.7954,1.5698,1.3523,0.9933,0.8744,1.0579,1.0180,0.7111,0.1500,-0.5350,-0.1655,0.1459,0.5626,0.9825,1.2324,1.2283,1.4198,1.5233,1.8553,1.8451,1.6542,0.7264,0.1619,0.0291,-0.2085,-0.5018,-0.3889,-0.0468,1.0417,-1.0400,-1.6328,-2.3212,-4.5534,-5.1248,-4.4323,-2.1057,-0.8278,-3.6965,-4.3456,-4.0705,-5.0094,-4.7047,-4.7975,-5.9412,-7.7978,-7.4949,-7.1526,-5.8153,-6.8633,-6.0890,-4.8090,-2.8954,-3.9785,0.1285,1.3801,1.7040,2.4952,0.9830,-0.0055,2.5352,1.8700,-0.4681,0.7211,1.1542,0.8978,1.5089,3.0413,3.2610,2.9350,3.1366,3.6334
0.8046,0.9055,0.8889,0.9232,0.6427,0.5809,0.6910,0.2859,0.0200,-0.2180,-0.6965,-0.1458,0.3912,0.9505,1.1726,1.2457,1.3368,1.6414,1.7489,1.8582,1.7938,1.6012,0.7630,0.3046,0.2964,-0.1270,-0.4033,-0.4022,0.2734,-0.0400,-1.3130,-1.5718,-2.0041,-4.4000,-4.5190,-3.2521,-1.3237,-1.5931,-3.5011,-4.5217,-4.3530,-5.1138,-4.2253,-4.3162,-5.9786,-7.2563,-6.1689,-6.6348,-7.0821,-8.0875,-5.5189,-4.8427,-3.2237,-3.7028,0.1347,2.9703,1.9491,2.6812,0.9322,2.1040,2.1615,2.6124,1.5340,2.5923,1.5895,1.4760,1.3122,2.8921,3.4697,3.2886,3.1245,3.5734
-0.6252,-0.4712,-0.2986,0.1028,-0.0891,0.0458,-0.2436,-0.4945,-0.7621,-0.5416,-0.3512,0.0753,0.5718,1.0987,1.3473,1.2486,1.3354,1.8798,2.0095,1.8087,1.4320,1.4469,0.8063,0.5484,0.4530,0.1463,-0.2518,-0.3296,1.0630,-1.1288,-2.0928,-1.5085,-2.7405,-4.3955,-4.3364,-2.4232,-1.3189,-1.9869,-3.5108,-4.0685,-4.7704,-5.3346,-3.7144,-3.9266,-4.5108,-6.8095,-4.3948,-4.4105,-5.8084,-7.1262,-4.2236,-3.4476,-1.2334,-3.5143,-1.3559,2.2683,2.1152,2.6639,0.6690,0.9792,2.2285,2.5634,1.9262,1.9035,2.0868,2.2321,1.6245,2.4507,3.3154,3.6673,3.3045,3.5382
-1.7694,-2.0646,-1.5319,-0.9945,-1.1543,-0.8794,-1.7965,-1.2446,-1.2277,-0.8332,0.0345,0.3138,0.7067,1.0925,1.2548,1.2407,1.5223,1.9949,1.9604,1.5564,0.9703,0.8048,0.6407,0.7078,0.6140,0.3455,0.0074,-0.2138,1.0116,-1.2325,-1.3318,-1.0810,-2.3844,-4.2245,-4.0762,-2.6518,-1.0354,-1.8500,-2.6323,-3.3353,-4.3912,-5.4703,-3.5833,-4.0633,-2.2716,-4.3908,-1.7728,-2.6898,-4.5516,-6.2127,-2.8215,-1.8550,1.1543,-2.8944,-2.8365,-0.1977,1.3531,0.5792,-0.0348,-0.0084,1.1700,1.0936,2.0598,1.5542,1.4220,1.4681,1.4449,1.7181,2.9325,3.6825,3.4895,3.4792
-2.3119,-2.6437,-1.8660,-2.0446,-1.7505,-1.9154,-3.1346,-1.7162,-1.3429,-0.6681,0.3369,0.7674,1.0863,1.3759,1.4791,1.7506,2.1726,2.4095,2.2128,1.6083,0.9115,0.7826,0.5132,0.9685,1.0641,0.6222,0.2838,0.1201,1.0609,0.5328,-1.6594,-1.1938,-2.0295,-3.9828,-4.5009,-3.0448,-0.9585,-1.3068,-2.0634,-4.7184,-5.5314,-5.5435,-4.9336,-5.7775,-3.8198,-3.6667,-1.5546,-2.1686,-3.2304,-4.1497,-2.4859,-3.6454,-1.3916,-4.2655,-4.5645,-0.3829,0.5807,0.5413,0.1985,-0.2831,1.6657,2.5705,2.2407,1.1770,0.9604,1.2962,0.9576,1.4297,2.4081,4.0889,4.7835,4.5751
-2.3095,-2.4722,-1.7719,-2.5359,-2.1575,-2.5111,-3.3893,-2.1856,-1.4479,-0.2917,0.6964,1.0717,1.3376,1.4555,1.7120,2.0106,2.3107,2.4690,2.0941,1.3594,0.7839,0.6780,0.5981,1.0711,1.1358,0.8119,0.2015,-0.1773,0.5781,0.2717,0.0572,-0.2130,-2.8092,-5.0593,-5.2777,-3.7126,-2.0028,-1.5814,-2.2344,-4.8558,-5.5551,-5.5831,-4.1519,-5.1966,-4.9162,-3.5934,-1.6080,-2.2971,-3.0058,-4.5930,-2.9298,-3.9911,-3.8804,-5.5421,-4.0456,-0.0817,0.6856,0.4025,-0.4373,-0.2947,1.3448,2.2566,1.0992,0.4614,0.6716,0.6779,0.0131,0.0874,0.7282,2.8705,4.6677,4.6790
-2.2113,-2.3631,-1.7596,-2.4164,-1.9732,-2.5992,-2.8463,-2.0037,-0.7206,0.3785,0.9893,1.2434,1.3792,1.7162,1.9312,2.2119,2.2279,2.3613,1.8756,1.3934,0.8182,0.8479,0.8388,1.1010,1.1348,0.8283,0.0697,-0.1651,0.1046,1.0418,0.9893,0.3466,-3.5353,-6.7139,-6.5199,-4.4341,-3.4317,-2.8963,-3.3587,-4.6606,-4.4323,-5.4123,-3.7718,-4.7548,-4.2523,-3.2778,-1.7881,-2.3516,-3.3453,-5.1774,-4.9398,-3.8156,-5.4187,-5.3498,1.2222,2.2066,1.1499,0.9342,0.3639,-0.0303,0.2596,1.1738,0.2385,0.0820,0.6822,0.5683,-0.4778,-0.2015,0.8482,2.2138,4.5226,4.3357
-1.7534,-1.4364,-1.2683,-1.5276,-1.1658,-2.1045,-1.2349,-0.8731,0.1213,0.6615,1.1456,1.3018,1.4691,1.8384,2.0458,2.1110,2.1135,1.9623,1.6192,1.3674,0.9883,1.0514,0.8911,1.0097,0.9857,0.5524,-0.0668,-0.1081,-0.1811,0.7237,1.7199,0.4743,-2.9099,-6.2158,-6.6860,-5.7906,-4.8652,-5.2737,-4.6708,-4.5024,-4.0947,-4.8310,-4.5864,-4.6881,-3.6173,-2.4959,-1.8297,-2.0323,-3.1030,-4.4501,-4.4957,-3.0891,-5.8506,-4.6995,2.2045,5.2563,2.6782,1.0285,0.4952,-0.1506,-0.0723,0.2171,-0.2230,-0.3611,0.3478,0.4334,-0.5260,0.1076,0.6327,2.0292,4.0703,4.2038
-0.5719,-0.4940,-0.4978,-0.5417,-0.4618,-0.8018,-0.3509,0.1504,0.6892,0.9541,1.2598,1.4822,1.7155,1.9854,2.0267,1.8861,1.8277,1.7625,1.4188,1.5443,1.2780,1.0679,0.7257,0.7291,0.4954,-0.0736,-0.5990,-0.3672,-0.3782,-0.5371,0.5551,-0.4642,-2.2542,-5.3798,-7.1875,-5.0814,-4.6062,-4.4933,-5.6227,-4.8002,-5.9309,-6.2617,-6.4475,-5.4893,-3.7556,-1.9701,-1.9415,-2.5762,-4.1665,-4.5907,-4.5561,-3.0824,-5.5882,-4.3208,0.8563,1.6400,2.4457,1.0380,1.2372,0.7367,0.5603,0.2146,0.1139,0.5215,0.6303,0.8270,0.2268,0.6339,1.6084,2.3824,4.6986,4.3972
-0.1654,-0.2157,-0.2028,-0.2492,-0.2920,-0.4578,-0.1713,0.4168,1.0757,1.1423,1.4622,1.6850,1.7926,1.9903,1.9923,1.4527,1.4886,1.5789,1.8141,1.8628,1.4657,1.0623,0.6776,0.2685,-0.0222,-0.4170,-0.7188,-0.6416,-0.5046,-0.5254,-1.5191,-3.5967,-6.6286,-8.5282,-9.3314,-5.7744,-4.7662,-4.8408,-5.8250,-5.1133,-6.3236,-6.6357,-5.3575,-4.5382,-2.3192,-1.4850,-1.4311,-2.3984,-4.9894,-4.6179,-4.3825,-4.3778,-4.9264,-3.9446,2.0395,1.7624,1.8936,0.6953,0.3467,0.2950,0.2036,-0.2828,-0.6564,0.0669,0.1980,0.2626,-0.3264,-0.1458,0.9785,1.2529,3.8227,3.8340
-0.2031,-0.1655,-0.1000,-0.2761,-0.2864,-0.2792,0.2134,0.7250,1.1809,1.2913,1.7082,2.0292,1.8399,1.7395,1.5563,1.2363,1.2261,1.7493,2.2207,2.2962,1.5790,0.6761,0.1143,-0.0270,-0.3549,-0.5147,-0.8541,-0.3442,0.5058,0.9371,-3.4137,-6.0638,-6.4771,-7.4671,-5.4565,-2.7569,-2.8346,-4.2731,-4.8699,-4.9080,-5.1950,-6.6682,-4.2228,-3.4201,-1.5120,-1.6062,-2.8271,-3.7308,-4.2362,-5.1608,-4.9775,-5.5645,-4.9966,-3.7586,0.4364,2.1199,2.2083,1.1976,-0.6223,-0.9130,-0.3492,-0.4142,-0.4439,0.0596,-0.4223,-0.6265,-0.3840,0.3667,0.3623,0.7455,2.7694,3.4175
-0.1490,-0.1648,-0.1168,-0.2661,-0.3329,-0.3157,0.2615,0.7053,1.1844,1.2540,1.5920,1.9896,1.7795,1.3561,1.1593,1.0363,1.1448,2.1406,2.5844,2.4367,1.4278,0.3095,-0.2805,-0.5496,-0.6982,-0.6924,-1.0206,-0.1840,-0.2989,0.9023,-1.9121,-3.6246,-4.0980,-3.4605,-0.6325,-1.5643,-2.9058,-2.8087,-4.1806,-4.5854,-5.3319,-5.2019,-3.6781,-3.0426,-1.5494,-1.5486,-2.6353,-4.7727,-2.8049,-4.9328,-7.4190,-5.7838,-5.0596,-4.2580,-1.0823,1.5482,2.3548,1.6971,-0.4352,-0.7483,-0.5271,-0.8482,-0.3017,-0.3441,-1.3683,-1.2204,-0.8582,0.4462,0.4877,0.0817,0.4469,0.4396
-0.0017,-0.1099,-0.2102,-0.2702,-0.2107,-0.1526,0.4391,1.1075,1.4020,1.3041,1.3408,1.5837,1.4931,0.8994,0.7828,0.9169,1.5278,2.4043,2.5128,2.2434,0.9605,-0.4591,-0.9989,-0.9962,-0.8848,-0.7955,-1.0850,-0.3803,0.0715,0.6195,0.1555,-1.1735,-3.6135,-2.8362,0.4039,0.5528,-0.7099,-1.0915,-3.7601,-4.9357,-5.4114,-5.0876,-4.5971,-3.0237,-1.8857,-1.3705,-2.0024,-4.4103,-3.3237,-3.2532,-6.0441,-6.2241,-5.2533,-4.3720,-2.3772,-0.4735,1.5789,0.9396,-0.2346,-1.0565,-1.4780,-1.1382,-0.3301,-0.8259,-2.0082,-1.6003,-0.9359,0.0779,-0.0366,-0.2915,-0.5772,-0.4240
0.1824,0.0370,0.0127,-0.1625,-0.1739,0.1009,0.3661,1.2362,1.5449,1.2992,0.6013,0.3539,0.3181,0.5791,0.6226,1.2178,2.2393,2.5167,2.6108,2.0492,0.4654,-1.1012,-1.4608,-1.3290,-0.9137,-0.3788,-0.8656,-0.6501,-0.5864,1.7919,1.9821,-1.1253,-3.8654,-2.0401,0.5992,1.3713,-0.5281,-0.9227,-2.8418,-3.4741,-4.1427,-4.3415,-3.9020,-2.4976,-1.6931,-2.1162,-2.6535,-3.7374,-4.4332,-3.0252,-4.1773,-6.0119,-6.6947,-4.1262,-3.2117,-0.8280,0.7668,1.1065,0.5302,-1.0656,-1.3853,-1.0502,-0.3089,-0.6881,-1.6030,-1.3605,-1.2150,-0.3564,-0.6507,-0.7887,-1.1413,-1.6017
0.4430,0.3950,0.3345,0.1343,-0.0346,0.2687,0.4537,1.3925,1.4145,1.0044,-0.4694,-0.7355,-0.6782,0.0072,0.4326,1.5278,2.3795,2.4864,2.2924,1.5667,-0.4404,-1.6756,-1.8318,-1.7328,-0.7156,-0.1755,-0.7297,-0.4930,-0.3042,1.5127,-0.0012,-2.6092,-2.7379,-1.5941,0.5575,-0.2960,-1.5377,-1.5174,-2.3284,-2.9226,-3.1151,-3.5637,-3.0838,-2.2428,-1.9923,-2.2623,-2.5498,-2.4036,-4.0095,-3.7423,-4.3660,-4.6824,-6.8303,-4.2250,-3.6602,-1.6069,-0.4044,0.0817,0.3634,-1.0055,-0.6816,-0.6549,-0.4217,-0.6257,-1.0738,-1.2811,-0.8073,-0.7091,-1.1474,-1.3844,-1.5114,-1.5375
0.7267,0.7395,0.5395,0.3621,0.2878,0.4849,0.6396,1.3382,1.4035,0.5705,-1.1349,-1.6072,-1.5446,-0.5843,0.1472,1.4896,2.2514,2.1404,1.7696,0.4141,-1.6266,-1.7663,-2.1708,-1.6680,-0.5832,-0.2397,-0.7246,-0.1544,1.3205,-1.1822,-0.0711,-2.1812,-3.3324,-2.6620,0.2193,-1.4873,-2.2070,-2.2559,-2.9340,-2.7449,-3.2888,-3.1986,-2.2339,-1.4851,-2.8520,-3.4588,-2.6403,-2.4077,-2.4539,-4.4533,-3.7616,-4.4510,-4.3136,-4.2310,-4.0373,-2.5766,-0.9653,-0.2681,-0.2895,-0.9337,-0.9384,-0.7979,-0.6300,-0.6311,-0.4091,-0.1911,0.0994,-0.2150,-0.9522,-1.1976,-1.7053,-1.6782
0.9378,0.9127,0.6321,0.5355,0.6638,0.6942,0.8014,1.2617,1.0597,0.2197,-1.4294,-1.9605,-1.8907,-1.1477,-0.2360,1.3235,1.8704,1.7113,0.7829,-0.8310,-2.0497,-1.9737,-2.2043,-1.2551,-0.6241,-0.5373,-1.1656,-0.2804,0.2526,0.0326,0.2123,-1.3146,-2.4298,-3.6067,-3.5978,-2.8492,-2.4978,-3.6787,-3.8712,-3.3440,-3.5235,-3.1124,-2.2424,-0.0554,-1.8824,-2.6772,-0.9579,-3.6759,-4.8919,-3.9373,-3.4518,-3.2393,-2.8553,-2.3308,-2.2150,-1.6233,-0.9436,-1.2850,-1.1545,-0.9117,-1.0977,-0.9128,-0.7588,-0.6797,0.3557,0.6760,0.6480,0.3507,-0.5944,-1.5804,-2.0206,-2.0775
1.2910,1.1986,0.8481,0.6189,0.7866,0.8215,0.7104,0.9446,0.7289,0.1221,-1.3686,-2.1674,-2.1736,-1.8733,-0.7700,1.1469,1.2673,0.9689,-0.1038,-1.3487,-2.1756,-2.1054,-1.8564,-0.9722,-0.6370,-0.9457,-1.7339,0.1879,-0.5257,3.2288,-0.7218,-2.0061,-2.8602,-2.9405,-4.6816,-3.4733,-2.7497,-3.8286,-4.5339,-3.4678,-3.2910,-2.7647,-2.3507,-0.8303,-1.8255,-2.5673,-1.3715,-1.5389,-4.0939,-3.8536,-4.3136,-3.6891,-2.9458,-1.0281,-0.2590,-1.2418,-1.6822,-1.1932,-0.5954,-1.0225,-0.8847,-0.8887,-0.7657,-0.3916,-0.2558,-0.7301,-0.9536,0.2134,-0.6465,-1.7065,-2.2426,-2.0393
1.4051,1.3117,0.9859,0.6909,0.7971,0.7934,0.7579,0.7276,0.2864,-0.2801,-0.9979,-2.1366,-2.4182,-2.3651,-1.1244,0.8632,1.0626,0.8332,-0.2528,-1.5765,-1.9504,-1.7978,-1.5573,-1.0582,-0.9103,-1.2120,-2.0130,-1.2490,0.7343,5.5738,0.2366,-0.5539,-1.6389,-2.3819,-5.0993,-4.9886,-4.0869,-4.1250,-3.7173,-2.5286,-2.4641,-2.4331,-1.7129,-0.8083,-2.4738,-2.8378,-1.8239,-0.0920,-1.9273,-2.5145,-4.1199,-3.4915,-2.4520,-0.3052,0.3926,-1.3947,-1.9909,-1.0503,-0.3371,-0.9250,-1.0785,-1.2688,-1.1210,-0.3700,-0.4693,-1.1656,-1.6773,-0.0288,0.2470,-1.0158,-1.9153,-2.5881
1.3151,1.2874,1.0297,0.7663,0.7626,0.7539,0.4059,-0.1139,-0.4005,-0.3092,-0.5165,-2.0856,-2.5579,-2.5144,-1.4731,0.9147,1.2289,0.7986,-0.3229,-1.7377,-1.8701,-1.5169,-1.3579,-1.1665,-1.4705,-1.6165,-1.8842,-0.9611,0.5879,3.3110,0.0088,0.2364,-0.1687,-4.6406,-5.0074,-3.4836,-2.4033,-2.1986,-1.8663,-1.6123,-2.1974,-2.2257,-2.0870,-0.2879,-1.1049,-2.0372,-1.2419,0.8679,-0.6276,-1.1023,-2.5439,-2.3581,0.3434,1.1371,-0.0061,-1.4237,-3.5821,-0.6558,-0.8820,-1.8486,-1.5401,-1.7781,-1.2285,-0.9147,-0.6124,-1.0624,-1.7649,0.1224,-0.0736,0.1936,-1.0303,-1.7679
1.3052,1.2280,1.1059,0.9647,1.0487,0.7308,-0.2225,-0.9161,-0.6596,-0.2051,-0.1079,-1.6890,-2.6598,-2.7208,-1.7199,0.8950,1.4916,1.1444,0.0400,-1.5521,-1.6028,-1.0466,-1.0666,-0.8008,-1.3180,-1.6592,-0.8279,-0.2450,-0.5223,-0.5141,2.2302,-0.5547,-0.1467,-1.1423,-2.5558,-2.2424,-2.3305,-2.5360,-2.0491,-1.6710,-2.0266,-2.3022,-2.2459,-0.3178,-0.1560,0.3447,-0.4827,0.1084,0.1735,0.8030,-1.3311,-1.7261,1.2312,2.8499,2.0019,0.2987,-0.8035,-0.7846,-0.8480,-1.4952,-1.3133,-0.7406,-0.5195,-0.7699,-0.7605,-1.2759,-1.4126,-0.3012,0.8608,0.7938,0.1657,-0.7167
1.2765,1.1493,1.1596,0.9786,0.9933,0.6834,-0.4391,-1.1894,-0.7154,0.0796,0.3434,-1.2658,-2.4094,-2.8810,-2.0523,0.7466,1.6251,1.3806,0.0664,-1.6286,-1.3263,-0.7338,-1.0994,-1.0415,-1.3671,-0.6532,-0.6283,-0.4766,-0.0076,-0.6336,1.3768,1.1994,0.3045,-0.8882,-3.1906,-2.2312,-1.3551,-1.4618,-1.3050,-0.3424,-0.5681,-2.2777,-2.0691,-1.0355,-0.7491,0.2973,0.6990,0.3365,1.3241,2.2473,-0.5668,-2.0435,0.6516,3.8044,3.7013,0.8908,-1.3063,-1.6180,-0.8480,-0.7300,-0.5616,-0.0716,0.0901,-0.4130,-0.6945,-1.2247,-2.0104,-0.8506,0.0474,0.4562,0.5910,0.5256
1.2468,1.1929,1.2509,0.9327,0.4578,0.1598,-0.5683,-0.9756,-0.4789,0.5530,0.7039,-0.4309,-1.7050,-2.8830,-2.4930,0.4455,1.8332,1.5203,0.1629,-1.1704,-0.9571,-0.5421,-1.3372,-1.2880,-1.5791,-0.6095,-0.1988,0.1655,0.5949,0.3776,1.4305,-1.1411,-1.2326,-1.1766,-4.6796,-3.3798,-1.3692,-1.1456,-1.6355,-0.8401,-0.2785,-1.2010,-0.7565,-0.4863,-0.7508,-0.0030,0.3426,0.0382,1.2303,3.2980,0.5191,-0.9096,0.1530,2.8889,4.2921,2.4788,-0.3963,-1.1216,-0.6177,-0.3949,-0.3308,0.3014,-0.0208,0.0608,-0.7705,-1.1054,-1.1297,-1.0401,-0.6713,0.3746,0.7328,0.9619
1.1872,1.0858,1.2202,0.5156,-0.3848,-0.7191,-0.8003,-0.5529,0.3415,1.0133,0.6853,0.0931,-0.8972,-2.7577,-2.6861,-0.0483,1.9157,1.7658,0.5522,-0.6278,-0.8286,-0.5228,-1.4228,-1.5722,-1.4691,-0.2262,0.2874,1.6063,-0.2644,-2.0317,-2.0673,-3.6114,-4.8563,-2.5056,-4.3336,-4.4734,-2.5382,-2.7564,-3.3384,-1.5204,-0.9364,-1.5150,-0.7459,-0.4602,-0.5489,-0.2874,0.9962,1.2186,2.1771,1.5389,0.7955,-1.4412,-0.1566,3.0854,4.2244,3.1120,0.6938,-1.3811,-0.8757,-0.8005,-0.7806,-0.2374,-0.4765,0.3624,-0.5272,-1.1466,-1.4439,-0.9699,-0.8308,-0.0864,0.8507,0.7201
1.3770,1.3298,1.3959,0.4691,-0.3626,-0.8405,-0.7086,0.6434,1.4584,1.3205,0.6331,0.4532,-0.2460,-2.2622,-2.5345,-0.4902,1.8547,2.0771,0.9324,-0.1696,-0.7220,-0.7702,-1.3468,-1.1820,-1.2180,-0.2382,0.3161,2.0946,-1.0613,-2.6162,-3.0304,-4.3465,-2.9572,-1.0463,-5.4946,-6.3733,-5.2720,-5.5128,-4.1342,-4.0348,-0.8780,0.3379,0.5859,0.3665,0.2883,0.7784,0.8105,0.2457,2.3917,2.4593,1.7899,-0.7715,0.5174,3.6577,5.1537,3.8301,1.8839,0.1453,0.1035,-0.0974,-0.1115,0.1930,0.2137,0.8414,0.1262,-0.1308,-1.0425,-0.9575,-0.2813,0.2693,1.2226,0.5923
1.3406,1.2310,1.2533,0.3446,-0.3742,-0.7120,-0.0459,1.5657,1.6311,1.2823,0.7385,0.4412,0.1224,-1.4219,-2.0982,-0.7667,1.9435,2.3203,1.0823,-0.1678,-0.6587,-0.9356,-1.3316,-1.2637,-0.8739,-0.8537,-1.3337,-0.2628,-1.0028,-1.6628,-0.5721,-0.6916,0.5315,-1.3580,-5.2185,-5.7811,-4.7989,-4.8854,-4.4055,-5.2002,-2.3870,0.3369,0.5900,0.3541,0.0451,0.6053,1.5458,0.7459,1.0456,3.1752,1.5236,0.0859,-0.1068,3.8416,5.0512,3.6348,1.7690,0.9476,0.7991,0.2126,0.5058,0.9602,0.1945,0.3540,0.6614,0.6291,-0.4901,-0.8727,-0.6136,-0.0370,0.4193,0.4024
1.1834,0.7237,0.7735,0.2256,-0.0830,-0.3402,0.7196,1.6626,1.6114,1.1535,0.9488,0.8358,0.8084,-0.6864,-1.9244,-0.9623,1.8711,2.4217,1.2027,-0.2347,-0.7507,-0.9788,-1.3943,-0.6658,-0.3426,-1.3842,-2.1432,-1.4590,-1.4470,-0.1967,1.9545,2.2266,1.3846,-1.5872,-7.3417,-6.0816,-3.9221,-3.4540,-3.7623,-4.6817,-2.9732,-0.8505,0.5768,0.8055,0.1776,0.3178,2.1663,3.3555,1.8804,3.6016,3.3299,0.4306,-1.5815,1.1284,5.4517,3.7383,1.3207,0.2874,0.3545,0.9066,0.9382,0.9664,-0.2057,-0.2327,0.6007,0.8241,0.2100,-0.4716,-0.4218,-0.0651,0.1898,-0.1142
0.8005,0.0522,0.1535,0.2154,0.5852,0.7430,1.2706,1.6141,1.6076,1.3159,1.1559,1.1968,1.4563,-0.6539,-2.0064,-0.9583,2.1186,2.5782,1.4362,-0.5472,-0.9201,-0.9926,-1.3617,-0.0529,-0.0002,-1.1538,-1.4668,-1.5614,-1.1141,-0.1541,1.6577,2.3998,0.7678,-1.2831,-6.0959,-4.6546,-3.2789,-2.5993,-2.1643,-3.6526,-3.3825,-2.0277,0.4372,1.1750,0.5874,0.2813,2.7612,3.1814,4.2289,4.4143,5.7302,1.6038,-0.4964,0.6378,4.8886,3.9757,0.8604,-1.0441,-0.4102,0.8173,0.4111,0.7334,-0.7436,-0.2671,0.1479,0.4469,0.0813,0.4916,-0.0011,0.1642,0.5194,-0.2190
0.3987,-0.1747,-0.1446,0.6453,1.1190,1.2274,1.4619,1.5618,1.6513,1.4122,1.2731,1.4477,1.7506,-0.7992,-1.8738,-0.2748,2.3156,2.3912,0.9115,-1.0474,-1.1848,-1.2157,-0.7925,0.3025,-0.2019,-1.2462,-1.1118,-1.5222,-1.5927,-1.2163,0.5263,1.2197,0.2516,-1.1719,-3.6789,-3.9925,-2.3939,-1.9262,-1.0230,-1.9477,-1.6744,-1.1293,0.8546,2.1650,2.0209,1.1529,3.2355,4.1159,4.7392,6.6767,6.6485,3.7135,4.0000,3.0819,6.4146,4.4795,1.4885,0.8289,1.0412,1.2377,0.8831,1.1294,0.5408,0.6258,1.3583,1.4334,0.9852,1.9403,1.7721,1.6559,1.6937,0.7463
0.2729,-0.0565,0.0086,0.9620,1.0700,1.1288,1.2447,1.6271,1.5391,1.3560,1.2140,1.3206,1.6221,-0.4973,-0.9444,0.8936,2.3602,2.2483,0.2354,-1.4541,-1.2773,-1.2287,0.4289,0.4088,0.3857,0.1348,-0.5734,-2.0234,-0.0073,2.5633,2.4904,1.1652,-0.0637,-1.0115,-2.7054,-3.7029,-2.0920,-2.0152,-1.3213,-2.1287,-1.0857,-1.1015,0.4118,1.2164,2.2231,1.2371,2.9654,4.2923,5.3572,6.4128,8.6689,2.0317,0.3430,0.0904,2.6363,1.9891,0.8141,0.9737,2.1238,1.4896,0.9050,0.7217,0.8138,1.0409,0.9493,1.4261,0.8771,1.7353,1.5632,2.0087,2.0634,0.9991
0.3186,0.5484,0.8327,1.3436,1.3825,1.2566,1.2432,1.1990,1.1927,1.2706,1.2567,1.1226,1.4749,0.1626,-0.0016,1.7004,2.3110,1.9675,-0.5208,-1.6458,-1.3806,-1.0007,0.6158,-0.0363,0.3722,0.3014,-0.2898,-1.3252,-2.5234,2.4090,4.2966,1.2771,-0.2845,-0.1898,-2.5121,-3.4266,-1.8165,-1.8440,-1.3099,-2.0815,-1.8997,-1.2721,0.4144,0.9664,1.8189,2.0078,2.8093,4.9754,6.0893,6.9960,8.7018,3.0310,-2.0690,-1.9544,0.7055,0.2780,0.1476,0.8854,2.1590,2.2219,1.4655,0.9872,0.2443,0.3203,0.4058,0.8442,0.7994,1.2656,1.2471,1.7773,1.5754,1.0412
0.8093,1.2941,1.4243,1.4707,1.4286,1.3615,1.1356,1.0525,1.2393,1.1635,1.0075,1.0740,1.3825,0.9966,0.9224,1.8048,1.9956,1.4503,-1.3617,-1.9253,-1.3905,-0.8108,0.8084,-0.0492,-0.2121,-0.2311,-0.4921,-0.8662,0.1417,3.3678,4.2001,-0.2761,-1.1492,0.2560,-2.8603,-2.5480,-1.6883,-2.6053,-1.6984,-2.3181,-2.5749,-0.9372,0.8127,1.0326,1.2457,2.7179,3.2790,3.7107,4.7475,5.7277,6.8580,4.9853,-2.1035,-5.4928,-3.7957,-1.0734,0.7517,1.4900,2.1863,2.4952,2.1225,1.7178,0.6552,0.3243,0.0925,0.0643,0.0690,0.8748,1.1305,1.5897,1.7681,1.4055
1.3540,1.5864,1.6382,1.6868,1.5358,1.2598,1.0323,1.0007,1.0476,1.0281,0.8932,1.0436,1.3492,1.4971,1.1257,1.7437,1.9371,1.0517,-2.0151,-2.0448,-1.2062,-0.4554,1.3293,-0.2630,-0.9483,-1.1362,-0.3133,-0.4805,-0.6767,3.8181,2.9423,-2.3713,-0.7391,-0.1411,-2.0918,-2.2986,-2.2763,-4.3259,-2.9852,-2.4652,-1.4396,0.5578,2.6273,2.5161,3.2871,4.3078,4.5065,5.6171,6.3288,6.9921,7.2327,7.4501,2.6756,-0.7394,-2.7355,-3.1311,0.8808,3.0392,3.7704,3.6620,3.1398,2.1695,0.5110,0.6420,0.3464,0.3519,0.1201,0.5907,0.9871,1.4452,2.2641,2.4864
1.7334,1.7081,1.5297,1.6400,1.6863,1.2483,1.0242,0.8546,0.8849,0.8587,0.9033,1.1552,1.4288,1.6310,1.0927,1.5774,1.8183,0.3585,-2.3649,-2.0369,-1.0330,-0.1682,1.6030,-0.0677,-1.0832,-1.4284,-0.3036,-1.7228,-2.1023,2.0681,3.0923,-2.0727,-0.2021,-0.1553,-1.8222,-2.6514,-3.9955,-5.3211,-3.7188,-3.1144,-0.9939,0.9678,2.4519,3.1128,4.3428,5.6884,6.5043,6.5460,6.5820,7.8941,8.0291,8.2630,6.3591,0.4562,-1.3273,-2.7146,-0.8010,2.7889,4.5257,4.4068,3.6310,2.5169,0.9025,0.6331,0.4880,0.4679,0.2728,0.6569,1.1112,1.3397,2.3536,2.5371
1.6425,1.6335,1.5366,1.5681,1.2823,1.5862,0.9886,0.7819,0.3991,0.7926,1.0705,1.2585,1.4238,1.4379,0.8445,1.5298,1.7556,-0.2563,-2.6942,-1.9657,-0.7038,0.1071,1.2663,0.0847,-1.1720,-1.4882,-1.6292,-3.0496,-0.8729,2.1012,2.7877,-1.6104,-0.5999,-0.9535,-2.6572,-3.4980,-4.7918,-5.0804,-3.9420,-3.0476,-1.1932,1.0003,3.6582,4.2666,5.8315,6.0530,6.0418,6.4565,7.3353,8.0676,8.3622,8.3406,7.6487,4.7390,2.6835,-0.3384,-0.4775,2.1661,4.1610,4.5061,3.5827,3.1196,1.2477,0.7109,0.4038,0.1758,-0.0531,0.2179,0.4348,0.9264,1.9148,2.3329
1.5086,1.4952,1.2609,1.1106,1.2909,1.3235,1.0539,0.7616,0.1514,0.5686,1.0475,1.2532,1.4628,1.4164,0.5832,1.2144,1.5801,-0.9720,-2.9095,-1.9775,-0.6857,0.1945,0.6747,0.2020,-0.7027,-0.7963,-2.1827,-1.8025,-0.0223,2.9126,3.1123,-0.3917,-0.7491,-1.5626,-3.2928,-4.7302,-6.6325,-7.2571,-3.5114,-1.5665,-1.5097,0.5621,3.9848,5.0713,6.7596,6.0920,5.4480,6.4723,7.4894,7.1849,6.9269,7.1341,7.1313,6.7593,6.2025,3.4670,1.6062,1.8774,3.2747,4.1666,3.6028,3.2978,1.6403,1.0014,0.2929,0.0129,-0.5200,-0.1427,-0.1312,0.7697,2.0081,2.3710
1.6743,1.8886,1.5842,1.3930,1.6132,1.4936,1.2326,0.8733,0.3863,0.7324,1.0797,1.4104,1.6363,1.3415,0.4881,1.2073,1.7410,-1.3492,-2.7981,-1.5462,-0.4424,0.2132,0.2184,0.6563,-0.9109,-0.8613,-1.6552,-1.4753,0.5431,2.9804,4.4391,1.5099,-0.0286,-1.5532,-3.5085,-4.1700,-6.1960,-6.8244,-4.3068,-2.2032,-0.6334,1.6572,4.1609,5.3665,6.6031,5.9932,4.9934,6.2324,3.9293,5.2526,7.3093,7.6040,7.5274,7.5473,7.4853,6.4900,5.4288,4.0831,2.6397,2.8225,2.7268,3.1308,2.1678,0.8039,0.0941,-0.7595,-1.6184,-1.0613,0.1407,0.5021,2.4668,0.9427
1.6851,1.8093,1.4450,1.3722,1.4830,1.6579,1.3553,0.8287,0.4061,0.6097,0.9218,1.3846,1.7781,1.2798,0.3809,1.1070,1.5511,-1.6793,-2.5382,-1.3717,-0.5391,0.0825,0.4031,1.3677,0.8859,-0.1617,-0.2038,-0.3798,1.9459,1.8574,4.0145,2.2964,0.1833,-2.6443,-4.3468,-5.2151,-6.5023,-7.2831,-5.2474,-3.6190,-2.6148,0.9927,4.1559,5.7708,6.7529,6.5593,5.8453,7.5922,7.9487,8.4531,7.4441,7.5860,7.8167,7.8400,7.8496,7.4864,6.5259,5.1577,3.0119,2.6344,2.7216,3.4468,2.3678,1.0687,0.1198,-0.8137,-1.5255,-1.1376,-0.1473,0.6793,2.2940,1.0479
1.6696,1.8300,1.5876,1.4745,1.4051,1.6269,1.4732,0.8671,0.3613,0.4604,1.0967,1.5035,1.6634,1.2101,0.3224,1.0785,1.1824,-1.8344,-2.1731,-1.3035,-0.7864,0.1599,0.4278,1.3795,1.6384,0.7833,1.9788,1.1865,3.6386,3.0912,3.5339,1.3003,-1.7329,-3.4334,-4.8251,-5.7172,-6.2954,-6.1816,-4.6686,-4.1663,-3.8959,-0.0147,4.8669,5.7869,5.7737,5.9899,6.3699,8.5219,8.8756,8.6050,7.6970,7.6043,7.7194,7.8081,8.3866,7.9021,6.9467,5.7823,3.8194,3.0357,2.4826,2.5882,1.5058,1.2371,-0.0980,-0.9875,-1.7342,-0.9969,-0.0228,0.1761,1.1343,1.0080
1.7194,1.7537,1.4936,1.3397,1.3844,1.6465,1.4888,0.9098,0.4063,0.2766,1.0809,1.5254,1.7010,1.0739,0.0590,1.1280,0.8760,-2.1905,-2.4126,-1.4043,-0.9398,0.1961,0.9507,0.9181,2.1111,2.6418,3.3622,1.8789,2.2570,3.7245,3.8652,0.0776,-2.4246,-3.7354,-4.8465,-5.7546,-5.3290,-5.1020,-3.1504,-3.2283,-2.7911,-0.0060,5.1867,5.7977,6.6358,6.6243,7.7293,9.2269,8.9745,8.4054,7.4824,7.3969,7.1372,7.0558,8.1574,7.7517,7.3732,6.0502,3.7695,2.6801,2.3167,1.5452,0.4420,0.7226,-0.0412,-0.7429,-1.8457,-1.6896,-0.7061,-0.1190,0.9263,0.8462
2.0106,2.1720,2.0699,2.0128,1.9699,2.0504,1.9007,1.2922,0.5467,0.6092,1.1872,1.9552,2.1059,1.3406,0.3673,1.4314,1.0053,-2.0832,-2.3900,-1.3727,-0.8783,0.6262,1.0679,-0.1301,2.5685,2.1264,2.4104,1.2378,-0.2617,1.5061,2.9468,1.3240,-0.6693,-0.8724,-2.0399,-5.0376,-3.7358,-2.4287,-1.7183,-2.5266,-2.2522,0.6682,4.0272,5.1214,6.3090,7.1568,7.7911,8.3653,8.5797,7.2860,5.8557,5.6842,6.1677,6.3363,6.9668,7.0365,6.9427,6.8745,4.3625,2.4029,1.4116,1.0659,0.3400,0.5972,0.2367,-0.2056,-0.7922,-0.7699,-0.5489,-0.0269,0.9232,1.3339
1.8748,2.1405,2.1519,2.0630,2.1509,2.1447,1.8577,1.2985,0.7761,0.5404,1.0639,1.9121,2.0631,1.2829,0.4897,1.2506,0.7784,-2.0921,-2.3705,-1.4851,-0.9608,0.9417,1.0198,0.5469,2.1916,1.6691,1.3137,-0.1492,-2.5980,-3.3544,-0.1584,4.0837,4.2736,3.2327,3.4810,-0.6519,-2.9303,-1.7656,-0.8617,-2.3065,-2.7703,0.1385,3.5885,5.0830,5.0015,5.2548,6.7719,8.2724,8.6092,8.1257,6.1533,5.9879,6.1107,6.7036,6.3308,6.3928,6.4206,6.2844,4.8390,3.6818,1.8212,1.1345,0.1569,0.9874,0.9656,0.1853,-0.2389,-0.0175,0.2585,0.9618,1.7522,1.8733
1.8739,2.2169,2.2974,2.1286,1.9939,2.0662,1.8761,1.3593,0.8296,0.5460,0.6468,1.7671,1.6722,1.0095,0.5725,1.2323,0.2829,-1.9110,-2.2458,-1.6884,-1.0403,1.4001,1.0307,1.9096,1.8481,1.2975,0.4277,-0.7761,-0.1747,-0.5802,1.9585,4.0176,6.0481,5.2363,6.7967,0.5592,-3.2812,-2.4623,-1.2204,-2.0865,-3.4783,-0.5072,2.2633,3.1929,2.2894,2.7064,3.8252,5.6193,6.5930,7.1832,6.5701,5.9864,6.1204,5.8471,6.2763,6.4642,5.9236,5.7947,3.9275,3.3671,2.5935,1.5443,0.3063,1.3424,1.5726,1.3229,1.0092,1.1444,1.2280,1.0147,2.1782,2.3588
1.7925,2.0692,2.2846,1.9734,1.8204,1.8126,1.5659,1.2088,0.7968,0.5565,0.4495,1.4808,1.6453,0.8101,0.2455,1.5224,-0.1020,-1.6974,-2.2226,-1.8137,-1.2650,1.5036,1.4770,1.6315,1.3665,0.9302,0.1726,0.1804,1.4895,2.2014,2.6910,2.7473,4.3077,4.3570,4.5034,-1.6000,-3.8311,-3.2725,-1.6496,-2.4644,-2.4485,-1.3960,1.3016,1.8809,1.8415,1.5737,2.8030,3.4177,4.3697,5.2357,5.5617,5.7304,6.0011,5.5215,5.8661,5.9501,5.4789,4.8804,3.9779,3.4648,3.1968,2.4112,1.0224,1.3204,1.3412,1.9455,1.6162,1.7479,1.7409,0.7668,2.0038,2.3549
1.8958,1.9152,2.4935,2.1633,1.9779,1.8247,1.7873,1.6498,1.2028,0.7410,0.7649,1.3947,1.5656,1.1970,0.3717,1.6063,-0.2712,-1.1735,-1.9992,-1.6301,-1.2683,1.9859,1.6666,1.1975,1.0949,0.6490,-0.1527,-0.3589,0.9373,1.7350,1.6473,1.0401,1.4801,2.5835,3.7716,-2.9776,-3.0535,-3.3839,-2.1814,-2.9045,-2.8496,-2.5860,-1.7160,-0.0468,-0.0419,-0.5279,1.4176,1.3340,1.4593,1.9701,2.9202,3.7108,4.1091,3.9100,4.0576,3.7805,3.2224,3.0529,2.9015,2.6868,2.3060,2.3950,1.9205,1.4011,1.4779,1.8444,1.7079,1.8353,1.8848,1.4988,1.7924,1.8620
1.6117,2.0653,2.2688,2.2242,1.9792,1.7397,1.6222,1.6643,1.0526,0.8180,0.5741,1.3725,1.4970,1.1447,0.5456,1.8048,-0.6836,-0.7955,-1.2564,-1.3451,-1.3862,0.4576,2.5421,2.0242,1.0805,-0.0885,0.3945,0.4363,1.7502,2.6190,1.5225,1.2504,2.0342,2.6521,5.7523,-1.4953,-4.3751,-3.1770,-2.1989,-0.7523,-0.9985,-0.9723,-1.0990,0.7253,-0.1088,-0.3415,1.0073,1.4144,1.1608,0.8371,1.9110,2.7694,3.1604,3.1149,2.6943,2.9502,2.9444,3.2012,3.1970,3.1496,3.1953,3.3688,3.3468,4.2709,3.4234,2.8488,2.4691,2.4857,2.1063,2.5468,2.4140,1.9647
1.8325,2.1224,2.4090,2.2673,1.9396,1.6445,1.6377,1.6979,1.3808,0.7359,0.8030,1.2155,1.1922,0.8919,0.8335,1.5457,-0.9581,-0.6385,-0.3347,-0.6919,-1.1674,-0.7421,2.2867,2.3378,1.2832,-0.7570,-0.6885,0.7223,2.0428,2.9931,2.6041,3.0935,4.0224,3.7875,6.3452,1.7937,-1.2485,-2.5370,-1.7784,-0.6066,0.1832,0.4011,-0.7370,0.7310,0.3289,-0.1954,0.8974,1.1624,0.9840,0.4801,1.2020,1.8939,2.0454,1.9592,1.6482,2.2841,2.2369,2.3041,2.5269,2.8457,3.2427,3.5461,3.1866,4.0147,4.0246,3.3626,2.4148,2.4877,2.4728,2.7269,3.6756,2.9772
1.4160,1.9322,2.1576,2.0530,1.8062,1.5889,1.5901,1.5792,1.2702,0.8577,0.6544,0.7190,0.9442,0.9138,1.3850,1.9147,-0.9567,-0.6865,0.1280,-0.2134,-0.9427,-1.1060,1.1037,2.4684,1.9116,-0.5632,-0.6026,0.0678,2.2563,3.1733,2.0604,1.0731,2.6052,3.0173,6.1045,3.9753,1.9903,-0.0454,-1.0702,-0.1716,0.2995,0.9032,0.6201,1.1499,0.9900,0.0763,0.8097,0.7215,-0.1252,0.2732,1.2275,0.8825,0.8519,0.9982,1.0103,1.8376,1.8630,2.1753,2.4194,2.8079,3.4233,3.9717,4.0260,3.8654,3.8285,2.9480,2.6288,2.4680,2.9503,3.4479,4.4611,3.3743
1.0532,1.6426,1.8466,1.8589,1.6272,1.3154,1.4083,1.3231,1.3798,0.6612,0.7711,0.9782,1.0958,1.0214,1.7055,1.8497,-0.6092,-0.6438,0.3208,0.0784,-0.6871,-1.0079,0.5434,2.6162,2.7314,0.5998,-0.0286,0.2633,1.5446,2.1601,-1.0068,-1.8092,3.0532,4.1955,3.8390,2.9042,2.2948,1.1324,-1.6413,-1.5061,-1.1327,-0.4888,-0.4525,-0.1246,-0.6605,-1.2208,-0.8851,-2.1770,-2.4356,-2.7032,-0.8260,-1.0502,-0.8283,-0.4537,-0.1460,0.5789,1.1374,1.8254,2.3463,2.7343,3.6437,4.1284,3.4198,3.2290,3.0785,4.1786,3.7723,3.3678,3.3424,3.7809,4.6055,3.3185
0.8653,1.5684,1.7646,1.7230,1.6006,1.2526,1.4160,1.4427,1.5518,1.1193,1.1153,1.1392,0.9735,1.1873,1.9536,1.8979,-0.3411,-0.8210,0.4024,0.1652,-0.5267,-0.6495,1.0208,1.7317,2.7512,1.3240,0.4653,0.1212,1.0597,1.0792,-1.9774,-3.1619,1.2080,4.8147,4.8128,3.5889,3.3641,1.7826,0.2926,-0.5940,-0.4612,-0.4093,-0.1969,0.3797,0.4251,0.0581,-0.6940,-0.9873,-1.0679,-1.2530,-1.8382,-1.2510,-1.2746,-0.7455,-0.2684,0.5512,1.7765,2.6723,2.9829,3.5275,4.3537,4.4624,3.7026,3.4794,3.4147,5.0460,4.6857,4.1054,4.6700,3.6595,3.8125,3.0911
0.5377,1.2827,1.6873,1.7119,1.5852,1.3665,1.4103,1.4263,1.6042,1.5449,1.2910,1.0153,0.9751,1.2350,2.2112,2.1363,0.1747,-0.5619,0.5256,0.3165,-0.3084,-0.0981,1.3594,1.8541,0.8010,0.5531,0.7758,-0.0116,0.2020,-0.2294,1.2301,1.3500,2.6724,4.9807,3.8454,3.1301,2.2399,0.6517,-1.5571,-1.6859,-0.7148,-0.8795,-0.9330,0.2533,0.8852,0.3891,-0.0405,-0.5624,-0.6219,-0.9347,-1.4201,-3.0731,-1.3101,-0.6701,-0.4625,0.9201,1.8009,2.7402,3.2572,3.7232,4.1195,4.1316,3.6042,3.9852,4.1507,4.6479,5.4324,5.1201,4.3203,3.6242,3.4076,2.7031
0.2572,1.0163,1.5643,1.5773,1.5374,1.5113,1.4850,1.5491,1.5933,1.8591,1.6828,1.1268,0.9469,1.2734,2.2102,2.0437,0.2611,-0.1189,0.6079,0.6465,0.1008,0.2182,1.4374,1.5717,0.3712,0.5532,0.8239,-0.0267,-0.7185,-1.2151,0.9023,2.1741,3.1446,3.0243,1.4759,1.3186,1.9811,1.7021,-1.6921,-3.5603,-3.1660,-2.0556,-2.0141,-0.8363,-0.6191,-0.2798,0.3164,-0.0510,-0.3282,-0.3149,0.4813,-1.9774,1.1404,1.3902,1.4593,2.1621,2.5165,2.8830,3.4098,3.8460,4.1606,3.8633,3.0036,3.3414,4.1238,3.8367,4.1597,4.3622,3.9241,2.9284,2.6583,1.2890
-0.1277,0.5557,1.1587,1.3354,1.1870,1.0946,0.9291,0.9792,1.1591,1.3909,1.0827,0.8323,0.7551,1.0544,2.2387,1.8118,0.3062,0.1101,0.5884,1.3635,0.5621,0.1613,1.1643,1.0683,-0.2416,0.0786,0.3805,-0.8874,-0.9465,-1.1966,1.1120,3.3241,3.6721,0.4025,0.5651,1.0523,1.8691,0.9330,-0.5724,-3.4544,-3.2124,-3.6221,-3.4525,-2.9021,-1.8660,-0.3482,0.6798,0.9059,0.7881,0.9503,1.8642,1.8044,0.6461,1.8682,1.3532,1.6287,1.8692,2.2462,2.6451,3.0949,3.7336,4.1775,3.0625,2.9991,4.2527,3.9352,3.2549,2.7295,2.9167,2.1747,2.1166,0.6271
-0.1874,0.3509,0.9935,1.2721,1.1740,0.9906,0.8685,0.8392,1.2225,1.4123,0.8968,0.8048,0.7605,1.2433,2.4511,1.6247,0.1899,-0.1096,0.7144,1.7209,0.3550,-0.0294,0.6426,0.5967,-0.2605,-0.1661,0.6688,-1.0548,-0.8465,-0.6447,1.4406,2.8779,3.2864,0.8835,0.1309,0.7646,1.9929,0.6385,-0.7153,-2.3897,-2.8334,-4.3527,-3.9983,-2.5407,-1.9495,-0.2530,-0.1315,1.5923,2.6864,2.2812,2.6899,2.9007,3.0882,3.8164,1.8664,1.8825,2.0584,2.8073,3.3753,3.6208,3.6794,4.2812,3.2735,4.1614,4.3415,4.2987,3.5472,2.9918,2.4299,2.4366,2.7125,1.7981
-0.2314,0.2697,0.8014,1.1116,1.0596,0.9199,0.7574,0.7348,1.2004,1.3198,1.0088,0.7262,0.7230,1.2315,2.5334,1.4142,-0.0566,0.0436,1.2302,1.8041,-0.2011,-0.8075,0.0056,0.3473,-0.0917,0.3620,1.6201,-0.9732,-1.6767,-1.0985,1.3662,0.8083,1.7965,0.8525,-0.6121,-0.5503,-0.2950,-1.9897,-3.4236,-2.7237,-3.5670,-4.5488,-2.7585,-0.7091,-0.3951,-0.0754,0.0159,1.2198,1.6640,1.9366,2.5555,3.3130,3.7053,3.7551,2.4775,3.0829,2.3399,2.5713,3.3310,3.8124,3.5765,3.2854,2.8813,3.8491,4.1169,4.1346,4.2906,3.6548,2.9694,2.6535,2.8894,2.3203
-0.3041,0.1350,0.6910,0.8553,0.8706,0.7451,0.6114,0.5918,1.1414,0.8814,1.1446,0.7572,0.5761,1.1271,2.3225,1.0812,0.0832,0.0657,1.4017,1.5168,-1.1197,-1.4760,-0.3481,0.1600,0.4965,0.8881,1.8413,-1.2278,-2.3453,-0.5148,0.9546,0.6322,0.3146,-0.8768,-1.9281,-1.4285,-1.5560,-4.5600,-5.8122,-5.3220,-4.3622,-3.8048,-1.2585,0.3729,0.8896,-0.0811,0.2535,0.6675,1.0590,1.8879,2.4123,2.9725,3.2974,3.4119,2.8779,3.3433,2.1341,1.8866,2.5345,2.8292,2.6460,2.7853,2.7984,3.6300,3.7125,3.2517,2.8988,3.3875,2.8913,2.7715,3.1646,3.3475
-0.3262,-0.0340,0.5609,0.5703,0.7261,0.5864,0.4733,0.4715,0.8094,0.7074,1.2570,1.0708,0.9446,1.2919,2.1584,1.0200,0.4892,0.0208,1.4696,1.1368,-1.3937,-1.7020,-0.6014,0.1766,0.6533,1.4020,0.5484,-1.4672,-3.7462,-1.0155,-0.0254,-0.3965,-0.5105,-1.3985,-2.9221,-3.1285,-3.7839,-8.1645,-8.4260,-6.7178,-4.4121,-2.4463,-0.6925,1.1464,-0.2088,-0.7450,-0.2250,0.2849,0.4088,1.6989,1.6190,1.7060,1.7733,2.7677,1.5910,1.5460,0.8860,1.2406,1.3006,1.4659,1.8457,2.4547,2.5747,2.6248,2.9905,2.3970,0.8793,1.9393,2.3392,1.7563,2.0818,2.9178
-0.3433,-0.1680,0.3549,0.5044,0.7319,0.6478,0.4601,0.6405,0.8689,0.9594,1.3995,0.9908,1.2626,1.5172,2.0940,0.7845,0.8613,0.2181,1.2757,0.8555,-1.5660,-1.8909,-1.0012,0.0697,0.8198,1.5050,0.7616,-1.6065,-3.3441,-2.0114,-1.2522,-1.9767,-2.0204,-2.5025,-3.6706,-4.7549,-7.6733,-9.7317,-9.5744,-8.0468,-4.4315,-2.8721,-1.6398,-1.6900,-1.4644,-2.5473,-1.8290,-0.4582,0.7167,1.2535,0.9720,1.9936,1.8620,3.6770,1.9158,1.1799,0.7671,1.2699,1.8054,2.1119,2.0281,2.8054,3.0389,2.9766,1.9818,1.7413,0.3915,0.6570,1.5737,1.7696,1.3152,2.0489
-0.3600,-0.1601,0.2641,0.3662,0.5713,0.5364,0.5138,0.6322,0.8893,1.0945,1.7530,1.3386,1.4591,1.8978,2.0854,0.8842,1.2073,0.2214,1.0844,0.6936,-1.9880,-2.7141,-1.7828,-0.1643,1.0426,1.5869,0.8680,-1.7562,-3.2992,-2.9507,-2.0926,-6.0304,-4.7718,-3.7937,-4.0766,-5.3323,-7.4289,-7.4519,-8.2001,-8.2163,-5.6611,-2.9408,-1.1124,-1.7099,-1.6015,-2.7932,-1.3422,-0.4621,0.9978,1.9521,1.5622,1.7315,2.4947,3.5329,2.0188,1.2063,1.1813,1.4385,1.9312,2.5460,2.3510,2.2529,1.7580,1.7364,0.8589,0.5980,0.5513,0.7391,-0.1858,0.5449,0.9240,1.4735
-0.4194,-0.2199,0.1056,0.1963,0.3634,0.4742,0.5267,0.5870,0.8776,1.1730,1.8132,1.4245,1.5513,2.2272,2.0201,1.2842,1.1704,0.2117,0.8638,0.6072,-2.4241,-4.0123,-2.5238,-0.2733,1.1657,1.3730,0.0357,-1.5189,-3.8195,-2.6604,-2.5549,-5.5650,-6.5864,-5.2423,-3.9285,-5.7742,-5.0855,-5.3694,-6.0405,-7.0768,-5.9756,-3.2391,-2.8736,0.2498,-1.9843,-2.2208,-1.4977,0.3375,1.8938,2.6306,1.9489,2.1674,2.7248,2.2989,2.3484,2.5847,2.0398,1.4518,1.6802,2.1376,1.8875,1.4706,0.7308,0.0344,-0.6999,-0.6375,0.0243,1.0190,0.3278,-0.0120,0.8403,0.7200
-0.5128,-0.4870,-0.1577,-0.0776,-0.0515,0.1536,0.4509,0.5008,0.8739,1.0592,1.7545,1.7527,1.9192,2.4818,1.9565,1.5911,0.9216,-0.0778,0.4145,0.6931,-2.6742,-4.4869,-2.5848,-0.0438,1.3378,1.4411,-0.2772,-1.8781,-3.5853,-4.4159,-3.5574,-4.9850,-7.3280,-5.8764,-4.3758,-6.5496,-6.1206,-4.0890,-5.1754,-6.5114,-6.2782,-3.5014,-1.9726,0.4549,-1.6081,-2.9096,-1.7200,0.4545,2.1935,2.5776,1.2863,2.1232,2.7577,2.7211,3.3706,3.0788,2.7355,2.3572,2.6518,2.1561,1.7382,1.0960,0.2045,-0.5368,-1.2319,-0.8771,-0.2975,-0.1629,0.0563,0.4129,1.4132,0.4952
-0.4305,-0.5551,-0.0165,0.0898,0.1820,0.2899,0.5029,0.8199,0.9640,1.0006,1.5253,1.6798,1.7440,2.5259,1.8890,1.6516,0.8264,-0.2290,0.5811,0.5982,-2.4652,-4.0238,-2.1106,0.4904,1.5665,1.7527,2.0391,-1.0593,-2.5029,-4.0641,-4.2115,-4.3809,-6.3347,-4.5091,-4.1095,-6.7005,-6.5164,-4.9142,-6.1610,-6.4495,-6.3574,-3.1150,-1.2789,1.2896,0.5536,-2.8092,-2.6932,-0.4062,1.4960,1.6556,1.0083,1.8338,2.8900,3.0403,2.6203,2.6093,2.2319,2.3815,1.9571,2.0954,1.2412,0.3901,0.2785,3.6125,-1.1056,-1.4645,-2.2538,-1.0560,-0.0237,0.0753,0.2082,-0.4838
