-0.3475,-0.1696,-0.4389,-0.5457,-0.7625,-1.0036,-0.5372,-0.0867,0.6366,0.1218,-0.4580,-0.9960,-1.2370,-1.1830,-0.5435,-0.1399,-0.4072,-0.5260,-0.2180,-0.0717,-0.3339,-0.3717,-0.3334,-0.5574,-0.4775,-0.3625,-0.2214,0.1871,0.1213,0.0434,0.7691,0.9211,1.1755,1.2662,-1.0180,-2.5459,-2.7825,-1.1575,-1.4995,-1.4647,-1.8427,-0.9815,-0.6468,-0.3102,-0.1259,-1.6621,-2.2183,2.3298,-0.9150,-0.9249,-0.0209,-0.0274,0.2658,-0.2843,-0.3492,-0.1760,-0.0425,-0.9804,-1.6713,-0.2446,1.9555,1.5780,1.0057,0.1354,-0.6244,0.3844,0.5007,0.7876,0.2737,1.0946,1.8469,1.1146
-0.3413,-0.2280,-0.4707,-0.9559,-1.1212,-1.4501,-1.2216,-0.2680,0.1071,0.1082,-0.2534,-0.6753,-1.3196,-1.3679,-0.6639,-0.1743,-0.5398,-0.7489,-0.3344,-0.1422,-0.4357,-0.4763,-0.5710,-0.8409,-0.7534,-0.5690,-0.2020,-0.0381,0.1199,0.3441,0.8434,1.0028,1.3316,0.7213,-2.8503,-2.7057,-0.6497,-0.2407,-1.0693,-1.4038,-1.4983,-0.3626,-0.3899,-0.1267,-0.0353,-1.0787,-2.3310,-1.8354,-1.3762,-0.8519,-0.4936,-0.3260,-0.3459,0.0537,0.9075,0.3633,0.0696,-1.2261,-0.4802,1.2328,1.6364,0.7529,0.9179,0.2000,-0.8861,0.2235,1.0688,1.1085,0.4352,1.2342,2.3082,1.5425
-0.3134,-0.1643,-0.4987,-1.1657,-1.4976,-1.8066,-1.5841,-1.0391,-0.3035,-0.2103,-0.1803,-0.4561,-0.9573,-1.1671,-0.9030,-0.5027,-0.7281,-0.7790,-0.4027,-0.3487,-0.5459,-0.6694,-0.7730,-0.9190,-0.8054,-0.6216,-0.0158,0.2225,0.2875,0.4913,0.9621,1.0594,1.3846,0.0661,-2.3593,-2.3431,0.6896,0.4599,-1.3680,-1.3630,-0.6653,0.4000,0.1406,0.4524,0.0552,-1.1187,-2.3160,-2.3669,-2.2263,-0.8735,0.2238,0.1555,0.6240,1.1403,1.2061,1.6741,1.8978,0.5176,1.1855,0.9758,-0.2637,0.4544,0.5966,0.2533,-0.6361,0.5899,1.4827,1.3336,0.5392,1.3331,0.5962,3.1288
-0.3884,-0.4588,-0.9098,-1.2954,-1.4528,-1.4689,-1.1817,-1.1202,-0.7302,-0.3419,-0.2269,-0.1781,-0.5052,-0.8831,-1.1267,-0.9454,-0.9865,-0.8523,-0.5370,-0.4980,-0.5669,-0.7209,-0.8124,-0.9262,-0.9254,-0.5599,0.0563,0.3868,0.2323,0.5082,1.1739,1.1514,1.0932,0.8055,-1.5381,-1.0969,-1.7374,0.0392,-0.2504,-0.0487,0.3165,1.1022,0.4931,0.4060,-0.2748,-0.8186,-2.1097,-2.6199,-2.6102,-0.7067,0.8054,0.9610,1.1380,1.6023,0.9595,1.3075,2.4107,1.7176,0.7691,0.1600,-0.5580,-0.1812,0.3071,0.8932,-0.9206,0.4189,1.2680,1.0545,0.6647,1.2110,1.1870,3.8739
-0.8709,-1.0648,-1.3979,-1.4335,-1.2425,-0.9714,-0.7437,-0.8045,-0.6848,-0.5263,-0.2017,-0.0157,-0.2292,-0.7983,-1.2745,-1.2282,-1.0809,-0.9826,-0.5937,-0.5846,-0.5074,-0.6518,-0.7162,-0.8061,-0.7479,-0.4712,0.0615,0.2274,0.4376,0.5328,1.0770,1.1934,0.5737,-0.9064,-0.4000,-0.2263,-1.3628,-1.7739,-0.1112,0.6864,1.7711,1.5084,0.3787,0.0418,-0.3330,-0.9103,-1.8047,-1.9313,-2.2418,-1.2718,2.0205,1.3775,1.3323,1.8619,0.8524,1.7973,2.2272,0.9966,-0.0104,0.8567,-0.5893,-0.6075,0.5859,1.8627,0.0677,0.2055,0.7682,0.8524,0.7296,0.7037,1.5425,3.0328
-1.2492,-1.5702,-1.5529,-1.2454,-1.0999,-0.5545,-0.2970,-0.3940,-0.3672,-0.4448,-0.0913,0.1190,-0.1635,-0.7305,-1.1810,-1.3525,-0.9536,-0.8220,-0.6530,-0.6879,-0.4750,-0.4289,-0.6077,-0.4213,-0.5687,-0.3424,0.0262,0.0998,0.1340,0.3697,1.0321,0.5714,-1.1426,-0.4360,0.3079,-0.3773,-1.4567,-2.0212,-0.0425,0.8046,0.9310,0.9565,0.1531,-0.6031,-0.8956,-1.4973,-1.1378,-1.2867,-2.0031,-1.3952,2.2838,1.7873,1.5377,2.1645,2.0512,2.3703,2.3579,-0.0475,1.0561,1.8352,-1.0820,-0.8688,0.8410,1.2247,-0.2517,-0.2667,0.9780,0.8935,0.5290,0.1988,1.9398,2.8449
-1.5703,-1.7618,-1.6389,-1.2546,-0.8729,-0.2351,-0.1404,-0.2419,-0.1504,-0.2005,-0.1644,-0.0341,-0.2522,-0.7358,-0.9974,-1.2076,-0.8922,-0.6851,-0.5695,-0.8853,-0.7504,-0.3971,-0.3047,-0.3862,-0.3839,-0.2537,0.1056,0.1639,0.1112,0.3781,0.8193,0.0766,-0.8416,0.0915,0.1611,-0.0283,-1.4510,-0.6180,0.8560,1.1497,0.9844,0.9217,-0.4793,-1.0810,-1.4562,-1.7155,-1.2282,-0.4641,-0.3005,-1.7390,1.4716,2.1725,2.4465,1.8176,1.9646,2.0242,1.8955,0.8265,1.4007,1.1656,0.1261,0.2511,1.1157,0.2270,-1.5775,-1.1284,1.1490,1.3422,-0.0919,0.3583,2.8057,3.2409
-1.2567,-1.3212,-1.0668,-0.4536,-0.1418,0.1573,0.1305,-0.0614,0.0157,0.0063,0.0178,-0.1219,-0.2078,-0.4338,-0.5069,-0.8135,-0.5153,-0.5594,-0.7402,-0.9502,-0.6823,-0.1488,0.0325,-0.2392,-0.3996,-0.3841,-0.0284,0.0088,0.0772,0.3674,0.3663,-0.9296,-0.4143,0.5845,0.2142,0.2725,-0.3289,1.3714,0.4948,0.4316,1.6788,0.3572,-1.3059,-1.2945,-1.5907,-1.5543,-1.4526,-0.0739,-0.5805,-2.0702,2.2574,1.8705,1.5096,1.6014,1.8107,1.7271,0.6314,0.0400,0.0970,-0.5249,0.0872,0.6949,0.7589,-0.9149,-0.9351,-0.7261,0.7567,1.2773,0.6391,1.4015,3.1259,3.1565
-0.5277,-0.4034,0.0206,0.6658,0.5627,0.4381,0.5273,0.1736,0.0286,-0.0000,0.0982,-0.1877,-0.2031,-0.0823,0.0798,-0.2181,-0.1984,-0.5248,-0.8556,-1.0762,-0.6649,-0.0516,0.0300,-0.2827,-0.4025,-0.5543,-0.1766,-0.2112,-0.1489,0.1614,0.1255,1.1578,0.6882,0.3624,-0.1924,0.4250,0.7702,1.6057,0.7887,1.1786,1.1098,0.4330,-0.9537,-1.1511,-1.2007,-1.3729,-1.3299,0.4269,-1.1273,-1.8518,2.0329,2.0281,2.2050,1.1597,0.8475,1.2979,-0.0869,-0.1427,0.0748,-1.2906,0.0872,-0.5608,-0.8054,-0.4195,0.6097,0.6516,1.0797,1.5937,1.7578,2.2276,3.4012,3.3432
0.3264,0.6274,1.0265,1.5978,1.0434,0.6244,0.4744,0.2941,-0.0216,-0.0426,-0.0114,-0.3169,-0.1705,0.1335,0.4028,0.3657,0.0666,-0.4020,-0.8371,-1.1952,-0.6351,-0.0131,-0.0124,-0.3878,-0.6288,-0.5689,-0.3769,-0.3572,-0.2225,-0.3873,-0.2666,0.3951,1.5045,-0.0046,-0.5752,0.5154,1.6453,1.7838,1.3396,0.4041,1.3181,0.4860,-0.9268,-1.2640,-1.6213,-1.6996,-0.9383,-0.1363,-1.7095,-2.6514,0.4864,2.7957,2.8090,1.0305,-0.3755,0.9229,0.1167,-0.1224,1.1958,-1.2230,0.1831,-0.5871,-0.9067,0.3646,1.6324,0.9789,1.7649,1.9368,2.0238,2.7437,3.5677,3.2149
0.9861,1.3174,1.5650,1.1765,0.6102,0.3262,0.0669,0.0778,-0.2930,-0.2271,-0.1144,-0.4392,-0.3216,0.0173,0.4326,0.5911,0.2429,-0.4047,-0.7559,-1.2608,-0.7192,-0.0263,0.1674,-0.4062,-0.6474,-0.3963,-0.0534,-0.1531,0.0264,0.0926,-0.1785,0.0370,1.0675,-0.5528,-0.9215,0.6333,1.9003,1.4371,0.6543,1.1342,1.1654,0.1166,-1.2276,-1.4894,-1.3107,-1.4701,-0.7651,-0.1742,-1.8273,-2.2717,-0.0621,1.8495,2.2812,0.7425,0.0691,1.6926,0.7439,0.0336,0.7721,-2.9885,0.0868,0.3493,0.4382,1.1928,0.2793,0.7348,1.0388,1.2713,1.6849,2.3555,3.2745,2.7953
1.2952,1.3388,1.1169,0.5510,0.2032,0.0598,-0.0135,-0.0244,-0.4353,-0.5398,-0.1813,-0.3462,-0.3568,-0.1380,0.4373,0.6047,0.4138,-0.0989,-0.4493,-1.2004,-0.7261,-0.1834,-0.0518,-0.3611,-0.5610,-0.3623,-0.0972,-0.0134,0.0299,1.3041,-0.1256,0.1625,1.6880,-0.9071,-1.1950,0.9388,1.4704,0.7879,0.4592,1.3048,0.9322,-0.8650,-1.1854,-1.5214,-1.1367,-1.5384,-0.9291,-0.8495,-2.2333,-1.0750,1.1266,0.5684,2.4172,1.7330,0.3976,2.5608,1.0913,1.1677,0.6134,-0.6125,-0.8425,0.1876,0.4433,-0.1385,-1.3753,0.7555,1.1551,1.4373,1.6352,2.3128,3.2464,2.3868
0.7321,0.6394,0.3873,-0.0061,-0.2972,-0.3523,-0.1661,-0.1138,-0.3004,-0.5841,-0.2982,-0.3558,-0.2993,-0.1169,0.3149,0.4720,0.3764,0.0899,-0.2571,-0.9872,-0.8575,-0.2337,-0.1015,-0.2979,-0.2888,-0.2837,0.0040,-0.1165,-0.1073,-0.2478,0.1013,1.0778,0.2519,-1.2107,-0.5128,1.8840,1.8008,1.5680,0.5520,0.6843,0.0396,-0.6545,-1.4576,-1.6939,-1.8967,-1.6987,-1.5025,-1.3681,-0.7110,-0.7254,0.9798,2.7135,3.5310,2.4084,1.3666,2.2453,1.2289,1.2724,-0.0908,-1.3501,-1.9119,-0.7479,-0.5711,-0.8102,-0.1814,0.0257,1.1645,0.7517,1.5280,1.7218,2.6831,2.0210
0.1911,0.0973,-0.1792,-0.3215,-0.4314,-0.3919,-0.2293,-0.0858,-0.0631,-0.6449,-0.4082,-0.3185,-0.2763,-0.3208,0.0685,0.1024,0.1165,0.0592,-0.2522,-0.8439,-0.7399,-0.1800,-0.0075,-0.1472,0.0062,0.0570,0.2139,0.0524,-0.3537,-1.0721,1.3048,0.5886,-1.1084,-1.0272,0.3226,0.9842,2.1655,1.3892,0.0351,0.6394,0.1568,-0.8925,-1.6287,-1.7756,-2.1242,-2.3992,-2.0294,-2.5692,-2.3452,-0.6566,2.5119,2.7375,3.7269,1.5875,0.7663,1.7604,0.9080,0.0307,-0.2132,-1.4138,-2.1513,-1.4756,-0.4072,-1.2414,-0.1774,0.0357,-0.0858,-0.4253,1.5576,1.1279,1.8644,2.0229
-0.4193,-0.3469,-0.3893,-0.5837,-0.5101,-0.7640,-0.5976,-0.3555,-0.2548,-0.6092,-0.6343,-0.4463,-0.5681,-0.4858,-0.2484,-0.3900,-0.4356,-0.0331,-0.0064,-0.4917,-0.3641,0.0987,0.3181,0.2822,0.3265,0.4395,0.6104,0.3139,-0.0010,0.0811,-0.0488,-0.4886,-1.0230,-0.4691,0.9222,-0.1805,1.8218,1.4969,0.3098,0.4424,-0.3787,-1.0569,-1.4994,-1.4757,-1.3242,-1.6932,-1.8251,-2.1508,-1.1004,1.8128,2.3365,2.0841,1.3262,-0.2150,0.0020,1.1652,0.2793,0.4522,0.6814,-1.1413,-0.3553,0.6602,0.0401,-0.6876,0.3013,0.5500,-0.8367,-1.6318,-0.0859,1.5704,2.1933,1.6705
-0.3939,-0.3426,-0.4425,-0.5031,-0.7263,-0.8505,-0.5994,-0.4683,-0.4077,-0.4638,-0.5704,-0.5734,-0.6263,-0.6091,-0.6225,-0.7718,-0.7176,-0.0478,0.2177,0.0897,-0.0907,0.2843,0.5787,0.6950,0.5293,0.5892,1.0405,0.7271,0.6754,0.3133,-0.2609,-0.2677,-0.5775,0.0467,0.7858,1.4950,1.1842,1.7114,0.9923,0.3354,-0.9706,-1.0816,-1.5618,-1.7270,-1.5296,-1.3966,-2.1995,0.0867,-0.0558,1.1197,0.7661,0.2797,-0.2248,-0.9577,-0.3086,1.8513,0.5233,0.5515,1.1450,-1.3325,-0.4171,-0.4690,-0.0463,-0.3808,-0.1689,0.2795,-0.4879,-1.7929,-2.3545,-1.3016,1.1778,1.1826
-0.1379,-0.1909,-0.3596,-0.3842,-0.6770,-0.6904,-0.5220,-0.5372,-0.4398,-0.2832,-0.3002,-0.6559,-0.8714,-0.7955,-0.7170,-0.8800,-0.8271,-0.1065,0.3115,0.2892,0.2712,0.3399,0.6394,0.8064,0.7269,0.7520,1.1467,1.1250,0.7709,0.4091,0.2836,0.7074,-0.0007,-0.4652,-0.5365,1.9461,0.1834,1.4821,1.4067,0.0815,-1.2351,-1.1363,-1.9363,-2.0551,-1.8420,-2.2291,-0.9851,0.2154,1.1637,-0.1238,-1.0551,1.1036,-0.1061,-0.6490,2.1110,1.5619,0.8366,1.3075,0.6261,-1.0658,-0.7079,-0.5066,-0.4312,-0.5310,-0.2881,0.0480,0.8418,-0.9566,-2.0432,-1.2756,1.5975,1.6824
0.2758,-0.0096,-0.0993,-0.0565,-0.2858,-0.5202,-0.1947,-0.4396,-0.3171,-0.0626,-0.0770,-0.8881,-0.9013,-0.8366,-0.7608,-0.7923,-0.6826,-0.0986,0.4054,0.4421,0.3922,0.3199,0.7466,0.8599,0.7858,0.7573,1.0718,1.1676,0.8458,1.2989,-0.1083,0.5356,-0.6679,-0.6498,-1.1119,0.2069,-0.7041,-0.5235,-0.3295,-1.4698,-1.2876,-1.5611,-2.0340,-1.8326,-2.1260,-2.7616,-0.7386,-0.2343,0.9029,1.3081,0.2178,2.3278,0.3215,-0.5019,2.6812,2.3555,3.1158,1.2569,-0.1796,-1.3568,-0.5976,-0.1855,-0.3704,-0.6118,-0.5535,-0.2383,0.9564,-0.3380,-1.8787,-0.4793,1.5956,1.4106
0.3940,0.0856,-0.0029,-0.0294,-0.4786,-0.4595,-0.3460,-0.3177,-0.2807,-0.1223,-0.0662,-1.1237,-1.0707,-0.8605,-0.7318,-0.7627,-0.6574,0.0147,0.2334,0.3877,0.2286,0.2690,0.6208,0.7836,0.5442,0.3767,0.7963,1.0281,0.5407,0.3124,-0.7963,-1.1925,-0.6119,0.1222,-1.5446,-0.3797,-1.6336,-0.8843,-1.6902,-2.2574,-1.3347,-0.9803,-1.0277,-1.0924,-2.2800,-1.6919,-1.8138,-0.4727,0.0331,1.8553,1.1447,2.1714,0.7041,-0.1973,1.8800,1.0277,3.2573,0.4775,-0.1199,-0.8055,-0.3059,0.3040,0.1572,-0.0170,-0.4866,-0.2991,0.6469,-0.3770,-0.5533,-0.6888,0.4953,0.2862
-0.0336,0.1019,0.1858,0.2038,-0.1516,-0.1515,0.0428,0.0527,-0.0574,-0.1409,-0.1239,-0.9246,-0.8628,-0.7883,-0.5518,-0.4033,-0.2696,-0.0074,0.1897,0.5207,0.1334,0.2247,0.6028,0.5330,0.3730,0.3973,0.6911,0.8509,0.1813,-0.1139,0.9267,-1.6935,-1.2681,-0.0902,-2.4277,-0.4318,-0.7606,-0.2830,-1.9503,-2.3002,-1.4944,-0.9970,-1.0736,-1.4050,-1.6384,-0.6132,1.2681,-0.5045,-0.3643,1.9075,1.5810,1.2247,0.7304,0.4827,2.0553,1.2253,2.5136,0.0245,0.0102,-0.5197,-0.5196,-0.6812,-0.1525,-0.1396,0.1949,0.5251,1.2251,0.7169,0.9832,-0.7856,-0.7353,-0.8550
-0.6825,-0.3175,0.1762,0.1291,0.1862,0.0607,0.3034,0.1795,-0.0104,-0.2005,-0.2191,-0.5432,-0.6261,-0.5539,-0.2922,-0.1344,0.0101,0.0855,0.3279,0.5877,0.1794,0.1097,0.3976,0.4238,0.3444,0.3407,0.5686,0.6248,-0.6038,0.5882,-1.5031,-1.5571,-2.5082,-3.3738,-3.6703,-1.2702,0.5403,-0.5846,-2.1384,-1.4207,-1.4119,-0.5812,-1.2005,-2.2464,-0.2665,-0.8849,0.2431,0.3989,-0.5875,-0.8936,0.2522,0.4237,1.2032,2.0660,2.5668,0.8236,1.6299,0.1519,0.0827,-1.4957,-0.5763,-0.6129,-0.1507,-0.3695,0.1166,0.7614,1.7157,2.5233,1.3575,-0.3757,-1.1081,-2.2825
-1.0094,-0.8930,-0.3662,-0.1011,0.1481,0.1895,0.3446,0.2168,-0.0478,-0.2324,-0.3200,-0.2448,-0.2048,-0.2465,-0.1169,0.0817,0.2509,0.2754,0.7180,0.6860,0.1004,0.2235,0.3779,0.2564,0.3214,0.2129,0.3285,0.3231,-0.0102,-0.7658,-0.6178,-1.5829,-0.8771,2.6792,0.8716,2.0886,1.8414,-0.0976,0.0014,-1.0538,-0.5770,-0.6816,-1.3307,-2.4837,0.2352,-1.1242,0.2870,0.1735,-0.6528,-2.8811,-2.8789,-0.6672,1.9156,2.5191,2.1015,0.3122,0.1770,0.4003,-0.2843,-0.6606,-0.9695,-0.5346,0.2914,0.2119,0.1348,0.3785,0.7532,-0.0919,-0.3705,-0.7390,-1.8447,-1.4939
-1.3716,-1.0448,-0.7529,-0.6325,-0.1575,-0.0800,-0.0159,-0.1920,-0.3752,-0.5262,-0.4933,-0.1255,0.1226,-0.1158,-0.1767,-0.0777,0.2106,0.3486,0.8025,0.2860,-0.1672,-0.0132,-0.0049,0.0917,0.1508,0.0603,-0.0425,-0.0636,0.8068,-1.0017,-1.2332,-1.7077,-0.1117,1.1028,1.6360,2.3899,1.2527,-0.2927,-1.7582,-0.5583,-0.0744,-0.4685,-1.0036,-2.2564,-0.1148,0.1548,0.5063,-0.6550,-0.4085,-2.1067,-3.7875,-1.8128,1.6915,2.0280,1.3479,-0.0223,-0.4243,-0.6775,-0.5863,-0.8238,-0.5136,0.4718,0.2973,0.4922,0.8276,0.0845,0.1680,-1.1144,-1.4582,-1.0867,-0.9053,-0.8053
-1.0106,-0.7581,-0.3890,-0.2807,-0.1606,-0.3050,-0.4887,-0.4499,-0.3980,-0.7742,-0.4682,-0.0152,0.4121,0.1128,0.0713,0.1721,0.3903,0.5879,0.9082,0.0490,-0.1634,-0.1315,-0.1021,0.0997,-0.0164,0.2264,0.0584,0.3050,0.3420,0.0871,-2.1349,-1.9096,0.8681,1.0636,2.0734,1.3702,-2.4860,-1.5487,-2.3314,-0.7248,-0.2073,-0.2514,-1.5657,-1.8863,-0.8177,-0.2582,-0.1414,-1.3715,-0.9989,-0.8236,-2.3821,-0.8092,0.3579,0.3559,0.4544,0.6939,-0.0988,-0.6700,-0.3292,-0.7258,-0.5165,0.7136,0.2411,0.2337,-0.1146,-0.6358,-0.5180,-0.4238,-1.6187,-1.2742,-1.5856,-1.4068
-0.5537,-0.4864,-0.0888,-0.0093,-0.1415,-0.5452,-0.9024,-0.7327,-0.7497,-0.7116,-0.4666,-0.0414,0.2258,0.1228,0.2836,0.5570,0.6147,0.6698,0.6432,-0.0539,-0.0627,-0.1030,-0.0256,-0.0865,-0.1130,0.0045,0.0461,-0.1424,0.3244,0.6235,-0.1220,-0.8691,-0.0485,0.6419,1.1895,0.0919,-3.0778,-2.2731,-2.3675,-1.4143,-0.4186,-0.5438,-2.5724,-2.1423,-0.9658,-0.9389,-0.5776,-1.4814,-1.4355,-1.0313,-1.7393,-0.9421,1.7927,0.8463,1.6517,1.0079,-0.3633,-0.6440,-0.1910,-1.0081,-0.5209,0.8193,0.4735,0.0505,-0.1597,0.1682,-0.1989,0.6709,-1.2588,-1.4227,-1.8035,-1.2356
-0.4315,-0.4076,-0.0009,-0.0137,-0.2597,-0.8338,-1.0634,-0.9321,-0.6789,-0.7373,-0.4549,-0.1759,0.0106,0.1570,0.6181,0.9566,0.7949,0.6062,0.3913,-0.0553,0.0665,-0.0578,-0.0947,-0.1370,-0.0205,0.0525,-0.0716,-0.4497,0.1132,0.1973,-0.1495,-0.4135,-0.3477,-0.0591,-0.4269,-1.1056,-1.5601,-1.3537,-2.0165,-1.4507,-0.3720,-1.3908,-2.2608,-2.0555,-0.6267,-0.9166,-1.6152,-1.7611,-1.8403,-1.8518,-1.5676,0.0169,1.8147,1.6244,1.9407,0.4600,-0.7911,-0.8194,-0.8850,-1.0777,-0.4099,0.1582,0.3547,-0.1126,0.6348,1.3968,1.0098,0.4930,-0.3578,-0.7460,-0.3263,-0.2490
-0.7300,-0.6837,-0.5331,-0.5169,-0.5616,-1.0109,-1.2234,-1.1648,-0.9623,-0.7952,-0.7349,-0.5586,-0.3638,0.1838,0.6732,0.7798,0.3756,0.3349,0.0835,-0.0546,0.1392,0.1355,-0.2343,-0.3492,-0.2237,-0.4320,-0.6866,-0.7154,-0.6709,0.4532,-0.8847,-0.1374,-0.9132,-0.7240,-1.9019,-1.7872,-2.5441,-1.1573,-1.3864,-0.9928,-0.3342,-1.7224,-0.6133,-0.0091,0.2853,0.3836,-0.6149,-3.5506,-3.3120,-2.4139,-0.9007,1.7868,1.9780,1.8957,1.6281,-0.3687,-1.7573,-1.8826,-1.6626,-0.7689,-0.5983,-0.4687,0.2346,0.0928,1.0343,0.8398,1.6029,1.0709,-0.3604,-0.6951,-0.5553,-0.7005
-0.7987,-0.8056,-0.6851,-0.8112,-0.6916,-0.9995,-1.2855,-1.0625,-0.8300,-0.5564,-0.9075,-0.6500,-0.3705,0.0906,0.6269,0.6712,0.0689,-0.0114,0.0880,0.2255,0.3176,0.1765,-0.2031,-0.4651,-0.5904,-0.6099,-0.8125,-0.3878,-0.5635,-1.0146,-0.6621,0.2869,-1.5838,-0.3271,-1.2545,-1.1270,-1.9138,-1.3676,-1.4229,-1.0259,-0.6502,-2.4369,-0.6924,-0.2210,0.1727,-0.0181,-0.1590,-2.4311,-2.7468,-2.1249,-0.2032,1.9221,1.9848,1.4682,0.8702,-0.7016,-1.6494,-2.0559,-0.9596,-0.4498,-0.5414,-0.3007,0.3397,0.5215,-0.2070,-0.5305,0.5802,1.1983,-0.5109,-0.4799,-0.8115,-1.0375
-0.6955,-0.7859,-0.8045,-1.0138,-0.7711,-1.1545,-0.9452,-0.9897,-0.8697,-0.7435,-0.6899,-0.3637,-0.1790,0.1449,0.6671,0.4331,-0.1178,0.0102,0.2631,0.3641,0.2856,0.0315,-0.4641,-0.7961,-0.7436,-0.8591,-0.5208,0.1729,-2.3199,-1.9821,-0.9558,-0.9903,-1.0054,-0.6534,-0.9262,-0.8309,-1.7037,-2.0317,-1.7521,-1.1426,-1.6670,-1.4456,0.4306,0.7065,0.7260,0.4674,0.2441,-0.4352,-2.2288,-2.3664,-0.2016,1.3984,2.0166,1.6953,0.5624,-0.4340,-1.5330,-1.7197,-0.3840,-0.4868,-0.5483,-0.3154,0.3597,1.2022,0.2521,-0.6756,0.0361,0.7292,0.6630,0.1727,-0.1570,-1.6121
-0.5519,-0.6516,-0.8106,-0.9001,-0.8688,-1.0025,-0.9502,-0.9983,-0.8920,-0.7347,-0.2219,-0.1147,0.2162,0.3923,0.6972,0.1854,-0.0499,0.2003,0.3067,0.4630,0.2687,-0.0697,-0.7540,-0.7522,-1.0369,-0.8563,-0.0471,-0.6483,0.4559,-0.3697,-0.6535,-0.3368,-0.6787,-0.5544,0.4306,-0.3289,-0.8880,-1.8855,-2.5657,-1.3079,-1.2948,-1.6464,0.5430,0.6337,0.9673,0.7641,0.5420,0.3741,-1.5776,-2.0919,0.7796,1.4142,1.6655,1.1993,-0.2551,-1.1597,-2.8162,-1.3149,-0.8027,-0.5982,-0.8028,-1.2365,-0.0190,0.7226,0.6715,0.1201,-0.0274,0.7851,-0.0655,0.6100,1.2683,0.6403
-0.6442,-0.7034,-0.8665,-0.8678,-0.9025,-1.0375,-0.8888,-1.1913,-0.7891,-0.5957,-0.0318,0.0075,0.2301,0.3421,0.5598,0.2081,0.2048,0.5277,0.3433,0.4095,0.2943,-0.2363,-0.8125,-0.7248,-0.8744,0.0413,-0.0485,0.2381,1.0515,0.8335,-0.8493,-0.9106,-0.5462,-0.5680,-1.7264,-0.6313,-0.3191,-0.8259,-2.2510,-1.7808,-1.7025,-1.5641,-0.3016,1.0323,1.6045,1.3438,0.6591,0.1828,-0.7949,-0.5470,1.6843,1.7291,1.3236,1.0595,-0.2293,-1.2021,-1.4751,-1.8917,-2.3530,-2.0703,-1.5268,-1.6532,-0.2439,0.4427,0.5954,-0.1018,0.0770,0.5012,0.4415,0.6080,0.8900,1.0395
-0.6825,-0.6471,-0.7059,-0.5333,-0.5838,-0.6159,-0.5114,-0.7777,-0.5155,0.0481,0.6499,0.5293,0.4268,0.2738,0.6729,0.6589,0.5713,0.4233,0.4116,0.1901,0.2091,-0.2854,-0.6583,-0.5116,-0.1449,0.1768,0.2224,0.0185,0.1672,-0.0605,-0.5867,-0.7758,-0.9510,-0.4678,-1.3535,-0.8931,-0.4194,-0.3286,-1.6149,-1.7441,-2.0540,-2.4481,-1.1372,1.3496,1.6207,1.8189,1.1965,0.4418,-0.1320,0.7881,2.4694,2.5741,1.7057,1.3497,0.2504,-0.7058,-1.0589,-2.0053,-2.2026,-1.7993,-1.2995,-0.4883,0.2386,0.5582,0.2340,-0.2265,-0.8144,-0.1481,0.2980,0.5066,-0.1979,0.8877
-0.6969,-0.6034,-0.5347,-0.5057,-0.3650,-0.5307,-0.2262,-0.4241,-0.1090,0.4707,1.1442,0.8901,0.5838,0.2336,0.8288,0.8522,0.8107,0.3356,0.3662,0.3151,-0.0727,-0.5330,-0.3895,-0.0205,-0.0293,-0.1159,0.1858,-0.1702,-0.4535,-0.4623,-0.9558,-1.1892,-1.5725,-1.4241,-1.6414,-0.9801,-0.3932,-0.0978,-1.6337,-1.4169,-1.7664,-1.6536,-0.4655,1.4966,1.7386,1.6024,1.5429,0.4839,-0.1725,0.4205,2.5776,2.8864,1.8277,1.4396,1.0782,0.2979,-0.9109,-1.7064,-1.6574,-1.0547,-1.1745,-0.0187,0.4032,0.3723,-0.1665,-0.2401,-0.1963,-0.5065,-0.4713,0.7347,-0.2328,0.8110
-0.6634,-0.6553,-0.5639,-0.3045,-0.3107,-0.4021,-0.1437,0.0457,0.4679,0.8747,1.1714,0.8238,0.5238,0.1982,1.1224,1.1777,0.8471,0.4310,0.3572,0.1047,-0.5472,-0.7649,-0.2587,-0.0659,0.0425,-0.0455,-0.0358,-0.7086,-1.7380,-1.9668,-2.4936,-2.1805,-1.7706,-1.4602,-1.8136,-1.4193,0.8462,0.8875,-1.2068,-1.3536,-2.3557,-2.3403,-0.1904,1.7824,2.2839,1.6086,1.7389,1.1269,0.3958,-1.0618,0.7931,2.3333,1.7938,1.8248,0.8207,0.2044,-0.6567,-1.0821,-1.5787,-1.6679,-0.9109,-1.3691,-0.2315,0.6647,-0.5076,-0.4459,-0.3050,-0.3517,-1.2061,0.2704,1.7985,1.7208
-0.7106,-0.5975,-0.6491,-0.5460,-0.4688,-0.3855,-0.1380,0.1802,0.5813,0.7095,0.7252,0.2704,0.0866,0.1854,1.1650,1.3077,0.6271,0.4470,0.1720,-0.1149,-0.7436,-0.5930,-0.0238,0.2668,0.3321,-0.0965,-0.3153,0.6744,-1.7954,-2.0101,-2.9930,-2.7397,-1.9742,-1.3694,-1.2779,-2.0308,-0.0141,-0.1784,-0.5199,-1.5982,-2.7677,-2.9233,-0.5822,1.6809,2.1581,1.9997,1.2502,0.3084,0.7696,-3.5036,0.0401,2.9726,1.9826,1.4579,1.1584,0.9679,-0.2578,-0.5773,-0.8050,-1.4531,-1.3357,-2.9187,-0.5151,0.4050,-0.0021,-0.0364,-0.7179,-0.4527,-0.7315,-0.5850,1.4935,0.9987
-0.5348,-0.4177,-0.5402,-0.4061,-0.4150,-0.0659,0.2367,0.6390,0.6113,0.5765,0.3743,0.1324,0.0746,0.3679,1.3934,1.4514,0.8276,0.4142,0.0758,0.0108,-0.4095,-0.3821,0.0037,0.3373,0.2235,-0.6608,-0.5032,0.3173,-1.2034,-1.0356,-0.7797,-1.1919,-2.1026,0.8425,0.0286,-2.0099,-1.0584,-1.0514,-1.1895,-2.0239,-3.1726,-1.9807,0.2208,1.7473,2.1800,2.6127,1.6206,0.6260,0.9087,0.4080,-4.5749,2.0387,2.6908,2.1532,1.7577,0.7993,-0.3957,-0.4843,-0.5625,-0.8725,-1.1071,-1.3616,-1.2924,0.0915,0.0296,0.4592,-0.0729,-0.4587,0.0015,0.0403,0.1867,0.5169
-0.3514,-0.1917,-0.2810,-0.3692,-0.2703,-0.1163,0.4498,0.6440,0.5302,0.3729,-0.0294,0.0311,0.2068,0.4143,1.2976,1.5633,1.0168,0.5037,0.0306,-0.0684,-0.2501,-0.4492,-0.0588,0.7487,-0.5275,-0.7487,-0.3891,-0.9430,-0.3056,-0.1352,-0.0499,-1.1749,-0.5886,0.8204,-0.3251,-1.4741,-1.2597,-1.0831,-1.6046,-2.4281,-4.4974,-1.4797,0.7518,2.1741,2.1699,2.4693,1.6794,2.1183,0.6646,0.8023,-0.0276,-0.0583,-0.0586,0.9857,1.6337,0.3730,-0.6749,-1.3802,-0.2026,1.2225,-0.4733,-0.8649,-1.9650,-0.7092,-0.2037,0.0788,0.1625,-0.1917,0.2263,0.3595,-0.1133,-0.1986
-0.1599,-0.0922,-0.0743,-0.1946,-0.2871,-0.0635,0.4443,0.5561,0.4553,0.1012,-0.4361,-0.0395,0.1663,0.3144,0.9104,1.2032,0.9412,0.4063,0.1034,0.0110,-0.1825,-0.3239,-0.0771,0.6077,-0.5537,-0.3479,-0.5007,-1.2409,-1.1213,-0.0113,0.0280,-0.9863,0.0500,0.8312,-0.7912,-1.6318,-1.2325,-1.2468,-1.5700,-3.2821,-4.0083,0.1197,2.1543,2.6091,1.8197,2.5074,1.6248,0.2698,0.3419,0.2542,-2.1690,-1.8884,-0.0931,1.9016,1.9405,0.5277,-0.4873,-1.7963,-1.6608,0.8564,-0.8754,-1.4167,-2.3660,-2.5213,-0.2222,-0.4349,-0.2001,0.3371,-0.1668,0.0472,0.2366,-0.4195
-0.1236,-0.2224,-0.3595,-0.3039,-0.4964,0.0667,0.1580,0.3172,0.2898,-0.1134,-0.6201,-0.4338,0.0324,-0.0606,0.5015,1.0728,0.7804,0.1361,-0.1854,-0.1606,-0.3155,-0.4959,-0.0862,-0.1472,-0.3084,-0.1493,-1.0944,-0.9108,-1.2862,-0.1606,-0.3370,-1.4409,0.9272,1.0795,-1.5139,-1.7425,-1.3304,-1.2137,-1.7763,-3.8084,-0.8982,0.3498,2.7303,3.0599,2.0885,2.2668,1.4776,1.7490,-0.3324,0.7194,-10.4012,-10.6861,-1.5374,1.9810,2.0304,0.9593,0.4454,-0.3589,-1.9868,-0.8011,-0.6983,-1.3641,-2.4029,-1.6917,-1.4492,-1.1416,-0.0030,-0.0672,0.2291,0.6411,0.6358,-0.1296
-0.2449,-0.3061,-0.3657,-0.2735,-0.4675,-0.2581,0.1826,0.4153,0.3428,-0.0407,-0.6914,-0.7826,-0.4353,-0.4913,0.2071,1.0335,0.4764,-0.4715,-0.4321,-0.1286,-0.2499,-0.4603,0.2139,-0.2738,-0.0204,-0.4317,-1.4381,-1.2271,-0.7380,-0.2884,0.2410,-0.3462,1.7344,1.6757,-1.3777,-1.4272,-1.1778,-1.5752,-2.1766,-3.0915,-0.5931,0.3180,2.6918,3.1711,2.3647,2.2190,1.6956,2.4168,1.8593,0.4855,-3.9192,-6.6672,0.6771,0.6289,1.6828,1.6232,1.4106,0.4478,-0.2158,-1.9024,-1.8068,-1.9840,-2.9655,-1.3332,-1.5245,-0.8592,0.0131,0.0707,-0.5941,0.0010,0.4985,-0.0551
-0.1276,-0.2920,-0.3165,-0.3119,-0.1548,-0.1427,-0.0384,0.6930,0.1725,-0.5140,-0.9391,-1.4391,-1.0108,-0.8881,0.3437,0.9897,0.1803,-1.1259,-0.6194,0.0268,-0.1145,-0.3990,-0.5541,-0.2439,0.1553,-0.2651,-1.0499,-1.7870,-3.1480,0.3234,-0.6307,-0.1199,1.1145,1.0729,-1.3391,-1.9504,-1.5632,-1.5686,-1.8315,-1.6228,-0.8520,0.6482,3.2923,3.6044,2.7299,2.7781,2.5927,3.3258,2.8466,1.3890,1.7487,0.9138,0.2442,0.8167,1.6522,1.4284,1.5871,1.4505,0.1620,-0.3448,-2.1747,-3.1820,-3.9687,-3.2273,-1.9198,-1.3469,-1.4608,-0.5888,-0.2485,-0.1699,0.9006,0.0716
-0.0515,-0.1218,-0.1022,-0.1460,-0.2794,-0.1367,0.2116,0.3941,0.3069,-0.5697,-1.6034,-1.7789,-1.3967,-0.8849,0.7015,0.8585,-0.4135,-1.6055,-0.6296,0.1092,0.0571,-0.1571,-0.6064,-0.2728,0.2431,0.3075,-0.7298,-1.4115,-0.3137,-0.3064,-0.7005,-0.0714,0.0640,-0.5117,-1.4757,-1.9349,-1.7519,-1.4546,-1.8106,-1.4053,0.3846,1.9694,2.9172,3.2094,2.7808,3.7381,2.5801,0.6174,1.8774,2.1255,1.6270,1.2234,0.9868,1.3300,1.4699,1.7336,2.4038,1.5446,0.5023,0.7949,0.2739,-1.5367,-2.1390,-1.6700,-2.7440,-1.9871,-1.1694,-0.1916,-0.6630,-0.3651,0.9277,0.5359
0.0834,0.0313,0.0344,-0.0087,-0.1156,-0.2805,-0.0200,0.2010,0.0132,-0.9122,-2.1921,-2.1334,-1.7967,-0.8172,1.0164,0.7890,-1.2146,-1.9006,-0.7853,-0.0661,0.0606,0.0442,0.3567,-0.6723,0.3371,0.2733,-1.0071,-0.9249,0.6492,-0.1311,-0.6618,0.2275,-1.2893,-1.7482,-1.9798,-1.5659,-1.3172,-0.8603,-2.2174,-1.3141,2.0743,3.4207,3.6754,3.8939,3.6613,4.1312,0.8154,2.1752,2.3440,2.7175,1.4414,1.5370,1.8764,1.3502,2.0052,1.9177,2.2577,1.6361,0.5121,0.3935,1.3967,0.0232,-1.3576,-0.5702,-1.2332,-2.7787,-1.0792,-0.4549,-0.8600,-0.1553,0.3972,0.0293
0.1707,0.1056,-0.0380,0.1445,0.0133,-0.3568,-0.0464,0.0833,-0.1931,-0.8791,-2.0400,-2.2307,-2.2655,-0.6447,1.0140,0.5105,-2.1024,-2.1765,-0.5677,-0.0457,0.0921,0.2035,0.6631,-0.5423,-0.0008,0.2134,-0.8157,-0.3619,1.5190,1.3920,0.4197,-0.1809,-1.1413,-1.4843,-1.4798,-1.2376,-0.9141,-1.5022,-2.4921,-0.4285,2.2003,3.5080,4.3859,4.1606,3.6116,3.9289,3.8895,3.7050,3.4891,3.3307,2.3183,2.2745,1.8354,1.7492,2.1536,1.8789,2.0504,1.7216,0.3366,0.3264,0.9033,0.3828,-0.9600,-0.8541,-1.2117,-1.7644,-1.6220,-0.5911,-0.9256,-0.4495,0.5935,-0.2992
0.0305,0.2049,0.1013,0.1418,-0.2257,-0.0012,-0.2388,-0.0390,-0.5981,-0.7681,-1.5047,-2.1015,-2.1336,-0.4148,1.0228,0.1515,-2.4080,-2.0536,-0.3924,-0.0936,0.2338,0.5068,0.9025,-0.6614,-0.1160,-0.4608,-0.7058,-0.4196,1.6157,1.7846,1.1111,-0.1979,-0.6400,-1.3849,-1.5389,-0.9607,-1.5956,-1.2782,-1.2667,1.5530,2.6347,3.0221,3.8404,3.0917,5.1726,4.5587,3.5197,3.8388,3.2153,2.8117,2.9643,2.8351,2.3539,2.7648,2.6419,2.1732,2.1946,1.9785,0.8512,0.6315,0.4248,0.5596,-1.1354,-1.4044,-1.5085,-1.7392,-2.0391,-1.5363,-0.9761,-0.8734,-0.6911,-0.9804
-0.0816,-0.0209,0.2815,-0.0794,-0.1192,-0.0794,-0.4357,-0.1852,-0.6657,-0.7799,-1.0158,-1.8258,-2.0133,-0.3604,0.8569,-0.1971,-2.3148,-1.7377,-0.2381,-0.1140,0.1842,0.6342,0.7296,-0.8566,-0.6590,-0.7816,-0.0940,0.2638,1.5543,1.8789,1.7098,0.0672,-0.0468,-1.5263,-1.3404,-1.3875,-1.9572,-2.3126,0.1904,1.7229,2.5462,1.8072,1.8321,4.2243,6.3309,4.4135,3.0461,3.5495,3.3644,2.3041,1.9006,2.3645,2.4291,2.5690,2.5085,2.8650,2.7629,1.9698,1.2814,0.9420,0.8912,0.2910,-1.2812,-2.1260,-2.3169,-1.9014,-2.1287,-1.8952,-1.0838,-0.5842,-0.2190,-0.4169
0.0832,0.0697,0.1432,-0.0063,0.1233,-0.4811,-0.5187,-0.1993,-0.6737,-0.5877,-0.8876,-1.7425,-1.9142,-0.2222,0.5991,-0.4208,-1.8942,-1.4453,-0.2452,-0.3663,0.0315,0.7315,0.6400,-0.6776,-0.5138,-0.2817,0.1542,1.2468,1.1581,2.4293,2.5849,0.7814,0.2738,-1.1660,-2.3163,-1.4633,-2.0146,-2.0701,0.9626,2.2319,2.1237,2.9314,3.2106,4.6413,4.1975,3.7148,2.5880,3.5820,1.3585,2.6032,1.7204,3.0821,3.1680,2.4708,2.4076,2.5430,2.2793,1.8179,0.7128,0.2126,-0.4356,-0.7630,-1.4225,-2.2419,-2.3568,-2.5530,-2.2546,-1.4308,-1.1234,-1.0545,-0.0135,-1.6812
-0.0593,-0.0341,0.0758,0.0812,0.0142,-0.1222,-0.1703,-0.2334,-0.5315,-0.7499,-0.9255,-1.4117,-1.4008,-0.0325,0.4005,-0.3995,-1.5314,-1.1227,-0.2186,-0.3238,0.0271,0.7600,0.9112,0.5903,0.0515,0.3485,0.1944,0.9997,2.0146,1.6684,2.6946,1.3862,0.7071,-0.4049,-1.3274,-1.1646,-1.9837,-2.6893,1.6593,2.9747,2.2972,3.3020,3.1844,4.5802,4.0955,3.8543,3.8247,4.2428,0.2985,2.2375,2.6590,3.1694,3.1466,1.9261,1.9607,1.6846,1.7048,1.5407,0.8967,0.3153,-0.0703,-0.7395,-1.5468,-1.3586,-2.3154,-2.5367,-1.9756,-1.0888,-1.2866,-1.2381,0.2178,-0.8304
-0.0241,0.1377,0.0898,0.0924,0.0623,-0.0120,-0.1857,-0.3658,-0.5552,-0.9820,-0.7138,-0.8465,-0.9810,0.0729,0.3702,-0.1591,-0.9485,-0.5870,-0.2301,-0.1201,0.0071,0.7786,0.8812,0.5477,0.3359,0.8871,0.2744,0.4760,3.1162,3.4363,3.2524,1.4434,-0.0724,0.2074,-1.1004,-0.6580,-2.0535,-2.6502,1.6074,2.8289,2.6453,3.2984,5.7403,4.7990,4.8371,5.2362,4.7035,4.4211,2.5744,2.6971,2.8594,3.2813,3.2990,2.6912,1.9596,1.9117,1.2692,0.6163,-0.2288,-0.2752,-0.6225,-1.3266,-2.0111,-1.5543,-1.2822,-0.8851,-0.8307,-0.4542,-0.1752,-0.1252,0.1088,0.4203
0.2343,0.1832,0.0493,0.0958,0.0787,0.0997,-0.1251,-0.4582,-0.6002,-1.1919,-0.3566,-0.1091,-0.4120,0.0802,0.2200,0.4144,0.2065,-0.2304,-0.2897,-0.0571,0.0982,0.7877,0.6047,-0.6868,-0.0710,0.3893,0.3658,0.4131,2.3952,2.9598,1.3450,1.2059,0.5055,1.1599,0.7875,0.4806,-1.6946,-2.2665,2.1137,2.6557,1.9185,3.1487,5.3803,5.1838,5.2027,5.4566,4.7524,4.1958,2.5588,2.6834,2.5527,3.1172,2.5202,2.5308,2.8717,3.1533,2.4926,0.6476,-1.7698,-1.2053,1.1401,0.3199,-0.9736,-1.1932,-0.5646,-0.6535,-1.0210,-0.6384,0.1047,-0.6916,-0.6230,-0.1696
0.1672,0.2448,0.2431,0.0012,0.0738,0.1916,0.0590,-0.5637,-0.9555,-0.9367,-0.3605,0.2685,-0.0305,0.0274,0.2177,0.5800,1.2156,0.0786,-0.3624,-0.1672,0.1368,0.7039,-0.0937,-1.1107,-0.2058,0.1472,-0.0166,0.3968,0.6330,3.0374,2.4015,3.8060,1.3647,2.4953,2.3281,1.3490,0.1254,-1.2097,2.6092,2.8130,1.8489,2.1323,3.5941,3.7879,4.5937,4.5337,3.9858,2.8243,2.1071,2.2604,1.6762,1.8696,2.4782,2.5763,2.0563,1.9634,1.3324,0.5561,-0.8065,-1.1281,0.8794,1.9824,0.1182,-1.8990,-0.9941,0.1039,-0.0322,-0.4243,-0.7712,-0.8007,-0.6782,-0.5656
0.2138,0.2214,0.2468,0.1303,0.1990,0.2265,-0.1270,-0.5224,-0.5670,-0.9963,-0.1785,0.1300,-0.0968,-0.1542,0.0469,0.3315,1.6511,0.0373,-0.4807,-0.0489,0.2260,0.3565,0.0039,-1.2857,-0.9158,-0.1378,-0.1636,1.3691,0.5643,0.8060,1.7213,3.5397,2.9217,2.0568,2.2967,3.3754,0.1045,-1.1445,2.4164,2.7422,2.5039,2.5693,3.1623,3.9516,3.8456,3.6695,3.2021,3.2515,2.7945,2.4580,2.1455,2.4557,3.1095,2.2989,0.9304,1.8216,1.5560,1.3054,0.2362,1.1380,1.3532,1.9174,1.2859,-1.3585,-0.7314,0.3759,0.7349,0.3581,-0.1697,0.3585,0.2495,-0.8015
0.1512,0.2943,0.2911,0.0005,0.1126,0.0092,-0.0756,-0.5064,-0.4945,-0.6913,-0.4545,-0.0892,-0.2039,-0.1129,-0.1252,0.1301,1.3898,-0.2870,-0.5570,-0.0854,0.1800,0.2888,-0.3525,-0.5631,-0.8060,-0.2985,0.2794,1.6229,2.1627,3.2338,2.2333,2.9174,3.0754,2.1993,0.7484,3.4050,-0.1260,-1.3233,2.4259,3.0208,2.3983,1.9983,2.9694,3.2110,2.6658,3.3190,2.6542,3.0218,2.6163,2.3778,1.8950,2.8471,3.3204,2.2737,1.0249,1.3958,0.8813,0.2445,-0.6237,1.5962,2.6690,1.1130,0.4348,0.6150,-0.9851,-0.1639,0.5644,0.5941,0.6553,-0.2473,0.5046,0.2767
0.2611,0.2748,0.3683,0.1482,-0.1042,-0.0679,-0.1469,-0.3681,-0.5995,-0.5687,-0.9449,-0.2801,-0.1898,-0.2493,-0.2374,0.0780,1.2190,-0.6796,-0.5118,-0.0681,0.1232,0.2444,-0.3192,-0.6721,-1.3097,-0.7751,0.3451,1.8502,2.5067,2.1575,2.4243,3.1019,1.0856,0.1403,0.3182,0.9275,0.7440,-0.4923,1.9949,3.0209,2.4514,1.6892,2.2075,1.8653,1.8251,2.3695,1.3981,2.2309,2.1925,1.9940,1.8740,2.5849,3.1304,2.9074,1.5482,0.9652,0.3292,1.0131,1.2081,0.9517,1.2476,1.5737,0.8798,1.3689,0.1896,0.3909,0.9359,-0.3124,0.8225,-0.5609,0.4304,1.0212
0.2437,0.2121,0.5890,0.1824,0.0366,-0.1734,-0.1183,-0.1540,-0.3794,-0.6105,-0.7581,-0.6556,-0.3622,0.0307,-0.5639,-0.3824,0.6842,-1.1290,-0.5451,-0.1722,-0.1456,0.1245,0.0720,-0.2755,-0.4684,-1.0466,0.8543,0.6391,1.8951,1.8063,1.7184,2.6552,2.3089,0.2230,1.7827,2.5403,1.3787,2.2683,2.7243,3.6056,3.6159,1.2352,-2.2145,0.3412,1.2731,0.9245,0.7797,1.2459,1.3670,1.5937,0.4262,2.0261,1.9706,1.3720,0.1600,0.1152,-0.3765,-0.2150,0.8109,0.2964,0.1423,1.4162,2.4633,2.0406,0.8435,-0.0396,1.2640,-0.5409,-0.3050,0.6885,0.0726,-0.0669
0.0901,0.2305,0.3353,0.2794,0.1743,-0.1776,-0.2503,-0.0910,-0.5966,-0.8622,-1.2914,-0.8881,-0.2654,-0.0557,-0.8479,-0.5665,0.1729,-1.3109,-0.6232,-0.1889,-0.2794,-0.0382,0.3646,0.2297,-0.3129,-1.4237,-0.3077,-0.0627,0.8061,0.9852,1.3710,1.9567,2.6183,2.9751,4.7351,2.9343,0.8035,3.6198,4.7303,3.9425,3.3669,1.4113,-0.0674,2.1778,1.1003,1.3325,0.9792,1.2273,0.8999,1.6825,1.0479,1.6578,1.4134,0.7041,-0.1176,0.5307,0.3986,0.1478,0.3943,0.4438,0.5915,1.0849,1.6745,2.2493,0.8339,0.1765,1.0574,1.2680,-0.4174,0.2241,0.4995,-0.1460
0.3472,0.3726,0.3655,0.3544,-0.0054,-0.3011,-0.3064,-0.0665,-0.2727,-0.6166,-1.3155,-1.0545,-0.3451,-0.4349,-0.9205,-0.6102,0.0167,-1.6648,-0.8266,-0.3261,-0.2364,-0.2062,-0.6145,0.2326,0.1007,-1.4127,-1.2528,-1.3763,0.0885,0.6350,1.2890,2.6310,3.1642,4.1600,4.4217,2.4699,3.9223,4.2935,5.5509,5.4311,4.7425,3.8109,-0.1581,2.6589,1.0314,1.2588,1.5236,1.5387,0.3497,0.0484,1.2400,0.4316,-0.1040,0.4975,0.3924,0.5900,0.4034,0.1732,0.0785,0.6409,1.1046,1.6860,1.1811,0.5540,0.2058,0.2763,1.1707,1.7505,1.1847,-0.3477,0.5789,0.9243
0.4535,0.2926,0.2959,0.3292,-0.1289,-0.4106,-0.2726,-0.1448,-0.2076,-0.5433,-1.2404,-1.1463,-0.1670,-0.4336,-0.7972,-0.3631,-0.3289,-2.0185,-0.9626,-0.3354,-0.2630,-0.1558,-0.3605,-0.9517,0.4134,-1.3404,-0.8094,-1.0970,-0.9949,0.2016,1.3216,2.8730,0.8561,0.6516,3.3964,2.0343,2.4580,1.9462,2.9562,5.2871,4.3294,2.6876,-1.6134,0.5399,1.3256,0.6807,0.8340,0.5062,-0.7882,0.8017,3.8558,-0.0131,-0.4850,1.1646,1.7277,1.2355,1.1614,1.0520,-0.2331,0.7306,1.9585,1.7465,-0.0986,-0.5036,-1.1507,-0.4843,1.7919,1.0873,0.7201,-0.3848,1.4465,1.1923
0.2579,0.1394,0.2085,0.3082,0.0448,-0.3147,-0.3572,-0.1745,-0.0560,-0.6638,-1.1395,-1.0362,-0.2080,-0.5516,-0.5976,-0.3815,-0.6958,-2.6601,-1.3457,-0.6247,-0.2062,-0.2709,-0.1160,-0.3456,1.2805,-0.2651,-0.6703,-0.6977,-0.3831,0.8982,1.3723,0.9745,2.1143,0.0601,1.9593,1.5970,1.1232,2.0917,3.6655,4.3843,3.1429,1.4006,-1.5270,-1.0552,-1.2711,-0.6320,-2.7328,-2.8935,-1.1074,2.6625,4.9640,1.0944,-0.1324,0.5811,1.1200,0.8298,0.2151,0.0528,-0.2789,0.2687,1.7112,1.7555,0.1533,-0.7205,-0.9287,0.8672,1.8697,1.2570,0.9390,1.1736,1.8352,1.0340
0.1087,0.0726,0.1920,0.3371,0.3259,-0.1105,-0.2435,-0.1177,-0.0746,-0.6381,-0.6204,-0.5904,-0.4485,-0.5540,-0.7208,-0.4603,-0.8425,-3.0674,-1.3859,-0.6820,-0.0988,-0.3152,-0.1338,-0.0199,-0.1554,0.1891,-0.1558,-0.3826,0.3677,1.3956,0.6836,1.6310,2.6031,2.2913,1.3784,0.6542,0.9290,0.0768,2.2496,2.8715,3.0740,1.8320,1.6789,1.7627,-0.9417,-0.3136,-1.3785,-1.1507,0.5239,2.5473,4.4327,2.7134,0.0749,0.4720,1.5057,0.7919,0.3571,0.5350,0.3091,-0.0122,1.2344,2.1132,1.2688,0.7503,-1.5433,-0.7566,1.5154,0.7736,0.8203,0.8826,0.2890,0.1955
-0.1564,0.0319,0.1757,0.3042,0.5179,0.2258,-0.0648,-0.0905,-0.3821,-0.1885,-0.3415,-0.5157,-0.4775,-0.7493,-0.8637,-0.3226,-1.1200,-2.4234,-1.1275,-0.4902,0.0506,-0.2365,-0.1513,0.0903,-0.0852,-0.3509,-0.1648,-0.3920,0.4147,0.1165,1.2371,0.9373,1.7760,2.2171,1.4966,1.7137,1.9533,-0.0973,1.2429,0.6951,1.3685,1.4530,1.0666,0.6180,0.5902,3.6332,2.8549,1.5479,1.7753,2.8981,3.3775,3.9922,2.0002,0.3571,0.2729,1.1158,1.6500,0.9089,-0.3266,-0.3435,0.8515,1.6226,1.2626,0.5619,-0.1101,-0.0389,0.5468,0.9944,-0.1425,0.0804,0.6902,0.3352
-0.1299,0.0001,0.1073,0.2625,0.4909,0.4341,0.1074,-0.3331,-0.4247,-0.2168,0.0020,-0.2168,-0.4145,-0.8685,-0.7152,-0.2226,-0.8906,-1.5697,-0.6514,-0.2577,0.1408,-0.1342,-0.2170,0.3914,-0.1589,-0.6752,-0.2312,-0.3237,-0.3069,-0.4210,-0.1182,1.6566,3.9609,2.2298,2.0255,2.3507,1.9210,0.5105,1.3876,0.6836,0.4620,0.3862,-0.1903,0.5988,3.1913,5.4903,3.9742,3.2173,3.1182,3.3909,3.3418,3.3437,-0.7414,0.9176,0.5302,1.9232,1.7317,0.0648,-0.6542,-0.0169,1.2210,-0.1407,-1.0098,-1.0777,0.3228,0.1696,-0.2101,1.1840,0.8913,0.4597,1.4069,2.0768
-0.2400,-0.1108,0.0718,0.3552,0.5004,0.4765,0.2018,-0.2075,-0.3002,-0.3385,-0.3180,-0.0386,-0.2699,-0.6555,-0.2818,0.2688,-0.8752,-0.8372,-0.5535,-0.2388,0.1507,-0.1484,-0.0223,0.4908,-0.0676,-0.2870,-0.1943,-0.6239,0.2899,0.0718,0.9003,1.9093,3.7589,1.8928,1.3043,1.3856,0.7471,0.7757,1.2844,0.8748,0.8741,2.3223,2.6330,4.1469,5.1655,4.3819,4.2065,4.3113,4.0447,4.5102,3.2226,2.6667,-0.9552,1.5861,0.7390,1.3842,-0.3568,-0.3398,1.2169,1.4470,0.6302,-0.5154,-0.4508,-0.6604,1.0432,1.5078,2.0460,1.6598,1.5173,1.2002,1.7099,1.9150
-0.2246,-0.0586,0.1052,0.2552,0.4606,0.4313,0.1988,-0.2600,-0.4154,-0.2779,-0.3396,0.0888,-0.2375,-0.5153,-0.1968,0.6071,-0.9811,-0.5784,-0.5074,-0.0481,0.2190,-0.1762,0.3183,0.5028,-0.1537,-0.6497,-0.0625,-0.8234,1.2105,1.5802,1.9666,1.5845,2.3297,1.2335,0.6336,1.7703,0.6752,1.7116,2.1982,2.1653,1.9794,1.5809,1.9350,2.1389,4.3227,4.1958,3.7971,3.8241,4.4539,3.7770,2.8541,3.3784,4.2351,4.7874,2.0624,2.2743,1.0396,1.3837,3.4428,1.9340,-0.0380,-1.0684,-0.1756,1.1214,-0.1781,1.5097,3.8694,3.2640,2.4145,1.8971,1.5615,1.9120
-0.2383,0.1659,0.0665,0.3917,0.4768,0.4711,0.3031,-0.1340,-0.3044,-0.0953,0.0677,0.0576,-0.2381,-0.4973,-0.0389,0.6363,-1.4462,-0.3738,-0.3459,-0.0978,0.2430,-0.0334,0.6888,0.4090,-0.2342,-0.5558,0.2237,-0.4233,1.0774,1.9217,1.1008,-0.6484,0.3630,0.0462,0.0135,1.5019,1.8555,3.0223,3.8369,3.2261,1.6693,1.2736,1.7291,2.4960,3.2591,2.5535,2.5813,2.9938,3.8025,3.4774,3.0689,3.6969,4.6219,4.8092,2.1349,1.6798,1.4973,1.6298,2.9470,1.0880,-0.3430,0.3380,0.1864,1.4720,-0.3472,1.2702,4.2495,4.4518,2.7812,2.5437,2.0706,1.7720
-0.1878,0.0739,0.2838,0.2488,0.3562,0.3281,0.2276,-0.0690,-0.1348,-0.5106,0.0464,-0.0305,-0.3501,-0.4645,0.1089,0.5398,-1.9135,-0.3722,-0.2508,-0.2738,0.0072,0.0226,1.0074,0.2777,-0.4215,-0.4783,-0.1296,-0.6003,0.7161,0.9760,1.3467,-0.0175,-1.1576,-1.0133,-0.1100,1.4393,2.1091,2.1741,3.2139,2.1923,1.8664,1.9933,1.3901,1.8802,0.9956,1.7962,1.9796,1.8005,1.9552,3.2565,3.4015,2.6472,2.9691,2.8741,1.6717,0.6484,1.2624,0.9747,0.5043,-0.4282,-0.5189,0.6917,-0.1806,0.3256,0.2529,-0.1134,1.7584,4.1306,1.6430,0.1365,1.9018,1.7448
-0.1137,-0.1316,0.3177,0.2173,0.4299,0.4114,0.2561,-0.0076,-0.3081,-0.4099,0.1146,-0.0959,-0.3019,-0.2135,0.5621,0.0898,-1.5168,-0.2036,-0.0452,-0.4810,-0.1001,0.4623,0.8824,0.4513,-0.2757,-0.1812,-0.5297,-0.3587,0.0574,0.8764,1.5491,1.9259,0.1269,-0.2774,0.5190,1.7473,1.2831,0.3614,1.8492,2.8049,2.3485,1.7955,1.5366,1.5713,1.6759,2.4067,2.4229,2.2345,2.9152,2.7477,3.4022,2.0920,2.2140,3.5847,2.2858,0.6982,0.5269,1.7314,0.5282,-0.5466,-0.7750,0.4215,-0.1931,0.3101,2.0979,0.3465,0.1916,3.2043,1.9843,-0.2597,1.8990,2.1872
-0.0387,-0.1691,0.1920,0.1428,0.3027,0.4566,0.2126,-0.0099,-0.2852,-0.4057,0.2431,-0.3568,-0.4594,-0.2886,0.7720,-0.6457,-0.7971,-0.0753,0.1903,-0.5662,-0.1304,0.8610,0.5901,0.2684,-0.4960,-0.1173,-0.6663,-1.1494,-0.0291,0.4800,-0.4815,-0.6159,0.9333,0.1547,-0.5953,0.1587,-0.4059,-2.8084,-0.9175,2.2497,1.4882,1.3274,1.2828,2.3276,1.4864,2.1353,2.3425,3.1630,2.5386,2.9698,3.1498,1.3060,2.7015,3.2773,1.8409,0.8629,0.6971,1.4672,1.1505,0.3371,0.0778,1.2750,1.7643,2.1863,1.7028,1.6116,0.5254,1.0842,2.1155,2.5727,2.6432,2.2318
0.0023,0.0310,0.2766,0.1225,0.3205,0.3612,0.0582,-0.0649,-0.1544,-0.2947,0.0428,-0.3436,-0.4583,-0.2382,0.7594,-1.1290,-0.1339,-0.0759,0.2733,-0.7610,0.2080,0.9313,0.1946,-0.4489,-0.2616,0.2303,-0.0608,-2.5285,-0.2678,-0.0190,-2.8773,-1.5047,-0.7290,0.0244,-1.4484,-1.6763,-1.1399,-2.4562,-1.1684,-0.5673,1.8029,0.5446,1.7629,2.6532,1.3803,1.2884,3.3532,2.4905,2.5803,3.6933,1.9324,1.3754,2.9503,2.4906,1.6956,1.3761,0.2651,0.3075,0.3370,0.5019,0.5692,0.9413,1.4716,1.6857,1.2456,0.7985,0.9807,0.9755,1.3470,2.0815,2.4821,2.3434
0.0210,0.0851,0.1952,0.0660,0.1699,0.2017,0.0412,-0.0923,-0.0214,-0.1463,-0.0032,-0.2424,-0.3152,-0.0316,0.5571,-1.1437,0.0543,-0.1148,0.2373,-0.6181,0.6784,0.4198,-0.0643,-0.7118,-0.0043,0.2997,-0.3357,-2.9811,-1.5928,0.4235,-1.7399,-3.2317,-1.8463,-1.5581,-1.3128,-1.3544,-1.7645,-2.5483,-1.0933,-0.8855,2.2313,1.0922,2.8294,2.0809,1.4108,1.0899,2.5639,2.0030,2.8667,3.7996,1.7740,2.1999,1.5477,1.8002,1.8717,1.4742,0.5463,0.0346,-0.0805,-0.0459,0.0664,0.1180,0.3836,0.3235,0.3451,0.1136,-0.4666,-0.1239,-0.0470,0.1996,1.1473,1.8152
0.3425,0.1944,0.1568,0.0401,0.0515,0.0655,-0.1376,0.0558,0.1597,0.1959,0.0513,-0.0401,-0.0434,0.1493,0.3319,-0.9914,0.2639,-0.0135,0.2628,0.3855,1.1322,0.1021,-0.6378,-0.6202,0.2803,0.4022,-0.4283,-1.7360,-2.2523,-1.8082,-1.1847,-1.4130,-1.6797,-1.8880,-1.3699,-1.6469,-1.4525,-0.8282,-1.5682,0.1594,0.5171,2.1536,-0.1047,2.3857,2.7805,1.0787,1.7917,2.7682,3.4959,3.4084,2.3571,2.4329,0.9654,1.8696,1.9721,2.0499,1.0520,0.3730,0.5539,0.3818,0.2740,0.0882,0.2120,0.2161,0.1239,0.2110,-0.3091,-0.0990,0.4651,0.0894,1.0229,0.9661
0.3201,0.0200,0.1733,0.0112,-0.0441,0.0593,0.0543,0.3516,0.8194,0.4178,0.1313,-0.1784,-0.1511,0.3954,0.2002,-0.8337,0.3652,-0.0668,0.3773,1.2386,0.7144,-0.4887,-0.8952,-0.1033,0.2075,0.1450,-0.0614,-1.5194,-1.9082,-2.8955,-1.9233,-0.7096,-1.1101,-1.6324,-2.0047,-1.6040,-1.4444,-2.3146,-1.8851,-1.3419,1.2526,3.1009,-0.8752,0.7137,1.4019,0.9176,0.1272,1.9694,2.6651,2.4719,1.1472,0.9846,0.4266,0.9161,0.0961,0.8223,0.7605,0.6073,0.7425,0.5476,0.5432,0.4414,0.6537,-1.2345,1.5882,0.7737,0.1972,0.5563,0.9995,1.2966,0.5439,0.9294
