4.3164,2.0906,1.8691,1.3166,0.7978,0.6463,0.5908,0.8107,1.3259,1.7292,1.7380,1.0621,0.6698,0.6672,0.6401,0.4038,0.2358,0.4658,0.5198,0.4521,0.1800,-1.5165,-1.9329,-1.4064,0.0072,0.8335,1.0855,1.2306,1.6391,1.9993,1.5469,0.9430,1.7162,2.4393,3.7707,-0.9937,-6.3968,-6.7004,-6.6090,-5.9913,-5.4158,-4.9163,-5.1221,-3.5378,-1.5394,-0.6143,0.1002,-1.1842,-4.9925,-5.8500,-6.0435,-5.4677,-4.8837,-4.9613,-4.7979,-4.1591,-2.7670,-0.7175,0.1923,-1.2683,-2.1253,-1.1704,0.2485,0.3465,0.8379,1.5006,2.0014,2.4584,2.3748,2.6375,2.1926,0.7756
3.2590,1.6697,1.7260,1.0563,0.4496,0.1584,0.1617,0.2312,0.3665,0.8011,1.0314,0.3656,0.2111,0.2371,0.0607,-0.3970,-0.7354,-0.8141,-0.6386,-0.5860,-0.7997,-2.1944,-2.2983,-1.8007,-0.8764,-0.3481,-0.0321,0.0766,0.5018,0.5056,0.1379,0.0534,1.0942,1.5966,1.7695,-5.5207,-7.5126,-5.8145,-4.6183,-3.8156,-3.7875,-2.3501,-3.4891,-1.4969,-0.0351,0.0436,-0.8119,0.9817,-0.4229,-0.5037,-2.8888,-3.5849,-4.5125,-5.3688,-4.9040,-3.9105,-2.5041,-0.2600,-0.5066,-3.1548,-3.3228,-1.7515,0.0283,0.4749,1.0799,1.8849,2.7925,3.1023,3.6124,4.7631,4.2204,4.0182
2.9761,1.4589,1.4747,1.0325,0.6444,0.3490,0.3660,0.2106,0.1286,0.1463,0.3168,0.1229,0.2738,0.4388,0.0938,-0.4047,-0.7607,-0.9147,-0.7361,-0.5197,-0.6381,-1.5233,-1.4632,-1.0366,-0.5967,-0.1843,0.0179,0.1504,0.6651,0.4286,0.3312,0.8747,2.0203,2.9459,0.1984,-6.9439,-7.8584,-5.8176,-4.9315,-3.6851,-3.2312,-2.5818,-2.8941,-0.9657,-0.5174,0.0240,-1.8282,-0.4160,0.5454,0.6265,-1.7945,-2.8197,-3.0753,-3.6311,-2.5992,-1.3524,0.2091,0.8313,0.6387,-1.8343,-1.1699,0.6372,1.8947,2.0409,2.6730,2.1616,2.9590,3.6809,5.0877,5.6587,4.6185,4.9843
2.9175,1.4645,1.5243,1.2361,1.1449,0.8520,0.8859,0.6502,0.3828,0.1038,-0.0765,0.0589,0.5192,0.5625,0.1399,-0.3892,-0.6971,-0.7616,-0.4986,-0.2556,-0.2303,-0.6176,-0.3718,-0.4582,-0.5821,-0.4300,-0.1851,0.0266,0.5123,0.4280,0.6899,1.4399,2.1960,4.0681,0.6060,-7.1329,-7.8047,-5.4826,-5.1502,-3.6560,-3.1503,-2.3445,-1.6310,-0.0870,-0.2624,-0.3836,-1.8740,-1.7379,-0.7123,0.1290,-0.4113,-1.5794,-2.2498,-3.3519,-2.2968,0.1385,1.5428,1.2435,0.3203,0.1104,1.6292,1.9446,2.6061,1.9207,2.4843,2.7905,2.3579,3.0351,4.6544,5.1550,4.3668,5.6882
2.9814,1.4795,1.3515,1.2509,1.4335,1.4389,1.2270,0.9921,0.5862,0.2616,-0.4370,-0.1835,0.3791,0.6087,0.0557,-0.3882,-0.5940,-0.4875,-0.2960,0.0462,0.1627,0.2663,0.2706,-0.0691,-0.5691,-0.4568,-0.3405,-0.2136,-0.1085,0.3281,0.8753,1.4663,2.9704,1.9718,-4.1214,-8.9577,-6.2784,-4.0579,-3.5772,-2.6803,-2.4520,-1.5680,-1.2224,0.0339,-0.0939,-0.5846,-2.4156,-1.9705,-1.1656,-0.4944,-0.2031,-1.4102,-1.5839,-2.6341,-2.4167,1.9320,2.7215,2.7677,1.1299,2.7518,3.6262,2.9682,2.6492,1.8030,2.7523,2.7230,2.5216,3.0641,4.3882,4.8296,3.6234,4.1030
3.0103,1.5031,1.5729,1.5342,1.7692,1.8637,1.6114,1.1821,0.7716,0.3508,-0.5430,-0.6376,-0.1123,0.3746,0.1396,-0.2379,-0.3693,-0.2917,0.0999,0.3830,0.5153,0.5537,0.5371,0.0044,-0.4191,-0.5498,-0.5633,-0.5876,-0.6108,-0.1777,0.7928,1.8327,2.2732,-3.3740,-7.4393,-7.4183,-5.6503,-2.7623,-2.1902,-2.0659,-2.6480,-1.5383,-1.2381,0.2548,-0.1796,-0.9622,-3.5008,-2.5450,-1.6032,-1.0627,0.2638,-0.4735,-0.9575,-2.9828,-3.1560,0.3382,2.2204,2.3295,2.4097,3.2199,3.2936,3.0239,3.4559,3.5693,4.0516,3.9477,2.9543,2.8581,3.7745,4.7677,4.6362,2.9518
3.2338,1.6385,1.7724,1.7726,1.8653,1.9504,1.7191,1.3270,0.8463,0.4042,-0.6544,-0.9749,-0.5724,0.1284,0.1596,-0.0139,-0.1395,0.0711,0.5828,0.6533,0.6848,0.7025,0.5478,0.0245,-0.5297,-0.5957,-0.7311,-0.9989,-1.0701,-0.2307,0.8226,2.9469,0.1183,-5.7229,-7.6547,-7.0768,-5.0200,-1.7430,-1.6693,-2.8292,-2.7301,-1.5980,-1.5737,-0.1097,-0.4726,-0.8100,-3.9138,-4.0326,-2.1588,-2.0953,-0.6045,-0.4621,-1.0638,-3.2511,-4.0071,-1.5639,1.5616,2.0073,2.8540,2.8335,3.2045,2.3752,4.0857,4.2404,4.2969,4.3815,3.4445,2.6441,3.4008,4.4341,5.1692,3.6022
3.3675,1.9609,2.1665,1.9893,1.8210,1.7605,1.7332,1.2678,0.8395,0.2668,-0.6851,-1.0294,-0.8765,-0.2239,0.2208,0.2798,0.1490,0.3838,0.8656,0.8189,0.7165,0.6900,0.5743,-0.0206,-0.6458,-0.7416,-0.9309,-1.3351,-1.5107,-0.3555,1.4074,1.6135,-3.1792,-6.5954,-7.9023,-7.4564,-4.5688,-2.0246,-2.1655,-2.7249,-2.6223,-1.8683,-2.1810,-0.3499,-0.4620,-0.7330,-4.0445,-5.2237,-3.1936,-1.8350,-1.0568,-0.3464,-2.9420,-5.1428,-4.7905,-2.6572,0.8219,1.4530,1.8172,1.9747,2.0772,1.6175,2.6468,2.2966,1.3143,3.0090,3.0270,2.9986,3.5172,3.9560,5.3306,4.5054
3.6006,2.2827,2.4675,1.9231,1.6643,1.5798,1.3925,0.9956,0.6728,0.1909,-0.7622,-1.0985,-1.0046,-0.3902,0.2244,0.5716,0.5249,0.7807,0.9152,0.9588,0.8939,0.7796,0.3687,-0.2445,-0.6560,-0.7397,-1.0712,-1.4111,-1.4334,-0.2572,2.0272,1.1551,-4.0924,-6.7622,-7.4921,-6.6196,-3.3424,-1.0381,-1.5313,-1.5931,-2.0264,-2.5191,-2.5366,-0.7792,-0.7167,-1.6300,-3.9264,-4.7207,-3.6762,-2.5747,-1.1411,-1.1578,-2.5574,-5.7997,-6.3101,-1.7118,0.9506,1.3389,1.6612,1.5855,1.4497,1.0947,0.9076,-0.4237,-0.2719,2.0632,3.4180,3.9765,3.9741,4.0661,5.3524,5.0675
3.4969,2.2433,2.4623,1.7666,1.3506,1.0967,0.9895,0.6544,0.4200,-0.1163,-0.8722,-1.0203,-0.9564,-0.4330,0.3618,0.7315,0.8530,0.9954,1.0924,1.0850,1.1333,0.9396,0.2207,-0.4903,-0.5386,-0.9366,-1.1402,-1.3217,-1.1011,0.6394,1.8797,-1.6653,-4.4651,-5.5069,-6.3272,-5.6593,-3.0534,-0.4754,-1.3718,-1.2303,-2.0750,-2.7782,-2.6922,-0.9252,-0.9234,-2.5858,-3.6500,-3.0603,-2.8661,-3.7263,-3.0238,-2.5662,-1.3153,-4.9600,-4.4731,0.4711,1.5026,1.4452,1.9556,1.4658,1.5836,1.5328,-0.1051,-1.3720,-1.7400,0.6763,2.5644,3.8982,3.9575,4.1086,4.9172,5.1085
3.2011,1.8480,1.8941,1.2746,0.7887,0.5724,0.5985,0.1703,0.0406,-0.4325,-1.2381,-1.0073,-0.7330,-0.1890,0.4072,0.7332,0.8999,1.1754,1.2604,1.3489,1.2931,1.0419,0.1602,-0.4013,-0.5197,-0.7892,-0.9878,-1.0806,-0.8045,1.9929,0.4846,-2.6340,-3.0120,-4.4899,-5.8603,-5.1979,-2.8730,-0.1095,-1.2512,-2.2842,-2.7197,-2.9702,-2.5058,-0.8522,-0.8491,-1.9959,-3.4627,-3.1765,-3.1057,-3.7409,-3.8306,-3.1596,-2.6203,-5.1597,-0.8480,2.4211,2.7522,3.1345,2.5618,1.5749,2.0632,1.7282,0.0581,-0.5067,-1.4902,-0.0030,1.5046,3.3507,3.3926,3.5933,4.3138,5.1983
2.1579,0.8158,0.8702,0.7687,0.3526,0.1014,0.1838,-0.3846,-0.6068,-0.8487,-1.3595,-0.9409,-0.4922,0.0219,0.4199,0.5745,0.7023,1.1818,1.4463,1.5426,1.3257,0.9412,0.1993,-0.2964,-0.4680,-0.7424,-0.6994,-0.8207,-0.3390,1.0690,-3.4727,-3.1089,-2.9326,-4.7459,-5.9439,-5.5612,-3.2373,-0.6056,-1.6610,-2.6203,-2.9056,-2.5676,-1.9256,-0.6884,-0.7369,-1.3517,-2.9335,-2.7592,-3.0751,-3.5278,-2.0609,-2.8539,-2.2822,-4.5981,-1.6374,3.0797,2.3782,2.5485,1.8440,1.4761,1.9361,2.0943,1.3413,0.3257,-0.2851,1.1059,1.7204,3.4620,3.6016,3.8696,4.6545,6.1817
0.7402,-0.6928,-0.5794,-0.2367,-0.5955,-0.4233,-0.8796,-1.1666,-1.4331,-1.1689,-1.1027,-0.8037,-0.3082,0.2610,0.3759,0.4028,0.5717,1.2538,1.5012,1.5100,1.1407,0.7443,0.0672,-0.2647,-0.4446,-0.6400,-0.5503,-0.3455,1.5974,-3.3422,-5.3095,-3.9156,-3.5539,-5.1150,-6.9590,-6.3381,-3.5905,-0.9422,-2.1656,-2.3935,-2.6473,-2.0201,-1.3926,-0.7783,-0.1217,-1.5024,-1.5489,-0.6705,-0.6091,-2.2912,-1.3269,-2.0639,-0.8852,-4.0346,-3.6260,0.9023,0.7677,0.9939,0.4897,0.9830,2.2017,2.0365,1.6487,0.9981,1.2567,2.2925,1.9575,3.3129,4.0763,4.5168,5.5293,7.1731
-0.4340,-2.1105,-1.6301,-1.4593,-1.7890,-1.4251,-2.2894,-2.0032,-1.9892,-1.3289,-0.6231,-0.4818,-0.0466,0.4678,0.4959,0.3864,0.7118,1.2833,1.5455,1.2702,0.7609,0.2297,-0.1356,-0.1832,-0.1563,-0.4502,-0.3904,-0.4104,2.0064,-2.6089,-3.3782,-3.0370,-2.8438,-5.0289,-7.9057,-6.4347,-3.8565,-1.3658,-2.4246,-2.3414,-2.5269,-1.6350,-1.3319,-1.1353,0.4535,-0.3941,0.7912,0.9901,-0.2512,-2.6717,-0.6216,-0.2815,0.8234,-3.9308,-4.9454,-2.0228,-0.6909,-1.4509,-0.3335,0.6807,1.6142,1.4323,1.7164,1.3476,1.2409,2.0911,1.9797,3.0274,4.6923,5.9552,6.7003,7.7136
-1.0758,-3.0403,-2.3247,-2.7741,-2.8987,-2.6747,-3.7632,-2.6501,-2.3597,-1.4270,-0.3659,0.0155,0.3787,0.7458,0.6775,0.6355,1.0178,1.3930,1.4105,0.9238,0.2646,-0.1356,-0.3019,0.0318,0.1240,-0.0502,-0.3497,-0.6993,0.7500,0.2505,-1.6970,-1.1892,-1.9287,-5.4246,-8.0760,-6.2402,-3.7097,-1.9901,-2.9268,-2.9688,-2.7275,-1.6089,-1.4739,-1.1104,1.1356,1.4182,3.2970,2.7205,1.4152,-0.5852,0.9755,-1.7450,-1.6237,-4.8214,-6.4168,-2.0976,-0.9236,-1.1358,0.2689,0.7780,2.2366,1.5686,0.9635,0.1298,0.2129,0.7448,0.4610,1.5030,3.7942,6.1839,7.5566,8.2754
-1.2928,-3.0361,-2.2181,-3.1198,-2.9002,-3.2647,-3.8865,-2.8582,-2.2506,-1.0979,0.0334,0.4530,0.7115,0.9043,0.9502,0.9854,1.0209,1.2289,1.1105,0.4662,-0.1378,-0.5468,-0.4788,0.0365,0.3115,0.2629,-0.2179,-0.8875,0.1825,-0.3675,-0.8161,-0.3150,-3.0779,-6.6015,-8.3610,-6.7830,-4.2965,-2.9269,-4.0458,-4.2261,-3.4449,-1.7935,-1.6804,-1.2953,-0.1986,1.4249,3.0354,2.0384,1.0247,-1.4181,-0.5306,-3.2174,-3.9801,-5.3771,-4.6228,-0.1779,0.1086,-0.6604,0.1549,0.8561,1.8327,1.4277,0.4227,0.1184,0.3625,0.2945,-0.5025,0.0561,1.5518,4.4965,7.1907,8.6540
-1.0540,-2.5692,-1.9837,-2.9182,-2.7178,-3.1724,-3.3420,-2.4637,-1.3525,-0.4212,0.1937,0.6659,0.9677,1.2565,1.1247,1.1451,1.1571,1.2588,0.7961,0.2732,-0.2739,-0.5358,-0.5380,-0.1199,0.2101,0.1839,-0.5250,-0.6352,0.0707,0.3224,0.6501,0.1653,-4.3489,-7.6344,-8.7943,-7.2948,-5.7500,-4.3765,-5.9224,-5.7308,-4.0189,-2.2894,-2.1007,-1.7338,0.5220,2.3519,3.2729,2.5328,1.2737,-1.4092,-2.7450,-3.3233,-4.7765,-5.3477,1.1237,1.6231,1.0790,-0.4066,0.1724,0.2563,0.1740,0.1033,-0.1281,0.1753,0.8183,0.3498,-0.9846,-0.2081,1.5091,4.1114,7.2516,8.8573
-0.6765,-1.7229,-1.4372,-2.0178,-1.6531,-2.5480,-1.5899,-1.2467,-0.3446,-0.0090,0.4404,0.7611,1.0948,1.5079,1.3675,1.2559,1.2136,1.0333,0.7111,0.2009,-0.1430,-0.4536,-0.5702,-0.3861,-0.0314,-0.1417,-0.9277,-1.1425,-0.9567,0.4627,1.3449,0.1393,-3.4160,-7.0535,-9.1913,-8.4172,-7.3522,-6.7258,-7.8045,-6.3634,-4.5218,-2.7740,-2.9093,-1.5612,1.2444,3.2325,3.0674,2.1020,1.1474,-0.8655,-3.1792,-3.2321,-5.4055,-4.4948,2.4252,2.8927,1.8639,-0.2444,-0.0677,0.3913,0.5407,0.1878,-0.4177,-0.0055,0.7403,0.8329,-0.4217,0.2692,1.2181,3.5174,6.5617,8.7334
0.1485,-1.0120,-0.9770,-1.2038,-1.1199,-1.3351,-0.7537,-0.3934,-0.1184,0.2315,0.5869,0.9767,1.2931,1.6028,1.4742,1.2029,1.1033,0.9552,0.6771,0.4976,0.1396,-0.2722,-0.7024,-0.7143,-0.6474,-0.8139,-1.5649,-1.5830,-1.4348,-1.5144,1.3214,0.5467,-2.4430,-6.1281,-9.4926,-9.5166,-8.7740,-8.0241,-7.8885,-5.4550,-3.8168,-2.8438,-2.9964,-0.8774,1.8493,3.5299,3.2818,1.3237,-0.4766,-1.8915,-3.7635,-2.9835,-5.0580,-4.2107,2.7926,2.4429,2.0606,0.0056,-0.2793,0.2604,0.6915,0.1814,-0.7136,-0.4967,-0.3701,0.3663,-0.5311,-0.1722,0.5078,2.6039,6.6705,8.2433
0.5445,-0.9105,-0.7728,-0.8636,-0.8576,-0.9490,-0.4861,-0.2065,0.2303,0.5489,1.0029,1.3087,1.4527,1.6062,1.3559,0.9017,0.8045,0.8943,1.0664,0.8557,0.4103,-0.3270,-0.8355,-0.9067,-0.9763,-0.9611,-1.2316,-1.3746,-0.9571,-0.9611,-0.8834,-3.2491,-6.4333,-7.8021,-9.9435,-8.6261,-7.5094,-5.7586,-4.7468,-2.8615,-2.9620,-3.0914,-2.3300,0.3401,2.8181,3.9916,3.2819,2.2167,-0.8794,-2.3508,-3.5003,-3.4857,-4.0306,-3.9828,2.7103,2.0854,1.6556,0.9598,0.4905,0.3244,1.1096,0.4817,-0.2498,-0.1642,0.1348,0.4627,-0.0927,0.1567,0.5525,1.8071,5.9565,7.2308
0.6454,-0.7653,-0.7535,-0.8989,-0.8938,-0.8071,-0.4879,-0.1160,0.3733,0.7853,1.1163,1.4812,1.4642,1.5423,1.0183,0.5643,0.6329,1.1125,1.5585,1.3343,0.5773,-0.4901,-1.0470,-1.0550,-1.2141,-1.0120,-0.8740,0.0463,-0.0158,-1.6248,-5.9568,-6.9740,-5.5837,-5.6554,-6.4544,-4.8827,-4.4961,-2.9944,-1.2960,-1.1760,-1.7235,-2.7205,-0.8682,1.3216,3.7392,3.4566,2.0360,0.6747,-0.7965,-2.5944,-3.3640,-4.0327,-4.4995,-3.7464,0.5211,1.8617,2.0775,1.7492,1.0257,0.3314,0.9035,0.3266,-0.0450,0.3564,0.2122,0.4133,0.1847,0.8664,0.8056,1.5480,4.6189,6.1037
0.6863,-0.7627,-0.6306,-0.9277,-0.9468,-0.8865,-0.3947,-0.0597,0.5371,0.8269,1.2167,1.3944,1.4025,1.1271,0.6770,0.4044,0.5885,1.5851,1.9221,1.5145,0.4380,-0.9775,-1.2590,-1.2220,-1.0779,-0.5373,-0.5870,0.0505,-1.0300,-2.7520,-5.0560,-3.7050,-1.9430,-1.2577,-2.1356,-2.1148,-0.6367,0.9943,1.1986,-0.4188,-1.8942,-1.4685,0.1646,1.6118,3.2638,3.2150,1.8590,-0.4448,0.2176,-2.7088,-4.6948,-4.5197,-4.6852,-3.0712,-0.6955,1.7842,2.5967,3.0079,1.8519,1.5705,1.5991,0.2930,-0.1123,0.4604,0.2089,0.6838,0.5918,1.5033,1.1316,0.8959,2.3903,3.0628
0.7761,-0.7191,-0.5641,-0.8040,-0.9572,-0.8228,-0.3970,0.0772,0.5744,0.7851,0.8736,0.7257,0.7267,0.4891,0.4182,0.3639,1.0072,2.0545,2.0124,1.4910,0.0202,-1.3953,-1.7664,-1.4987,-0.9654,-0.0167,-0.0564,0.5137,0.1377,-1.7948,-2.9328,-1.1341,-1.4795,-0.7398,-2.0368,-0.9063,2.3014,2.6711,2.2767,-0.2473,-1.1686,-1.0930,0.3453,1.5234,2.7215,2.5395,2.3210,-0.2602,-0.5595,-2.2344,-4.0131,-4.4183,-5.3659,-2.6056,-0.9588,0.3764,2.7000,2.8057,2.0009,1.4342,0.9799,0.2475,-0.1604,-0.0423,-0.3687,0.3009,0.6940,0.8814,0.9560,0.9707,1.9205,2.4913
0.9145,-0.4395,-0.2958,-0.5641,-0.7038,-0.4873,-0.1378,0.3361,0.7263,0.6113,0.0060,-0.6308,-0.6228,-0.2346,0.0711,0.5725,1.7176,2.0779,1.9813,1.3087,-0.4773,-1.9888,-2.2237,-1.8742,-1.1344,-0.0491,-0.1702,0.1871,0.0702,-0.7807,1.1609,0.1053,-0.0949,0.2557,-1.4749,-0.4488,2.4092,3.6114,2.9081,0.9134,-0.1734,-0.2274,1.1024,2.4864,3.4164,2.7281,2.5326,0.6983,-1.6720,-2.0385,-3.8333,-5.2438,-4.6311,-2.5845,-1.5081,0.9015,3.4542,3.5402,2.7075,1.5962,0.7378,-0.4315,-0.3987,-0.1589,-0.3171,0.4464,0.6811,0.6051,0.4145,0.6343,1.0938,1.4871
1.2726,-0.0203,-0.0570,-0.4099,-0.4429,-0.1074,-0.0184,0.5301,0.6356,0.3662,-1.1949,-1.9323,-1.7915,-0.9755,-0.4671,0.6688,1.7748,2.0535,1.7899,0.9325,-1.2862,-2.3267,-2.3607,-2.0600,-0.9697,0.0049,-0.0865,-0.1010,0.2991,0.4250,0.3588,-0.6919,0.5833,0.6304,-0.4682,-0.1165,0.8528,3.3590,2.1602,0.5412,0.2548,0.4554,1.5714,2.3252,2.4547,1.5545,1.3676,0.6781,-1.8405,-2.7458,-3.3859,-4.1040,-5.2920,-2.3232,-1.3910,1.3021,3.3013,3.0360,2.5418,1.3274,0.8634,-0.4634,-0.4946,0.0276,0.1577,0.3498,0.6646,0.3297,0.0070,-0.1354,0.7953,1.3884
1.6050,0.3302,0.3253,-0.0972,-0.0411,0.1470,0.2575,0.5994,0.5824,-0.0269,-1.9854,-2.7702,-2.5795,-1.6991,-0.8763,0.5883,1.7316,1.7944,1.3972,-0.0781,-2.0839,-2.3036,-2.3460,-1.8729,-0.7931,-0.1369,-0.2936,0.1663,1.7228,2.0857,2.3741,-0.2728,-0.7796,1.8444,0.6699,0.0051,0.3989,2.0736,0.3456,-0.1565,0.1341,0.8845,2.3534,2.6016,1.9490,1.2129,1.8073,0.9698,0.0048,-2.9209,-3.2561,-4.1972,-3.7834,-1.7040,-1.8815,0.5528,2.4718,2.5858,2.3847,1.3000,0.7577,-0.3473,-0.5212,0.0469,0.7541,1.2009,1.3382,1.0117,0.2876,-0.2814,0.6967,1.4235
1.9789,0.5733,0.5281,0.2485,0.2491,0.3051,0.3248,0.6515,0.4507,-0.3405,-2.1191,-3.0843,-2.9688,-2.3053,-1.2575,0.5439,1.3480,1.2715,0.4547,-1.2720,-2.4172,-2.2655,-2.2101,-1.4169,-0.6640,-0.2657,-0.5097,0.5340,3.7967,2.8485,3.8086,1.4476,0.2463,0.6259,0.0918,-0.7283,0.8380,0.5270,-1.0920,-0.9640,0.0842,1.3226,3.2023,3.6196,2.3240,1.2439,2.6348,-0.6401,-2.2364,-3.2380,-3.4357,-3.7174,-2.7896,-0.4809,-0.7615,0.6010,2.0531,1.9233,2.0382,1.0479,0.5804,-0.2000,-0.0352,-0.1778,0.8334,1.7482,1.8372,1.2765,0.7200,-0.3266,0.6535,1.5328
2.1976,0.8618,0.8366,0.6450,0.5482,0.4717,0.5369,0.6832,0.3772,-0.5333,-1.9718,-3.0268,-2.9889,-2.7735,-1.5750,0.4194,0.6580,0.5320,-0.5547,-1.9725,-2.6857,-2.4813,-1.9244,-1.0923,-0.8061,-0.8679,-0.7109,1.4736,2.1989,4.1380,2.3804,-0.0660,-0.5933,0.4896,-1.6920,-2.2894,-1.5928,-2.8685,-3.5575,-2.2237,-0.4247,2.0828,3.1836,3.5747,2.5120,1.4213,2.4546,1.4047,-1.7727,-3.3197,-3.9484,-3.8104,-2.4656,0.4818,1.5718,2.3890,1.5043,1.6894,2.0123,1.1975,0.8163,-0.3370,0.0591,0.0904,0.6866,0.5584,1.1596,2.1697,1.6228,0.0361,0.6808,1.7489
2.4572,1.0285,0.8889,0.6598,0.7246,0.7512,0.6168,0.4528,-0.0728,-0.5914,-1.5151,-2.9583,-3.1922,-3.0442,-1.8827,0.1009,0.2079,0.1941,-0.8294,-2.2183,-2.5942,-2.3535,-1.5150,-1.0600,-0.9955,-1.2291,-0.7774,1.0191,3.0750,6.0349,3.3315,1.5970,1.0925,-0.3439,-3.5852,-4.2333,-4.4355,-4.5807,-4.0096,-1.8701,0.2602,3.1261,4.3365,4.4268,3.2271,1.9846,2.4096,2.8299,0.1232,-1.9833,-3.6671,-3.8906,-1.9976,1.0184,2.6244,2.4745,0.3369,1.7659,2.5303,1.4024,0.6454,-0.4486,0.0616,0.3488,0.3768,-0.0035,0.7339,2.2476,2.1073,0.8045,0.8242,1.4632
2.4817,0.9998,1.0252,0.7765,0.9420,1.0058,0.4397,-0.1801,-0.6370,-0.6572,-0.8961,-2.6449,-3.1565,-3.1454,-2.0549,0.0253,0.1691,0.0849,-0.8951,-2.4382,-2.5690,-2.1247,-1.3618,-1.2076,-1.3123,-1.6904,-1.1423,-0.5046,2.7147,2.2875,0.1273,0.8004,0.7010,-2.3368,-5.3034,-4.3922,-3.3893,-2.9435,-2.7172,-1.5958,0.2544,2.9390,3.7635,4.3876,3.7224,2.6162,2.4802,3.5517,1.5227,-0.2022,-3.0048,-3.3454,-0.0380,1.7023,0.7884,-0.2070,-2.7536,1.4964,1.9802,0.5861,0.2068,-0.4312,0.6370,1.0026,0.5159,0.2985,0.9712,2.7529,2.6333,2.2140,2.1188,2.0301
2.4987,0.8802,1.0010,0.8427,0.9640,1.0618,0.0224,-0.8923,-1.0167,-0.5953,-0.5833,-2.3352,-3.1750,-3.1838,-2.3932,-0.0768,0.3985,0.2207,-0.8840,-2.5198,-2.5704,-1.8645,-1.2700,-1.1123,-1.3106,-1.3356,0.8084,0.7051,0.8082,0.4645,0.0381,-1.8799,-2.1880,-2.5357,-3.6899,-2.9964,-3.0000,-2.9085,-2.7422,-1.1276,0.9478,2.7345,2.4186,2.9528,2.6635,2.6695,2.2856,2.7694,2.2304,1.1957,-1.0842,-2.5882,0.0499,1.8356,1.5999,1.3565,1.0214,2.0242,2.0156,0.2332,-0.0848,-0.0827,0.4748,0.7978,0.2933,-0.1485,0.2365,1.5619,2.3943,2.3273,2.4683,2.5440
2.4629,0.8372,1.1387,0.9942,1.0487,0.8053,-0.4508,-1.2032,-0.9308,-0.2619,-0.1653,-1.8668,-3.0119,-3.3957,-2.8144,-0.3454,0.4441,0.3604,-0.9148,-2.6957,-2.4633,-1.5730,-1.1328,-1.0913,-1.4879,0.5497,1.3504,1.1320,0.9226,0.4536,0.1805,-1.1627,-1.7034,-2.6726,-3.9695,-4.4610,-3.9444,-3.0355,-2.1428,0.5334,2.2297,3.2745,3.1539,2.9943,2.9118,2.6805,3.2684,2.7939,2.6350,2.1764,0.8050,-1.9406,-0.7807,1.6208,2.0665,1.2602,0.3608,0.0679,0.7705,1.0287,1.4412,1.6159,1.5119,0.9680,0.8534,0.4980,0.0042,0.8274,1.9950,2.2529,2.4814,3.6135
2.5261,0.9275,1.1002,0.8153,0.4267,0.2008,-0.7971,-1.2556,-0.8279,0.1336,-0.0596,-1.4606,-2.5609,-3.5224,-3.2944,-0.6276,0.7986,0.6331,-0.9892,-2.4502,-2.0816,-1.1978,-1.1524,-1.0228,-1.6916,0.6476,1.2686,1.1970,1.4869,1.0984,-0.2236,-2.5178,-3.4202,-3.9168,-5.6417,-6.1840,-5.2865,-4.2691,-2.7724,0.2679,2.7740,4.5747,4.4019,3.5603,2.7440,2.1931,2.9367,1.9649,2.3607,3.4063,1.8258,-0.5403,-0.6683,0.9111,2.4290,2.4818,0.8240,-0.1805,0.6693,1.1442,1.4346,2.0915,1.8443,1.4310,0.8501,0.4416,0.2143,-0.0380,1.3563,2.4346,2.5537,3.4955
2.5312,0.9475,1.1609,0.4384,-0.2937,-0.7646,-0.8572,-0.9203,-0.0149,0.5011,-0.0395,-0.8969,-1.7530,-3.5630,-3.3882,-1.0231,1.0153,0.6630,-0.7684,-1.9027,-1.6382,-0.9932,-1.0781,-1.3403,-1.7193,1.0721,1.3681,2.5998,1.0921,-0.6392,-2.9869,-4.6972,-6.9362,-5.7820,-5.3965,-6.5854,-5.8888,-6.1024,-4.5666,-0.5409,1.8649,4.1577,3.9914,3.3500,2.3548,2.1689,3.9262,2.6773,2.7680,2.7692,1.0998,-1.3869,-1.5932,1.3859,2.3226,2.6263,1.7583,-0.0671,0.3657,0.8729,0.7573,1.4185,1.4055,1.3939,0.9186,0.4878,0.3968,-0.0305,0.1941,1.3661,2.0912,2.8182
2.4590,0.8304,1.0713,0.0039,-0.7861,-1.2367,-0.9945,0.0555,0.9257,0.6270,-0.1040,-0.5780,-1.1824,-3.2320,-3.3266,-1.5098,1.0341,0.8386,-0.2974,-1.4459,-1.4978,-1.1840,-1.4403,-1.7057,-1.6806,1.2205,1.1411,1.5816,-0.7231,-1.8533,-4.7167,-5.6568,-5.4412,-4.2554,-5.2042,-6.8831,-6.9449,-7.6198,-5.8004,-3.0590,1.5670,4.7074,4.0042,3.1975,2.3249,2.0456,2.9403,2.4424,1.1189,3.3216,1.2897,-1.5852,-1.6341,1.1577,1.2965,1.8856,1.7628,0.5758,0.4446,0.7160,0.5523,0.5722,0.9791,1.1091,0.8905,1.0824,0.4743,-0.0021,-0.6643,-0.0190,1.7021,2.2533
2.3945,0.8175,1.0147,0.0170,-0.7918,-1.3720,-0.6265,0.8918,1.1884,0.5436,0.0907,-0.4454,-0.7902,-2.4066,-3.0016,-2.0040,0.7557,0.8974,-0.0639,-1.3169,-1.5477,-1.4204,-1.5209,-1.6793,-0.2939,1.1678,-0.6811,-0.8887,-0.2533,-0.3947,-2.0668,-2.6253,-2.3847,-4.3748,-5.0765,-5.6765,-5.3260,-5.8970,-4.8584,-3.3217,0.5085,4.2903,3.8887,3.0937,2.2447,1.5824,2.5100,1.3089,1.2556,3.0227,3.8468,0.2068,-1.1616,1.9224,1.7587,1.6081,0.8663,0.6957,0.6854,0.6983,1.8318,1.5655,1.2037,1.3093,1.5250,1.0702,0.5109,0.4911,-0.3368,-0.5121,1.3149,2.1369
2.3307,0.5327,0.4932,-0.0617,-0.5488,-0.9073,-0.0740,1.0354,1.1760,0.5121,0.1818,-0.2908,-0.2985,-1.7816,-3.0559,-2.3110,0.6717,1.1835,0.1081,-1.2044,-1.7235,-1.5570,-1.6344,-0.8149,0.9078,0.6801,-1.9607,-1.9233,-1.0007,-0.1201,-0.9223,-0.7225,-2.2870,-4.4231,-7.3257,-5.6671,-3.8650,-2.9922,-2.8113,-2.6587,0.2224,3.2765,3.2635,3.1955,2.4649,1.9637,4.1495,3.0454,3.2173,3.8779,4.7608,2.4985,0.1979,0.7655,2.5338,2.1842,0.9220,-0.1104,-0.3277,0.1286,1.7448,1.6525,0.7439,0.6053,1.7557,1.4422,1.1803,0.7758,0.2454,-0.4788,1.1757,2.1218
1.9316,-0.0931,0.0544,0.0557,0.2893,0.1361,0.5703,0.9938,1.0918,0.5101,0.2651,-0.1083,0.2891,-1.8242,-3.2092,-2.4738,0.7864,1.2222,0.4465,-1.5143,-1.7995,-1.4903,-1.6387,0.4740,1.5907,0.1813,-1.7526,-2.3398,-2.3394,-2.6732,-2.1990,-1.2621,-4.2748,-4.6544,-5.8975,-3.6815,-2.6269,-1.2629,-0.4513,-1.5152,0.1033,1.7365,2.9045,3.2630,2.4624,1.5218,4.4743,4.4830,4.8009,5.4202,8.4412,6.0598,3.8584,2.2723,3.0192,2.4258,0.6295,-0.6845,-0.6211,-0.6247,0.3789,1.2703,0.2993,0.3414,1.2720,1.7776,1.5654,1.6595,0.9074,0.1479,1.0769,1.6740
1.3434,-0.4617,-0.2099,0.3957,0.7366,0.6175,0.7139,0.8978,0.8726,0.4224,0.1940,0.0237,0.2395,-2.2772,-3.1851,-1.7173,0.9754,1.2428,0.0519,-1.9212,-1.9430,-1.4526,-1.0937,1.3428,1.2801,-0.5717,-1.4495,-2.2116,-2.7493,-3.9446,-3.6186,-2.3073,-4.4597,-4.0270,-3.7538,-3.4693,-1.9607,-0.4134,0.0690,0.5394,1.1970,1.8943,2.5586,3.5143,2.8572,1.4232,3.8479,4.0723,5.6789,6.8556,12.2708,10.3187,6.1578,2.1604,1.5359,0.2803,-1.2561,-1.4461,-1.1556,-1.2364,-0.9007,-0.2322,0.3820,0.0227,0.5841,1.0177,1.4790,1.9023,1.2451,0.9958,1.6533,1.7274
1.0871,-0.3404,0.0749,0.8972,1.0453,0.7841,0.8027,0.8389,0.7529,0.2673,-0.0396,-0.1939,0.0598,-2.0265,-2.2945,-0.5878,0.8833,0.8331,-0.9272,-2.4082,-2.0339,-1.6379,0.1710,1.4670,0.7544,1.0037,-0.9074,-1.8611,-1.5139,0.0454,-1.8569,-2.6794,-4.1627,-3.6633,-2.3247,-2.3264,-1.0467,-0.3764,-0.1248,0.8414,0.9808,1.5175,1.9954,2.7086,3.1060,1.3853,3.5180,3.7948,5.9384,7.0984,9.2945,4.2255,2.0302,0.2635,-1.1313,-2.1504,-2.5951,-1.9946,-0.9430,-0.7431,-0.4872,-0.6766,0.3016,1.0404,1.1353,1.6406,1.3961,2.0452,1.6235,1.7156,2.4055,2.3480
1.1000,0.2690,0.7281,1.1427,1.1020,1.0098,0.8082,0.7465,0.7025,0.3641,-0.1604,-0.3438,-0.1248,-1.2718,-1.2181,0.2691,0.7576,0.4813,-1.7702,-2.5913,-1.9036,-1.4407,0.6103,0.3883,0.4432,1.0137,-0.7629,-1.7676,-2.5446,0.8391,0.5575,-2.5180,-2.9568,-1.9403,-1.0556,-1.0651,-0.3093,-0.0194,-0.2563,-0.0839,0.0659,0.9480,1.2874,1.8344,2.6779,2.5664,3.4287,4.0670,5.5003,7.0495,8.1521,2.9208,-0.2123,-1.2226,-1.9291,-3.5475,-3.4582,-2.5815,-1.1431,0.1298,0.2336,-0.1933,-0.4060,0.2630,1.1425,1.4942,1.2867,0.7777,1.2469,2.1342,2.6200,2.9762
1.4694,0.8006,1.2761,1.1779,1.1367,0.9394,0.7786,0.4991,0.4782,0.0840,-0.2717,-0.4760,-0.1770,-0.5143,-0.2430,0.4152,0.5290,-0.0285,-2.5292,-2.8758,-1.9512,-1.2924,0.4461,-0.2910,-0.1196,0.3207,-0.6370,-0.1939,-0.1373,2.5940,1.2827,-3.2380,-2.6602,-1.0184,-0.3686,0.4827,0.5091,-0.8779,-0.3964,-0.6691,-1.0119,0.7394,0.6492,1.4812,2.4625,3.5322,3.4882,3.3793,3.7397,4.8684,5.6794,4.7145,-1.2906,-6.4588,-6.4305,-4.4664,-2.8560,-2.1718,-1.1319,0.2583,1.1514,1.0903,1.0933,0.9946,1.0262,1.3256,1.3167,0.8323,1.4136,2.2129,2.4748,3.1757
1.8716,0.9046,1.3063,1.2157,1.0627,0.9133,0.7120,0.4047,0.3669,0.0310,-0.2112,-0.3678,-0.1159,-0.1420,-0.0874,0.3949,0.4264,-0.4702,-3.2322,-3.1268,-2.2020,-1.2857,0.4674,-0.5423,-0.6159,-0.0826,-0.3486,0.2394,0.2741,3.0838,0.8856,-3.9187,-1.8076,-0.0353,0.6994,0.9520,0.5343,-1.6635,-2.3271,-1.9634,-1.4441,0.7066,1.0105,1.9208,3.3010,3.4366,3.7125,3.5328,3.9584,4.6270,5.1213,6.1242,1.5688,-4.4246,-6.0119,-6.2039,-2.5817,-0.8858,-0.1468,1.3248,1.7794,1.4875,1.1351,1.8991,1.4353,0.5053,1.1713,0.8454,0.8174,1.2885,2.0280,3.1598
1.9837,0.8956,1.2385,1.2579,1.1785,0.9435,0.7104,0.4423,0.4661,0.2559,0.1636,0.1159,0.1615,0.0888,-0.1622,0.1455,0.1377,-1.2012,-3.7980,-3.2848,-2.0507,-0.9691,0.8610,0.2220,-0.4354,-0.7213,-0.3867,-1.7321,-1.7884,1.2421,1.4007,-2.8450,-1.1247,0.3207,0.8342,0.5585,-1.4163,-2.6829,-3.2057,-2.6316,-1.0917,1.1810,0.7902,1.5388,2.9638,3.8614,4.1768,3.5439,3.9824,4.7834,5.1072,6.3931,4.3840,-4.1478,-4.5978,-5.1982,-3.8453,-0.6898,0.8899,2.4253,2.5626,1.1930,0.6204,1.6040,1.2818,0.2478,1.2327,0.9089,1.1088,1.2080,2.6196,3.8008
2.1193,0.9616,1.0715,1.0450,0.9791,0.9447,0.6316,0.3631,0.4094,0.5401,0.4669,0.3653,0.3885,0.0328,-0.4527,-0.0312,0.0496,-1.8396,-4.0740,-3.2463,-1.8585,-0.7824,0.5553,0.3822,-0.7431,-1.4723,-2.7060,-3.6485,-1.7238,1.2045,1.5113,-2.3703,-1.5226,-0.3754,0.0647,-0.5235,-2.4851,-2.8696,-3.2120,-2.5823,-0.9037,2.4388,2.5331,2.5834,3.5887,4.3477,4.0600,4.0714,4.8356,5.1598,5.1268,6.0176,5.2828,0.6130,-0.6210,-3.2447,-3.0639,-0.3398,1.3211,2.5265,2.5966,2.0132,1.0878,1.6211,1.1091,0.1694,0.9714,0.2444,0.1303,0.3683,1.9969,3.4178
2.2532,0.7816,0.9259,0.7528,0.8009,0.8036,0.7019,0.3860,0.3658,0.6524,0.7490,0.6269,0.6541,-0.0214,-0.6276,-0.2603,-0.1178,-2.5442,-4.0209,-3.0266,-1.6541,-0.5266,-0.1210,0.5220,-0.3882,-1.2382,-3.5262,-3.4300,-0.7169,2.6693,2.6104,-0.6470,-1.9851,-1.6207,-1.0816,-1.9196,-4.4347,-5.1319,-3.7237,-1.5011,-1.9048,0.7932,1.0470,2.1736,3.6244,3.9534,3.6460,4.4841,4.4301,4.0256,4.9840,5.7598,5.1955,4.5662,4.0136,0.5646,-0.3671,0.5738,1.5567,3.0276,2.7855,2.5281,1.1136,1.0629,0.4237,0.0184,0.0683,-0.2741,-0.3512,0.1759,1.6590,1.8912
2.1508,0.6053,0.7293,0.6091,0.6559,0.8432,0.7515,0.4621,0.3057,0.5976,0.8199,0.8860,0.8868,0.0741,-0.7292,-0.4427,-0.4232,-3.0524,-3.8652,-2.6608,-1.5970,-0.5948,-0.6209,0.5580,-0.8103,-2.2514,-4.1122,-2.9362,0.1174,2.5998,3.1756,1.2829,-2.0032,-2.6897,-2.7661,-2.7965,-5.4267,-5.7412,-4.5854,-2.2873,-0.7281,1.7536,1.5173,2.6060,3.5472,3.6687,3.1583,2.6548,1.3390,0.9980,4.0191,5.6088,5.7310,5.9676,5.9020,4.0143,3.0963,2.0901,1.3240,1.8284,1.8864,2.2816,1.8149,0.3802,-0.5176,-0.8517,-1.5739,-1.5595,-0.4032,-0.3727,1.3836,-0.9530
2.1219,0.7466,0.8087,0.7771,0.8899,1.0579,0.9688,0.5546,0.2475,0.4281,0.8835,1.1011,1.1405,0.1868,-0.7505,-0.4958,-0.8236,-3.4296,-3.5157,-2.2880,-1.7912,-1.0673,-0.8894,1.1315,-0.3072,-2.5120,-2.9635,-2.6577,-0.2700,1.0689,1.6424,1.8966,-2.0668,-3.4536,-4.5650,-4.8556,-6.3282,-6.3512,-5.6942,-3.6569,-1.9729,1.4751,1.4096,2.5922,4.2188,5.2048,5.5132,6.2683,5.9612,6.3290,6.3234,5.9387,5.5116,5.2896,5.0539,4.2445,3.2602,2.6600,1.6057,0.8404,0.4593,0.9073,0.6832,-0.7652,-1.2651,-1.5470,-2.4967,-2.6443,-1.3122,-0.6307,0.7023,-0.1765
2.1094,0.7729,0.6971,0.7131,0.8145,1.2043,1.0887,0.5523,0.0785,0.3343,0.8065,1.2305,1.1738,0.2542,-0.8542,-0.4831,-1.2285,-3.6031,-3.1794,-2.3340,-2.0192,-1.2786,-1.0123,1.3262,0.2534,-1.7346,-0.8222,-0.3542,1.0323,1.3741,1.5191,0.7916,-3.4088,-4.6059,-5.3785,-5.5565,-6.0517,-5.1881,-5.2637,-4.5067,-3.4028,0.4212,0.8628,2.3081,3.4438,4.6082,5.2109,6.3494,7.5523,7.3374,6.5981,6.1380,6.0943,5.8393,5.5535,4.7252,4.1371,3.3124,2.0287,0.6923,-0.4157,-0.8877,-1.0367,-1.7160,-2.4263,-2.2487,-2.5287,-2.1429,-1.6406,-1.6317,0.0492,0.1702
1.9943,0.6519,0.7854,0.6618,0.8297,1.1325,1.1009,0.4618,0.0375,0.2329,0.7450,1.2145,1.3668,0.2501,-0.7749,-0.4331,-1.4012,-3.8588,-3.3523,-2.5113,-2.1492,-1.2140,-0.4105,0.9881,0.5084,1.3853,1.2771,0.6697,0.8006,2.8568,2.4851,-0.8632,-4.0700,-5.2102,-5.9069,-5.3522,-4.6659,-4.1056,-3.8142,-3.3045,-2.0317,1.4724,2.7833,3.9354,5.0801,6.2612,6.6861,7.6141,8.1878,7.8136,6.6918,6.0816,5.6589,5.2299,4.9824,4.4981,4.3709,4.0434,2.2687,0.8550,-0.7170,-2.1280,-2.4130,-2.7455,-3.2421,-2.4683,-2.3533,-2.2370,-1.9866,-2.0891,-0.6023,0.0649
1.8445,0.4872,0.7126,0.6947,0.7368,1.0407,1.0345,0.4618,0.0518,0.1295,0.5279,1.0746,1.3515,0.1149,-0.8639,-0.4312,-1.6594,-4.0555,-3.5696,-2.6739,-2.4334,-0.7114,0.2934,0.0568,1.8407,1.8482,0.9462,-0.1543,-0.7551,0.5082,1.7070,1.0974,-2.6986,-2.6025,-3.5322,-4.4060,-3.8542,-3.3175,-2.9772,-3.2268,-1.8566,2.4106,3.8339,5.1063,6.7807,8.1448,8.1852,8.3573,9.1296,7.5362,5.9864,4.7566,4.6412,4.2185,3.5785,3.0470,2.9672,2.9973,2.0774,0.2941,-1.2300,-2.7923,-2.7763,-2.8858,-3.0467,-2.3156,-1.2985,-1.0021,-0.8069,-0.9567,-0.3669,-0.1837
1.7339,0.4820,0.7995,0.7986,0.8060,0.9910,0.9949,0.5625,0.2505,0.1526,0.4914,0.9748,0.9570,-0.0934,-0.9109,-0.3930,-1.8431,-4.3224,-3.7806,-2.8931,-2.5705,-0.2673,0.7652,0.9574,2.0498,1.7240,-0.0957,-2.2412,-4.1800,-4.0171,-1.9785,1.5567,0.0434,0.2606,0.1141,-1.2327,-3.2915,-2.6716,-2.6298,-3.2499,-2.2540,1.9819,3.5856,4.3374,5.2233,5.6598,5.6541,6.0861,6.8934,6.5483,4.2905,3.5728,3.6113,3.5427,2.6649,2.1120,1.8019,1.7681,1.0236,-0.2344,-1.6840,-2.6562,-2.9615,-2.7777,-2.9616,-2.5587,-1.5788,-1.2412,-1.0585,-0.7903,-0.3146,-0.0555
1.7284,0.5067,0.7365,0.6699,0.5818,0.8290,0.7971,0.4350,0.2120,0.1666,0.2819,0.6225,0.4183,-0.3764,-1.0491,-0.3736,-2.1302,-4.1364,-4.0395,-3.1043,-2.5035,0.5022,0.5995,1.1891,1.5618,1.2931,-1.6149,-3.0403,-1.9355,-1.5626,-0.2725,0.1795,1.2371,1.3440,1.1935,-2.2215,-3.9708,-2.8622,-3.0836,-3.2539,-3.0219,1.4482,2.3037,2.6972,2.9206,2.5860,2.6322,2.6663,3.4467,4.3931,3.5028,2.3628,2.6779,2.2575,1.7478,1.4192,0.9528,0.7274,-0.2542,-0.9708,-1.5892,-2.4163,-2.6391,-2.2715,-2.1278,-1.9089,-1.1703,-0.8294,-0.7615,-0.4443,-0.3298,0.1629
1.6527,0.3748,0.7192,0.5281,0.5294,0.7819,0.9111,0.5398,0.3556,0.2661,0.2474,0.3907,0.0972,-0.6688,-1.0737,-0.2951,-2.2658,-3.8321,-4.0676,-3.2262,-2.7323,0.5104,0.8916,0.8236,1.0013,1.3126,-1.9085,-2.1111,0.0717,1.3883,0.8649,-0.0508,0.2586,-0.4604,-1.2014,-5.8434,-5.9324,-3.7804,-3.7699,-3.5635,-2.4039,0.2758,0.9411,1.7999,1.9693,1.5626,1.2030,0.5215,0.7495,1.8377,1.4496,0.9845,1.8527,1.6545,1.1506,0.7218,0.2424,-0.0384,-0.7558,-1.1546,-0.8262,-1.3784,-1.5762,-1.4481,-1.6213,-0.8947,-0.3816,-0.3997,-0.8349,-0.2651,0.0581,0.6299
1.4704,0.2049,0.5922,0.5824,0.5275,0.7056,0.6909,0.5558,0.2893,0.1839,0.0364,0.1535,-0.0844,-0.8064,-1.2198,-0.3856,-2.6731,-3.6570,-4.1323,-3.0937,-2.8224,0.3054,0.6405,0.5518,0.5171,0.7686,-1.6383,-2.1006,0.9202,1.9158,1.1502,-0.0102,-0.0812,0.5808,-1.0502,-6.4975,-6.7999,-4.4702,-2.0874,-1.3626,-0.6624,0.6039,0.3285,1.7811,1.9917,1.6996,1.1801,0.2225,0.1991,0.2641,-0.2639,-0.5631,0.1723,0.1671,-0.1931,-0.3868,-0.6829,-0.5125,-0.8938,-0.9268,-0.2850,-0.3668,-0.3068,-0.2240,0.0276,0.5143,0.3928,0.2828,-0.0045,0.0953,0.8501,1.2647
1.3973,0.3078,0.6854,0.6702,0.6436,0.6643,0.7528,0.5806,0.4028,0.1755,-0.0130,0.0896,-0.0164,-0.7281,-1.0309,-0.2123,-2.8017,-3.1736,-3.2861,-2.9811,-3.2340,-0.7597,-0.2836,0.7818,-0.0530,-0.4560,-0.3114,-1.6055,1.4905,2.3989,1.0020,0.2508,0.9014,1.8467,2.4836,-3.7004,-6.4972,-4.9779,-2.7806,-0.8862,-0.5250,0.3847,0.2869,1.6285,1.2038,0.9537,0.2407,-0.5073,-0.5947,-1.7060,-2.4351,-2.6786,-2.6421,-3.1120,-3.6999,-3.4368,-2.6617,-1.5203,-1.2225,-0.9152,-0.0278,0.7617,1.4581,1.5320,0.7015,0.5570,0.6274,0.3909,0.2726,0.3576,0.8001,1.4052
1.5099,0.4430,0.7666,0.7123,0.5419,0.5776,0.6422,0.5681,0.3913,0.2300,0.0495,0.0909,-0.2131,-0.6347,-0.8711,-0.4492,-3.1688,-3.0479,-2.7122,-2.5077,-2.7032,-1.9443,0.0591,0.9273,-0.2871,-1.1756,-0.7530,-0.2873,0.7169,2.4787,2.2364,1.8656,1.6913,2.3844,2.7081,-0.4501,-2.8052,-2.6369,-0.5854,0.6118,1.9911,1.9293,0.3002,0.7331,0.1455,-0.8831,-1.0255,-1.9742,-2.2338,-3.2829,-4.1157,-4.9550,-5.2327,-5.4781,-5.4187,-4.8700,-4.0487,-2.6814,-1.9865,-1.3993,-0.3164,0.5026,1.6145,1.9162,1.2706,0.1865,0.5513,1.1500,1.4900,1.2820,1.3009,1.8476
1.4711,0.3412,0.7794,0.6470,0.5725,0.5205,0.6403,0.4927,0.4099,0.2276,0.2015,0.1318,-0.2575,-0.6153,-0.4418,-0.5192,-3.0795,-3.0533,-2.2117,-1.9015,-2.2563,-2.2083,0.2530,1.0874,0.6923,-1.0839,-0.2805,-0.3776,1.4508,2.3607,1.3835,-0.8113,-0.3125,0.7436,2.3980,2.2113,1.4259,-0.5995,-0.9657,-0.1735,1.0969,1.7567,0.5819,0.4929,-0.3740,-1.3241,-2.3637,-3.3954,-4.1826,-4.5208,-5.2026,-6.6717,-6.9077,-6.0683,-5.9991,-5.0450,-4.2136,-2.4383,-1.9176,-1.1601,-0.1042,1.1370,1.7953,1.6832,1.8161,-0.0449,-0.7062,-0.2848,1.0116,1.4011,1.8156,2.1971
1.2853,0.0837,0.5846,0.5939,0.4700,0.5405,0.6195,0.5818,0.4367,0.2418,0.2155,0.0716,-0.3200,-0.5499,0.0011,-0.3392,-2.8040,-3.3219,-2.3338,-1.7691,-2.1363,-2.0624,-0.7017,1.7197,3.8351,0.1903,0.0722,-0.3123,0.9521,-0.1839,-2.0866,-2.1832,-0.1440,2.0071,2.0757,2.3339,2.6565,0.3178,-0.0008,-0.3156,0.4979,0.8422,0.3890,0.0110,-0.8517,-1.8581,-2.4993,-4.1623,-5.5142,-5.8900,-6.0195,-7.2877,-6.8746,-6.1830,-5.9104,-5.0284,-3.4861,-1.3072,-0.6073,-0.1196,0.9742,2.0019,2.3502,2.2170,1.9571,2.0459,1.1712,0.2055,1.1047,1.5852,2.1330,2.5906
1.2301,0.0801,0.6724,0.6960,0.6197,0.6928,0.8532,0.7050,0.6127,0.3989,0.3810,0.3311,-0.0407,-0.3824,0.2521,-0.1528,-2.0733,-3.3127,-1.9436,-1.5889,-2.0101,-1.9469,-0.3202,0.3755,1.5792,-0.0893,-0.3960,-0.8915,0.4187,-1.9232,-3.8557,-3.7782,0.5865,2.9922,3.4574,1.1211,0.5637,-0.7878,-0.5301,-1.1258,-0.3913,-0.5548,-0.2376,-0.9475,-1.8149,-2.3211,-2.9555,-4.4257,-5.5338,-5.6425,-6.2321,-7.4333,-6.7269,-6.2717,-6.4859,-5.3901,-2.6960,-0.3898,0.0966,0.1356,0.9693,1.5357,1.4952,1.6893,1.5221,2.2754,2.1102,0.8284,1.5219,0.5672,1.4332,2.2848
1.1495,0.0140,0.5548,0.6799,0.6912,0.8972,0.9748,0.7690,0.6636,0.6548,0.6367,0.4512,0.0939,-0.1499,0.4771,0.0415,-1.5221,-3.1160,-1.7025,-1.3987,-1.7252,-1.4044,-0.1087,0.4186,-0.8231,-1.2992,-0.9125,-1.7228,-1.1068,-1.6815,-0.1612,0.7649,1.4327,3.1888,2.7217,0.6724,-0.0887,-1.5379,-2.4930,-3.3963,-2.4088,-2.5925,-2.0585,-2.5148,-3.0890,-3.9135,-3.7402,-5.5438,-6.3483,-6.8098,-6.7849,-8.9204,-8.2322,-5.7852,-6.0951,-5.2156,-2.8207,-0.3271,0.0239,-0.4449,0.2159,1.0154,1.1370,1.6007,1.5883,2.0708,2.7514,1.8828,1.3168,0.3686,0.0215,1.0610
1.0242,-0.2113,0.5878,0.6291,0.8083,0.9502,1.0932,0.7657,0.7352,0.7114,0.7758,0.5165,0.2352,0.0589,0.7390,0.2122,-1.1758,-2.7304,-1.2575,-0.6764,-1.1069,-1.0674,0.2027,0.0462,-1.1614,-1.7546,-1.0336,-1.6345,-2.1541,-1.4499,2.1371,2.0639,1.2176,1.1584,0.6684,1.0377,1.3601,0.1351,-1.7286,-4.0377,-4.2975,-4.0203,-3.6064,-3.9380,-4.8342,-4.9820,-4.7052,-5.8228,-6.6952,-7.0203,-6.5865,-9.7576,-5.3130,-4.5543,-4.7108,-3.3548,-1.9261,0.2390,0.3474,-0.2259,0.0124,0.2410,-0.0714,0.2110,0.7124,0.9274,1.6025,1.7933,1.4955,1.0715,0.7852,-0.1797
0.8792,-0.5131,0.3803,0.6376,0.7086,0.9133,1.0001,0.7883,0.6789,0.8054,0.7618,0.6115,0.2996,0.1801,0.7530,0.0971,-1.1962,-2.5892,-1.1502,0.0167,-0.8279,-1.1124,-0.1276,-0.2516,-1.6539,-1.3294,-1.1264,-1.7751,-1.7910,-1.9571,1.5818,2.8443,1.3798,-1.5263,0.2173,0.8567,1.6661,-0.2953,-1.2987,-3.4630,-3.8021,-4.4304,-5.2395,-5.5048,-5.5454,-4.1590,-3.7683,-4.5614,-5.1496,-5.5588,-5.0527,-6.3935,-5.1092,-4.2319,-3.6659,-3.1815,-1.7261,-0.0580,0.0140,0.1507,0.8046,1.1693,0.5866,0.5341,1.1307,0.9644,0.5804,1.1956,1.3016,1.1540,1.1731,0.1027
0.9512,-0.4123,0.5206,0.8470,0.8864,0.9400,0.9802,0.8177,0.8438,0.9630,0.9232,0.9014,0.6225,0.4193,1.0157,0.2647,-1.0292,-2.0498,-0.4014,0.7958,-0.6412,-1.3508,-0.6959,-0.4514,-1.4651,-1.6300,-0.8851,-1.7080,-0.9533,-1.9258,0.8722,2.3804,2.5758,1.0275,0.9830,0.7255,1.5820,-0.9209,-1.4328,-2.8741,-3.3757,-4.9576,-5.5230,-5.1044,-4.3837,-3.4639,-3.3110,-3.2798,-2.9548,-3.1202,-3.0882,-2.7344,-3.2076,-2.1662,-2.5838,-2.6617,-1.9045,-0.6315,0.1950,0.0271,0.7018,1.3297,0.6605,0.2570,0.4096,0.1731,0.2178,1.0100,1.0562,0.9838,1.3387,1.1007
1.0428,-0.4051,0.4607,0.7694,0.8535,0.9120,0.9093,0.8007,0.9081,1.0369,1.0317,0.9490,0.7032,0.5808,1.1794,0.1193,-1.2478,-1.6491,0.0749,0.8164,-1.2550,-2.0907,-1.3872,-0.7421,-1.3587,-1.0376,0.2463,-2.0556,-1.7599,-2.8108,-0.6951,1.2565,2.5594,1.5273,0.6139,-0.6248,-0.7145,-3.2972,-4.5041,-3.6429,-3.8956,-4.3999,-4.5564,-3.7077,-2.7879,-3.0167,-3.6102,-3.3753,-2.6144,-2.2366,-3.2350,-2.8237,-2.6054,-1.5750,-1.6430,-1.4643,-2.0562,-0.9520,0.1566,-0.1350,-0.1772,0.1677,-0.0049,-0.1497,-0.0121,0.2205,0.5200,0.9845,1.3456,1.2485,1.6916,1.6250
1.0364,-0.4151,0.4794,0.5975,0.7867,0.9086,0.9858,0.7878,0.8367,0.9213,1.1248,0.9769,0.7593,0.6323,1.3922,0.1251,-1.1600,-1.2687,0.6593,0.7610,-2.0589,-2.8164,-1.6088,-1.0243,-0.7789,-0.5655,0.5855,-2.3058,-2.3627,-1.6408,-0.8096,-0.0225,1.0218,0.6479,0.1920,-0.5445,-1.1197,-4.6364,-6.4887,-5.6965,-4.6568,-3.9408,-3.4347,-2.7989,-2.5995,-3.4228,-4.3330,-4.1358,-3.2446,-2.4740,-2.9083,-2.5815,-1.4860,-0.4503,-0.6815,-1.1136,-2.1210,-1.7584,-1.1887,-1.0479,-0.6905,0.1742,0.1507,0.1232,0.1579,0.1433,0.1633,0.5969,1.1083,1.5552,2.3224,2.3174
0.9120,-0.6880,0.1148,0.3869,0.5447,0.7896,0.8855,0.7544,0.7112,0.8198,1.1363,0.9816,0.6436,0.7042,1.4699,0.1896,-1.1125,-1.0865,0.7024,0.5028,-2.6038,-3.1796,-2.0017,-1.2670,-0.4785,-0.2567,-0.5650,-2.0989,-4.0067,-1.0887,-1.1649,-0.8159,-0.2854,-0.6314,-1.3036,-1.7221,-3.0910,-7.6552,-8.8299,-6.8408,-4.7974,-2.8594,-3.2924,-3.3578,-4.0418,-4.8853,-5.4387,-4.6399,-4.1278,-3.2967,-3.2081,-2.8067,-1.7781,-0.2197,-0.9482,-1.1855,-1.7479,-1.1229,-0.7908,-0.6054,-0.1130,0.6086,0.3582,0.4602,0.5685,0.4162,-0.0891,0.1281,1.1343,2.0955,2.8548,3.1504
1.0462,-0.5185,0.2551,0.4587,0.7419,0.8107,0.9627,0.8902,0.8175,0.9879,1.4993,1.2975,0.8905,1.0169,1.5848,0.3997,-0.5688,-0.6002,1.1473,0.5427,-2.4999,-3.2752,-2.1756,-1.0981,-0.0515,0.3260,-0.2252,-1.4645,-3.3403,-1.4746,-0.0447,-0.9265,-1.6215,-2.0567,-2.2535,-3.5200,-7.0755,-10.6860,-10.9106,-8.0611,-4.7494,-2.5894,-3.0019,-4.1946,-3.8644,-4.3321,-5.0063,-4.4496,-3.7771,-2.5444,-2.4262,-1.5538,-0.7355,1.1220,-0.1056,-1.1812,-1.4100,-0.8085,-0.5205,-0.2854,0.0642,0.8599,0.6625,0.8360,0.9482,0.6033,-0.3544,0.3502,0.8243,1.2402,2.2667,2.7840
1.0983,-0.4648,0.2562,0.4884,0.7546,0.9244,1.0667,0.9197,0.9215,1.2945,1.9011,1.5648,1.2227,1.4531,1.6656,0.4925,-0.2857,-0.1439,1.2623,0.5402,-2.7485,-3.8272,-2.7753,-1.2431,0.0721,0.5193,-0.3495,-1.4860,-2.1812,-2.3398,-1.2697,-3.9251,-2.9650,-2.6555,-3.0364,-4.6447,-7.6483,-9.1387,-10.0703,-9.3566,-6.1455,-1.8266,-1.5664,-2.3409,-2.3956,-2.3753,-3.0159,-2.8576,-2.5170,-1.2081,-1.2029,-0.8601,0.1695,0.9918,0.0054,-1.3501,-1.3611,-0.7255,-0.4185,-0.3938,-0.3235,-0.1460,-0.2791,0.3008,0.3695,0.3025,0.9261,1.1753,0.4491,0.0108,1.3565,2.1914
1.1681,-0.3954,0.3614,0.3641,0.7980,0.9461,1.0781,0.8273,0.9004,1.3675,2.1798,1.6104,1.3631,1.6539,1.8635,0.6412,-0.1402,0.1422,1.3680,0.3911,-3.2338,-4.8736,-3.3782,-1.2239,0.1501,0.4753,-0.0861,-1.2424,-2.7910,-2.7825,-1.3441,-3.6485,-4.2982,-4.4316,-4.0447,-6.2352,-6.0622,-7.2837,-8.0526,-8.2894,-7.0269,-1.4456,-0.8036,-0.1086,-0.8064,-0.2525,-1.1014,-1.2607,-1.5036,-0.1357,0.2035,0.4124,0.7566,0.8009,0.6859,-0.2680,-0.8825,-0.7053,-0.9200,-1.2335,-1.3912,-1.1205,-1.4151,-1.2746,-0.8492,0.0480,1.1470,1.3647,0.5163,-0.4204,1.1959,1.5092
0.7353,-0.8311,-0.2060,-0.1275,0.0734,0.3700,0.4845,0.4553,0.4351,0.9183,1.8265,1.4871,1.2347,1.6736,1.8501,0.5851,-0.4652,-0.4734,0.6859,-0.1085,-3.8303,-5.3711,-3.8207,-1.4424,-0.0564,0.4062,0.3035,-1.4503,-3.0012,-2.5481,-1.3978,-2.8243,-4.9348,-4.4736,-4.6053,-6.8935,-6.7234,-7.0005,-8.5266,-9.4186,-8.4054,-3.0956,-0.7963,1.1108,-1.3014,-2.1167,-2.4174,-1.5988,-0.9259,-0.4868,-0.2677,0.5077,1.0335,1.7687,1.7402,0.9427,0.1037,0.0683,0.0025,-0.5927,-0.6560,-0.0789,0.2637,0.7383,1.2636,1.9774,2.9111,2.4276,1.3809,0.4588,1.7324,1.0487
0.9290,-0.2338,0.0351,0.1483,0.1922,0.5477,0.6479,0.6137,0.4836,0.9343,1.7989,1.6953,1.4058,1.9377,1.9371,0.5938,-0.6380,-0.9240,0.2928,-0.2636,-3.4276,-4.9342,-3.3493,-1.0037,0.2892,0.6524,1.9346,0.2291,-1.2589,-1.6267,-1.6967,-3.4609,-4.9348,-4.4176,-4.3662,-7.4998,-8.2219,-8.4911,-9.7867,-9.7089,-8.5726,-2.6549,-0.6116,0.7886,-0.6204,-3.5915,-3.5825,-1.6592,-1.1035,-1.1879,-1.3105,-0.7758,0.3347,1.1527,1.2279,0.7126,0.5212,0.0769,0.1364,0.1804,0.0225,-0.1859,0.0212,0.2439,-0.9071,-0.4778,-0.3410,0.3626,0.8848,0.1691,0.2148,-1.3032
