1.7009,-0.0194,-0.1158,-0.4481,-0.8211,-1.1760,-1.1562,-0.8525,-0.8283,-0.3577,-0.4469,-0.4307,-0.5350,-0.1860,0.1983,0.7887,0.7221,0.8934,0.6368,0.4511,-0.0148,0.4177,0.7396,1.2761,1.0901,1.0120,0.6661,0.3628,-0.0798,0.1114,-0.0964,0.0035,-0.0297,1.0033,2.8268,2.4788,1.5989,2.9095,1.9153,-1.5102,-4.0339,-4.4864,-6.3543,-5.3440,-4.2184,-3.3753,-2.9921,-4.4774,-7.0248,-9.1024,-11.7390,-11.0284,-11.5157,-12.2698,-11.5431,-10.5709,-9.4353,-8.5306,-6.6094,-5.4719,-6.9355,-6.4371,-6.1761,-6.3082,-6.1151,-4.3202,-3.8494,-3.5482,-2.4385,0.6444,-0.5978,-2.1682
0.7955,0.0497,-0.2732,-0.9398,-1.6123,-2.0071,-1.4175,-1.4417,-1.4619,-1.1992,-1.1491,-1.1836,-1.3143,-1.4011,-1.0576,-0.8635,-1.2255,-1.2621,-1.4305,-1.5773,-1.7316,-1.1789,-0.6609,-0.5543,-0.8715,-1.3807,-1.9961,-2.6374,-3.1591,-2.9920,-3.0541,-2.7794,-2.3762,-0.1243,1.6110,-1.8263,-0.6501,3.4683,1.3792,-0.8200,-1.1064,-0.9817,-3.2295,-2.8351,-2.3582,-2.7495,-3.9551,-3.6994,-7.5424,-9.0793,-11.0127,-11.5262,-12.4351,-13.1257,-10.6484,-9.9346,-7.9507,-7.5041,-6.5750,-6.9068,-7.8537,-8.2289,-7.1528,-6.8447,-5.1917,-2.9193,-2.3543,-1.2835,1.0640,4.9181,2.6918,3.2775
0.3920,-0.6164,-0.7394,-0.9529,-1.0894,-1.2835,-0.5634,-0.4476,-0.5237,-0.7664,-0.7900,-0.5212,-0.6328,-0.6347,-0.5804,-0.6044,-1.1864,-1.4516,-1.5374,-1.2149,-1.1603,-0.3836,-0.0262,0.0487,-0.3005,-1.1657,-2.1867,-2.8886,-3.3637,-3.1608,-3.2147,-2.7895,-2.0732,0.1348,-0.7493,-2.9990,-0.8236,3.2755,0.1113,-1.5321,-0.9336,-1.3827,-3.0537,-3.2949,-2.3296,-1.8878,-3.3825,-3.0897,-6.3524,-8.0041,-10.3823,-11.4357,-12.1403,-10.3634,-8.2317,-7.1000,-5.2934,-4.9021,-4.3113,-4.7244,-5.5697,-6.4327,-5.6921,-5.3358,-3.8664,-2.7070,-2.1084,-0.6273,1.9738,4.8497,1.8326,3.6058
0.2868,-0.7235,-0.7443,-0.5053,-0.1873,-0.3151,0.3179,0.3953,0.2262,-0.4844,-0.6155,-0.6324,-0.6733,-0.5173,-0.4398,-0.9952,-1.6939,-1.8677,-1.7200,-1.3382,-1.0045,-0.2867,0.0919,0.1521,-0.4029,-1.4553,-2.5417,-3.4169,-3.7916,-3.5674,-3.5403,-2.9261,-2.2855,-0.2648,-1.7910,-0.6828,0.7657,-0.0610,-2.9448,-3.7871,-3.2153,-3.3051,-4.2623,-4.4320,-3.8286,-3.6301,-3.6524,-4.7794,-7.3724,-7.7387,-10.2000,-10.0079,-8.6689,-7.0219,-6.9542,-6.4887,-5.6939,-6.5593,-6.6102,-6.4497,-5.4871,-6.2339,-5.5007,-5.1703,-3.7810,-4.0060,-1.8355,-0.4945,2.0494,4.6729,2.1164,2.4090
0.5061,-0.4113,-0.5792,-0.2297,0.4094,0.6703,1.0506,1.1563,0.7312,-0.0512,-0.4603,-0.6750,-0.8339,-0.5844,-0.8971,-1.6181,-2.2906,-2.1548,-1.8225,-1.3159,-1.0244,-0.3074,0.0491,-0.0034,-0.9016,-1.7869,-2.8786,-3.8310,-4.0986,-3.9036,-3.7163,-2.8868,-2.2188,-1.2779,-3.1790,-4.8380,-5.2577,-4.3595,-5.7611,-4.9978,-4.7194,-4.7959,-4.9838,-4.9181,-4.6661,-4.9161,-4.5949,-5.8806,-7.6312,-7.0304,-9.0897,-8.3543,-7.4678,-6.5735,-6.6240,-6.3110,-6.3495,-7.2079,-6.5674,-6.7800,-4.7319,-5.4569,-4.8439,-5.2621,-3.6374,-4.3713,-1.7845,0.4378,2.3681,4.5614,3.1263,3.5889
0.6429,-0.3328,-0.2597,0.0305,0.6989,0.9895,1.2737,1.4266,1.0079,0.3066,-0.3387,-1.0154,-1.6114,-1.6592,-1.8234,-2.2383,-2.6206,-2.3644,-1.8417,-1.3673,-1.0807,-0.5326,-0.2503,-0.5300,-1.2214,-1.8486,-3.0657,-3.9055,-4.1299,-3.8981,-3.4825,-2.4861,-1.5389,-4.6192,-5.5136,-4.3025,-4.1873,-4.4098,-5.3843,-5.9939,-7.6468,-5.5023,-5.6090,-5.6875,-5.5067,-5.8872,-5.6807,-6.8954,-7.0118,-6.1118,-8.2957,-6.6346,-7.0362,-7.7825,-7.4262,-7.0721,-7.3937,-7.6196,-6.0753,-6.4222,-3.8757,-5.8993,-4.7628,-5.5442,-3.0633,-4.0027,-2.0929,0.0808,2.6043,5.2374,4.1972,3.3306
0.7928,-0.1960,0.1395,0.5394,0.8506,0.9994,1.2563,1.6087,1.2709,0.4730,-0.3664,-1.2637,-2.4017,-2.8155,-2.7680,-2.7120,-2.9999,-2.7968,-2.0415,-1.4314,-1.3859,-0.9730,-1.0439,-1.0657,-1.4646,-2.0285,-3.2760,-3.9286,-4.1858,-3.9350,-3.3514,-1.8946,-3.1004,-4.9170,-0.3868,0.3106,-1.1744,-3.0799,-5.7918,-8.9234,-7.8110,-6.0363,-6.1981,-5.9481,-5.9922,-6.1599,-6.4636,-7.6864,-6.0330,-5.7994,-6.9641,-3.4927,-5.1187,-8.1186,-8.4568,-7.6452,-7.6209,-8.3477,-5.9270,-3.9100,-3.7810,-6.0114,-5.3698,-4.1063,-1.1032,-2.9826,-1.5316,0.2700,2.9816,5.9543,5.4067,3.3112
0.8862,-0.2200,0.3913,0.5522,0.5794,0.6132,0.9313,1.2853,1.0632,0.1940,-0.5524,-1.5831,-2.8169,-3.4220,-3.4922,-3.4254,-3.5091,-3.3804,-2.4768,-1.7927,-1.8317,-1.5627,-1.4505,-1.4624,-1.6920,-2.2785,-3.4943,-4.0221,-4.1778,-3.5845,-2.6281,-0.9946,-4.9559,-1.3862,1.2141,0.0778,-2.1597,-3.4229,-7.6950,-8.8458,-8.0602,-6.8667,-7.2602,-6.9205,-6.7038,-6.7017,-7.2285,-7.6975,-5.7870,-4.4769,-4.4800,-1.6466,-5.3806,-8.7002,-7.8212,-7.6378,-8.0585,-7.7038,-4.6948,-3.9119,-3.2474,-4.9888,-2.3523,-0.5001,0.4409,-0.7652,0.3525,1.7458,3.5156,5.8394,6.4758,4.1713
1.2737,0.1060,0.5801,0.5612,0.4158,0.5270,0.7855,1.1819,0.9663,0.1933,-0.5875,-1.5033,-2.8544,-3.4981,-3.5817,-3.5933,-3.7894,-3.6217,-2.8690,-2.1794,-2.1721,-1.7063,-1.6043,-1.6157,-1.8863,-2.4388,-3.7266,-3.9107,-4.0094,-3.3849,-1.8566,0.2759,-3.7624,0.7429,1.5152,-0.6747,-2.4793,-1.8698,-6.2650,-6.6517,-7.4903,-8.3032,-8.2357,-7.7299,-7.5663,-7.1650,-8.1069,-8.3770,-6.2434,-3.9740,-3.1477,-1.9010,-3.3389,-7.2780,-5.3979,-6.6983,-6.4560,-6.8092,-3.8186,-2.9475,-0.8417,1.6435,2.6874,0.7482,-0.0538,0.4799,1.5910,3.3396,4.5063,6.1955,6.6008,4.7237
1.5070,0.2469,0.5999,0.4702,0.3057,0.2702,0.5140,0.9120,0.6696,-0.1429,-0.7561,-1.3938,-2.4955,-3.3600,-3.7120,-3.6759,-3.8400,-3.6701,-3.2968,-2.6645,-2.3126,-1.6133,-1.5678,-1.7058,-2.0062,-2.6594,-3.9531,-3.8092,-3.5394,-2.2908,-0.3333,-3.1986,-1.9956,2.0475,1.5077,-1.8142,-3.0010,-1.6971,-5.2972,-5.0651,-6.7951,-8.8569,-8.8855,-8.1116,-7.9260,-7.8272,-8.7889,-7.7974,-5.5776,-3.3360,-3.5503,-1.3297,-1.4077,-7.3387,-2.7913,-1.5774,-3.9116,-4.8871,-1.5464,-0.6953,2.8167,3.2393,1.9194,1.1708,0.1102,1.6501,2.3755,4.6165,5.0806,6.1838,5.9918,4.5145
1.7483,0.4570,0.5193,0.5092,0.3888,0.1499,0.4156,0.6908,0.3919,-0.4899,-0.9714,-1.1593,-1.8434,-2.7847,-3.5440,-3.6783,-3.8036,-3.5735,-3.4889,-2.9675,-2.3106,-1.5947,-1.5588,-1.6073,-1.9041,-2.9184,-4.1768,-3.7295,-3.3280,-1.3938,-1.6476,-4.2179,0.7898,2.7590,0.9743,-3.1945,-4.6125,-3.6211,-4.2048,-4.5720,-6.5190,-8.5119,-9.1533,-8.4858,-8.3217,-7.6911,-8.8801,-7.2198,-5.4747,-3.3156,-0.5938,-0.3130,-1.1615,-6.4488,-3.1100,1.5300,0.3454,0.9342,3.3641,2.2822,3.8811,2.7428,1.9232,0.4495,1.1743,2.5542,3.5186,5.0614,6.0629,6.4573,5.4541,4.5261
1.7663,0.3144,0.4499,0.4472,0.1766,-0.0385,0.2810,0.2174,-0.2916,-0.9206,-1.0931,-1.2026,-1.5726,-2.3451,-3.2324,-3.7398,-3.8741,-3.6626,-3.5996,-3.2953,-2.6776,-1.8811,-1.6305,-1.5344,-1.8555,-3.0754,-4.1697,-4.0004,-3.1861,-1.5626,-4.4891,-1.3970,0.7892,1.7781,-0.5997,-5.2121,-6.0075,-4.1715,-3.4847,-3.6721,-5.8186,-7.4531,-8.4249,-8.6798,-8.5668,-8.3868,-8.2134,-7.3907,-5.1757,-2.5091,0.0730,-1.1911,0.2554,-4.2022,-3.1630,-3.4970,-0.1371,1.9062,4.0878,3.2362,2.6217,2.4304,2.0458,0.7609,1.4621,3.1394,4.4496,5.3964,5.7350,6.6307,5.7232,5.2611
2.0702,0.5438,0.5121,0.3641,0.1576,0.0205,0.1868,-0.0563,-0.7522,-0.8927,-0.9881,-1.0407,-1.2442,-1.6580,-2.4564,-2.9568,-3.2999,-3.1656,-3.3049,-3.1493,-2.9268,-2.1464,-1.6878,-1.3424,-1.6425,-2.7096,-3.7454,-3.3109,-1.5315,-1.6679,-1.2524,-0.9023,0.1485,0.6297,-2.2245,-6.8093,-7.0338,-3.8998,-3.7698,-3.5224,-5.7084,-6.8029,-7.3818,-8.9076,-9.1595,-9.1659,-7.6311,-6.5689,-4.0215,-2.2691,0.0351,-0.7899,0.2996,-3.0602,-2.5884,-5.0525,-2.8338,1.8469,2.4292,1.6274,2.5318,3.0729,2.7750,1.2969,1.1154,3.2485,4.3533,5.3144,5.1890,6.0811,5.7712,5.7916
2.3747,0.6217,0.4469,0.3445,0.0941,0.0879,0.1590,-0.3482,-0.9886,-0.9998,-0.8770,-0.9064,-0.9712,-1.0754,-1.5913,-2.0338,-2.4249,-2.5216,-2.8816,-2.9286,-2.9293,-2.4157,-1.8788,-1.1524,-1.3369,-2.1732,-3.1066,-3.0286,-1.0262,-0.9286,-1.6665,-2.1497,-0.6284,-0.7093,-4.1835,-7.3329,-6.7109,-4.0762,-4.0872,-4.6843,-6.3056,-6.3672,-7.0570,-9.8449,-9.9976,-9.9766,-7.9718,-6.5832,-4.4543,-2.0310,-1.1144,-1.2408,0.2106,-4.1774,-4.1188,-7.0319,-5.2205,-0.7215,1.9658,1.8746,2.6600,3.0874,1.9169,1.0786,1.2810,2.2801,3.3578,4.0059,4.5105,5.5902,5.2599,5.3400
2.4444,0.7240,0.4823,0.4658,0.1322,0.0491,0.0039,-0.3976,-1.0557,-1.0688,-0.8121,-0.5975,-0.6129,-0.7061,-1.0472,-1.1355,-1.4327,-1.7568,-2.4061,-2.6069,-2.7083,-2.4860,-2.0462,-0.9740,-0.9204,-1.4601,-2.2395,-2.5774,-1.2185,-1.9412,-2.4026,-1.3940,-0.5429,-1.8099,-5.6364,-7.6469,-6.3094,-4.2264,-5.0688,-5.2694,-5.6162,-5.4749,-7.0765,-9.7268,-9.6449,-9.7256,-8.2266,-6.9198,-4.8779,-2.7045,-1.5387,-0.1872,-2.7345,-5.3912,-5.5311,-9.0908,-6.8804,-1.2161,1.9884,1.8910,2.3462,2.1794,0.8503,-0.3099,0.6571,2.0005,2.2072,3.1036,4.1806,5.6491,5.8614,5.8269
2.4089,0.8248,0.5867,0.5209,0.2265,0.0284,0.0165,-0.5082,-1.2060,-1.2379,-0.8005,-0.5895,-0.5268,-0.6426,-0.7478,-0.7919,-1.0487,-1.3847,-2.0729,-2.4053,-2.6346,-2.4901,-2.0838,-0.9853,-0.7965,-0.9566,-1.4741,-2.2826,-1.4670,-2.3768,-2.8400,-1.7988,-1.8681,-3.8278,-6.8399,-7.6558,-5.0950,-2.5377,-3.0672,-3.5968,-3.9115,-4.7183,-7.2557,-8.9194,-8.8407,-9.2750,-7.4093,-5.7597,-3.2020,-0.9604,-1.3747,-0.9613,-2.7557,-4.5216,-6.5038,-5.7335,-6.1595,-3.6206,1.1201,1.7100,2.6185,1.5831,1.0770,0.8425,1.1558,2.0597,1.7652,2.6277,3.5850,5.1595,5.8832,5.9907
2.5429,1.0143,0.7122,0.5236,0.2265,-0.0653,-0.1002,-0.6095,-1.2595,-1.0896,-0.6667,-0.3804,-0.3549,-0.2809,-0.4156,-0.5414,-0.8585,-1.1038,-1.6337,-2.0062,-2.2886,-2.1303,-1.9449,-0.9745,-0.7682,-0.6787,-1.0034,-1.5582,-1.1259,-0.6954,-0.6426,-0.1271,-1.7685,-3.6917,-5.4326,-5.5375,-3.8568,-0.7305,-1.5047,-2.1161,-2.2926,-5.3105,-7.3106,-7.6290,-7.7507,-7.6739,-5.9146,-4.0353,-1.9508,0.0479,-2.0227,-1.7643,-3.0164,-3.0619,-4.2327,-1.1633,-4.4102,-4.5875,0.7542,1.0991,1.0768,0.9068,0.7964,1.0473,1.7267,2.0132,1.2423,2.4180,3.5913,5.2130,5.8345,6.0662
2.5703,0.9395,0.7629,0.5132,0.1732,-0.4189,-0.6415,-1.0517,-1.2737,-0.9393,-0.4267,-0.1547,-0.0903,-0.0783,-0.3197,-0.4445,-0.7911,-1.0319,-1.5055,-1.8593,-2.0797,-1.8555,-1.6593,-0.9717,-0.7884,-0.6520,-1.5509,-2.2804,-2.3453,-1.5214,-0.3261,-0.5467,-1.4767,-2.0205,-3.7139,-3.8334,-2.3305,0.7412,-0.1290,-0.6083,-3.7890,-5.9057,-7.1062,-7.1128,-7.2697,-6.2141,-5.0588,-3.4511,-1.7011,-0.0282,-1.6009,-0.3880,-2.9374,-2.6184,-3.4782,1.0756,-2.4748,-4.8475,-0.4485,1.3239,1.3513,0.2422,0.0220,0.6434,1.9349,2.7138,2.1279,2.7729,3.3541,5.0839,5.4617,5.6414
2.6828,0.9283,0.6858,0.4833,-0.0304,-1.0502,-1.4720,-1.3708,-1.3328,-0.7516,-0.2087,0.1003,0.2416,0.0296,-0.3432,-0.3136,-0.6840,-0.9825,-1.4863,-1.7324,-1.8755,-1.5753,-1.3274,-0.9588,-0.8337,-1.2199,-2.6582,-2.9162,-3.1464,-3.0252,-0.8090,-0.8259,-2.4610,-2.6482,-4.3681,-3.5394,-2.3284,0.7407,-0.5177,-3.7018,-4.4525,-5.3295,-6.3646,-7.2722,-7.5219,-6.2172,-4.9653,-2.7861,-2.0041,-1.1549,-1.5213,1.4717,-1.0192,-3.0301,-2.9829,-0.6066,-2.0795,-3.9339,-1.4548,-0.0268,1.0416,0.3067,-1.3947,-0.6992,0.7342,2.6955,2.0867,2.0251,2.3435,4.5884,4.9741,4.8820
2.6163,0.8459,0.6762,0.2479,-0.3807,-1.4440,-1.7022,-1.5807,-1.4414,-0.7152,-0.0873,0.2369,0.2785,-0.1104,-0.5069,-0.6527,-0.8507,-1.0780,-1.6102,-1.8966,-1.9684,-1.5212,-1.2060,-1.2089,-1.3731,-2.1029,-3.1618,-3.4376,-2.1520,-1.5196,-1.1077,-2.5391,-4.5381,-4.0390,-5.1928,-5.2617,-4.7337,-3.5445,-5.2503,-4.8865,-3.5529,-4.4777,-5.8586,-7.1387,-7.4210,-6.6335,-4.5720,-0.9145,0.5590,0.2202,-0.0150,0.8083,-0.3602,-2.2823,-3.8955,-2.1285,-1.8716,-2.4668,-2.6982,-0.5975,0.3900,0.6610,-0.3552,-0.1765,0.8937,2.4154,1.7910,1.7598,2.0702,3.8596,3.9011,3.4432
2.7089,1.0189,0.6039,-0.1024,-0.7368,-1.3790,-1.5442,-1.3480,-1.1187,-0.3396,0.2064,0.4065,0.3135,-0.1372,-0.6393,-0.6415,-0.8183,-0.9949,-1.4984,-1.6732,-1.7180,-1.1030,-0.9168,-1.0564,-1.6866,-2.6320,-3.0353,-1.2320,1.4854,1.7321,0.9670,-0.6623,-0.9607,0.3957,0.0558,-1.2372,-2.1602,-4.3995,-2.5946,-2.0233,-2.6083,-4.5793,-5.7021,-7.2438,-6.9713,-6.4483,-3.1783,-0.6649,1.1006,1.0452,1.5478,1.1815,0.3069,-1.3150,-0.6537,-1.2590,-1.6088,-2.3343,-2.5596,-1.6040,-0.2451,0.2874,0.2246,0.8287,1.5332,2.1272,1.2063,1.7267,1.9811,3.2534,3.2199,1.8879
2.6759,0.5935,0.0580,-0.7179,-1.0798,-1.2447,-0.8395,-0.6090,-0.4151,0.0204,0.3055,0.4274,0.1802,-0.5109,-0.7058,-0.6637,-0.6674,-0.8206,-1.2622,-1.3829,-1.3569,-0.8124,-0.8342,-1.0403,-1.8370,-2.5329,-2.7691,-1.1417,0.9443,0.9986,0.3504,-0.7571,1.3269,4.2949,3.5278,1.1658,-2.3910,-0.6606,-0.1636,-1.6246,-2.7658,-3.7594,-5.6587,-7.1121,-6.7628,-5.1588,-3.2422,-1.2328,2.2676,-0.2690,-0.5201,0.5827,0.3373,-0.6086,-0.1488,-1.6160,-2.0813,-2.3146,-2.0481,0.0825,0.4824,0.2053,0.0891,0.7046,1.0213,1.1911,0.6289,1.4638,1.7625,2.8751,2.7070,1.2159
2.4619,0.0492,-0.7449,-1.1575,-1.1989,-0.8920,-0.2089,0.0634,0.0624,0.1769,0.2571,0.4181,-0.3898,-0.8898,-0.9040,-0.5175,-0.4935,-0.5538,-0.8758,-0.8692,-0.8094,-0.5285,-0.7057,-1.0674,-1.7683,-2.1645,-2.5229,-1.0636,0.7028,0.6891,0.3418,-0.2467,0.3898,4.3108,4.8974,1.0561,0.1113,0.0136,-0.5167,-1.4433,-2.1559,-3.7734,-6.2830,-7.8716,-7.0127,-5.4458,-4.1300,-1.6485,-0.3881,0.2206,0.0097,0.3386,-1.3432,-0.7449,-0.6326,-2.6320,-2.8205,-2.7863,-2.4289,-0.1913,1.0316,0.1414,-0.1550,0.1716,0.0228,0.1935,-0.2584,0.2306,1.3614,2.3819,2.0775,0.5649
2.0539,-0.5851,-1.1305,-1.3237,-1.2956,-0.5221,0.0073,0.0985,0.0226,0.1210,0.2207,0.0224,-0.9584,-1.1878,-0.9942,-0.5436,-0.4744,-0.4998,-0.6175,-0.6037,-0.5428,-0.5020,-0.8073,-1.5090,-2.0614,-2.4010,-2.6096,-1.6944,0.5701,0.6501,-0.2690,-0.3056,-1.3156,2.8119,3.5471,-0.6013,-0.4804,0.3133,-0.2980,-0.9348,-2.2840,-4.6063,-7.0938,-7.9796,-7.1746,-5.4352,-3.3683,-1.1557,-1.4114,0.5996,0.0771,-1.2730,-1.4995,-1.1670,-1.0878,-2.2465,-2.9089,-2.7595,-2.5573,-1.9560,-0.6588,1.3809,1.0221,1.0909,0.5384,0.5702,-0.3258,0.1614,0.4783,1.2306,1.0843,0.0541
1.6201,-0.6624,-1.0678,-1.2620,-1.0352,-0.2101,0.0836,0.1045,0.0125,0.1537,0.1786,-0.2117,-1.1006,-1.2036,-0.8210,-0.3821,-0.4581,-0.2543,-0.2332,-0.1074,-0.1745,-0.1567,-0.6850,-1.3354,-2.0630,-2.4757,-2.4086,-1.2428,0.7651,0.4782,0.7277,0.8017,-1.1979,1.3472,1.0285,-1.4923,-1.6161,0.2943,-0.8277,-0.7988,-2.7608,-5.5592,-7.7809,-8.1634,-7.3305,-5.1654,-3.9274,-1.2928,-1.0245,0.9129,0.6943,-0.3198,-3.2897,-3.0401,-2.3841,-3.2094,-4.0708,-4.3652,-4.6696,-3.5251,-2.5710,0.1636,1.1184,1.7412,1.1328,0.9214,-0.0393,0.4886,0.6792,0.5078,0.5598,0.3566
1.0473,-0.7923,-0.9458,-0.7504,-0.1905,0.0767,0.1753,0.1289,-0.1431,-0.0148,-0.0342,-0.3921,-0.9157,-0.8245,-0.3169,-0.1598,-0.0772,0.2462,0.2698,0.2978,0.1672,0.0546,-0.6860,-1.3362,-2.1006,-2.4178,-2.2923,-0.7698,0.7902,-0.3473,0.1372,0.3900,-0.4546,-1.0889,-3.1154,-3.7128,-3.1125,-0.4624,-1.2686,-1.5206,-4.2174,-6.5811,-7.8888,-8.0322,-6.5411,-5.3498,-3.2620,-2.0991,0.4616,0.7992,0.8384,0.0275,-2.4132,-3.9911,-4.1903,-4.9149,-6.2759,-5.0316,-3.6328,-2.3572,-1.7355,-0.8869,0.2171,0.9219,1.1842,1.3630,1.1353,0.9216,0.9283,0.5816,0.6762,0.4589
0.9191,-0.5452,-0.1366,0.3270,0.3545,0.1558,0.1111,0.0391,-0.3256,-0.4730,-0.4841,-0.4401,-0.4228,-0.2556,0.0681,0.2099,0.2835,0.6804,0.5312,0.5604,0.2576,-0.0724,-0.8329,-1.4680,-2.1581,-2.3139,-2.2898,-0.6523,-0.9452,-1.2698,-0.7462,-0.5795,-0.7517,-0.8406,-2.2709,-2.5112,-3.0222,-1.5362,-3.4300,-4.1610,-5.8570,-7.2573,-8.1010,-7.7163,-5.8584,-4.4903,-1.5421,-1.8809,-1.3769,0.0787,-0.1282,-0.2200,-1.7016,-2.2730,-4.1812,-4.5017,-3.0114,-2.7903,-2.4474,-1.8447,-1.3071,-0.8335,-0.1457,-0.2892,0.0615,0.7243,1.4556,0.9002,0.6552,0.7112,0.8811,0.3119
0.8489,0.2730,0.7179,0.7522,0.4794,0.2297,0.2291,-0.0162,-0.5751,-1.0177,-0.7915,-0.3869,-0.0518,0.1728,0.2631,0.3350,0.5292,0.9300,0.7530,0.5369,0.1265,-0.3291,-1.1378,-1.9484,-2.5541,-2.9080,-3.0456,-1.0501,0.0348,-1.2423,-0.2161,-0.6257,-1.3138,-1.1758,-2.8120,-2.9474,-3.6723,-2.0943,-3.5733,-3.5676,-5.0644,-5.8190,-7.1775,-6.8164,-5.4543,-3.2555,-1.5469,0.1489,-0.3260,-0.9084,-1.1690,-0.9345,-0.6866,-0.4666,-2.0488,-0.5049,-1.6012,-2.3932,-2.4742,-1.9789,-1.6638,-1.1958,-0.4020,-0.3291,-0.1405,0.1055,0.4784,1.5398,0.9349,0.9112,1.3294,0.8263
1.4236,1.0257,0.9961,0.8694,0.5475,0.2531,0.1204,-0.1797,-0.7772,-1.1086,-0.7487,-0.0590,0.3338,0.4878,0.4079,0.4281,0.5506,0.9073,0.7925,0.4440,-0.0542,-0.5605,-1.3993,-2.3672,-3.1142,-3.3647,-2.7483,-0.8976,-1.6917,-0.6216,0.8950,0.3661,-0.5450,-1.5442,-2.9936,-2.8156,-3.4208,-2.0916,-3.0109,-2.0315,-3.0269,-3.8420,-4.7667,-4.8786,-4.2947,-2.4449,-1.2861,0.0349,0.2375,-0.8370,-1.1780,-0.6944,0.5038,0.0578,0.1437,1.4432,-1.2119,-1.9203,-1.4094,-1.6258,-1.1082,-0.9958,-0.5620,-0.5954,-0.4137,-0.7720,-0.6902,1.2693,0.9265,0.4256,1.1731,0.6807
2.2882,1.0920,1.0835,0.8974,0.5908,-0.0361,-0.1570,-0.3385,-0.6621,-0.9492,-0.5694,0.3725,0.8457,0.7488,0.6328,0.5567,0.6943,0.9986,0.8258,0.5321,0.0772,-0.4788,-1.4544,-2.5385,-2.8015,-3.0265,-2.4259,-0.3495,0.0423,1.2178,1.4493,0.8020,-0.0578,-1.9303,-3.7675,-3.4476,-2.9703,-0.5681,-0.8774,0.0429,-1.4163,-2.8676,-4.0109,-4.3127,-3.9500,-1.5864,-0.7667,0.3280,0.5045,-0.3861,-0.6836,-0.5816,0.3616,-0.0839,0.5325,-0.5617,-2.4537,-3.0112,-1.2619,-0.7476,-0.7094,-0.7356,-0.3224,-0.5703,-0.9253,-0.8605,-0.6991,-0.2007,1.4124,1.0107,0.8672,0.3727
2.7905,1.1689,0.9822,0.8209,0.3344,-0.4563,-0.4605,-0.1998,-0.3509,-0.3971,-0.1042,0.7860,1.0424,0.8527,0.6574,0.6898,0.7669,0.9521,0.7588,0.4989,0.0281,-0.6610,-1.6329,-2.2254,-2.0608,-2.3215,-0.2930,0.9819,1.0785,2.2452,1.9160,0.7650,1.3105,0.2062,-1.2348,-1.0191,-0.5960,1.9815,1.4722,1.7367,-0.9006,-2.0436,-3.9266,-3.9349,-5.0076,-2.3801,-0.6168,1.4619,1.2996,0.5935,0.4876,0.4134,0.6064,0.4515,1.4762,2.0882,0.1189,0.2573,-0.4938,-0.4413,-0.5533,-0.7348,-0.7853,-0.9236,-1.0679,-0.9419,-1.1849,-1.2152,-0.0480,0.4897,0.1467,0.3167
2.8220,1.2310,0.9688,0.7074,0.1914,-0.4665,-0.3105,-0.0179,0.2248,0.3899,0.6260,1.0610,1.0765,0.8838,0.6587,0.6454,0.7633,0.8930,0.6778,0.4273,-0.1724,-0.8299,-1.5604,-1.5142,-1.5471,-0.7920,0.4344,1.4594,3.0009,3.8522,3.1652,2.8368,2.2976,1.8023,0.7756,0.6794,0.8826,3.6742,3.2801,2.3671,0.0084,-0.8050,-1.5804,-1.7758,-2.6740,-1.5072,-0.1958,2.0433,2.3051,1.4455,1.0972,0.5892,0.2622,-0.7096,0.2159,1.5958,1.2780,-0.6164,-1.2077,-0.5343,-0.1854,-0.1348,-0.5970,-0.7874,-0.3492,-0.5287,-0.9937,-0.7390,-0.4254,0.0292,-0.2289,0.4704
2.9383,1.3996,1.0181,0.6301,0.0393,-0.3378,-0.1881,0.2174,0.7466,0.9971,1.0403,1.2300,1.0953,0.8614,0.6223,0.7164,0.8034,0.8174,0.5786,0.2306,-0.6202,-1.1211,-1.3179,-1.1050,-1.5458,-0.5202,0.7361,0.8996,1.8183,0.8951,0.1129,-0.5835,-1.1214,0.3118,0.1124,0.7524,1.7613,3.7977,3.6805,2.1271,0.0168,-0.9180,-1.0935,-0.1655,-1.3942,-1.4001,0.7615,2.3683,3.1274,1.3092,1.0445,1.1081,0.2142,-1.2867,-0.2784,1.0358,1.2703,-0.6142,-1.2902,-0.5477,0.1166,0.7086,0.1682,-0.1917,-0.4153,-0.7836,-1.0484,-0.8483,-0.1074,-0.1020,0.2938,0.4637
2.9099,1.2643,0.8555,0.3234,0.0261,-0.0675,0.1265,0.6526,1.0926,1.1934,1.2040,1.2395,1.1705,0.7360,0.5256,0.6366,0.8801,0.8242,0.5785,-0.0721,-0.8664,-1.0757,-1.1914,-1.1994,-1.5424,0.1209,1.0318,1.4022,1.0036,0.1348,-1.2594,-1.7477,-1.9674,0.6899,0.5466,0.7972,1.0038,2.5360,1.6324,-0.1241,-1.2420,-1.6232,-1.1428,-0.5345,-1.9397,-1.0062,0.3153,2.5114,3.0517,1.9684,0.2532,0.8842,0.2947,-0.7962,-0.3449,0.5421,1.3533,-0.4141,-1.1666,-0.6883,-0.1788,0.8075,0.3192,0.1248,-0.2749,-0.7142,-1.4649,-0.7135,0.0388,0.0674,-0.1486,-0.2734
2.7897,1.2516,0.4870,0.1378,-0.0337,0.1386,0.3634,0.8693,1.1932,1.2075,1.1805,1.2369,1.1020,0.4822,0.1937,0.5039,0.9802,0.8471,0.3931,-0.4607,-1.1562,-1.2271,-1.4008,-1.4336,-1.4491,0.4937,1.6004,1.8246,1.5521,0.1787,-1.5826,-1.6958,-1.3884,0.8939,1.0358,0.4393,-0.4332,0.1663,-2.0354,-5.2930,-5.7381,-5.3172,-1.9729,-1.2303,-1.6454,-1.5807,-0.5145,-0.5294,-0.0849,-0.3679,-0.5316,0.6092,1.1700,1.1754,1.4029,2.1655,2.8258,1.0416,-0.0826,-0.6238,-0.2344,0.1475,-0.2905,-0.2194,-0.3532,-0.6632,-1.2956,-0.7025,-0.3401,-0.2570,0.1591,-0.5129
2.5424,1.1392,0.3296,0.0457,0.0554,0.2341,0.4402,0.9425,1.0866,1.1328,1.0989,1.1365,0.8978,0.1318,0.0087,0.3565,0.8830,0.8102,0.2362,-0.8729,-1.2737,-1.1144,-1.2249,-1.0394,-0.6044,0.7773,1.6521,2.0730,1.9476,0.9115,-0.6766,-1.3646,-0.3801,2.2570,2.6216,2.9297,-0.3441,-1.0195,-4.3534,-8.3735,-9.3943,-8.3644,-3.1143,-2.1390,-1.1687,-1.6887,-0.1378,-1.6637,-0.3143,-0.7644,0.5062,1.7169,2.8517,2.1866,2.3025,2.8105,3.3113,2.3003,0.1161,-0.7832,-0.2445,0.1206,-0.4418,0.1496,0.0966,-0.5921,-1.1099,-0.2729,-0.2459,-0.2544,0.4679,-0.0482
2.4848,1.1502,0.3701,0.2418,0.2528,0.3401,0.5033,0.8961,1.0272,1.0440,1.0449,1.0855,0.7956,-0.0280,-0.1306,0.3605,0.7765,0.6934,0.0964,-1.0646,-1.3446,-1.1848,-1.2974,-0.4907,-0.0233,0.8863,1.2896,1.6323,-0.1426,-0.4281,-0.9583,-0.4428,0.6733,2.0012,3.7919,3.8505,-0.3727,-1.8586,-4.5448,-8.4048,-9.1742,-8.3555,-3.1203,-2.8026,-1.8707,-0.7604,0.8814,0.2471,0.9476,2.5775,2.9900,4.4230,5.6614,4.2377,3.0286,2.7479,2.8316,2.1950,-1.1943,-1.4863,-1.0910,-0.3183,-0.8589,-0.4060,-0.2087,-0.5988,-0.6965,-0.2980,-0.3211,-0.4041,0.2451,0.3508
2.2966,0.8382,0.3294,0.4381,0.4449,0.3148,0.4466,0.6491,0.8245,0.8850,0.9053,0.9000,0.6122,-0.1735,-0.1542,0.4747,0.7001,0.7133,0.0599,-1.1811,-1.2870,-0.9917,-0.8823,0.3371,0.5024,0.8373,1.0423,0.9492,-0.0834,-0.0234,1.7486,3.1533,4.2394,3.3281,4.1703,2.7381,-2.3812,-3.2817,-4.1635,-7.0352,-8.3587,-9.4530,-5.2283,-3.6314,-1.8104,-1.2911,0.9584,0.5879,1.3560,2.8641,2.3284,1.5497,4.5860,3.9903,2.2784,1.7498,2.4515,1.6048,-2.8146,-3.0397,-2.1056,-0.4316,-1.1574,-1.1250,-0.5231,-0.5867,-0.0136,0.4151,0.0101,-0.4181,-0.2824,0.0247
2.0477,0.6727,0.4729,0.6076,0.5161,0.3079,0.2783,0.5239,0.6264,0.5935,0.7454,0.7740,0.4138,-0.0637,-0.0244,0.6666,0.6795,0.7139,-0.1819,-1.3115,-1.3449,-0.9040,-0.7242,0.6961,0.1260,0.4910,0.9393,1.1876,1.4686,1.7476,3.1057,3.9636,5.3874,4.3142,2.0157,-0.5690,-4.5369,-4.4450,-4.3081,-4.8775,-6.3992,-7.5233,-5.9480,-4.2299,-2.4034,-2.1944,0.3833,0.3539,0.9208,-0.2130,1.8107,1.4044,4.7360,3.8607,2.5198,1.3062,3.0269,3.3990,-2.2984,-5.0945,-3.7548,-2.6515,-1.6130,-1.7498,-1.1104,-0.3027,0.1706,0.5871,0.1898,-0.4339,-0.4733,-0.0885
1.7373,0.6321,0.6340,0.7312,0.5820,0.3329,0.3223,0.4313,0.4786,0.4017,0.6498,0.6463,0.2931,0.0223,0.1980,0.6937,0.6342,0.6846,-0.4888,-1.5341,-1.4716,-1.0695,-0.4322,0.7111,-0.5118,0.0487,0.5286,1.3089,1.9710,1.9096,3.6369,4.0427,5.3291,4.0731,-1.4389,-3.0822,-5.9619,-6.3140,-3.9645,-3.6164,-4.5125,-4.3606,-4.9189,-4.5142,-2.5830,-2.8186,0.0589,0.5419,1.8654,1.4945,1.7594,1.6943,4.5096,5.2815,3.6209,3.5435,4.5932,5.4324,0.6441,-5.0725,-4.6643,-3.3735,-2.7047,-0.8604,-1.2508,-0.4788,0.1786,0.7666,0.2616,-0.3578,-0.9157,-0.3093
1.6464,0.7500,0.7616,0.8718,0.6607,0.4799,0.4607,0.5218,0.4114,0.3465,0.5343,0.3623,0.1261,0.2692,0.4534,0.8488,0.6939,0.7207,-0.6674,-1.4802,-1.2260,-0.8869,0.0233,0.4035,-0.3613,-0.3243,0.2995,0.5844,1.0243,0.8165,1.7741,1.8762,3.7028,3.4682,-3.6209,-5.2573,-6.3396,-6.2528,-4.8618,-3.8848,-3.2156,-3.5545,-3.2671,-4.0914,-3.3341,-1.8547,-0.5441,0.0945,2.1334,2.1738,2.2355,1.5840,5.1633,5.0099,4.1687,3.7696,5.0198,5.6790,3.4216,-3.3899,-5.1082,-4.6818,-3.0843,-2.3183,-0.3990,-0.7108,-0.0577,0.2641,0.2240,-0.3795,-0.8833,0.2490
1.5676,0.5316,0.6221,0.8303,0.6373,0.5077,0.4438,0.4064,0.2139,0.1162,0.2917,0.0012,0.0269,0.3464,0.6097,0.8317,0.6633,0.7199,-0.8367,-1.4204,-1.1244,-0.7922,0.2494,0.2811,-0.1877,-0.5571,0.1632,0.9525,0.1688,0.8110,0.9533,1.2160,2.9256,0.2147,-4.5051,-4.8697,-5.5754,-6.5949,-5.3511,-4.4068,-2.6200,-1.9062,-2.5395,-1.8078,-2.4835,-2.0228,-1.3047,-1.2554,-0.0068,0.1853,0.7938,0.9166,3.1793,2.5017,3.8720,4.4304,5.1471,5.8725,5.8759,1.8176,-3.8627,-4.7332,-4.4231,-2.4625,-1.5740,-0.4342,-0.2064,-0.2966,-0.2742,-0.5573,-0.9038,0.1531
1.4210,0.3486,0.4643,0.8645,0.6671,0.5033,0.3950,0.4419,0.1957,0.1104,0.2258,-0.0192,0.0169,0.5326,0.6328,0.9273,0.7415,0.7521,-0.9498,-1.4408,-1.3366,-1.1204,-0.0549,0.3969,-0.0151,-0.6946,0.1558,-0.1979,-1.4366,0.5412,1.5843,1.0238,0.0791,-4.4146,-3.4160,-4.3937,-4.8241,-6.5027,-5.2579,-3.8017,-2.8581,-1.4793,-1.8248,-0.3216,-0.6915,-1.1884,-1.2532,-1.2784,-0.8108,-0.7128,-0.3527,1.3436,1.9544,1.7232,4.0725,4.4941,5.2080,5.8316,5.6218,5.6428,0.8116,-4.0346,-4.9909,-2.6681,-1.5153,-1.1821,-0.9971,-0.5577,-0.6678,-0.6241,-0.8283,-0.1996
1.2356,0.0797,0.3186,0.6771,0.5836,0.3813,0.3170,0.3587,0.1844,0.1537,0.2061,-0.0274,0.1117,0.5847,0.5832,0.7905,0.6253,0.6542,-1.2075,-1.6170,-1.5332,-1.3455,0.0894,0.8553,0.1318,-0.4995,-0.5658,-3.0267,-1.9842,0.3936,1.0770,-2.0984,-5.5047,-7.2958,-4.6679,-5.5963,-6.3745,-7.6156,-6.7921,-3.7261,-2.5006,-1.1468,-0.2725,0.1013,0.0407,0.0655,0.0385,-0.0586,0.6841,0.8271,1.3909,3.1128,2.8532,1.0688,5.0237,5.4924,5.3997,5.7700,5.8118,6.3060,5.7739,-1.7745,-4.5708,-3.2612,-1.8529,-1.7321,-0.8186,-0.3423,-0.1992,-0.2746,-1.0409,-0.8702
1.3242,0.1664,0.2059,0.5290,0.4674,0.4867,0.4026,0.5244,0.3086,0.2829,0.1059,0.0521,0.3529,0.6968,0.5963,0.7199,0.6853,0.7351,-1.2643,-1.5134,-1.4427,-1.3529,-0.1020,1.3745,0.3172,-0.9955,-3.5496,-2.9870,-1.0209,0.9750,0.4755,-7.9379,-8.1280,-8.7072,-6.2631,-6.7563,-7.1396,-7.5881,-6.4852,-5.3778,-3.2709,-1.6946,-0.5277,0.2575,0.6127,0.8431,0.8255,1.8083,2.4900,2.0762,2.7225,4.3052,3.7590,0.3705,4.1766,4.5460,5.3405,5.6310,5.8733,6.6270,6.0720,1.7959,-4.3364,-4.8252,-3.3890,-1.5846,-0.2160,-0.1987,-0.1886,-0.7420,-1.1335,-1.1146
1.3215,-0.0687,-0.0525,0.3273,0.4322,0.5702,0.5527,0.5909,0.2574,0.2727,0.0100,0.0757,0.4663,0.6724,0.5406,0.5663,0.7006,0.8337,-1.2162,-1.3848,-1.2459,-1.2264,-0.6781,1.2639,0.6251,-1.9357,-2.9676,-1.3488,0.1739,1.4675,1.3354,-7.0927,-9.3233,-9.2481,-7.1956,-7.1297,-7.2068,-7.8063,-6.6608,-4.1506,-3.3078,-1.5878,-1.3521,-0.7628,0.2120,0.9334,1.3343,2.7244,2.3392,2.5062,4.1687,5.1379,4.1451,2.5248,4.2528,4.7274,5.9080,5.8963,5.8973,5.8617,5.7227,3.8545,-2.7710,-4.6717,-4.8245,-3.0174,-0.8962,-0.1802,-0.1145,-0.9631,-1.3484,-1.5311
1.1551,-0.1784,-0.1279,0.4116,0.5476,0.6724,0.6527,0.5906,0.1629,0.0625,-0.2205,0.0606,0.5659,0.6590,0.4395,0.4617,0.6769,0.8881,-1.2135,-1.1501,-1.0182,-1.1758,-1.3422,0.8688,-0.7052,-2.3208,-1.1631,0.1858,0.8856,0.3365,0.2818,-2.9225,-9.5371,-9.0896,-7.9325,-6.6993,-6.7069,-7.5735,-6.7325,-4.6704,-1.4223,0.9873,-0.4621,-0.6871,0.0452,0.6177,2.2504,1.3299,0.9810,-0.9339,3.0640,5.3955,5.3896,5.2158,6.2048,6.3537,6.7105,6.4499,5.9591,5.5046,4.9755,4.5184,1.2079,-3.7105,-4.3022,-3.5113,-1.9347,-0.1618,0.1634,-0.3025,-1.4424,-1.7635
1.0093,-0.2079,-0.1932,0.2943,0.5358,0.7498,0.7297,0.5425,0.0599,-0.1441,-0.3366,0.0977,0.5686,0.5914,0.3819,0.4068,0.6131,0.8064,-1.1959,-0.9842,-0.9545,-1.3807,-1.7612,0.4471,-1.5954,-1.9807,1.6865,0.9782,-1.3364,-2.6149,-1.5217,-2.0754,-9.5051,-8.4957,-8.0648,-6.5760,-6.0994,-5.3952,-5.3831,-4.1376,-3.8473,0.3889,0.2312,0.7597,1.4742,1.6782,2.4991,3.1188,2.5157,2.8064,4.3631,5.4497,5.9577,6.3940,7.0585,7.3428,7.4809,7.1351,6.6118,5.9792,5.1069,4.6736,3.7124,1.6619,-0.3901,-1.1896,-1.8873,-1.0768,-0.4818,-0.5058,-1.3659,-2.0410
1.0375,-0.1547,-0.2258,0.2233,0.5598,0.8098,0.7898,0.5618,0.0400,-0.1239,-0.2677,0.2523,0.6239,0.6907,0.4870,0.4384,0.6098,0.7397,-1.1895,-0.9267,-1.0447,-1.4609,-2.0982,0.7149,-0.8499,0.7932,2.4768,0.6854,-2.2056,-3.9568,-3.2694,-5.1100,-9.1113,-8.1107,-7.9802,-6.9529,-6.0456,-3.7536,-3.6933,-3.6793,-3.8818,-0.3219,-0.5273,0.7098,1.3439,1.5323,1.9411,2.3877,2.6896,3.0647,4.0154,5.4828,5.8979,6.8264,7.5212,8.0021,7.7603,7.4235,6.9617,6.2214,5.5746,5.0210,4.6475,3.6386,1.7456,-0.0021,-0.7980,-0.6894,-0.6054,-0.5752,-1.1261,-1.8489
1.0655,-0.2154,-0.2948,0.1091,0.4394,0.6787,0.7407,0.4311,-0.0268,-0.2646,-0.2543,0.2243,0.6235,0.6668,0.4101,0.4319,0.6520,0.7317,-1.1249,-0.8462,-0.8330,-1.2129,-1.7528,-0.4170,0.8889,1.8119,3.0139,-1.2070,-3.1329,-4.6385,-4.3033,-8.3021,-7.8333,-7.2825,-7.3636,-6.2320,-5.0338,-2.2238,-2.7758,-2.9661,-2.2685,1.6432,1.7321,2.1820,2.5640,2.3452,2.1636,1.7665,2.2836,3.2242,4.2683,5.2756,5.8731,6.4841,7.2068,7.9179,8.4389,8.0675,7.3075,6.1298,5.3227,5.1298,4.9838,4.3338,2.7858,1.4274,0.8521,-0.2217,-0.8937,-1.2935,-1.7560,-2.3222
1.0052,-0.3153,-0.4304,-0.0445,0.2748,0.4873,0.6017,0.3383,-0.1741,-0.3998,-0.2353,0.1803,0.5602,0.5180,0.2502,0.3430,0.5702,0.5252,-1.2482,-0.8278,-0.8415,-1.1296,-1.5730,-0.3925,1.9019,2.0310,1.8252,-3.8921,-4.6608,-5.5516,-3.6952,-2.2861,-4.0963,-4.5089,-5.8202,-6.7016,-4.8455,-1.2889,-1.8009,-1.8125,-1.0996,1.9563,3.1242,4.0999,5.2696,4.6337,3.6439,2.8624,3.2588,3.3934,3.8378,4.5402,5.1324,5.6734,6.3083,7.2258,7.9627,8.3437,7.8105,6.6525,5.1752,4.8272,4.6077,4.3872,3.3978,1.9410,1.6054,0.7797,-0.2348,-1.0851,-2.0202,-2.6839
0.7789,-0.4977,-0.5847,-0.3026,-0.0623,0.2533,0.3347,0.1195,-0.2363,-0.4507,-0.2587,0.1652,0.4388,0.4770,0.2746,0.3788,0.6281,0.4818,-1.1881,-0.7232,-0.7300,-1.1761,-1.5397,0.2707,1.9597,1.9189,0.0664,-5.1157,-4.9654,-4.7006,-3.1553,-2.0871,0.1875,2.6425,-0.2924,-3.2376,-4.8200,-0.7078,-0.9000,-0.6624,0.4160,2.6852,2.5807,2.9272,4.1454,3.5813,3.0719,2.2825,1.9933,1.3312,1.2464,2.2024,3.0182,4.0158,4.7099,5.7399,6.0795,6.6608,7.0346,7.1737,5.2783,4.3925,4.4088,4.2923,3.5544,2.3969,1.7512,0.8145,0.7629,0.2286,-1.5792,-2.6186
0.8588,-0.5406,-0.6757,-0.4590,-0.2248,0.1202,0.2100,0.0891,-0.1680,-0.2693,-0.1042,0.2524,0.5528,0.5823,0.3045,0.5534,0.7439,0.5509,-1.0126,-0.6193,-0.6298,-0.8849,-1.0183,1.2007,2.4594,2.1549,-0.2275,-3.1870,-0.8618,-2.0885,-2.3377,-2.0429,-1.0309,1.1726,2.6508,0.6982,-4.0002,-0.8881,-1.1519,-0.3963,0.2820,3.3107,2.9268,3.1822,4.0203,3.3515,3.1108,2.0615,1.0894,0.0598,-0.0746,0.5954,1.6741,2.9358,3.5549,3.8366,4.3317,5.0928,5.4731,6.0646,6.1712,4.4991,4.0613,3.9864,3.4211,3.1327,2.4991,2.5740,2.2041,1.0851,-0.5500,-2.0022
0.8634,-0.7327,-0.9188,-0.6938,-0.3446,0.1254,0.2347,0.0338,-0.2689,-0.2854,-0.1392,0.1473,0.3893,0.5329,0.3842,0.7416,0.9238,0.6885,-0.9417,-0.7382,-0.8079,-0.8248,-0.5776,0.8829,2.0211,2.3440,0.0269,-1.1905,0.2749,-0.5974,-1.0231,-0.6487,0.3708,1.5047,2.2242,3.4300,-3.3666,-1.0509,-1.5615,-0.5017,1.9796,3.6938,3.0020,3.7239,4.0957,3.7891,3.5216,2.0773,0.4999,-0.6000,-0.7861,-0.1007,1.1267,2.2086,2.1842,2.1979,2.5036,3.3345,3.9503,4.4939,5.1785,5.3986,4.6008,3.6130,3.2569,2.6228,2.5970,2.6071,2.0821,1.1147,-0.4993,-2.0570
0.8576,-0.8712,-0.9923,-0.6683,-0.3020,0.0035,0.0682,-0.1372,-0.4619,-0.5157,-0.3367,-0.0660,0.2716,0.4975,0.3148,0.7461,0.9879,0.8503,-0.8506,-0.6785,-0.9092,-0.5566,-0.3458,0.6329,1.6678,1.7652,0.3553,-0.6258,1.1019,0.9736,1.2733,1.0114,0.0733,1.0261,1.3362,4.1676,0.6295,-0.8229,-0.3222,-0.2491,1.7038,3.9333,3.1221,4.0875,4.1935,4.2707,4.2131,2.9660,1.3467,-0.6475,-0.9223,-0.2474,0.6462,1.2921,1.3335,1.7821,1.8260,2.2014,2.2374,3.0729,3.3786,3.3903,4.2220,4.3116,3.6040,2.5708,2.0396,2.1253,2.1973,1.7754,-0.1605,-1.5133
0.8122,-0.7517,-1.0044,-0.7929,-0.5882,-0.1262,0.0132,-0.1728,-0.7286,-0.8808,-0.6934,-0.3150,0.1277,0.5362,0.5233,0.9465,1.1155,1.1014,-0.5558,-0.8882,-1.0246,-0.4052,-0.1487,0.8957,0.7275,0.2773,-0.7629,-0.8576,0.5679,0.9092,0.9966,-1.6853,-2.1477,-0.3851,1.2305,2.8763,3.2116,-1.1552,-1.4617,-0.7737,-0.0129,1.7537,1.6665,2.8625,3.6080,4.1196,4.2993,3.6137,2.4652,-0.2002,-0.3422,0.1283,0.4328,0.5117,0.6795,1.2065,1.5407,1.8017,0.6160,0.9625,1.1810,0.8907,1.3480,2.6964,3.2831,2.1547,1.8096,1.3261,1.1699,1.4155,0.3159,-1.2809
0.9780,-0.5040,-0.8640,-0.6737,-0.5176,-0.1495,0.0153,-0.0152,-0.7221,-1.0641,-0.8460,-0.3244,0.2517,0.6946,0.7723,1.1682,1.2896,1.3726,-0.1099,-0.7834,-0.4975,0.3382,1.1807,0.8568,0.6567,-0.4231,-0.9907,-0.6606,0.2866,1.0213,-1.6868,-3.6736,-3.9448,-3.0478,-1.8456,-0.3034,2.8229,1.7324,-0.2023,-0.1935,0.5085,1.5540,0.6356,1.6658,2.2619,2.6234,3.5727,3.6811,3.0637,0.9505,0.9376,1.0054,0.9568,0.6216,0.7835,1.2111,1.5026,1.6532,0.7853,0.1500,0.2656,-0.1810,0.1364,1.0985,1.8891,2.0716,2.2354,1.5449,0.7274,1.3670,1.6659,0.3820
1.1132,-0.5575,-0.7965,-0.6266,-0.5248,-0.2699,-0.0068,-0.0491,-0.8427,-1.2309,-0.9088,-0.4466,0.1294,0.6430,0.9620,1.3770,1.4626,1.6134,0.3043,-0.6285,-0.2689,0.3617,0.6101,0.5086,0.9942,-0.1520,-0.4881,-1.1109,-0.0193,-0.0891,-4.1207,-3.3475,-1.9045,-1.4545,0.5669,0.6580,2.2466,2.9755,2.7820,2.1441,1.4958,1.9399,0.6430,1.4896,1.9628,2.0389,3.0420,3.6176,3.0834,1.7520,1.6897,1.7853,1.7023,1.6442,1.5667,1.9957,2.1093,2.2898,1.3178,0.8150,0.4293,0.4935,0.9562,0.8700,0.8524,0.9430,0.8694,0.6700,0.6548,1.4637,2.1321,1.2851
1.1934,-0.4750,-0.7431,-0.5321,-0.3877,-0.2540,-0.0194,-0.0722,-0.8019,-1.2076,-0.8972,-0.5629,-0.0744,0.5329,1.0440,1.5673,1.6245,1.7831,0.7621,-0.4287,-0.1322,0.4226,0.1130,-0.1877,1.1404,0.5665,0.1131,-0.8726,-0.8666,-2.2877,-4.0695,-2.7531,-3.1566,-2.3795,-0.4103,1.1019,3.2370,1.7094,2.9058,3.7847,4.0800,4.3725,3.4920,2.6290,1.6237,0.8214,2.2943,3.3285,3.1115,2.9624,3.5423,3.8847,3.8023,3.0161,2.5369,2.6465,2.9031,2.9452,2.1474,1.6867,1.5443,1.4432,1.8262,1.7740,1.1460,0.4910,-0.2134,-0.3080,0.4951,1.6636,1.7343,1.1340
1.1043,-0.4349,-0.7210,-0.5268,-0.4437,-0.2228,0.0093,-0.0249,-0.8154,-1.2173,-0.8171,-0.4820,-0.1886,0.2898,0.9078,1.5229,1.7518,1.8539,1.1287,-0.2592,-0.1713,0.2650,0.2525,-1.4217,-1.0157,0.5051,0.7771,0.2359,-1.2297,-3.7556,-2.5714,-3.7150,-3.6024,-3.8555,-3.1733,-1.8706,0.2965,-2.8581,-1.9800,-0.5050,0.3381,1.4210,0.9994,0.9379,0.6411,0.1868,1.2268,2.1641,2.4087,2.8184,4.1997,5.2307,5.8654,5.9169,4.1887,4.0912,4.0042,3.6960,2.6978,2.0132,1.7995,1.3451,0.8007,0.5160,0.4436,0.8389,0.4953,-0.3545,0.1645,1.1514,1.8145,1.6054
1.1557,-0.3456,-0.6513,-0.4991,-0.4474,-0.2225,0.1249,0.0927,-0.6337,-0.9761,-0.6849,-0.4490,-0.3045,0.1556,0.8598,1.7296,2.0076,2.1020,1.5372,0.0642,-0.1841,-0.0270,-0.0617,-1.6620,-3.1445,0.4401,1.9953,1.5691,-1.1299,-3.0836,-2.5640,-3.5647,-4.6212,-5.3445,-5.5994,-3.7258,-1.3018,-4.2175,-5.3009,-3.3277,-2.8561,-1.2994,-2.5652,-1.8681,-2.5158,-2.7066,-2.3795,-1.3132,-0.7429,-0.0425,1.5203,1.4943,3.7962,6.8003,5.4253,4.8723,5.1162,4.7979,3.8538,2.4453,1.9765,1.4149,0.4410,0.0567,0.6007,2.0448,2.6644,1.6083,0.9652,1.3389,2.0244,2.3009
1.2135,-0.4272,-0.7053,-0.5471,-0.4586,-0.2856,0.0250,0.0777,-0.5039,-0.8515,-0.6584,-0.5181,-0.4771,-0.0922,0.6284,1.7410,2.1355,2.3051,1.7320,0.3209,-0.1859,-0.1687,-0.2725,-2.0185,-3.5925,-1.0008,2.5254,2.4200,-0.9537,-3.4431,-2.6826,-3.8159,-4.9903,-6.5983,-5.3053,-3.6711,-1.2539,-4.8689,-6.6341,-5.3119,-5.3237,-3.8022,-4.7692,-4.3645,-4.0625,-3.5445,-3.2847,-2.6067,-2.1708,-1.2916,-0.2779,-3.8056,-0.2107,4.6135,5.2195,5.1029,5.3215,5.6212,4.8028,3.3352,2.5903,1.7484,0.6454,0.1899,1.0993,2.4009,2.7779,3.5288,3.2000,3.0853,3.2284,3.6416
1.2660,-0.4350,-0.6814,-0.5028,-0.3232,-0.2892,0.0073,0.1013,-0.4022,-0.8010,-0.6800,-0.4628,-0.5607,-0.4165,0.3660,1.6591,2.2076,2.4488,1.7999,0.5630,-0.1144,-0.4748,-1.1741,-3.5625,-4.7114,-3.6189,1.3993,2.4116,-1.1957,-3.3363,-4.2253,-4.9135,-6.2536,-6.9953,-4.6176,-3.7637,-2.9344,-5.6653,-8.5299,-6.6096,-5.7037,-4.5660,-4.2900,-3.2576,-2.8394,-2.7233,-2.5189,-2.1700,-2.0987,-1.5981,-0.8694,-3.4371,-2.6465,2.0344,3.9044,4.5208,4.9798,5.4866,5.0957,3.6055,2.7650,1.9304,1.2274,1.3416,2.0346,3.3836,3.3510,3.3233,3.5781,4.0002,4.2423,4.0894
1.2403,-0.4143,-0.6605,-0.4561,-0.3532,-0.3408,-0.1806,-0.1206,-0.4627,-0.7799,-0.6806,-0.5107,-0.6595,-0.7127,0.0118,1.4114,2.0971,2.4026,1.8129,0.5307,-0.3183,-1.0923,-2.5024,-5.2382,-5.9213,-5.0453,0.2577,1.4012,-2.2167,-4.2007,-4.4667,-4.2853,-5.3474,-5.4101,-4.4621,-4.1662,-3.7356,-6.0954,-8.1239,-6.3841,-5.6705,-4.1352,-4.0051,-2.7010,-2.4260,-1.4340,-1.8043,-1.2394,-1.0737,-0.4811,-0.4046,0.3102,0.6859,2.6900,2.6072,3.1570,3.3281,4.3009,4.2494,3.3696,3.0437,2.3298,2.1253,2.1427,1.6503,2.2639,3.9785,3.6840,2.5543,3.1644,3.3567,2.9678
1.3390,-0.3077,-0.6307,-0.4630,-0.3126,-0.3233,-0.2030,-0.1281,-0.4330,-0.6864,-0.6656,-0.5464,-0.7399,-0.8243,-0.1777,1.2633,2.0727,2.4853,1.9462,0.4509,-0.6411,-1.5438,-3.3600,-5.8141,-6.4271,-5.8103,-0.5573,0.6071,-2.6353,-5.3553,-4.5346,-3.2290,-3.0815,-3.3522,-4.7794,-4.6019,-4.2868,-5.7041,-7.1467,-5.4476,-5.5077,-3.6562,-3.3818,-2.8598,-1.6812,-2.3198,-2.6834,-1.6162,-0.8556,0.5625,0.3234,0.5436,0.7365,1.1641,1.7058,2.2760,2.1953,3.1374,3.3108,2.9819,2.9191,2.9580,3.2163,3.7347,2.4507,2.3385,3.3203,4.1907,2.6647,2.9565,3.1411,2.5660
1.4352,-0.3331,-0.6363,-0.4550,-0.3079,-0.3189,-0.2626,-0.2645,-0.4318,-0.6316,-0.5917,-0.7059,-0.9313,-0.9915,-0.3641,1.0695,2.0298,2.5560,2.1121,0.2758,-0.9077,-1.8452,-3.7423,-6.0141,-6.4959,-5.9073,-0.3596,-0.0714,-2.3324,-5.4243,-5.2290,-3.9581,-4.3090,-3.8045,-4.0166,-3.8483,-3.2427,-4.0078,-5.5877,-4.6407,-5.4323,-3.4129,-2.6087,-1.9220,-2.0934,-2.6898,-3.4635,-2.2056,-1.1366,0.4174,0.4981,0.9759,0.5351,1.2627,2.2197,2.5732,2.4932,3.0399,3.1988,3.0496,3.6716,3.6786,3.6629,4.2350,3.9381,3.1714,2.6006,4.8804,3.8278,3.0685,3.1962,3.0598
1.4765,-0.3121,-0.6982,-0.4250,-0.2509,-0.3592,-0.4021,-0.3055,-0.4300,-0.5780,-0.6382,-0.8374,-1.0209,-1.0846,-0.4064,1.0050,2.0132,2.5943,2.1302,-0.0730,-1.0530,-1.9835,-3.8418,-5.4103,-5.7866,-5.0292,-1.1215,-0.0723,-1.3015,-5.3262,-6.7661,-5.4223,-5.5651,-4.8497,-5.0399,-4.1922,-4.2311,-5.0608,-6.1944,-5.0370,-4.6751,-1.9278,-2.1603,-2.6345,-2.7597,-3.6690,-3.3420,-2.4805,-1.8143,-0.2152,0.2261,1.2200,0.0760,0.8635,1.5849,2.9624,3.9891,4.4603,4.9578,4.5925,4.6435,4.4110,4.4491,5.0248,5.7186,4.6688,3.8895,4.2478,5.0232,4.5613,3.9608,3.8265
1.4140,-0.2411,-0.6091,-0.3810,-0.1973,-0.2815,-0.2419,-0.3376,-0.4562,-0.6664,-0.7276,-1.1446,-1.2708,-1.1930,-0.5571,0.6914,1.8334,2.4715,1.8748,-0.6142,-1.2545,-1.6878,-3.1763,-4.8075,-4.6458,-3.9082,-0.9149,0.0231,-2.0053,-5.2245,-6.4616,-6.2538,-6.5689,-5.5434,-5.6878,-5.6650,-6.9139,-7.7353,-7.2734,-5.2951,-4.4482,-1.1181,-1.8793,-2.2845,-1.4531,-2.0936,-2.0919,-1.8883,-1.5949,-0.0509,0.4623,1.1976,1.4709,1.6393,1.6821,2.7533,3.6106,4.7699,5.3650,5.1547,5.0627,4.8489,4.4213,4.8012,5.2728,6.0021,4.4894,3.6191,3.7398,4.6700,4.2778,3.2908
1.4763,-0.1166,-0.5719,-0.3543,-0.1523,-0.1660,-0.0914,-0.2235,-0.3370,-0.4433,-0.5068,-1.0144,-1.1481,-0.8312,-0.0844,0.9785,1.9522,2.6459,1.4920,-0.9477,-1.3152,-1.3273,-2.4677,-3.8538,-4.2813,-3.3807,-1.5464,-0.7287,-2.2971,-4.6887,-5.2011,-5.7162,-5.8207,-5.4027,-6.1016,-5.5779,-6.5739,-6.7440,-6.7705,-6.0418,-4.4051,-1.0524,-2.6976,-1.4586,-0.1634,-0.1235,-1.5076,-1.3631,-1.1932,-0.1559,0.0859,1.2494,1.6620,1.4107,1.7271,1.7880,2.5976,3.4527,3.9619,4.3470,4.5794,4.6856,4.4478,4.8603,5.2017,4.4319,3.5839,3.3830,3.6141,4.2885,5.5181,3.3664
1.5376,-0.1226,-0.5180,-0.3464,-0.1120,-0.0028,0.0656,-0.1369,-0.3159,-0.3971,-0.5285,-1.0956,-1.0909,-0.4799,0.4414,1.2712,1.9357,2.5192,0.7932,-1.3266,-1.4266,-1.2807,-2.2349,-3.1549,-3.6410,-2.9747,-1.1579,-1.7674,-2.5013,-3.3130,-3.5454,-4.3377,-4.5348,-5.3200,-6.0741,-5.6747,-4.6554,-5.3284,-6.0290,-6.4581,-4.6965,-1.1049,-2.9422,-1.0136,0.5340,0.4959,-2.1970,-2.0745,-1.5852,-0.9505,-0.5566,0.2626,0.2108,-0.2349,0.3416,0.7851,1.4431,1.7758,1.9565,2.2152,3.0501,3.9563,3.8957,4.0822,4.1065,2.1843,2.5595,2.4493,3.2699,3.8676,4.5679,3.7252
1.0162,-0.8809,-1.4139,-1.1526,-1.0250,-0.9446,-0.9524,-0.9588,-0.9913,-1.0697,-1.1577,-1.4406,-1.1688,-0.3782,0.7570,1.3233,1.7148,1.9508,-0.4006,-1.7130,-1.6301,-1.6628,-2.4096,-2.7837,-3.2091,-3.0990,-1.4596,-2.8897,-2.8035,-2.3233,-3.1399,-4.6714,-4.2280,-4.6572,-5.7812,-6.0815,-5.7882,-5.1902,-6.5924,-7.0788,-6.0890,-2.3309,-2.3381,-1.9214,-1.7058,-2.4980,-5.1340,-3.1665,-1.8342,-1.5617,-1.4196,-0.3520,-0.7399,-1.4880,-1.1859,-1.1386,-0.6725,-0.5208,-0.3542,0.1419,1.2413,3.6339,4.6673,4.6722,3.7431,2.7337,2.5651,2.4071,2.8017,3.7548,4.1073,2.7599
1.5440,0.2408,-0.3492,-0.2244,-0.2354,0.0334,0.1283,0.1815,0.0275,0.0258,-0.1344,-0.2968,-0.0515,1.2028,2.6080,2.9863,2.7560,2.2027,-0.3916,-0.9607,-0.6898,-0.9090,-0.8961,-1.0899,-1.5824,-1.3577,1.5373,-1.1947,-1.7836,-0.7329,-1.6393,-4.1617,-3.0069,-3.2601,-3.5447,-4.6186,-4.7333,-5.0008,-5.9801,-5.9506,-4.5263,-0.2628,-1.0680,-1.3997,-1.2002,-0.8207,-0.0483,-0.5959,-0.1179,0.1867,-0.2426,-0.4021,-1.2773,-2.5559,-3.1847,-3.2867,-2.5939,-1.6272,-1.1910,-0.8713,-0.2184,1.0269,0.9809,2.2767,0.2622,0.0176,0.2778,1.2221,1.3835,1.7865,1.9312,-0.5806
