3.3239,1.1978,0.3114,-0.0637,-0.3086,-0.8770,-0.7718,-0.5963,-0.4439,-0.2723,-0.4469,-0.5588,-0.5350,-0.4850,0.0275,0.6179,0.7221,0.7225,0.4232,0.1094,-0.0148,0.0333,0.2271,0.6354,0.7484,0.4567,0.0682,-0.3633,-0.7632,-1.0845,-1.4631,-1.4487,-1.1829,-0.4062,1.0970,2.2012,2.7041,1.6922,0.1214,-4.2437,-7.4935,-8.5866,-9.6857,-9.1880,-9.0020,-9.2695,-10.3384,-10.6278,-10.8688,-11.3233,-14.0454,-12.3952,-11.2594,-10.8176,-10.8597,-10.6563,-9.6916,-8.0181,-6.9511,-6.4970,-6.3375,-6.0100,-6.0907,-6.3936,-6.3714,-5.6870,-5.0453,-3.9754,-1.7551,1.2424,0.3418,-0.7160
2.0128,1.2670,-0.0596,-0.4699,-0.6299,-0.8967,-0.3924,-0.4166,-0.2233,-0.2169,-0.4657,-0.4575,-0.4174,-0.5042,-0.2461,0.0335,-0.0296,-0.1516,-0.5336,-0.6804,-0.6211,-0.2393,0.0652,0.2145,0.1536,-0.2275,-0.9283,-1.6124,-2.0913,-2.3513,-2.5843,-2.1388,-1.4793,0.1320,0.4364,-0.6304,2.7067,4.2371,-0.0303,-5.4328,-7.3422,-8.2426,-9.9779,-9.4126,-9.1919,-8.8999,-11.0452,-11.3019,-14.3762,-12.9233,-16.1380,-15.7973,-14.7415,-13.7237,-10.4776,-9.2512,-7.1819,-6.6498,-7.6000,-7.8464,-8.1100,-7.9727,-6.9820,-6.5884,-6.3877,-6.8487,-5.7712,-3.9316,-2.1820,0.6470,0.2146,2.8504
1.4812,0.4941,-0.6967,-0.6966,-0.5341,-0.4293,0.2908,0.3212,0.3305,-0.0830,-0.2774,-0.1368,-0.2484,-0.2076,-0.2388,-0.2200,-0.4603,-0.6828,-0.8967,-0.7451,-0.5624,0.1290,0.3582,0.4331,0.2120,-0.3969,-1.2898,-2.0344,-2.5522,-2.6483,-2.6167,-1.9352,-1.1763,0.9036,0.1690,-0.1801,3.9173,4.5568,-0.5721,-4.7781,-5.2047,-6.6788,-7.5811,-7.7368,-7.0278,-7.0131,-7.9099,-7.9587,-11.0506,-10.2251,-14.2263,-15.4505,-14.5321,-10.6196,-7.6338,-6.9291,-5.3788,-4.7312,-4.9947,-4.1264,-4.2884,-5.1513,-4.3254,-3.5419,-3.6956,-4.9280,-3.2189,-1.2253,0.9487,1.8599,0.2096,1.8119
1.5895,0.6006,-0.3599,0.1354,0.7524,0.9236,1.5993,1.5912,1.3367,0.3698,0.2388,0.0510,0.0100,0.0379,-0.0126,-0.3973,-0.7970,-0.9708,-0.9085,-0.5694,-0.1930,0.3540,0.7326,0.6647,0.2377,-0.6865,-1.6448,-2.5627,-3.2364,-3.2685,-3.0278,-2.3281,-1.8584,-0.6065,-1.4706,-0.1062,3.3070,0.4515,-4.0553,-6.4352,-6.4613,-7.6617,-8.4480,-8.1052,-7.2454,-6.5345,-7.6672,-8.4525,-10.8747,-10.8993,-14.3003,-14.2790,-12.0004,-8.1324,-7.2958,-6.7449,-5.7793,-5.9613,-6.3539,-4.9976,-3.6078,-5.2088,-4.5610,-2.9494,-3.0122,-5.2873,-2.4335,-0.5799,1.6223,2.1103,0.6642,-0.1537
1.5526,0.9128,-0.1094,0.6672,1.5626,1.8235,2.3319,2.2668,1.8844,0.6749,0.3512,0.0511,-0.0651,-0.0292,-0.3845,-0.9775,-1.3083,-1.2151,-0.7974,-0.4189,0.0007,0.4614,0.8179,0.5945,-0.0901,-1.0181,-2.0243,-3.1903,-3.5860,-3.7328,-3.2038,-2.2889,-1.7490,-1.7904,-3.3499,-4.3842,-4.1045,-4.6157,-6.7862,-7.1760,-6.9403,-8.4690,-8.8278,-8.5912,-7.3996,-6.7954,-7.5847,-9.8100,-10.7918,-10.7890,-13.3608,-12.7108,-11.2264,-7.7694,-7.3074,-6.8235,-6.3495,-6.2683,-5.8840,-4.9007,-2.9380,-5.0298,-4.4168,-2.9557,-2.1852,-5.1401,-2.2116,0.2669,2.0264,2.7675,1.5887,2.1367
1.7747,1.3329,0.4663,1.0129,2.0229,2.3990,2.7259,2.5798,2.1184,0.9473,0.3874,-0.2893,-0.8426,-1.0185,-1.3109,-1.5549,-1.6809,-1.5102,-0.8166,-0.3422,-0.0129,0.3217,0.6039,0.1107,-0.4953,-1.3361,-2.4251,-3.6066,-4.0445,-3.8981,-2.9700,-1.9736,-1.8806,-5.1638,-4.8516,-2.8076,-3.3758,-4.4098,-5.6406,-7.0617,-8.7573,-8.3212,-8.9405,-8.6773,-7.1298,-6.9977,-7.3891,-10.7394,-10.4287,-9.9558,-12.3106,-10.6495,-10.3677,-7.8679,-7.5116,-7.3284,-7.3083,-6.6800,-5.3919,-4.7138,-2.3381,-5.5577,-4.6774,-3.2378,-1.6965,-4.4298,-2.2638,0.1662,2.2626,3.3581,2.5742,2.9889
2.0101,1.6619,0.9510,1.4790,2.1320,2.5797,2.7085,2.6765,2.2106,1.0709,0.4024,-0.6230,-1.5902,-2.0467,-2.0847,-2.1568,-2.1030,-1.8998,-0.9737,-0.3636,-0.2327,0.0520,-0.0189,-0.3396,-0.7386,-1.6014,-2.7634,-3.9286,-4.1004,-3.6787,-2.3263,-1.2113,-3.5062,-4.4366,1.0226,2.1471,0.0215,-1.7559,-4.6813,-8.8380,-8.9642,-8.9406,-9.3587,-8.7670,-7.6152,-7.6121,-8.7700,-11.8721,-10.3895,-9.2162,-9.8685,-6.5679,-7.7668,-7.4352,-8.2859,-7.9869,-7.5355,-7.4080,-5.4999,-2.5433,-2.4997,-5.2426,-4.6010,-1.9707,0.0927,-3.1534,-1.3607,0.5262,2.3836,3.8188,3.5275,3.2258
2.2316,1.7447,1.4164,1.8763,2.2452,2.5779,2.7252,2.6521,2.3873,1.0909,0.3873,-0.7289,-1.7491,-2.4823,-2.6807,-2.6139,-2.5694,-2.3554,-1.3236,-0.5541,-0.5076,-0.3240,-0.2546,-0.3947,-0.7951,-1.6805,-3.1527,-4.2784,-4.3059,-3.7126,-2.4145,-2.1051,-5.8528,-1.7813,1.9829,1.6368,-0.1309,-1.4796,-6.5845,-8.6749,-8.8290,-9.2586,-9.1394,-8.3726,-7.2163,-7.2142,-9.1932,-12.0540,-10.3998,-8.5772,-7.3843,-4.8072,-8.4558,-8.2731,-8.0774,-8.4066,-7.8877,-7.6184,-5.2927,-3.2285,-2.3932,-3.8784,-0.5585,1.4646,1.5514,-0.5944,0.6941,1.3187,1.8071,2.9351,3.6568,3.0608
2.6191,2.0707,1.6906,2.0561,2.2096,2.4490,2.5366,2.6768,2.2903,0.9621,0.2240,-0.7772,-1.8720,-2.6439,-2.8984,-2.8245,-2.8070,-2.7675,-1.9293,-1.1116,-0.8907,-0.5958,-0.4084,-0.5907,-0.9039,-1.8835,-3.5558,-4.5513,-4.1376,-3.4276,-2.1556,-1.1335,-4.7448,-0.3248,1.0667,0.1582,-0.9203,-1.1865,-6.4786,-7.1215,-8.2163,-8.9011,-9.2607,-7.9007,-6.8829,-6.8233,-9.5591,-12.7335,-10.7708,-8.3305,-6.0520,-5.4887,-7.0974,-7.8759,-7.1917,-8.6630,-7.1394,-7.4926,-4.8437,-2.9475,-0.7563,3.0103,5.4209,2.9692,1.3984,0.7362,2.1890,2.2291,2.1145,2.0952,2.8423,2.7590
3.1087,2.3825,1.7531,2.0505,2.0569,2.1067,2.2652,2.4069,2.0364,0.6686,-0.0300,-0.7532,-1.6840,-2.5912,-3.0287,-2.9926,-3.0285,-2.8586,-2.4426,-1.7249,-1.1594,-0.5455,-0.5000,-0.5953,-0.9384,-2.0187,-3.7396,-4.5353,-3.7956,-2.6752,-1.7427,-4.1062,-3.3197,0.4832,0.1035,-1.6541,-2.2963,-2.1242,-6.4077,-6.0902,-7.2223,-8.8569,-8.9709,-7.5991,-6.9864,-7.5710,-9.9848,-12.1539,-10.3612,-7.9488,-5.6858,-4.4903,-4.8246,-8.4492,-5.3539,-4.3964,-5.7055,-6.3392,-2.7423,-0.9516,2.1333,4.9478,5.1654,3.5626,1.1353,1.7355,2.8881,2.9934,1.9200,1.5710,2.2333,2.4643
3.4781,2.7206,1.8433,2.0041,1.9691,1.9010,2.2095,2.1857,1.7160,0.4071,-0.2026,-0.6467,-1.1600,-2.0586,-2.7752,-2.9949,-2.9921,-2.7620,-2.5920,-2.1132,-1.3710,-0.6551,-0.5337,-0.5395,-0.8364,-2.0641,-3.7497,-4.0711,-2.7727,-1.7782,-2.3737,-4.1325,-0.3207,1.5578,0.0293,-2.8475,-4.2922,-4.6035,-5.3580,-5.6825,-6.8179,-8.5546,-8.7262,-7.4608,-7.5529,-8.3744,-9.9906,-10.8076,-9.7458,-7.5867,-2.9002,-3.3882,-4.3221,-7.9009,-5.8435,-1.2889,-1.7048,-0.7742,2.5098,1.8551,3.0269,4.5367,4.7421,2.2434,2.1140,2.8959,3.5186,2.7550,2.6460,1.9300,2.0372,2.9030
3.5815,2.7489,1.9875,2.1129,1.9278,1.8408,2.1175,2.0539,1.3741,0.2326,-0.1535,-0.3911,-0.6757,-1.4482,-2.2500,-2.8429,-2.9345,-2.7657,-2.6173,-2.2702,-1.6526,-0.9841,-0.6481,-0.2957,-0.5315,-1.7941,-3.2728,-3.2316,-1.6485,-1.0073,-3.1757,0.0552,0.5542,1.0493,-1.2137,-5.0732,-6.4773,-5.7091,-5.2786,-5.5087,-6.8437,-8.1365,-8.5103,-7.5693,-7.5417,-8.4722,-9.2385,-9.6117,-7.9946,-5.4989,-2.8314,-4.7788,-2.6489,-6.0815,-5.4694,-5.5471,-1.6747,1.1374,4.1732,3.7487,2.8780,4.1388,3.7542,2.0422,2.5726,3.3103,3.6808,2.7483,2.3181,1.9325,2.3918,3.4673
3.5437,2.7647,1.9642,2.0299,1.8234,1.7289,1.8952,1.6948,0.9989,0.2178,-0.0485,-0.3146,-0.3900,-0.8892,-1.6022,-2.1026,-2.4030,-2.4395,-2.5361,-2.3377,-1.9872,-1.3776,-0.7909,-0.2319,-0.2757,-1.4282,-2.5068,-2.4567,-0.8482,-1.7106,2.0684,1.5662,0.6718,-0.2245,-2.7584,-6.8307,-8.0482,-5.7791,-5.6491,-5.2309,-6.8189,-7.9134,-7.7235,-7.8825,-8.3907,-8.4825,-7.6311,-7.5085,-5.6445,-4.5755,-2.7839,-4.4631,-2.1777,-4.4269,-4.1260,-6.2484,-3.7734,1.1635,2.6000,2.6524,3.8985,4.6105,4.3126,2.6637,2.9092,3.0777,3.3282,2.9226,2.1992,1.1266,1.5855,2.8873
3.5920,2.7145,1.7283,1.7539,1.5462,1.5827,1.6539,1.3176,0.7625,0.1534,0.0626,-0.0948,-0.2024,-0.4347,-0.8225,-1.2650,-1.5707,-1.8809,-2.1555,-2.1171,-2.0324,-1.7324,-1.0673,-0.0847,0.0298,-0.7210,-1.6544,-2.0890,-0.9835,-0.8005,1.2059,-0.5908,-0.7993,-1.9052,-4.3757,-7.2048,-7.7386,-5.6138,-5.4967,-5.9656,-7.2880,-7.3068,-7.3987,-8.9907,-9.5705,-8.7807,-7.0322,-6.3269,-4.5397,-3.3977,-3.5062,-4.4014,-2.0103,-5.2879,-5.3147,-7.7153,-6.1602,-1.1486,2.0513,3.2413,4.1976,4.7104,3.5399,2.9579,3.0749,1.8530,2.4182,2.0411,1.5208,0.7211,1.2451,3.2045
3.4268,2.6033,1.6782,1.7044,1.4135,1.5440,1.4988,1.1400,0.6100,0.2126,0.2557,0.1285,0.1132,-0.0227,-0.2784,-0.4948,-0.6212,-1.0735,-1.6373,-1.7527,-1.8113,-1.7172,-1.2774,0.0084,0.2328,-0.0934,-0.8301,-2.1930,-1.6883,-2.7100,-3.0859,-2.7181,-2.3367,-3.6464,-5.8286,-7.1557,-7.0062,-4.9738,-5.7095,-5.9954,-6.5985,-6.4145,-7.8453,-9.8977,-9.9866,-8.8714,-6.6036,-5.6385,-4.1945,-4.0712,-4.1014,-3.0916,-4.9555,-6.6726,-7.2396,-10.1159,-8.4180,-2.1557,1.9030,3.2578,3.7983,4.0587,3.1567,2.2528,2.1093,1.3171,1.2676,1.2243,1.1054,0.4383,1.3340,4.0330
3.3486,2.6187,1.7826,1.8023,1.6786,1.6087,1.5541,1.2002,0.7160,0.3424,0.5663,0.6491,0.6264,0.3825,0.3200,0.1477,-0.0236,-0.4450,-1.0906,-1.3803,-1.5241,-1.5505,-1.2722,0.2106,0.6130,0.5383,-0.0646,-1.5566,-1.3816,-2.2060,-1.9003,-1.4144,-1.8681,-4.6820,-6.3701,-6.4385,-5.6155,-4.6732,-5.0106,-5.3907,-5.6627,-5.6579,-8.4516,-9.8591,-8.9261,-8.3354,-6.2134,-4.9909,-3.2020,-2.9252,-4.1082,-3.9511,-5.5746,-6.9134,-9.0664,-7.3565,-8.1242,-4.7311,1.0347,2.9913,3.4727,2.8644,2.7855,2.6364,1.5830,0.6075,0.4839,0.5776,0.7660,0.4613,1.4412,4.7094
3.1836,2.6373,1.8227,1.8904,1.7213,1.5150,1.3947,1.0562,0.6625,0.4480,0.8282,1.0291,1.0118,0.8296,0.6095,0.4410,0.2092,-0.2496,-0.7795,-1.0239,-1.1781,-1.2761,-1.1334,0.1787,0.6412,0.6880,0.0644,-1.1310,-1.2540,-1.3788,-0.6853,-0.1699,-1.4268,-4.5460,-5.8170,-5.3880,-4.8444,-4.0193,-4.4944,-4.8069,-4.6844,-6.3355,-9.4461,-9.4229,-8.3486,-7.5885,-5.4020,-4.1207,-2.5488,-2.5148,-4.9271,-4.4978,-5.3228,-4.9412,-6.5391,-3.2134,-6.2895,-5.3563,0.7542,2.2096,1.5039,1.3339,1.6507,1.4744,1.2996,0.4756,-0.0390,0.1116,0.6016,0.9419,2.0760,5.6390
3.2536,2.6906,1.8733,1.8799,1.6254,1.1614,0.8107,0.4859,0.4348,0.6838,1.1536,1.3829,1.4473,1.2031,0.8762,0.5378,0.3621,-0.1777,-0.5659,-0.7915,-0.9692,-1.0867,-0.8478,0.1815,0.4930,0.5866,-0.4831,-1.2554,-1.5337,-1.4360,-0.0698,0.3075,-0.0246,-2.5330,-3.9061,-4.3459,-3.6812,-3.7862,-4.7525,-4.5377,-6.7787,-7.3579,-8.9854,-8.6504,-8.1239,-6.7266,-5.4859,-3.8782,-2.7262,-1.9075,-3.5656,-2.5236,-4.9021,-4.2414,-4.9304,-1.3162,-4.2686,-4.9329,-0.2776,1.9219,0.8388,-0.0995,-0.0634,-0.1254,0.4827,0.7491,0.0778,-0.0460,0.1935,0.9837,2.2156,5.5559
3.4516,2.8075,1.8817,1.8500,1.4645,0.6155,0.0656,-0.0040,0.3329,0.8714,1.4998,1.7233,1.7792,1.4818,0.9809,0.6688,0.3410,-0.0429,-0.4613,-0.6646,-0.8504,-0.8492,-0.4732,0.0663,0.2341,0.0614,-1.2487,-1.5067,-1.8651,-2.1282,0.0026,-0.3134,-2.0979,-3.3530,-4.4749,-4.8742,-4.4320,-4.6409,-5.8780,-8.1865,-8.1257,-7.6358,-8.1585,-8.2972,-7.8636,-6.4735,-5.4778,-3.5549,-3.0291,-2.6071,-3.3152,-0.9201,-3.8382,-4.9948,-4.4350,-2.6568,-3.7026,-3.6776,-1.1132,0.5712,0.2728,-0.2058,-1.5655,-1.6389,-0.7180,0.2183,-0.1343,-0.8793,-0.9026,0.2319,1.3864,4.9674
3.4278,2.7252,1.8722,1.7428,1.2850,0.4353,0.0063,0.0424,0.4379,1.2068,1.8774,2.1589,2.2432,1.6835,1.1161,0.8421,0.5588,0.1179,-0.3716,-0.5726,-0.7725,-0.6243,-0.3518,-0.1839,-0.1772,-0.8643,-1.5815,-1.2593,-0.9134,0.0607,1.0706,-1.8771,-3.0539,-4.9840,-5.1928,-6.0732,-6.6557,-7.6020,-9.2865,-8.1325,-6.5427,-6.6987,-7.4816,-7.9929,-7.8481,-7.0606,-5.3408,-2.7937,-1.4058,-1.6591,-2.4922,-1.9252,-3.1792,-3.5636,-5.3477,-3.8369,-3.1529,-2.9793,-2.7836,-0.6829,-0.5497,-0.6204,-1.5511,-1.6287,-0.8148,-0.0619,-0.4300,-1.3154,-1.2612,-0.2406,0.7405,3.7849
3.3496,2.6846,1.7144,1.2643,0.8435,0.3295,0.0361,0.2750,0.8460,1.4543,2.1711,2.4139,2.3636,1.6567,1.0691,0.8961,0.7620,0.2437,-0.2597,-0.5200,-0.5648,-0.3769,-0.2761,-0.2022,-0.4907,-1.2225,-1.6259,-0.6767,0.3962,2.0738,4.0475,1.2597,2.2212,-1.5690,-1.1828,-2.6573,-4.0822,-7.7310,-6.1824,-4.9277,-4.6584,-5.5190,-6.5563,-7.8417,-7.7401,-7.0463,-4.5451,-3.3130,-1.6329,-1.6029,-1.5274,-1.4666,-1.3162,-1.6567,-1.7642,-2.5404,-2.5485,-3.1031,-3.2429,-2.5436,-1.5264,-1.2502,-1.3984,-1.1360,-0.5169,-0.3500,-1.1001,-1.1776,-1.0086,-0.1634,0.2301,2.0587
3.3165,2.3019,1.1258,0.6062,0.3724,0.3783,0.6554,0.9286,1.4215,1.8143,2.2275,2.4776,2.2303,1.3257,1.0454,0.9166,0.9556,0.4607,0.0192,-0.2297,-0.2891,-0.1291,-0.2362,-0.2288,-0.6838,-1.3370,-1.6159,-0.4584,0.9870,3.6681,5.0433,4.2401,4.9200,0.9954,1.0505,-0.8844,-5.0177,-4.1415,-3.7086,-4.0164,-3.3638,-4.4428,-6.3420,-7.8809,-7.6171,-5.9276,-5.0360,-4.0518,-0.4659,-2.8317,-4.1932,-2.6634,-1.7128,-1.3774,-1.0030,-2.7264,-3.1064,-3.2543,-3.5857,-1.9676,-1.3969,-1.1614,-1.2776,-1.3455,-1.2851,-1.6278,-2.0192,-1.3551,-0.8856,-0.0293,-0.0265,1.1305
3.1880,1.7577,0.3229,0.0384,0.1678,0.9019,1.4141,1.6010,1.8135,2.0134,2.3073,2.4682,1.7885,1.1177,1.0180,1.1482,1.1295,0.6848,0.4055,0.1985,0.0875,0.0694,0.0204,-0.2986,-0.7860,-1.0967,-1.4551,-0.5511,1.0872,3.9992,4.9813,4.9214,4.4367,2.8800,3.1035,-1.6988,-3.0066,-3.8304,-3.7627,-3.2798,-2.4122,-3.9442,-6.9664,-8.3841,-7.5252,-6.2146,-6.3509,-4.2111,-2.2674,-1.1461,-2.8092,-2.6512,-3.1371,-2.4533,-1.8285,-3.4863,-3.9310,-4.0676,-4.4790,-2.6685,-1.0186,-1.1399,-1.1801,-1.3660,-2.0273,-2.7963,-3.0774,-2.5884,-1.5429,-0.6079,-0.5706,0.9065
2.9081,1.2088,0.0227,0.0858,0.3274,1.3999,1.8438,1.8923,1.9873,2.2139,2.4844,2.4142,1.4762,1.0758,1.1841,1.4639,1.4476,1.1659,0.9628,0.7203,0.5677,0.2668,-0.0385,-0.7829,-1.4635,-1.9312,-2.4387,-2.2070,-1.1383,-0.0760,0.4144,0.1642,2.5711,4.1360,3.4189,-1.9253,-1.7830,-2.8687,-1.7929,-1.8745,-1.6861,-4.4354,-7.3501,-8.4921,-7.8580,-6.5457,-5.5038,-3.4621,-3.1199,-0.5963,-2.3147,-3.0669,-1.9266,-2.6192,-2.0275,-2.5882,-3.5068,-3.8699,-4.3511,-4.0062,-2.2818,0.0995,-0.0029,-0.7030,-1.7680,-2.7613,-3.1448,-2.6575,-2.5115,-1.6738,-1.1367,0.0541
2.3462,1.0033,0.0854,0.1902,0.7160,1.7119,1.9629,1.8984,2.0627,2.2466,2.4422,2.0947,1.4194,1.1882,1.4000,1.6680,1.7202,1.5823,1.4753,1.2166,0.8933,0.3986,-0.1298,-1.0792,-1.8494,-2.5611,-3.0066,-3.0367,-2.3528,-2.1272,-2.1126,-1.8677,1.2046,4.6786,3.1427,0.2375,0.0389,-1.2433,-0.6569,-0.9270,-1.4794,-4.6195,-7.2683,-8.4197,-7.9285,-6.1051,-5.9776,-3.5992,-3.1600,-1.0518,-1.9538,-2.1991,-3.8023,-4.2360,-3.2384,-3.2948,-3.9854,-4.7923,-5.6092,-4.2084,-3.3398,-0.9469,0.0079,-0.1380,-1.0882,-1.9830,-2.6874,-2.3303,-2.1398,-2.0548,-1.4904,0.1003
1.9442,1.0016,0.2074,0.6163,1.5179,1.9132,1.8838,1.8374,1.8643,2.0353,2.1868,1.9143,1.5189,1.4392,1.7759,1.9757,2.0583,2.0401,1.9782,1.6218,1.1496,0.5244,-0.0880,-1.4643,-2.3568,-3.1439,-3.5736,-3.6741,-3.5236,-3.5933,-4.5183,-3.7743,-0.4760,4.2286,2.6293,1.5087,0.9503,-0.1421,-0.1795,-0.7518,-2.2527,-4.8727,-6.9491,-8.2885,-7.5662,-6.7166,-5.0558,-4.0638,-2.2719,-1.8488,-2.0659,-1.8517,-3.0112,-4.1620,-4.4466,-5.0003,-5.8488,-5.0316,-4.1454,-2.7843,-2.2480,-1.4848,-0.9788,-0.7011,-1.1222,-1.4559,-1.4273,-1.3848,-1.6343,-1.8102,-1.4593,0.2881
1.8160,1.4195,1.1020,1.6937,1.9348,2.0778,1.8622,1.8329,1.5963,1.6198,1.6941,1.8236,1.8409,1.9654,2.2037,2.2173,2.3337,2.4743,2.1969,1.8418,1.2827,0.5683,-0.2350,-1.5107,-2.5852,-3.1681,-3.6993,-3.6420,-4.3621,-5.5409,-6.2132,-5.4485,-2.4815,1.7915,2.7049,2.3044,1.0087,-0.5325,-1.9992,-2.7942,-3.8069,-5.0363,-6.4780,-7.5455,-6.7126,-5.9425,-3.1651,-4.2727,-4.9646,-2.9965,-2.7763,-1.9285,-2.8120,-3.0418,-5.2063,-5.4414,-3.3531,-3.3028,-3.3871,-2.6135,-2.0759,-1.6023,-1.6833,-2.2539,-2.3303,-1.6675,-0.7654,-0.9791,-1.9929,-2.1932,-1.8524,-0.0298
1.9167,2.2804,2.0419,2.2044,2.1879,2.2372,2.0230,1.9058,1.5605,1.2460,1.5576,2.0476,2.4681,2.6500,2.6549,2.6841,2.8356,2.8947,2.5468,2.1599,1.4932,0.7387,-0.0700,-1.7776,-2.9385,-3.7622,-4.4123,-4.5097,-4.7489,-5.8551,-5.5550,-4.4057,-2.3816,0.9597,1.0801,0.8005,-0.7506,-3.1408,-4.4275,-3.9093,-3.8685,-3.7688,-5.6399,-6.3893,-6.2231,-4.7077,-3.0845,-1.8158,-3.0595,-3.4711,-3.5608,-2.3867,-2.1387,-1.9188,-3.5010,-2.8112,-2.8825,-3.5037,-3.3284,-2.7477,-2.1764,-1.8792,-2.1959,-2.8918,-2.9594,-2.4572,-1.9134,-0.6812,-2.1403,-2.4203,-1.7458,0.4847
2.4060,2.9904,2.2775,2.3215,2.3413,2.1323,1.8715,1.6996,1.4011,1.1551,1.6432,2.4183,2.9819,3.0078,2.8424,2.8626,3.0278,2.9574,2.7572,2.1952,1.6542,0.8062,-0.0753,-1.8974,-2.9861,-4.0481,-4.7984,-5.2114,-5.2368,-5.5761,-3.8032,-2.3887,-1.1856,0.1001,-1.1784,-1.7772,-2.9937,-5.1455,-5.8725,-4.0817,-3.3686,-2.3044,-4.1688,-4.8786,-5.1489,-3.9825,-2.9091,-1.3319,-1.4710,-2.6309,-3.1427,-2.6591,-1.8026,-1.8215,-2.5898,-1.9737,-2.9204,-3.5433,-2.8615,-2.4801,-1.7916,-2.1917,-2.6122,-3.0726,-2.8910,-3.0784,-2.9966,-0.7809,-1.9778,-2.8204,-1.8167,0.1682
3.2706,3.1421,2.2794,2.2642,2.2139,1.7150,1.4660,1.3699,1.3453,1.2291,1.7370,2.7643,3.3657,3.2261,2.9819,2.9912,3.0861,3.0060,2.7050,2.1978,1.7002,1.0161,0.0832,-1.8552,-2.6307,-3.7953,-3.7927,-3.5955,-2.9048,-3.2882,-3.2916,-2.2518,-2.4923,-2.8592,-4.6324,-3.7732,-3.8459,-5.0100,-5.5115,-2.9469,-2.2705,-0.9883,-3.1567,-3.8002,-4.4625,-2.8677,-2.1334,-1.0388,-1.0331,-1.6674,-2.1357,-2.0338,-1.6886,-1.9632,-1.6031,-2.2701,-3.1371,-4.6342,-3.3120,-1.7727,-1.8198,-2.1878,-2.4579,-3.0475,-2.8900,-2.9961,-3.0055,-2.0800,-1.2356,-2.3207,-2.1226,0.1164
3.8155,3.2190,2.2636,2.1449,2.0428,1.5084,1.3761,1.4232,1.6565,1.7384,2.0741,3.0497,3.3915,3.2018,3.0065,2.9962,3.0306,2.9595,2.6381,2.1647,1.6939,0.9193,0.0755,-1.4566,-1.8472,-3.0049,-1.5316,-1.7516,-1.9113,-1.1930,-1.9921,-2.4384,-1.1561,-0.0928,-0.8184,-1.1285,-1.7599,-2.6740,-3.4395,-1.5948,-1.4985,-0.2498,-2.3036,-3.0807,-5.3493,-3.5760,-2.2399,-0.3320,-0.4088,-0.6878,-0.9646,-0.9534,-1.3583,-1.4278,-1.0011,-0.9016,-2.7855,-2.6470,-2.5439,-1.6372,-1.8346,-2.3578,-2.4083,-2.8029,-2.7763,-3.0775,-3.4913,-3.1799,-2.2689,-1.8167,-2.2452,0.1458
3.8470,3.2812,2.2928,2.2023,1.8998,1.6263,1.5688,1.7759,2.2749,2.4827,2.7616,3.4528,3.5537,3.3183,3.1786,3.1654,3.1551,3.0713,2.7279,2.3066,1.6215,0.8785,0.0627,-0.2329,-0.4366,-0.5357,-0.1208,-0.0355,0.6518,0.9479,0.0046,-0.1850,-0.3238,0.3047,-0.0279,-0.3910,-0.7618,-0.5114,-1.0764,-0.3664,-0.4187,0.9034,-0.1282,-1.2633,-3.4428,-2.7886,-2.1605,-0.5193,0.2549,0.5059,0.3284,0.0766,-0.2504,-1.2221,-1.1508,-0.7106,-0.9429,-2.0686,-2.3182,-1.4739,-1.4668,-1.8433,-1.8783,-2.4959,-2.2285,-3.0060,-3.5564,-3.5579,-3.1589,-2.1917,-2.2790,0.3849
3.7498,3.1935,2.2567,2.0396,1.9186,1.7123,1.6911,2.0967,2.8821,2.9191,3.1331,3.5364,3.5726,3.2959,3.0141,3.1082,3.1952,2.9956,2.6287,2.1099,1.4299,0.6300,0.3479,0.3472,-0.0936,-0.0931,0.5226,0.9424,1.0923,0.2118,-1.7237,-2.3347,-2.6270,-1.9025,-1.7242,-1.0789,-0.7160,0.1672,-0.0781,0.0770,-0.0686,1.2176,0.2733,-0.0801,-2.4193,-2.3398,-0.8616,-0.1944,0.9064,0.6258,0.6174,0.9372,0.7267,-0.6033,-0.7055,-0.4164,-0.1819,-2.1518,-2.2298,-1.4873,-1.1647,-1.4270,-1.5402,-2.0710,-2.1238,-2.7483,-3.1840,-3.9235,-3.5242,-2.6647,-2.0980,0.3783
3.6787,3.1009,2.0515,1.7755,1.8200,1.8972,1.9630,2.5319,3.0146,2.9873,3.0833,3.3750,3.4768,3.0424,2.7465,2.8148,3.0584,2.8317,2.5005,1.7645,1.0556,0.5473,0.4743,0.8080,0.2515,0.9324,1.2881,1.6158,0.5551,-0.2923,-2.1990,-3.0824,-3.2274,-2.3693,-3.5857,-3.2551,-2.7334,-1.5643,-2.1262,-2.0888,-1.1565,-0.0002,0.6511,-0.6199,-3.1356,-1.9459,-0.7098,0.0342,0.9162,1.1142,0.6803,0.9696,0.9781,0.3143,0.1676,-0.1412,0.0720,-1.9517,-2.1917,-1.4571,-1.1184,-0.9864,-1.4746,-1.8399,-1.9834,-2.5081,-3.4296,-3.5324,-3.4635,-2.9224,-2.8821,-0.7005
3.5585,3.0881,1.8538,1.6327,1.8883,2.2742,2.3281,2.8340,3.0298,3.0014,3.0171,3.2870,3.2803,2.7031,2.4147,2.5541,2.9449,2.7691,2.3151,1.3759,0.8085,0.5668,0.6066,0.6592,0.3020,1.0062,1.4722,0.6714,-0.3058,-1.2307,-2.2660,-2.5500,-2.7619,-3.0996,-3.5236,-4.4565,-4.0209,-3.7631,-6.0503,-7.5994,-5.5673,-3.4379,-0.2645,-1.5720,-2.9267,-2.6058,-0.7708,-2.0670,-1.5371,-0.8804,-0.3608,0.6947,1.1700,1.0899,1.0612,0.7988,1.0319,-0.8377,-1.7911,-1.9051,-1.3449,-1.5609,-1.9135,-2.0987,-2.0616,-2.7987,-3.6874,-3.6069,-3.5861,-3.5030,-3.0869,-1.2817
3.3539,2.9757,1.8245,1.8396,2.1909,2.4978,2.6612,2.9499,3.0086,2.9266,2.9354,3.2720,3.2042,2.4382,2.1443,2.4493,2.8477,2.6467,2.0728,1.0063,0.6056,0.5086,0.4835,0.5836,0.7196,0.8200,1.5240,0.5781,-0.5937,-1.8220,-2.8549,-4.0314,-4.3950,-4.5020,-4.3083,-3.4877,-4.7647,-4.6072,-7.7703,-10.7653,-9.2235,-5.5454,-1.3204,-2.6515,-2.7917,-3.2263,-0.3086,-2.5180,-2.1081,-1.1915,-0.1772,1.4606,2.3392,2.0157,1.7899,1.7000,2.0300,0.9336,-1.6778,-2.5771,-2.2946,-2.2712,-2.3211,-1.9859,-1.8681,-2.8130,-3.7580,-3.6898,-3.5773,-3.6713,-3.0344,-1.1586
3.0828,2.8586,1.8650,2.0784,2.4738,2.5611,2.7670,2.7754,2.8211,2.6671,2.7533,3.0929,2.9739,2.1075,1.9622,2.3680,2.7840,2.5300,1.9330,0.7292,0.6201,0.6945,0.4111,0.9188,0.7882,0.8435,1.5885,0.5005,-1.4666,-2.8413,-3.9054,-5.2264,-6.2032,-6.4342,-4.8037,-3.5171,-6.0960,-5.7880,-8.4742,-10.7966,-9.0034,-5.7928,-1.5827,-3.5714,-3.3229,-2.2126,-0.2291,-0.7780,-1.6150,0.1003,1.7941,2.8854,3.8675,3.5544,2.6869,2.0645,2.3190,1.1699,-2.2193,-3.1948,-3.3974,-3.0518,-2.7382,-2.6270,-2.6859,-3.3323,-3.5154,-3.7149,-3.3963,-3.4793,-3.1718,-0.7596
2.9373,2.8030,1.8670,2.3174,2.5377,2.5785,2.6676,2.5711,2.5329,2.4653,2.5710,2.9074,2.7477,1.9620,1.8105,2.3967,2.6221,2.5072,1.7257,0.5273,0.5923,0.7594,0.3991,1.1913,0.3316,0.6664,1.1491,-0.5244,-2.0267,-4.1130,-3.6384,-3.9368,-4.5804,-6.3459,-4.9913,-4.7363,-8.2754,-7.6383,-8.4346,-9.1708,-7.7607,-6.9758,-4.1178,-4.7419,-3.5188,-3.1704,-0.9209,-0.9497,-0.9504,1.1557,2.1576,1.5497,2.7067,3.3924,2.8764,1.9206,1.6827,0.9214,-3.4980,-3.9794,-4.0703,-3.1651,-3.3784,-3.2606,-3.0004,-3.7473,-3.3451,-3.0018,-3.1505,-3.3225,-3.3576,-0.7441
2.6457,2.6801,2.1386,2.4869,2.6090,2.6570,2.5420,2.4459,2.2494,2.2592,2.4112,2.6960,2.5066,2.1146,1.9403,2.5032,2.5160,2.4651,1.6120,0.5251,0.7907,0.9326,0.5571,1.0377,-0.1302,0.4910,0.7258,-1.0334,-1.2435,-2.6623,-2.6550,-3.7030,-3.9877,-5.8083,-7.4528,-8.0862,-10.6873,-9.3140,-8.6646,-6.6713,-5.2887,-5.0460,-5.1792,-5.4258,-4.0264,-4.0737,-2.0940,-1.7817,-0.9584,0.8974,1.6398,0.2939,1.3191,3.5190,2.9469,1.9896,2.5997,2.2885,-2.9818,-6.0342,-5.5486,-5.5558,-4.5174,-4.4833,-3.5022,-2.8653,-2.9900,-2.8298,-2.9708,-3.1674,-3.5485,-0.9427
2.3780,2.7250,2.4279,2.7386,2.8030,2.8101,2.7569,2.5669,2.3152,2.1528,2.3582,2.5256,2.4286,2.1578,2.1627,2.7011,2.5989,2.4785,1.5186,0.5161,0.7921,0.7670,0.7210,1.0101,-0.3837,0.5612,0.4432,-0.3569,0.1345,-0.2259,0.8834,-0.7409,-1.8677,-4.6614,-10.0826,-9.7024,-11.2581,-9.8163,-7.5522,-4.8977,-2.7186,-1.7979,-4.4063,-5.6247,-4.2060,-5.0396,-2.5038,-1.6791,-0.0993,1.4091,1.9302,-0.5267,1.8615,4.0001,3.7064,3.2018,3.8244,4.0656,-0.8935,-6.5247,-6.4582,-5.9361,-5.7799,-4.1918,-4.0697,-2.6998,-2.3841,-2.5648,-2.5574,-2.6642,-3.4783,-1.3344
2.2443,2.8856,2.5554,2.8365,2.9671,2.8718,2.8098,2.5292,2.2907,2.0550,2.2000,2.1989,2.3470,2.2767,2.3327,2.6426,2.5731,2.3864,1.2546,0.4845,0.9523,0.7362,0.7494,0.2754,-0.4040,0.1028,0.2995,-0.1417,0.1915,0.5709,1.5819,-0.3608,-1.0702,-3.5044,-11.0527,-10.8524,-10.8669,-9.0717,-7.5953,-4.3974,-0.8237,-1.5898,-3.3525,-5.2873,-4.7008,-3.9049,-3.1922,-2.5536,-0.4293,0.5508,1.2104,-0.2952,1.7464,3.3869,2.9728,2.7445,3.2259,3.7142,1.4569,-5.7817,-7.3292,-7.1591,-5.7324,-5.2227,-3.3887,-3.3589,-2.2787,-2.4694,-2.2533,-2.6859,-3.2751,-1.0323
2.2510,2.8807,2.5441,2.9231,2.9437,2.8568,2.7930,2.4138,2.0932,1.7819,1.9147,1.8805,2.1198,2.3538,2.4890,2.7110,2.4571,2.3002,0.9999,0.3734,0.7976,0.5745,0.4630,-0.1033,-0.7002,-0.0019,0.2913,0.9952,0.9803,2.2845,2.5336,1.0451,0.5551,-5.5780,-10.9972,-10.2513,-9.7611,-9.1576,-7.8283,-4.1506,-0.3990,-0.7957,-2.8812,-3.1746,-4.3628,-4.2438,-3.7820,-3.7326,-2.6549,-1.7794,-0.8292,-0.7918,1.2146,1.8183,2.4198,2.8073,3.0116,3.6516,3.8258,-0.5742,-6.7670,-7.3813,-6.9858,-4.9397,-3.8804,-3.0823,-2.8544,-2.4321,-1.9826,-2.2657,-2.8685,-0.7865
2.1471,2.6977,2.5145,3.0001,2.9308,2.9378,2.7869,2.4920,1.9896,1.6907,1.7634,1.8174,2.1097,2.5827,2.5975,2.6784,2.4072,2.3751,0.8441,0.3103,0.6281,0.5880,0.4576,-0.0729,-0.9548,-0.3956,0.3693,-0.2620,-0.6465,2.6447,3.0364,1.1306,-1.4799,-9.3797,-9.8867,-10.1170,-9.2660,-9.1508,-7.7351,-3.2892,-0.7225,-0.8814,-2.8499,-2.2863,-2.5707,-3.2386,-3.3887,-3.5848,-2.8609,-1.9087,-1.5486,-0.4503,0.6730,1.3815,2.2786,2.3586,3.1578,3.6106,3.5716,3.3364,-2.0927,-6.8535,-7.5535,-5.0600,-3.3946,-3.3176,-3.8160,-2.6933,-2.3763,-2.3325,-2.7930,-0.9684
1.9617,2.5142,2.5396,2.9835,3.0181,2.9440,2.7942,2.4943,2.0637,1.7767,1.7864,1.8946,2.2472,2.7202,2.6761,2.6270,2.3338,2.2345,0.5864,-0.0367,0.2607,0.3202,0.5165,-0.0417,-0.8933,0.0558,0.1603,-3.0267,-0.9111,2.4757,1.9953,-2.4935,-5.6542,-9.9439,-9.0884,-9.1840,-9.3643,-9.3241,-8.4152,-2.4448,-0.5359,-1.6593,-1.9810,-1.9488,-2.1803,-2.4118,-2.5241,-2.3650,-0.9389,-0.1979,0.4513,1.3189,1.4864,-0.1271,2.1193,2.5881,3.4350,3.3782,3.5054,3.7434,2.9550,-4.2518,-6.7064,-5.4821,-3.9885,-3.6968,-3.2958,-2.7342,-2.6765,-2.9227,-3.5181,-1.8953
1.7086,2.3446,2.3842,2.8781,3.1155,2.9639,2.9225,2.6173,2.1452,1.7778,1.6862,1.9313,2.4030,2.7470,2.6464,2.3857,2.3511,2.1873,0.3587,-0.2321,0.0095,0.3128,0.4532,0.2640,-0.8787,-0.1840,-2.5032,-3.4141,-0.1347,2.7048,1.3083,-8.0874,-7.1456,-8.8140,-7.5017,-8.3793,-8.8908,-9.4673,-7.5957,-4.0965,-2.1605,-2.9759,-2.4070,-1.6218,-1.8646,-1.8049,-1.4809,-0.0710,0.8670,1.3074,1.8683,2.4259,2.3922,-0.0566,1.9557,2.1542,3.6320,3.5809,3.7377,4.4061,3.7656,-0.4251,-6.3011,-7.1316,-5.6954,-3.9764,-2.7786,-2.5051,-3.0076,-3.7318,-4.2941,-2.9939
1.6632,2.1950,2.1258,2.6764,2.9522,3.0048,2.9872,2.7265,2.1367,1.6822,1.5049,1.9123,2.4737,2.7225,2.5053,2.2321,2.2809,2.2005,0.2360,-0.3170,-0.3062,0.0122,-0.0802,0.3669,-0.1864,-0.8466,-1.7290,-1.7066,0.7238,2.6634,2.1042,-7.5625,-8.1594,-7.7532,-6.4268,-7.0443,-8.1892,-9.5148,-7.1733,-3.1256,-2.8807,-2.6983,-2.3771,-2.2150,-1.9235,-1.3730,-0.8867,0.7597,1.0578,1.8229,2.4602,3.0877,2.5221,1.3289,2.4590,2.7627,3.8578,4.0170,3.9326,3.8970,4.0997,2.2315,-4.3086,-6.7218,-7.0454,-5.6655,-3.7151,-2.9137,-3.1043,-3.6112,-4.2527,-3.5812
1.6250,2.1280,1.9650,2.5898,2.9394,3.1070,3.0018,2.7262,2.1276,1.6428,1.3598,1.8971,2.4879,2.7518,2.4469,2.1702,2.2999,2.2976,0.2387,-0.2105,-0.3349,-0.1934,-0.4026,0.3563,-1.3031,-1.1889,0.0915,0.3353,1.6437,1.7246,1.4563,-3.2001,-8.6722,-6.8686,-6.6084,-6.9983,-7.6466,-8.4277,-6.3909,-3.7307,-1.5077,-0.2940,-1.4871,-1.9684,-2.0050,-1.3470,0.2857,0.4757,0.9810,-0.9339,1.0139,3.3454,3.6811,3.2511,3.8130,3.8764,4.2332,4.1435,3.8235,3.7961,3.3525,2.8100,-0.4151,-5.4189,-6.0961,-5.7323,-4.6682,-3.4933,-3.3389,-3.2922,-4.3467,-3.8991
1.5218,2.0985,1.8996,2.4725,2.9703,3.1844,3.1643,2.8062,2.1954,1.6071,1.2437,1.9769,2.6187,2.7697,2.4748,2.0298,2.2361,2.1732,0.0428,-0.5144,-0.8691,-1.1672,-1.5049,-0.0654,-2.2361,-0.6567,3.0506,1.5761,0.0784,-0.1497,0.5605,-2.2996,-9.5051,-7.2784,-8.2570,-8.2844,-8.7902,-7.3599,-5.8102,-4.3084,-4.0181,-0.3799,-0.0251,-0.1799,-0.1489,0.3114,1.1324,1.6666,1.4052,1.3542,2.9109,4.5101,5.1035,5.1981,5.3501,5.3781,5.1745,4.3162,4.0491,3.9290,3.3984,2.5380,1.4914,-0.6445,-2.6965,-3.6669,-4.3645,-4.2374,-3.7278,-3.6664,-4.5266,-3.9203
1.4647,2.0236,1.7816,2.3588,2.9089,3.1589,3.1389,2.8682,2.1755,1.4991,1.2272,1.9607,2.5459,2.6981,2.4090,1.8905,2.1901,2.0637,-0.0790,-0.7132,-0.9593,-1.5464,-2.1837,-0.0966,-2.1953,2.0105,3.6807,1.2727,-0.7935,-0.8403,-0.0020,-4.6402,-9.0459,-8.1000,-9.7313,-9.8573,-10.1885,-6.9996,-5.4018,-4.8752,-4.3943,-1.0053,-1.3815,-0.3152,0.1480,1.1052,1.6849,2.2168,2.4334,2.9793,3.8445,5.3120,5.6416,6.1430,6.5815,6.7208,6.1372,5.2879,4.7408,4.0859,3.6099,2.8000,2.1702,1.1614,-0.5608,-2.3939,-3.3607,-3.8501,-3.7660,-3.8212,-4.8846,-4.0699
1.4072,1.8775,1.5845,2.2447,2.7458,3.0278,3.0899,2.7375,2.0660,1.3157,1.1124,1.8473,2.3746,2.4607,2.2467,1.7560,2.0615,1.8849,-0.2280,-0.8035,-1.0466,-1.7254,-2.7779,-1.8692,-0.9690,2.6875,3.7987,-0.4382,-1.6627,-1.0975,-0.2297,-7.6441,-7.5009,-8.7560,-10.0651,-10.5672,-10.2873,-6.1532,-4.9968,-4.9308,-3.5498,0.0202,0.1945,0.6444,1.2827,2.1743,2.2491,2.5353,3.1378,4.1639,4.8663,5.7027,6.1293,6.5695,7.3776,7.5762,7.6701,6.7008,5.8554,4.7631,3.7851,3.3359,2.7628,1.9419,0.5648,-0.6227,-1.7959,-2.6990,-3.2855,-3.7708,-5.2583,-4.3723
1.3469,1.8203,1.4916,2.1337,2.5812,2.9645,3.1217,2.7729,2.0469,1.3941,1.2169,1.7606,2.2259,2.3118,2.0013,1.6244,1.9370,1.8492,-0.1377,-0.6142,-0.6280,-1.5140,-2.6408,-2.3145,-0.0841,2.7143,2.9143,-2.7923,-2.9737,-2.0226,0.2809,-0.9847,-4.2084,-6.5163,-8.8099,-10.4602,-10.5261,-4.8767,-3.5947,-3.4355,-2.2101,0.1625,1.5866,2.9040,3.9883,4.7191,4.2418,4.1437,4.6255,4.9310,5.0337,5.3944,5.5595,5.7589,6.3937,6.8842,7.3647,7.6603,6.8709,5.7129,4.0647,3.3750,2.6429,2.2517,1.8602,0.5742,-0.5302,-1.7830,-2.6266,-3.4769,-4.9245,-4.1361
1.2915,1.7659,1.5081,2.0465,2.5004,2.8160,2.8974,2.6394,2.1128,1.4713,1.2789,1.7455,2.1900,2.1854,1.9404,1.7456,1.9095,1.6777,-0.1630,-0.5951,-0.5592,-1.7741,-2.8211,-1.9290,-0.3894,1.2569,0.0450,-4.5498,-3.1048,-1.1876,0.5926,-0.8378,-0.4625,-0.0964,-3.7787,-9.4787,-11.8246,-5.3206,-2.8647,-2.9688,-1.5914,0.3788,0.8723,1.6458,2.6078,3.6667,3.7553,3.5638,3.6163,3.4668,3.3820,4.0817,4.2141,4.4429,4.7953,5.3128,5.6524,5.9774,6.4366,6.9174,4.7658,3.6237,2.9567,2.6693,2.3585,1.7135,0.5553,-1.1502,-2.0560,-2.9320,-4.1419,-3.8145
1.1578,1.6377,1.3745,1.8047,2.2524,2.4266,2.6873,2.5236,2.1811,1.6100,1.3053,1.5337,2.0050,1.9918,1.7994,1.7066,1.8971,1.4905,-0.2010,-0.5766,-0.4163,-1.7391,-2.4277,-1.1484,-0.5303,0.2542,-1.4448,-3.4472,0.6244,0.9386,0.5719,-1.6051,-2.1173,-1.9666,-0.4778,-4.7528,-11.2557,-5.3727,-3.5864,-3.8986,-2.8359,-0.0207,0.4496,1.1320,1.9702,3.0098,2.9399,2.8303,2.4562,2.3662,2.3172,2.9872,3.6388,4.0462,3.9820,3.7512,4.0754,4.3240,4.7043,5.4666,5.7440,4.0719,2.9508,2.1926,2.0544,2.5348,1.8157,0.6947,-0.8711,-2.7589,-3.6252,-3.5398
1.1197,1.4455,1.0886,1.5699,1.9191,2.1329,2.4129,2.4256,2.0802,1.5512,1.1421,1.3005,1.7988,1.8997,1.7937,1.6812,1.7353,1.4573,-0.2156,-0.6101,-0.4235,-1.4228,-1.8590,-1.5302,-1.2249,-0.2613,-2.4824,-1.7711,1.6469,1.9172,0.8989,-1.0438,-2.1906,-3.4284,-1.6945,0.0558,-8.4572,-4.7668,-4.4445,-4.9864,-2.2488,-0.2356,0.2258,1.3321,1.8747,2.8495,2.4966,2.4189,1.8240,1.7491,1.7339,2.6328,3.2623,3.4900,3.1238,2.7104,2.5890,2.5657,3.0106,3.5542,4.1535,5.2277,4.1737,2.5879,2.3173,2.1957,2.0845,1.0695,-0.8222,-3.3273,-4.1724,-3.1674
1.0285,1.2644,1.0578,1.5954,1.8336,1.9683,2.1184,2.1692,1.8445,1.3636,1.0301,1.0445,1.5529,1.8216,1.6389,1.6857,1.6713,1.5337,-0.1245,-0.6358,-0.4821,-1.1119,-1.8834,-2.1433,-1.7704,-0.8188,-2.7092,-1.7896,2.0415,2.6180,2.2130,0.1358,-2.5041,-3.9391,-2.7107,0.4945,-3.4921,-4.1971,-3.8031,-5.0114,-2.6314,-0.1242,-0.0812,0.5852,1.0329,2.6477,2.5900,2.5389,2.2863,1.7870,1.4696,2.0590,2.3547,2.4026,2.2731,2.2947,1.9968,1.4326,1.2124,1.7061,2.1827,2.8777,4.0512,3.9699,3.1769,2.4000,1.4416,0.5877,0.2326,-2.2394,-4.4317,-2.6238
1.1111,1.3839,1.0885,1.5135,1.7182,1.7958,1.9352,2.1336,1.7486,1.2120,0.8015,0.9236,1.4518,1.8176,1.8473,1.8861,1.8843,1.6994,0.1276,-0.6746,-0.5547,-0.8323,-1.7717,-1.6243,-1.4080,-0.9186,-3.0479,-1.8613,1.1445,2.1264,2.2993,-1.0126,-2.3399,-2.8303,-1.3535,-0.2523,-0.0184,-4.7856,-5.6688,-5.9203,-5.2664,-3.3716,-2.9249,-1.8998,-0.6204,1.1298,1.4804,1.6490,1.8672,1.3374,0.8964,1.1106,1.2870,1.2804,1.2775,1.2919,1.2844,1.0329,-0.1528,0.0228,0.1560,0.4636,1.0917,2.7818,3.6248,2.5818,1.8096,0.7282,0.5719,-0.8055,-2.9301,-1.7080
1.0634,1.4180,1.1435,1.4618,1.7034,1.6871,1.8519,2.1204,1.7124,1.0288,0.7770,0.8288,1.4049,1.7624,1.8828,1.9370,1.8448,1.7570,0.3172,-0.8689,-0.6256,-1.0712,-1.4673,-1.8340,-1.1372,-0.9356,-2.6564,-1.9420,-0.0978,1.5125,-0.2773,-1.9438,-1.6544,-2.3164,-0.5589,-0.3568,0.4631,-1.5137,-3.7046,-4.7956,-4.9371,-4.0412,-3.9452,-2.9470,-1.8597,-0.4518,0.2839,0.6913,1.5261,1.4631,1.0658,0.5783,0.8287,0.5362,0.6126,0.6986,0.8192,0.6282,-0.1544,-0.6188,-0.5032,-0.6081,-0.6324,0.2443,1.6328,2.2425,2.3208,1.2032,0.6419,0.7690,-0.2134,0.2966
1.2841,1.4072,1.0401,1.4236,1.6534,1.6948,1.7870,2.0438,1.5491,0.8619,0.6288,0.6638,1.1544,1.6680,1.9871,2.0604,1.9752,1.8696,0.7314,-0.7993,-0.8669,-1.6457,-1.6963,-1.8405,-1.1413,-0.8780,-2.1538,-2.4350,-0.4037,0.2526,-2.9889,-1.4362,1.3896,0.9160,3.2417,2.5853,1.6060,0.5837,0.0592,-1.5291,-2.4870,-2.6515,-3.5854,-2.8455,-2.0094,-0.8227,-0.3749,0.4997,1.0333,1.1113,0.7501,0.6321,1.0616,0.9181,1.0115,1.3123,1.4259,1.0939,0.2928,0.1316,-0.3395,0.1518,0.3582,0.1012,-0.0018,0.6867,1.0403,1.1825,0.9965,1.4637,0.6800,1.1143
1.3642,1.4897,1.0935,1.4753,1.6197,1.8389,1.8599,1.9779,1.5472,0.8852,0.6832,0.6757,0.9080,1.5152,1.8555,2.1652,2.0943,2.1248,1.1892,-0.7704,-0.9437,-1.6702,-2.3643,-2.0670,-2.0415,-0.5867,-1.2964,-2.2394,-1.2083,-2.2023,-3.8559,-2.4755,-2.0247,-1.0982,0.9137,1.3768,1.4272,-2.2200,-1.4214,-0.3743,0.5457,0.5606,-0.1171,-0.3555,-1.1098,-0.9298,-0.0975,0.9366,1.4031,2.0654,2.1328,2.6461,2.7773,2.2473,1.9389,1.9632,2.0488,1.8347,1.0369,0.8324,0.6900,0.9307,1.3137,1.0052,0.4626,-0.0215,-0.2134,0.2899,0.7513,1.4073,0.5383,1.0486
1.5314,1.5725,1.2437,1.5233,1.7773,1.8273,2.0167,2.1107,1.7045,1.0464,0.9340,0.8848,0.9646,1.4430,1.9329,2.3771,2.4352,2.4091,1.8121,-0.2165,-0.5130,-1.2299,-1.5840,-2.6176,-1.5282,-0.3064,-0.3334,-0.9173,-1.3152,-3.2004,-2.3152,-2.1347,-1.6377,-1.9763,-0.7815,-1.6570,-2.1594,-5.7197,-5.6425,-4.2743,-3.1388,-1.5741,-0.9920,-0.1832,0.0538,0.2295,0.5648,0.6906,0.6575,1.1953,1.8506,3.0952,3.3881,3.8667,3.3345,2.6390,2.3812,1.9875,1.1602,1.0736,1.0307,1.0034,0.7153,0.5160,0.6145,0.3263,-0.1026,-0.3545,-0.0064,0.6388,1.3020,2.1179
1.5401,1.5764,1.2280,1.5083,1.7736,1.8277,2.0042,2.0574,1.7154,1.1595,1.0236,0.8323,0.8059,1.2234,1.9703,2.7119,2.8191,2.6572,2.2206,0.2777,-0.0987,-1.0094,-1.2576,-2.3881,-3.5289,0.0557,0.4577,0.4587,-1.4289,-2.6992,-2.8630,-2.1980,-2.7846,-3.2730,-2.7805,-3.0851,-3.2451,-6.4811,-7.7568,-5.7943,-6.4972,-4.5455,-4.4339,-2.7464,-3.0230,-2.0566,-1.7922,-1.4413,-1.5117,-1.3025,-0.8074,-0.2996,0.8278,3.1271,3.2044,2.7794,2.8098,2.4061,1.4619,0.9077,1.0368,1.1587,0.5264,0.1421,1.0278,1.7885,1.9810,0.8395,0.4527,0.5701,1.5118,1.9592
1.5552,1.5802,1.1313,1.4176,1.7197,1.8500,1.9897,1.9997,1.7171,1.2413,1.1355,0.8914,0.6334,0.9329,1.7816,2.7660,2.9470,2.9885,2.5008,0.7053,0.1558,-0.7666,-1.0413,-2.4456,-3.8061,-1.6414,0.7743,0.8397,-1.6371,-2.8879,-1.9565,-1.9366,-2.8547,-3.3095,-1.6855,-1.3433,-1.4355,-6.0007,-8.2357,-6.2301,-7.2030,-5.9805,-6.1360,-5.1814,-5.3812,-4.8125,-4.4967,-3.5464,-2.8115,-2.5089,-2.4562,-3.9764,-3.0990,0.9403,1.9734,2.9246,2.9724,2.6314,1.7276,1.3705,1.5653,1.9192,0.9016,0.5316,1.0139,2.3155,2.6071,3.1017,2.7729,2.3165,2.6304,2.7873
1.6504,1.5725,1.1124,1.4192,1.7697,1.8891,2.0574,2.1087,1.7760,1.3345,1.1139,0.9466,0.5498,0.8222,1.5620,2.8550,3.1472,3.3031,2.6968,0.9901,0.2273,-0.8165,-1.6440,-3.7761,-4.9250,-3.7897,-0.0529,1.0449,-2.0927,-2.8237,-3.0721,-3.1196,-3.6909,-3.4930,-1.0299,-1.3505,-2.5073,-7.4165,-10.2810,-7.5920,-6.8569,-6.1357,-5.8916,-5.4172,-5.7731,-6.0174,-5.6368,-4.6472,-3.1879,-1.9398,-1.6168,-3.3944,-4.1413,-0.9554,0.9147,2.5988,2.7588,2.5822,1.7643,1.8116,2.0817,2.4430,1.5691,1.2561,1.7784,3.2982,3.8635,3.9213,4.2614,4.1711,3.7298,3.6623
1.7528,1.6358,1.1761,1.6367,1.9105,2.0083,2.1258,2.1430,1.9718,1.3984,1.0705,0.9415,0.5365,0.5686,1.4213,2.8209,3.4211,3.6840,3.0515,1.5557,0.6641,-0.5797,-2.2034,-4.6403,-5.3233,-4.4900,-0.4257,0.6324,-2.4729,-3.0475,-2.6302,-1.7013,-1.6209,-0.9255,0.1507,-1.3793,-3.3725,-9.6404,-11.9038,-9.9078,-8.6603,-7.5414,-7.5341,-7.7823,-8.2507,-6.5487,-6.0754,-4.6563,-2.5686,-0.4811,0.3428,-0.1169,-1.4924,-0.2998,-0.5107,0.4662,0.6373,0.7986,0.5763,1.0632,1.7624,2.1589,1.7836,1.6302,1.6503,2.6910,4.9181,4.6236,3.1522,3.0790,2.5025,1.6865
1.6807,1.6997,1.2486,1.6726,2.0792,2.1112,2.1888,2.1783,2.0869,1.4491,1.0856,0.7776,0.3706,0.4143,1.1464,2.7155,3.5249,3.7666,3.1848,1.7749,0.8965,-0.5187,-2.4630,-4.7036,-5.3166,-4.6998,-0.5146,0.0946,-2.3364,-3.6469,-1.9719,0.7004,1.7395,1.4127,0.4474,-1.7296,-3.8170,-9.9965,-11.9303,-11.1175,-10.0457,-8.1836,-8.0320,-8.8754,-8.5844,-7.5413,-7.1000,-5.2946,-2.4893,1.0536,1.8717,0.7144,-0.6516,-1.1637,-1.2413,-1.1836,-1.5633,-1.0483,-0.5332,0.1629,0.9544,1.8475,2.0204,2.1117,1.2548,2.0822,4.2599,4.8741,2.4085,0.9918,0.7492,0.1742
1.7769,1.6744,1.1576,1.6378,2.0839,2.1156,2.1719,2.1274,2.0455,1.4186,1.0313,0.5328,0.1365,0.2471,0.9172,2.4790,3.6101,4.0081,3.4362,1.7706,0.8862,-0.4785,-2.3755,-4.6473,-5.1719,-4.4124,0.0675,-0.5412,-2.0334,-3.8867,-2.4100,1.1031,1.9215,1.3795,0.4574,-2.2786,-4.1290,-9.2986,-11.3323,-11.1115,-9.8422,-8.1966,-7.7341,-8.7451,-8.4133,-7.8791,-7.4409,-5.7253,-2.8958,0.8818,1.8809,0.8691,-0.8103,-1.3854,-0.8982,-1.2280,-1.8633,-1.7437,-1.7557,-0.7944,0.3401,1.4576,1.5273,1.9286,1.8879,1.8901,2.9422,5.3075,2.8028,0.1642,-0.1353,-0.0154
1.8609,1.6526,1.1811,1.7106,2.1409,2.1180,2.1606,2.1717,2.0900,1.5576,1.0275,0.3585,-0.0812,0.1968,0.9176,2.4572,3.5935,4.1746,3.7105,1.5500,0.6555,-0.5740,-2.4751,-4.0863,-4.5053,-3.5770,-0.6517,-0.7557,-1.6005,-3.7886,-4.2461,-0.7455,0.5105,0.6440,-0.4645,-3.4661,-6.0036,-10.3783,-11.9604,-11.4437,-9.4908,-7.2653,-7.5673,-8.9343,-8.1787,-7.5130,-6.5987,-5.4489,-3.4853,-0.0604,1.1070,1.0919,-0.5433,-0.5673,-0.6788,-0.6680,-0.4529,-0.4942,-0.3384,0.1506,0.9704,1.9338,2.2282,2.8039,3.7539,2.9604,3.4624,3.9915,3.8273,1.6569,0.3731,0.8367
1.9906,1.8944,1.4838,2.0535,2.4935,2.5375,2.5770,2.5668,2.5763,1.9390,1.3226,0.5211,0.2241,0.3873,1.1513,2.5707,3.8836,4.4362,3.8822,1.5640,1.0519,0.0634,-1.4678,-2.9710,-3.0228,-2.1998,-0.2743,-0.1904,-2.1335,-3.1744,-3.2583,-1.2780,-0.5787,0.2706,-0.4718,-3.4867,-6.6576,-10.6396,-11.9503,-11.5416,-9.6697,-6.8788,-6.7016,-8.0078,-6.4303,-3.7593,-2.8073,-2.8706,-1.9045,0.6859,1.4927,2.1372,2.5386,2.2373,1.0841,0.3615,0.1510,0.3707,0.7522,1.1399,1.6459,2.4571,2.2003,3.0073,3.9060,4.9771,3.5497,2.5940,2.2876,2.3636,1.1172,0.3864
1.9675,2.0830,1.6491,2.2938,2.7520,2.7811,2.8129,2.8304,2.8877,2.3329,1.5433,0.6086,0.3468,0.7064,1.5386,2.8578,4.0451,4.5252,3.6275,1.4441,1.2475,0.4666,-0.7165,-1.9318,-2.4020,-1.6295,-0.8203,-0.7714,-2.1690,-2.9375,-2.3395,-1.3596,-0.5352,-0.0104,-0.7200,-3.0366,-5.7624,-10.0754,-11.9172,-12.4058,-10.8972,-7.4644,-7.5186,-8.0067,-6.1216,-1.8947,-1.1552,-0.9681,-0.5845,1.1948,1.9812,3.2355,4.1606,3.8025,3.1366,1.4463,0.7183,0.3348,0.6731,1.5708,2.4011,3.3188,3.0811,3.4935,4.0912,3.9193,2.8151,1.6745,1.4785,1.5550,2.2720,0.4621
2.0715,2.2479,1.8311,2.4298,2.8351,3.0084,3.0767,3.1305,3.1223,2.5927,1.5644,0.5274,0.3185,1.0577,2.1072,3.2359,4.0712,4.3558,2.8861,1.1934,1.1361,0.5986,-0.3984,-1.1048,-1.5909,-0.8819,-0.0474,-1.4257,-2.0742,-1.7754,-0.7691,-0.4510,0.0460,-0.2908,-1.2798,-2.8024,-4.9223,-9.1724,-11.0476,-11.9891,-10.2703,-7.1939,-6.0815,-4.7348,-3.2726,-0.1007,-1.0652,-1.0388,-0.3733,0.8820,2.1609,3.3485,3.8626,3.6518,3.1605,1.9383,0.4608,-0.5733,-0.0936,0.7203,1.6833,2.9739,2.9988,3.2280,3.2523,2.3551,1.8761,0.9117,0.5364,0.6216,1.3219,0.8208
1.9345,2.3438,2.0030,2.5632,2.8190,3.0488,3.1265,3.1628,3.0449,2.4326,1.4477,0.6522,0.6250,1.7146,2.9780,3.8005,4.2775,4.3426,2.2902,1.2341,1.3597,0.7717,0.0677,-0.0929,-0.5610,-0.1093,1.1458,-1.3948,-1.0097,1.2431,1.3448,0.4646,0.5984,0.0731,-1.2859,-3.0490,-4.9554,-8.6711,-10.2869,-11.2217,-9.6767,-7.7979,-5.4987,-3.8434,-3.8306,-2.3485,-4.0662,-2.6433,-1.4551,-0.4859,0.5718,2.3708,2.5489,2.0357,1.5689,0.2282,-1.5267,-3.0835,-2.5751,-1.4812,-0.1681,1.8400,2.8734,3.0492,3.4015,2.8191,1.5401,0.6133,-0.1881,-0.0038,0.4341,0.1972
1.4586,0.3689,0.0352,0.5444,0.8324,1.2293,1.5805,1.8472,1.6505,0.8800,-0.2199,-0.9374,-0.9057,0.4767,2.0527,2.5592,2.6278,1.7756,-0.7332,-1.2597,-1.0315,-1.8913,-1.8358,-1.6451,-1.9668,-1.5713,1.7935,-1.4510,-1.1856,1.8939,1.8843,-0.4885,-0.0598,-0.3984,-0.1065,-1.3405,-2.5550,-5.3424,-8.1583,-9.0044,-7.1957,-4.1922,-4.5382,-4.7632,-6.0319,-5.5723,-4.1058,-4.4293,-3.5989,-3.3476,-3.0509,-1.7155,-1.3628,-1.5949,-2.5014,-3.1158,-3.1491,-2.8658,-2.3014,-1.2557,-0.1757,1.6248,1.3225,2.1913,1.7144,1.7260,1.6446,1.9055,1.2981,1.1886,1.6750,-2.7162
