26.1862,23.7533,23.4800,23.0534,22.8844,22.8039,22.7900,22.8233,23.1632,23.4050,23.4443,23.2614,23.0177,22.7761,22.4735,22.1470,22.1451,22.4124,22.4949,22.4949,22.5048,22.5972,22.5441,22.4949,22.6639,23.0649,23.2773,23.4109,23.6370,24.0147,23.9478,23.5486,23.8272,24.1223,28.4990,31.4931,34.4347,36.8908,38.2723,39.6712,40.4415,41.2633,41.1281,41.8377,42.3414,43.7190,46.6441,48.9520,45.1292,43.9655,43.3901,44.2170,44.8045,44.7239,44.8481,45.3709,45.6084,46.1998,46.2038,46.5179,45.7766,45.3720,44.9496,44.5073,44.1396,44.1615,44.6862,45.0222,45.2617,46.5100,46.5219,44.9853
25.0126,23.2438,23.2338,22.6952,22.4477,22.2787,22.3573,22.3473,22.4120,22.7245,22.9919,22.8423,22.6634,22.3315,21.9031,21.4981,21.3704,21.4708,21.6869,21.7202,21.6278,21.5905,21.5453,21.4037,21.5275,21.8400,22.1292,22.2097,22.4005,22.6996,22.6797,22.5004,22.5571,23.2753,28.7650,32.1257,35.6580,38.6387,40.1443,41.4215,42.0795,43.0354,42.4778,43.2131,43.1653,43.5619,44.1622,46.8845,45.9143,46.3855,45.1164,44.9227,44.2091,43.5880,43.7669,44.7906,45.0261,45.7119,45.2915,44.7489,44.7032,44.7112,44.3415,44.1666,44.7818,45.1356,45.4834,45.7488,46.3759,47.9382,47.7573,47.4940
24.5899,22.9510,22.9372,22.5853,22.5167,22.4164,22.5500,22.4005,22.3001,22.3354,22.6440,22.8110,22.8130,22.6420,22.2157,21.7361,21.5771,21.6735,21.7932,21.8186,21.7754,21.7714,21.6457,21.5533,21.7242,22.0368,22.1982,22.2395,22.5013,22.7627,22.6956,22.8229,23.0450,25.5622,29.2374,32.1671,35.7822,38.5507,39.7259,41.4433,42.3309,43.2373,42.9906,43.4427,42.3952,43.5191,43.4564,45.6738,46.7154,47.4281,45.9852,45.3442,45.1455,44.9289,45.3612,46.1732,46.1930,45.9177,45.9038,45.1804,45.1684,45.0522,44.8594,44.8991,45.9665,45.6206,45.7757,46.2318,47.6669,48.4899,47.9232,48.6847
24.4287,22.9118,22.9804,22.7642,22.8606,22.8447,23.0530,22.8701,22.6028,22.3767,22.5948,22.8582,23.0783,22.9427,22.5988,22.1312,21.9309,21.9329,22.0526,22.0447,22.0447,21.9935,21.9543,21.7833,21.7361,21.8738,22.0293,22.0352,22.3462,22.6250,22.7603,23.2120,23.5859,27.7813,29.8261,32.5299,35.9337,38.5666,39.5589,41.2664,42.3667,43.5951,44.1156,43.7747,43.2489,43.3870,44.0369,44.9612,45.9681,47.1478,46.7634,46.1304,46.1224,45.6992,45.5183,45.7448,45.5330,45.2379,44.9289,44.7540,44.7302,44.2601,44.1399,44.2939,45.4298,44.8027,44.6905,45.4159,47.1889,47.8727,47.4393,48.3518
24.3954,22.9197,22.8487,22.7856,23.0216,23.2967,23.3633,23.2080,22.8130,22.5556,22.4651,22.7245,23.0331,23.2060,22.8070,22.4239,22.1863,22.2256,22.1744,22.1784,22.2236,22.2648,22.1332,22.0094,21.8345,21.9408,21.8583,21.7365,21.7877,22.2514,22.7856,23.2239,25.1506,29.3010,31.9895,34.2225,37.4330,39.8441,40.9642,42.4789,43.3773,44.4328,44.3700,43.6733,43.5968,43.4685,43.7577,44.8847,45.9820,46.9729,46.8360,46.0141,45.8650,44.8543,44.7599,45.1455,45.5350,45.7448,45.1565,44.8107,44.5552,44.0912,44.0535,43.7671,44.7302,44.0932,44.1637,44.9677,46.8431,47.4662,46.9335,47.5697
24.3738,22.9530,23.1121,23.0902,23.2947,23.5462,23.6699,23.3534,22.9819,22.6440,22.5143,22.5437,22.8935,23.1569,23.0252,22.6301,22.4219,22.3826,22.3001,22.2589,22.3513,22.3081,22.2708,22.0566,22.0606,21.8996,21.5969,21.3827,21.4161,21.9582,22.8994,24.1422,28.6145,32.9802,34.9552,36.5057,38.2033,40.5676,41.8079,42.9470,43.3127,44.4685,44.0271,43.6961,43.6265,43.2071,43.1205,44.9422,46.6866,47.6676,47.5436,46.3441,45.6583,43.8287,43.8187,44.3375,45.1435,45.7757,45.0205,44.5334,44.6477,44.5612,44.5961,43.9420,44.5672,44.3922,44.2720,44.6080,46.2041,47.2635,47.2694,47.2238
24.5288,23.0649,23.2967,23.3280,23.3772,23.4890,23.5795,23.3534,22.9859,22.6853,22.4691,22.4140,22.7225,23.0664,23.0684,22.8443,22.6341,22.5476,22.4259,22.3021,22.3533,22.3513,22.2315,22.1078,22.0233,21.8916,21.4220,21.1134,21.1348,22.0249,23.1414,26.1688,32.2331,35.3638,36.1539,36.7885,38.2838,40.9095,41.6460,42.3865,43.3345,44.4376,43.4169,43.0889,43.1038,43.3065,44.4071,45.5619,47.8050,47.1885,46.5675,44.9507,44.5184,42.4373,42.7772,43.9579,45.2728,45.7618,45.1248,44.5433,45.3374,44.8226,44.8654,44.3942,44.6814,44.6049,44.6457,44.3605,45.7678,46.9176,47.2575,46.9723
24.5366,23.2338,23.5129,23.4657,23.2828,23.2217,23.3554,23.1156,22.8503,22.5496,22.4239,22.3767,22.5024,22.8522,23.1136,23.0232,22.7598,22.5456,22.4671,22.3473,22.2648,22.2668,22.2787,22.1570,21.9801,21.7639,21.3847,20.9817,20.8123,22.0268,24.1660,29.6710,35.0175,36.2324,36.3169,36.6215,38.4313,41.1859,41.7237,42.4948,43.3096,43.7637,42.5790,42.8493,43.2131,43.9564,45.3642,46.1263,47.7255,46.9549,46.3309,44.9567,44.7699,43.0913,43.2483,43.8437,44.6715,45.1526,44.7103,44.3803,44.9677,44.3585,44.6219,44.3823,43.5922,43.8794,44.2780,44.6964,45.8403,46.5479,47.3122,47.2278
24.6526,23.3498,23.5581,23.2277,23.0391,22.9879,22.8975,22.7658,22.5948,22.5536,22.2962,22.2490,22.3787,22.7265,22.9427,22.9800,22.7618,22.6341,22.4239,22.3513,22.2708,22.2276,22.1883,22.0626,21.9368,21.8210,21.4831,21.0761,20.9048,22.3045,25.7069,32.7477,35.9706,36.2225,36.3914,36.8158,39.5157,42.6003,43.3237,43.5273,43.6057,42.7400,42.1616,42.4368,42.8960,43.9842,46.5331,47.5716,48.0623,46.8903,46.4174,45.2867,45.4695,43.9868,43.4442,43.9321,44.6128,44.9737,44.6706,43.9710,43.8924,43.7085,44.3217,44.1130,43.4839,44.2879,45.1427,45.6515,45.9228,46.4555,47.5578,47.5816
24.5505,23.2713,23.4716,22.9819,22.6833,22.4651,22.4691,22.4199,22.3334,22.3414,22.2589,22.1645,22.2942,22.6008,22.8169,22.8070,22.7618,22.6341,22.5183,22.3160,22.3180,22.2276,22.0998,21.8857,21.9801,21.7838,21.5735,21.2098,21.2233,23.6244,29.1458,35.2685,36.7075,36.3522,36.5013,37.1105,40.1523,43.3705,43.9041,43.5710,43.0044,42.5064,41.9081,42.2808,42.9834,44.6432,47.1680,48.8419,48.5222,46.7969,45.5954,44.7151,45.5600,44.6587,44.0138,44.5433,45.0451,45.0482,44.7611,44.0574,43.7235,43.6498,43.6379,43.2583,42.9453,43.9222,44.9896,45.8284,45.8324,46.4436,47.2020,47.5816
24.4324,22.9724,22.9879,22.5004,22.1173,21.9344,22.0760,22.0721,22.1212,22.1665,22.1312,22.0780,22.2117,22.4671,22.6008,22.6341,22.6341,22.6753,22.5714,22.4989,22.4104,22.2648,22.0546,21.9721,22.0293,21.9547,21.7504,21.4593,21.4787,25.5154,33.0720,37.1664,36.7508,35.8393,35.9373,37.1458,40.7317,43.4133,43.0901,42.6208,42.1665,42.3424,41.9042,42.1983,43.4306,46.1051,47.1544,47.7816,47.4547,46.5008,45.0389,44.2590,44.9349,44.3327,44.2811,45.0173,45.4517,45.7261,45.5551,44.8733,44.5294,43.6637,42.8795,43.0048,42.6133,43.4173,44.3137,45.5670,45.6456,46.0014,46.6911,47.4205
24.1022,22.4457,22.3886,22.0820,21.7754,21.5433,21.8146,21.9503,22.0368,22.0328,22.0860,22.0820,22.1645,22.2902,22.3806,22.3767,22.3707,22.5456,22.6599,22.6897,22.4517,22.1744,22.0998,22.0626,22.0273,21.9626,22.0257,21.7326,21.9229,26.6128,35.1110,37.3139,35.5307,34.2554,34.9489,37.1399,40.6960,43.3408,42.6558,42.6317,42.6048,42.9348,42.6028,42.9059,44.3917,47.3183,48.0660,48.2791,47.6417,46.6568,45.8968,45.3672,44.6616,44.1915,44.5961,45.1962,45.0035,45.2957,44.8027,44.6298,44.8614,43.8853,43.1857,43.1619,42.6998,43.7771,44.7262,46.0839,45.9875,46.3512,47.1294,48.2931
23.6445,21.9721,21.7421,21.5553,21.3883,21.4256,21.6005,21.8206,21.9071,21.9935,21.9975,22.0407,22.1252,22.2529,22.1193,22.0740,22.1133,22.4219,22.6678,22.7920,22.4576,22.1744,22.0526,22.0213,21.9368,21.9626,22.1514,22.2633,23.5823,29.9533,35.8052,35.8032,33.6170,32.7499,34.1356,36.8154,40.2526,42.8855,42.3318,42.7470,43.1097,43.7886,43.1375,43.4515,46.1444,47.4041,47.7619,48.1435,48.1506,46.6758,45.5917,45.1038,44.0682,43.5415,44.0126,44.5751,43.9956,44.1856,43.9678,44.4926,44.8892,44.1328,44.2114,44.0107,43.4879,44.5493,45.2490,46.6324,46.6165,46.8759,47.9096,49.2343
23.4010,21.7207,21.5830,21.3018,21.2173,21.3490,21.7008,21.7341,21.8166,21.9543,22.0487,22.0388,22.1665,22.2097,22.0328,21.8519,21.9384,22.2509,22.6758,22.8471,22.4969,22.1312,22.0154,21.9860,22.0213,21.9959,22.3085,22.2534,23.9145,30.0856,34.1138,33.2645,32.0063,32.0884,33.6975,36.7766,39.6176,42.4103,42.1339,43.0909,43.6196,44.3093,43.4943,44.0000,47.4703,47.5459,47.2237,47.0583,46.5684,45.2110,44.8095,45.2081,44.5850,44.2213,44.3446,44.2014,43.5554,43.3130,43.5922,44.4946,45.2748,44.9130,45.3414,44.7948,44.3078,45.2827,45.7071,46.9942,47.7862,48.4700,49.1518,50.0046
23.3871,21.6263,21.4787,21.2506,21.1309,21.3490,21.5652,21.6869,21.7322,21.8619,22.0035,22.1252,22.2549,22.2470,22.0328,21.8047,21.8932,22.2450,22.5873,22.8333,22.4437,22.1724,22.0193,22.0685,22.1078,22.2474,22.4144,22.1431,23.3776,27.0688,29.8335,29.7929,30.3616,31.5151,33.6955,36.7234,39.6022,41.8408,41.7462,42.8215,43.6196,44.3232,44.2755,44.9703,47.9066,46.9257,46.2653,45.9611,45.3758,44.4657,44.6188,45.2787,45.3672,45.2997,45.0284,44.3117,44.3514,44.0932,44.5592,45.3791,46.2557,45.4517,45.1764,44.2958,44.1686,44.7917,45.0173,46.0997,47.4126,48.7195,49.7393,50.4956
23.3812,21.7579,21.7048,21.5672,21.5791,21.6536,21.8246,21.7774,21.7754,21.8146,22.0860,22.2157,22.2509,22.1978,22.1153,21.8519,21.8008,22.0641,22.5342,22.6246,22.2117,21.8658,21.8857,22.0134,22.2236,22.4989,22.6286,22.1669,22.6096,23.7113,24.8227,26.5764,28.4037,30.4964,32.8206,35.7806,39.0346,41.0079,41.0545,42.2143,43.0968,44.3490,44.5686,45.1442,45.0208,44.5527,45.2882,45.3221,44.7608,43.9052,43.9837,44.7500,45.9268,46.5332,46.1326,45.0760,45.1078,44.6219,45.1665,45.8959,46.9414,45.7955,44.9229,44.4022,44.6068,45.0451,44.7421,45.6535,46.6792,48.1650,50.0871,51.3682
23.6073,22.1157,21.9269,21.7774,21.7480,21.9622,21.9543,21.8619,21.7754,21.8638,22.0388,22.2569,22.3374,22.3747,22.1133,21.9384,21.9344,22.2018,22.4810,22.4830,22.0840,21.8777,21.7992,21.8698,22.1232,22.4889,22.5814,22.5778,23.0995,23.8020,24.8443,26.2408,27.2902,29.0839,31.2377,34.4954,37.8140,40.0189,40.3021,41.5394,42.5959,44.1095,44.8786,44.9472,45.0775,45.3777,45.9621,46.1272,45.4347,44.4986,44.1209,44.1269,45.6436,46.5411,46.3552,45.8701,45.8701,44.9419,45.2371,45.7150,46.2826,45.1268,44.7202,44.8385,45.1376,45.0392,44.4946,45.5928,47.2000,48.9491,50.7201,52.0857
23.6977,22.2062,22.1530,21.9170,22.0054,22.0919,22.1804,21.9483,21.8559,21.9503,22.1292,22.2509,22.3747,22.4612,22.2843,22.1074,22.1054,22.2470,22.5242,22.3513,22.0447,21.7992,21.7147,21.6949,22.0308,22.3965,22.4005,22.3125,22.4858,23.8974,25.6200,26.3967,27.1653,28.9452,30.4089,33.6617,36.5776,39.0220,39.7322,41.0902,42.2679,44.0686,44.1158,44.1989,44.9086,45.7326,45.8837,45.8043,45.3224,44.7421,43.7552,43.1500,44.9340,46.5729,47.0160,47.5923,46.8351,45.4369,45.2073,45.9705,46.7248,45.6555,44.8067,45.0154,45.3085,45.4009,44.9349,46.0172,47.0390,48.7961,50.4826,52.0937
23.7683,22.1883,22.1843,22.0015,22.0054,22.0447,22.0899,21.9916,21.8559,21.9836,22.0760,22.2862,22.4120,22.4945,22.4100,22.3648,22.3235,22.3687,22.4770,22.3001,21.9523,21.7932,21.5771,21.6044,21.9051,22.2648,22.0820,21.9602,22.4184,22.3696,26.3341,27.6679,29.0489,29.8381,30.6945,33.5616,36.3062,39.1642,40.1730,41.8694,43.1007,44.4899,44.0959,44.1463,45.0538,45.8032,46.3807,45.5699,44.7619,43.9420,42.9750,42.4523,44.2502,46.1366,47.2794,47.1711,47.1790,45.7629,45.1934,45.8919,46.8411,45.9078,44.7718,44.7520,44.7699,45.2240,44.7560,45.4766,46.4635,48.3836,50.5611,51.9227
23.7151,22.1823,22.2216,22.0919,22.0979,22.0015,22.1351,21.9975,21.9463,22.0701,22.2470,22.3727,22.4945,22.5357,22.5397,22.5397,22.4493,22.4060,22.4711,22.2117,21.9071,21.7441,21.6203,21.7873,22.0939,22.5893,22.6206,22.2295,23.0653,23.8081,30.2771,30.4269,32.5328,33.2986,33.8610,36.3838,39.1830,42.1189,43.0899,44.1781,44.7753,44.7017,44.0141,44.4555,45.5259,46.2922,46.8955,45.7726,44.6695,43.8516,43.3209,43.3308,44.6159,45.7320,47.2952,46.9474,47.1552,46.7180,46.1703,45.9705,47.0180,46.3640,45.6643,45.6246,45.5361,45.6286,45.2351,45.8165,46.7110,48.2892,50.2958,51.3881
23.7683,22.3200,22.2236,22.0407,22.0134,22.0074,21.9622,21.8226,21.8559,22.0721,22.1998,22.4572,22.5869,22.7225,22.6381,22.6321,22.5829,22.4965,22.4711,22.2569,22.0035,21.8817,21.8012,22.0626,22.2315,22.7642,23.0708,23.2676,24.4911,28.3448,28.7587,32.0893,36.2849,38.1427,38.4510,40.1421,42.5711,44.4862,46.0127,46.4270,46.5082,44.8488,44.5120,44.9594,46.7504,47.0744,46.9602,45.4775,44.9388,44.4926,43.8814,43.5435,44.0464,45.3553,47.1362,46.8788,47.1770,47.0052,46.9057,46.4167,46.9375,46.3401,45.9982,46.2378,46.2338,46.2120,45.6555,46.5261,47.1532,48.1103,49.9261,50.5920
23.7978,22.3220,22.3632,22.0447,21.9642,21.8365,21.8365,21.6849,21.8027,22.0229,22.2882,22.4100,22.6281,22.8189,22.7364,22.5869,22.5770,22.4925,22.4711,22.1685,22.0154,21.8464,21.9840,22.2474,22.5401,23.2457,23.3106,23.0688,23.8331,24.8179,29.1083,34.6277,38.1016,41.6517,41.4481,43.3405,46.5017,47.1814,48.4159,47.4595,45.8765,45.1471,45.0855,45.2993,46.6540,46.6044,46.5060,45.3145,44.9487,44.9190,44.2233,44.3863,44.5215,46.3591,47.4384,47.6292,47.6351,47.7644,47.7157,47.5765,47.7256,46.5698,46.0450,46.6602,46.4932,46.7348,46.2806,46.9981,47.1830,47.7803,49.3367,50.0165
23.8684,22.3533,22.4378,22.1724,21.9170,21.6516,21.5711,21.5905,21.6651,21.9737,22.2390,22.3608,22.5377,22.7658,22.6833,22.5377,22.4845,22.4845,22.3767,22.0820,21.9368,21.9408,21.9388,22.3319,22.7111,23.6132,23.5640,23.5148,23.9470,25.0863,30.7015,34.2990,37.5255,41.2463,41.3648,43.9694,47.0730,47.5681,49.0735,47.0417,45.9127,45.0666,45.2456,45.1920,46.0209,46.0070,46.3350,45.3930,44.7758,44.4827,44.3843,44.8424,44.2054,47.1095,48.2991,47.8160,47.9164,47.8926,47.9203,47.6629,47.5447,46.7288,46.1961,46.3829,46.0430,46.6463,46.3750,46.5737,47.2754,47.8866,49.3784,50.0522
23.9509,22.5714,22.6539,22.3473,22.0054,21.6909,21.6044,21.5925,21.7595,21.9757,22.2390,22.3196,22.4060,22.4905,22.4965,22.4453,22.3981,22.3529,22.2902,22.0939,21.8916,21.9468,21.9860,22.3319,22.5282,23.2495,23.1454,22.8174,23.4482,25.5365,32.0930,33.3973,37.3040,40.8052,41.6460,43.4376,45.5469,47.9125,48.9575,47.4242,46.2373,45.5278,45.9910,46.4830,47.1212,47.0268,47.1977,46.1910,44.6874,43.7671,43.6370,43.8048,42.7939,46.7994,48.5843,48.7810,49.3117,48.8874,48.5455,48.0048,47.4662,46.3889,45.9367,46.2140,46.0311,46.7229,46.5559,46.4754,47.1770,47.7057,48.8596,49.6278
24.1338,22.8035,22.6992,22.2902,21.9563,21.7322,21.5080,21.5021,21.6711,22.0681,22.2371,22.2783,22.2763,22.3215,22.2763,22.2743,22.2724,22.3588,22.2037,22.2002,22.0312,22.2260,22.2201,22.3791,22.4949,23.1002,23.1359,22.7139,23.6085,25.9963,29.2514,30.6031,35.6802,39.7088,41.0714,42.0203,43.1209,47.4006,48.0379,46.5860,46.1503,46.0307,46.5814,46.9213,47.0565,46.3410,46.7832,45.9475,44.5224,43.6061,44.3585,45.3235,44.4041,47.6720,49.1499,49.5334,49.7322,49.0662,48.8029,47.9323,47.4860,46.2180,45.8681,46.1672,46.3183,46.4615,46.3024,46.2965,46.8391,47.2754,48.8457,49.6358
24.1397,22.8094,22.7483,22.2470,21.9503,21.6849,21.5553,21.4549,21.7143,22.0661,22.3255,22.1839,22.1839,22.1466,22.1526,22.1466,22.2291,22.3176,22.2057,22.2141,22.2062,22.4680,22.4029,22.3731,22.4536,22.9372,22.9237,23.1978,25.9702,27.8321,30.3194,30.0550,32.8349,37.5914,39.2589,40.5143,42.3966,46.0849,45.9746,45.6252,45.9471,46.6927,47.6240,47.8068,47.7522,47.3667,48.0822,47.4393,45.6663,44.5691,44.7381,45.7678,46.3004,48.4681,48.7802,49.3268,49.0365,48.7949,48.8715,48.0893,47.6371,46.1355,45.7936,45.9356,46.7626,47.2476,46.9236,46.5698,47.0100,47.3698,48.8556,49.7262
24.1318,22.6658,22.5595,22.2057,21.9071,21.6338,21.4608,21.4981,21.7555,22.1034,22.3156,22.2232,22.1407,22.1466,22.1546,22.0974,22.1839,22.2664,22.1645,22.2653,22.2534,22.5425,22.4442,22.4164,22.5381,22.9352,22.8924,23.8196,28.6849,28.5120,31.2143,31.7163,33.3159,36.4847,38.5258,39.8188,43.2118,45.1068,44.7909,44.8188,45.9610,47.0445,48.1398,48.5910,48.3535,47.8974,48.6796,47.4393,46.0340,45.0173,45.3592,46.0609,47.0319,48.9869,48.8468,48.6778,48.4253,48.5514,49.0484,48.0714,47.4483,45.9705,45.7250,45.5033,46.5896,47.2694,47.1302,46.6959,47.0846,47.1949,48.8715,49.7222
24.0826,22.7111,22.6520,22.3906,22.0407,21.6730,21.6358,21.5905,21.8420,22.0935,22.4021,22.4021,22.3608,22.2331,22.2430,22.0641,22.0542,22.1839,22.1272,22.0824,22.0253,22.2022,22.2966,22.3299,22.4517,22.6559,23.0459,25.4227,27.4383,30.3011,30.8590,31.8645,34.1453,37.5616,38.1248,38.9244,41.7164,42.4591,42.4755,43.5120,45.3051,47.6279,48.4002,48.5523,48.3138,47.8795,48.5713,47.6887,46.6392,45.7916,45.9645,46.5032,47.4463,48.4760,48.5406,48.8885,48.5296,48.7382,49.1467,48.4173,47.5566,45.8094,45.7408,45.4834,46.2001,46.8878,47.4563,47.6411,47.6978,47.3420,48.7791,49.8147
24.2282,22.8075,22.6520,22.3334,22.1212,21.8952,21.7536,21.6199,21.7064,22.1387,22.4453,22.4826,22.4021,22.3687,22.2470,22.0721,21.9796,22.1526,22.0015,21.8936,21.8916,22.1078,22.2787,22.3200,22.4929,22.6464,23.0876,25.0598,28.3997,32.2648,31.5350,33.6983,36.6279,38.4545,37.4180,38.2822,39.6130,40.4455,40.8652,42.6702,45.3339,48.5959,49.3424,49.4677,49.3356,48.4570,48.8933,48.0088,47.3936,46.2160,46.3084,46.8232,47.4205,47.6918,48.2583,49.1269,47.9272,49.0135,49.7480,48.6101,47.6649,46.1632,46.0986,45.9764,46.1037,46.4198,47.4126,48.1321,48.0576,47.5050,48.5097,49.5652
24.2145,22.7603,22.7444,22.3747,22.2450,22.1466,21.9285,21.7004,21.7436,22.1446,22.5829,22.6595,22.6202,22.5024,22.3806,22.1585,22.0308,22.0780,21.8777,21.7068,21.8365,22.1411,22.3180,22.4517,22.6936,22.4188,21.9959,22.4366,27.4811,29.3760,30.2137,33.8412,36.6455,36.0721,34.7964,36.6184,38.3775,39.7292,40.4773,41.8574,44.8052,48.1160,48.8017,48.6518,48.5474,48.2880,48.9798,48.5395,48.0913,47.0120,46.6761,46.6622,46.6701,46.7626,46.5647,46.6452,46.0008,48.3496,49.4867,48.8029,47.9442,46.8609,46.8669,47.0041,46.4714,46.6185,47.6522,48.8278,48.7334,48.4740,49.0047,49.6536
24.1986,22.6147,22.6440,22.3707,22.2371,22.2684,22.0542,21.9185,21.8793,22.1879,22.5298,22.7007,22.6182,22.5849,22.3747,22.2470,22.1685,22.0388,21.6969,21.6104,21.7813,22.2728,22.5028,22.8646,22.8844,22.5600,22.6341,23.1438,24.9764,27.6462,29.1631,30.6494,32.7522,34.4678,34.5991,36.4313,37.4981,38.6067,39.3965,41.6153,44.9007,48.7568,48.8117,47.9303,47.5646,47.5824,48.6240,48.4312,48.0834,47.2734,47.7256,46.8728,46.4683,46.4643,47.3329,48.2801,48.7910,49.8603,50.0860,48.6946,48.1092,47.1969,46.7645,46.9961,46.5678,46.5559,46.9922,47.9751,48.3289,48.1579,48.6708,49.5434
24.1062,22.5223,22.6853,22.5084,22.4199,22.3156,22.1819,22.1799,22.1918,22.3648,22.6674,22.7459,22.6162,22.4905,22.4140,22.2549,21.9523,21.7714,21.4688,21.4256,21.7401,22.4223,22.8864,23.2971,22.7563,23.0549,23.1474,23.3324,25.1313,26.6550,28.4691,29.4950,31.7818,33.1371,33.2885,33.9304,35.1940,36.9356,38.0132,41.0935,44.6385,48.5035,49.1139,48.4332,47.8081,47.2992,48.0834,48.3130,47.9354,47.6641,48.5942,47.8378,46.7297,46.2347,47.1251,48.3606,49.2312,49.1646,49.3534,49.4081,49.0543,48.2265,47.2774,47.1512,47.1472,47.1512,47.0160,47.2774,48.0595,48.2503,48.6002,49.7123
24.0709,22.5262,22.5556,22.4179,22.3334,22.3628,22.2212,22.1700,22.2291,22.5004,22.6262,22.6162,22.5337,22.4512,22.3747,22.3592,22.0134,21.6909,21.2978,21.3411,21.7952,22.7766,23.2327,23.3558,22.5084,23.0236,22.7642,23.2680,25.1999,26.9507,28.8629,29.3379,31.6662,33.2491,33.4469,33.1425,34.7202,36.5390,38.0559,40.7278,44.3808,48.3853,49.2202,48.5355,47.5566,46.5995,47.8517,47.7823,48.2673,48.6121,49.2979,48.1897,47.1699,46.6968,47.4948,48.6776,49.6386,49.3594,49.7052,49.5303,49.1587,48.6708,47.8061,47.2258,47.3908,47.2317,46.9434,46.4306,47.2853,48.3428,48.7870,49.7560
23.9648,22.4398,22.5615,22.3727,22.3275,22.2763,22.3076,22.1680,22.2644,22.5357,22.6222,22.5278,22.5337,22.3707,22.3886,22.2867,22.0193,21.5180,21.1721,21.2606,21.9821,23.0046,23.3073,22.8955,22.1998,23.0649,23.0609,25.4082,26.1556,27.2593,28.7139,29.7249,30.8343,32.1151,33.9015,33.6638,36.1411,38.3239,39.3313,41.4536,44.5567,48.7093,49.2261,48.5554,47.3071,46.6035,48.1877,47.7415,48.2404,49.6485,49.0643,47.7038,46.3838,46.8896,47.6269,48.7014,49.9099,50.1594,50.0868,49.8354,49.1020,48.6220,47.9084,47.3142,47.3868,47.4047,46.9275,46.3679,46.3679,47.3936,48.2920,49.0643
23.8309,22.2922,22.4671,22.2410,22.1546,22.1819,22.1641,22.0756,22.3017,22.4826,22.5670,22.4865,22.4532,22.2490,22.1704,22.1137,21.8857,21.3823,21.1348,21.3018,22.0586,22.7622,22.7836,22.3961,21.6457,23.0117,23.5740,28.0152,28.3512,28.9362,29.4020,30.4079,31.7328,33.2074,34.4859,34.4972,36.9646,38.1962,41.1142,42.3041,44.8837,48.8584,49.1884,48.6866,47.3797,46.3540,47.2167,46.2585,45.9495,48.9390,49.2848,48.1171,46.6939,47.0288,48.4051,49.2928,50.6036,51.2407,51.0657,50.1713,49.0821,48.1996,47.7315,47.4047,47.2178,47.2397,46.7745,46.5547,45.9852,46.4215,48.1290,48.8834
23.7601,22.3354,22.5103,22.3787,22.1605,22.0463,22.0403,22.0324,22.3489,22.4373,22.5710,22.5456,22.4770,22.2767,22.1018,21.7679,21.3903,21.0698,21.1328,21.3863,22.0308,22.6912,22.7305,22.1625,21.9622,23.6600,24.7470,28.5180,29.0990,30.0847,30.1808,31.5571,33.2867,35.1509,35.5334,35.4106,37.7260,38.3946,41.6442,43.1214,45.8467,48.7839,48.6418,48.6807,47.5427,46.1493,46.2219,44.7957,44.6989,47.6678,50.4853,50.0768,48.5593,48.4638,49.3115,49.8939,50.8470,51.4979,51.4652,50.3561,50.0860,49.1090,48.3170,47.9215,47.4027,46.6384,46.3441,46.7923,46.3033,46.2347,48.0326,48.8715
23.7681,22.4298,22.4259,22.3334,22.0268,22.0110,21.9126,22.0363,22.3136,22.4493,22.4945,22.4338,22.2827,22.1237,21.7028,21.4002,21.0797,21.0837,21.2272,21.6084,22.1605,22.6833,22.5516,21.8738,22.5472,24.6424,25.8358,28.3363,29.3870,30.7912,31.0625,32.6131,34.6241,36.2287,36.6034,37.1300,38.6946,39.7826,42.1084,43.0096,46.0615,48.5304,48.2861,48.6727,48.0576,46.7328,47.6680,46.3143,46.7654,48.4383,50.7887,51.8530,51.4791,50.2764,50.7112,51.5624,51.6927,51.6937,51.0676,50.0321,50.1645,49.5314,48.3428,47.8041,47.8648,46.9862,46.3988,46.3342,46.1811,46.0399,47.7812,48.7751
23.7092,22.3473,22.4790,22.2902,22.1113,21.9285,21.9205,21.9578,22.2331,22.3275,22.3707,22.1272,21.9662,21.7068,21.2899,20.8064,20.8615,20.9659,21.3748,21.6536,22.3394,22.7638,22.3866,21.9091,23.1013,25.6644,26.9799,28.1076,29.7883,31.9113,32.0900,33.5660,35.0898,36.8465,36.9139,38.2865,39.4603,40.7427,42.4434,43.0385,46.0954,48.0822,48.5792,48.7124,47.9870,46.5837,47.9104,47.6697,48.2214,49.2533,52.8377,54.2410,54.6524,52.6154,51.7597,51.9083,51.6897,50.5717,49.7449,49.1119,49.4966,49.3823,48.3507,47.9164,48.0048,47.7843,46.8272,46.3401,46.0807,46.0102,47.1818,48.1758
23.5656,22.2057,22.3846,22.2430,22.0249,21.8400,21.8301,21.8713,22.0130,22.0582,22.0542,21.7948,21.4942,21.1856,20.8397,20.5803,20.6826,20.9599,21.3768,21.8325,22.4179,22.9819,22.4477,22.4651,23.2058,25.1319,26.5969,28.0097,29.8142,31.7875,32.6560,34.5979,36.0191,37.9606,37.4093,38.9899,39.8395,41.8160,41.9932,43.7299,46.9332,48.7938,49.3534,49.2550,48.5713,47.0656,47.5784,47.0934,48.9309,50.5618,57.2012,59.7217,57.1536,53.0492,51.8255,50.6257,50.2011,49.4748,49.0404,48.5922,48.6847,48.7652,48.5157,48.0714,47.7296,47.6609,46.9474,46.1593,45.8412,46.0498,47.3528,48.2036
23.5204,22.2942,22.5163,22.4279,22.2117,21.9344,21.9225,21.8753,21.8773,21.7456,21.7516,21.5334,21.2720,20.9635,20.6727,20.4133,20.4605,20.7358,21.3728,21.9229,22.5476,22.8522,22.6619,22.6539,23.1176,24.3440,25.7892,27.1824,27.9639,30.8448,32.7526,35.1346,36.8022,38.4201,37.9077,39.4160,39.6828,41.3013,41.6705,44.2129,46.2137,47.9620,49.0623,49.0563,48.2761,46.9434,47.1770,46.7248,48.8287,50.8123,53.7421,55.1394,55.1454,52.6063,50.3740,49.6604,49.8782,49.4648,49.1955,48.8338,48.9908,48.8139,49.0166,49.1011,48.9460,48.5474,47.5705,46.6781,46.2576,46.6730,47.6499,48.5713
23.5303,22.3414,22.5163,22.4199,22.2549,22.1605,22.0149,21.8694,21.7888,21.7143,21.5453,21.3252,21.0638,20.9301,20.6354,20.3780,20.3840,20.7929,21.4141,22.1451,22.9094,23.0351,22.8289,22.1058,22.0939,23.1196,24.3901,24.9973,25.9738,29.7213,32.2075,34.7996,37.2465,38.2964,38.8126,39.5468,39.6749,41.4445,41.6984,43.9238,45.0023,46.9652,48.2662,48.3467,48.0814,47.3539,47.5855,47.4245,48.4272,50.2657,51.8835,52.3229,54.1190,53.1650,51.1652,49.8036,49.8524,49.4787,49.3018,49.8286,49.8345,49.2879,48.9639,49.0444,49.6675,49.2392,47.7950,46.4782,46.5389,47.3230,48.0961,48.7303
23.4518,22.2982,22.6008,22.3707,22.2862,22.1133,22.0502,21.7258,21.5608,21.3704,21.3843,21.1562,21.0186,20.8536,20.6866,20.2916,20.3427,20.7576,21.4533,22.2256,22.9998,23.1216,22.5147,21.3966,21.3038,22.0621,23.9068,25.0229,26.8799,31.8414,32.9438,34.5224,36.7848,38.0037,38.9935,39.9597,40.2369,41.3044,43.1428,44.0023,44.1725,46.5071,47.3151,47.8418,48.4391,48.1222,47.6879,47.4035,47.4960,48.4987,49.3752,50.7956,52.5626,50.9546,50.9943,50.4069,50.0213,49.2840,49.1150,50.1963,50.9495,50.7805,50.3085,50.1138,50.2062,49.8504,48.7263,47.1799,46.8221,47.5039,47.9291,48.7362
23.3946,22.1526,22.5024,22.4060,22.2331,22.1034,22.0443,21.7258,21.4703,21.2820,21.3883,21.2094,21.1130,20.8536,20.5962,20.2896,20.3840,20.8853,21.5319,22.2648,22.8209,23.0291,21.8016,21.0175,20.6041,21.4961,23.1835,24.9638,27.1167,32.2440,32.8649,34.1003,36.7574,38.1453,39.2077,40.2651,40.8500,41.9833,43.3531,43.9656,43.9718,46.3461,47.2286,47.9084,48.5177,48.0595,47.9660,47.8716,47.8418,48.2742,48.8695,50.4239,51.4972,49.6022,51.2069,50.8979,50.1665,49.1915,48.8576,50.0959,50.9019,51.2387,50.9217,51.1275,50.5322,49.4260,49.0424,47.5626,46.9672,47.2366,47.6697,48.5792
23.2983,22.1074,22.5004,22.5377,22.4120,22.1879,22.0935,21.8241,21.6040,21.4628,21.6675,21.6243,21.3962,20.9932,20.5117,20.1639,20.2995,20.9758,21.6576,22.3553,22.9272,23.2080,22.0923,21.6719,20.6632,20.9361,22.7940,25.5373,28.3110,32.8569,33.6998,34.1493,36.6898,38.4727,39.7136,40.2671,40.7468,42.3861,43.1226,43.6903,44.1348,46.0688,46.7566,47.2714,47.8081,47.8727,47.8846,47.6371,48.0397,48.6390,48.9988,50.7340,51.1414,49.7084,51.0419,51.1454,50.2430,49.8087,49.4807,50.2807,50.8523,50.4259,50.1863,50.9268,50.4080,49.2233,49.2074,47.9870,47.6471,47.5178,48.2571,49.0841
23.3966,22.1625,22.4120,22.4393,22.3176,22.2783,22.0502,21.7750,21.6060,21.6849,21.8464,21.8131,21.6283,21.0876,20.3840,20.0774,20.4451,21.2511,21.8817,22.5361,22.9824,23.2689,22.4223,22.1495,20.8715,21.0991,23.3165,26.3250,30.1626,34.2812,34.6703,33.7560,36.3479,38.1905,39.5228,40.1598,40.9869,44.2225,43.9375,44.3562,45.6325,47.0378,47.2933,47.5039,48.5673,48.7632,48.0595,48.0834,48.9083,49.3545,49.5394,50.6226,50.5798,48.9906,50.4953,50.3811,50.3593,50.4398,50.1058,50.2827,50.5929,50.3017,50.0522,50.8661,50.3196,49.2661,49.1011,47.9323,47.5158,47.0914,47.9878,48.9052
23.5362,22.0780,22.4140,22.3057,22.3017,22.2291,22.1407,21.8182,21.6393,21.7222,22.0233,22.0372,21.8976,21.0975,20.2995,19.9929,20.6240,21.5184,22.2355,22.7250,23.1260,23.3732,22.8075,22.4283,21.2268,22.2644,24.4166,27.1758,30.8208,35.4898,35.7864,33.9188,35.6076,37.2981,39.1829,40.1240,41.2197,43.4535,44.1911,44.8960,45.3751,46.0867,45.5659,46.2894,47.8458,48.4153,48.1539,48.8219,48.5197,48.9321,50.1486,50.8880,50.4973,50.4109,50.9277,50.2141,50.8015,51.1295,50.8860,50.7817,50.4199,50.2113,49.6001,50.0174,49.6596,49.2780,48.8358,48.0306,47.6003,47.0557,47.8129,48.5364
23.5243,22.0209,22.4493,22.3921,22.3469,22.3548,22.2251,21.9106,21.6433,21.6318,22.0193,22.2673,22.1276,21.2253,20.2503,19.9457,20.7556,21.7718,22.5361,22.9157,23.1319,23.2435,22.7638,22.2236,22.4651,24.5835,26.0259,27.8248,30.8762,35.3526,36.2208,34.8655,35.3388,36.8603,38.6964,40.4809,41.5851,43.1803,44.4665,45.4298,45.8463,46.7209,45.6892,46.4266,47.4979,47.9731,47.5229,46.9763,45.9988,46.3847,49.3137,50.7797,50.9784,51.3660,52.0458,51.1533,51.2965,51.1236,50.7757,50.4140,49.9697,50.0463,49.5176,49.1051,48.7462,48.8386,48.1211,47.5784,47.3619,47.1164,47.7622,47.8893
23.6128,22.2843,22.7106,22.7519,22.7539,22.6614,22.4905,22.0050,21.6080,21.4569,22.0273,22.4228,22.3676,21.3569,20.2936,19.9929,20.8441,21.8956,22.7111,23.0927,22.9491,22.7737,22.3961,21.5731,23.8623,26.5584,27.3249,28.1644,30.7623,34.1758,36.0518,35.5469,34.5935,36.6323,37.6504,39.7231,40.9899,42.4310,43.6149,44.6219,45.1307,45.9109,45.0740,46.5210,48.1052,49.0285,49.4529,50.2549,50.2748,51.1633,51.4833,51.1275,50.8114,50.9078,51.0042,50.5580,50.5342,50.7896,50.6853,49.7849,48.9749,48.6977,48.2713,47.7803,47.8021,48.0267,47.2762,46.9970,46.9117,46.9375,47.9371,47.5355
23.7012,22.4179,22.7126,22.7991,22.7991,22.8816,22.6634,22.0070,21.4410,21.3843,21.9035,22.4759,22.3875,21.4513,20.2483,20.0342,20.8933,21.9840,22.7464,22.9784,22.7975,22.5064,22.0776,21.6278,25.6031,28.0045,28.0416,28.6133,32.0591,35.1265,36.4091,35.0963,32.7332,35.2440,36.6318,39.3534,40.9740,42.4072,42.9541,43.5505,43.7861,44.4977,44.5850,45.9645,47.1988,48.2325,48.7969,49.9190,51.2806,51.6781,51.5051,51.4794,51.6622,51.6602,51.4794,51.1355,50.9903,50.9883,50.6425,49.7480,48.5097,47.5050,47.1572,46.5757,46.6880,47.2425,47.1113,47.5286,47.3984,46.9522,47.9311,47.8367
23.7072,22.4159,22.8522,22.7971,22.8776,22.8756,22.7027,21.9166,21.3978,21.2959,21.8151,22.3954,22.5430,21.4553,20.3348,20.0774,21.0270,21.9349,22.7916,22.9233,22.7995,22.4493,22.0284,22.6908,26.6720,28.4491,28.4586,28.8914,32.2693,35.3779,35.5917,32.9130,30.7776,34.0447,35.5696,39.8514,41.3934,42.3247,42.8855,43.5585,43.9670,45.2838,45.5024,46.7268,47.9731,49.1657,49.5961,50.4786,51.8173,52.3539,51.8133,51.4595,51.2965,51.2905,51.1375,50.8880,50.9685,51.1097,50.2490,49.4121,48.0326,46.7098,46.1613,45.7190,45.6444,46.6075,46.8003,46.8459,46.7107,46.1919,47.2315,47.5515
23.6933,22.3668,22.8011,22.8403,22.7971,22.8284,22.6515,21.9185,21.3998,21.2014,21.5771,22.1673,22.4644,21.3097,20.2364,20.0322,20.9385,21.8444,22.7011,22.9213,22.6460,22.5218,22.5298,24.6656,27.0183,27.3932,27.5820,28.6925,31.8015,34.3935,34.3225,31.2781,30.7994,34.4301,35.9920,40.2942,41.6370,42.3188,42.6320,43.0198,43.4323,45.1208,45.4060,46.1822,48.0357,49.3208,49.4957,49.9479,51.2747,51.6582,51.1117,50.3096,50.2232,49.9737,49.7282,49.2979,49.4827,49.5811,49.2939,48.4451,47.5705,46.1831,45.8999,45.6186,45.5619,46.3937,47.2286,47.2465,47.3060,46.9760,47.3845,47.3278
23.6973,22.4572,22.8915,22.9367,22.8562,22.7911,22.6123,22.0130,21.5826,21.2506,21.5358,21.9825,21.9845,21.0737,20.1952,19.9949,20.8108,21.5438,22.5774,22.9213,22.6341,22.5651,23.1350,25.4659,26.3230,26.3916,27.3564,29.5088,31.2468,31.9738,31.3076,28.8282,29.7518,33.4871,35.7831,41.0038,41.0525,41.7036,41.3540,41.5808,42.5280,44.3676,44.8277,45.3663,47.0171,47.7128,47.6422,48.1968,49.3506,50.0015,49.3744,49.1638,49.4212,49.4430,48.9381,48.6648,48.4978,48.6002,48.1052,47.3210,46.9633,46.1652,45.8979,45.5928,45.3454,45.8452,46.8221,46.9383,46.9304,46.9224,47.2057,47.3437
23.7780,22.5123,22.8110,22.7638,22.5968,22.6222,22.3961,21.8674,21.5334,21.3018,21.3589,21.5616,21.3669,20.7651,20.0595,19.9045,20.5494,21.2923,22.3220,22.9133,22.7166,22.9189,23.9408,25.3386,25.4310,25.9906,27.5295,30.6927,31.0893,30.5330,29.5300,28.1151,28.7224,31.4137,33.2478,38.7184,40.1262,41.0138,40.0630,40.4171,41.7846,43.7107,43.9313,44.5056,45.5472,45.9914,46.5420,46.7467,47.4075,48.4471,48.3408,48.1262,48.6489,48.6727,48.2464,48.0714,47.6332,47.3658,46.7138,46.4723,46.6273,46.0807,46.0708,45.9149,45.6575,45.5282,46.4096,46.7008,46.8558,46.9593,47.0208,47.4183
23.7623,22.3787,22.7638,22.5849,22.5044,22.5298,22.4786,21.9519,21.6671,21.4335,21.3510,21.2744,20.9873,20.4585,20.0203,19.9064,20.4570,21.0841,22.2494,22.8741,22.5417,22.9089,23.5303,24.5037,24.8396,25.7153,27.9394,30.7081,29.6384,29.2288,29.0273,28.4183,28.2885,29.1860,30.7544,35.2910,37.6893,39.4963,38.6954,39.2895,40.7748,43.0000,43.1888,43.8099,44.1895,44.5632,45.2807,45.3513,45.6524,46.8141,46.8689,46.6622,47.6014,48.0536,47.7176,47.3758,46.8550,46.4893,45.5639,45.6782,46.3600,46.4226,46.3322,46.2477,45.7975,45.9197,46.5060,46.7832,46.6968,46.7883,46.9851,47.5476
23.6049,22.1918,22.6202,22.6202,22.4945,22.4413,22.2505,21.9538,21.6219,21.3803,21.1662,20.9952,20.7572,20.2757,19.8334,19.7748,20.2190,20.8207,22.0253,22.9724,22.5829,22.9050,22.8547,23.5982,24.0932,24.8546,27.1868,29.2932,27.9960,28.2633,28.8647,28.6606,28.4432,28.7759,30.7405,34.1352,36.3859,37.9783,39.1158,40.2648,41.2945,42.4253,42.1342,43.4978,43.7890,44.2392,44.7639,44.9150,45.4497,45.9435,45.5758,45.0840,45.8483,46.1275,45.8761,45.7031,45.5381,45.7071,45.1356,45.0610,45.8273,45.9982,46.1910,46.5369,46.5409,46.6611,46.9324,47.0367,46.9562,47.0149,47.3052,47.7355
23.5596,22.3156,22.7459,22.7539,22.6734,22.5278,22.3921,22.0070,21.7575,21.3803,21.1368,20.9107,20.8084,20.3209,19.9338,19.9203,20.3745,21.0115,22.2141,22.8427,22.2251,21.8733,21.5890,22.8734,22.9182,23.2356,24.9901,26.5132,25.7566,26.5758,27.5460,28.0633,29.1493,30.3576,32.1654,33.9124,34.9778,36.2386,37.7141,38.1618,38.9400,40.0372,40.3224,41.9752,42.2992,43.2214,43.5514,43.7632,44.1856,44.5085,44.0722,43.3974,43.2991,42.8747,42.3658,42.6292,43.1539,44.2094,44.2550,44.5243,45.1098,45.4695,45.9316,46.1065,46.2089,46.2973,46.5766,46.8360,46.7555,46.9125,47.1461,47.6879
23.7504,22.5004,22.8364,22.8383,22.6753,22.5790,22.3941,22.0463,21.7595,21.4315,21.1840,20.8556,20.6176,20.3681,19.9338,19.6863,20.1111,20.9802,22.0372,22.7483,22.6440,22.3156,21.7599,23.2391,22.5882,22.2022,22.9407,23.4478,23.4732,24.9466,27.0474,29.2250,31.3091,32.4294,32.4804,33.2758,35.2015,36.9145,38.7199,38.9162,39.8047,40.4219,39.2903,40.0491,40.2906,41.0677,41.7118,41.8649,42.2107,42.5198,42.0755,41.0569,40.7130,40.3830,40.3263,40.6663,41.3639,42.7494,43.3923,43.9171,44.6029,44.8623,45.4794,45.4656,45.6643,45.7547,46.5547,47.3369,47.7772,47.3151,47.3250,47.8866
23.8292,22.4179,22.8443,22.7951,22.7539,22.6202,22.4826,22.0895,21.8460,21.4355,21.3137,20.8377,20.6077,20.3229,20.1107,19.6744,20.1563,20.9802,22.1177,22.8761,22.8661,22.5437,22.1118,22.7774,23.3022,22.0575,21.6616,21.4494,22.0288,24.2214,27.4163,29.4280,30.6798,31.7510,32.1974,33.2857,35.2542,35.7769,36.6491,37.1834,38.4098,39.1919,38.0013,38.1940,38.5121,39.1590,39.9487,40.1157,40.1752,40.8908,40.6215,39.2411,38.7794,39.2162,39.2733,39.6564,40.2915,42.0109,42.7145,43.5106,44.4637,45.2419,45.4188,45.1256,45.0392,44.7421,45.5103,46.0926,47.2485,47.3111,47.7375,48.2662
23.7072,22.1938,22.6614,22.7439,22.6595,22.6575,22.4726,22.2212,21.8912,21.5180,21.3391,20.7746,20.5644,20.3661,20.2757,19.8767,20.1698,20.9250,21.9523,22.8661,22.9014,22.6341,21.9737,22.4077,25.9455,22.8520,21.3122,20.4649,21.1741,23.4374,26.7624,26.9023,27.3519,30.1705,31.9197,33.4757,34.8135,34.4486,35.6865,36.2402,37.3210,37.9183,37.5570,37.2782,37.2076,37.8720,38.6890,38.4887,38.4205,39.2519,39.6370,38.5931,38.5280,39.0159,39.1515,39.4795,40.3779,41.9542,42.4750,43.0017,44.1258,45.3522,45.5549,45.3561,44.9904,44.7480,45.2192,45.3414,46.9494,47.5039,48.0814,48.8009
23.7544,22.2430,22.7459,22.8324,22.7931,22.7872,22.6987,22.3529,22.0661,21.6869,21.5021,21.0440,20.8377,20.4958,20.3641,20.0575,20.5042,21.2396,22.4104,23.0450,22.9526,22.4552,21.9205,21.4355,21.7478,22.6810,21.0761,20.2841,20.5276,22.4373,24.9389,23.2645,23.9214,28.0913,30.5016,31.1938,31.9504,32.7356,33.8213,33.8346,35.0769,36.2283,37.1873,36.7550,36.0558,36.8562,37.6146,37.1211,37.0331,37.8784,38.8136,38.1358,38.5240,38.7918,38.2714,39.1456,40.3581,41.8538,41.9443,42.0367,42.8129,44.2102,44.5879,44.7489,44.3046,44.4518,44.9031,44.5433,45.8681,46.2656,47.7474,48.8933
23.7879,22.2490,22.6202,22.7420,22.7519,22.8776,22.7832,22.4334,22.1074,21.9443,21.7103,21.1598,20.9282,20.6807,20.5450,20.2697,20.7104,21.5402,22.6778,23.2120,22.9978,22.5103,21.8361,21.4842,21.2530,21.6227,20.9326,19.8418,19.2619,20.4427,22.4040,21.8222,24.0078,27.9697,29.4841,29.8159,30.3294,31.8778,32.2559,32.0152,33.0568,33.8919,35.1201,34.8016,34.4070,35.2745,36.1764,35.6636,35.5164,36.0511,37.3302,36.0789,36.5417,38.6050,38.0021,38.7803,40.2090,41.5924,41.3410,41.0895,41.7812,42.9957,43.6447,44.0691,43.9766,44.2182,44.7976,44.5830,45.1585,45.5044,46.8261,48.1429
23.7723,22.1193,22.6694,22.6123,22.7459,22.8284,22.8697,22.4354,22.1899,21.9856,21.8420,21.1990,20.9694,20.8084,20.7651,20.5331,21.0131,21.9313,23.1260,23.5402,23.1216,22.4671,22.0268,21.4370,21.3018,21.3808,21.1904,20.0306,19.0497,19.7807,21.3783,21.9126,25.8298,28.4696,29.1168,29.6436,30.7449,31.6675,32.1943,31.9883,32.3593,32.9569,33.5855,33.6991,33.6109,34.8322,35.5378,35.1293,34.8759,35.4772,36.4814,34.0606,33.6362,37.7756,38.4042,39.3990,40.5588,41.9304,41.3410,40.8440,41.2803,42.0625,42.1827,42.5543,42.7860,43.5443,44.2380,44.7390,45.1356,45.8780,47.0577,47.5476
23.7131,21.9364,22.5258,22.6063,22.6123,22.7812,22.7773,22.4726,22.1407,22.0780,21.8301,21.2895,20.9694,20.8496,20.7080,20.5644,21.0757,22.0570,23.1672,23.4950,22.9819,22.3295,21.7988,21.4291,21.2939,21.2983,21.2848,20.0247,19.1282,20.1519,21.8947,23.1661,26.8376,27.8755,28.2899,29.2870,30.7145,30.7676,31.3550,31.7311,32.1963,33.1951,33.1772,33.3440,33.3777,34.8267,35.4280,35.2630,35.0488,35.5025,36.2906,35.1805,34.3343,37.5345,38.7009,39.4224,40.6373,41.9284,41.6868,41.4592,42.0724,42.5912,42.4401,42.5365,43.1607,43.4828,44.0353,44.7489,45.0947,45.7746,46.8768,46.9542
23.8448,22.1565,22.7459,22.8364,22.8031,22.8264,22.7753,22.5139,22.3275,22.2569,21.9638,21.5215,21.2014,20.9853,20.8437,20.8338,21.5299,22.5386,23.7473,23.6818,23.1196,22.2390,21.7948,21.5727,21.7579,21.6695,21.5795,20.3019,19.4388,20.6136,23.0775,24.5792,27.5961,27.3670,27.3489,28.5479,30.4425,29.8599,31.2784,31.5114,31.9021,32.4802,32.3505,32.6569,33.3843,34.8287,34.8600,34.8759,35.1745,35.7560,36.2335,37.1454,37.5951,38.9334,39.3554,39.7738,40.4406,41.5627,41.9065,41.5785,42.1093,42.6479,42.3885,42.0367,42.3508,42.4134,43.3804,44.8135,45.1653,45.6841,46.6174,46.7813
23.9805,22.2450,22.7499,22.7911,22.7991,22.8264,22.7301,22.5159,22.4140,22.3806,22.0030,21.5195,21.1915,21.0305,20.8397,20.7707,21.6005,22.7861,23.8574,23.4910,22.8483,22.1918,21.6552,21.5314,22.0372,21.8619,21.3752,19.9580,18.9926,20.4387,23.6988,24.9056,26.4803,26.5630,26.4309,27.4794,28.5505,28.1630,29.4632,30.3719,30.8451,31.3226,32.0346,32.7345,33.7247,34.1585,33.7300,34.1705,35.1706,35.8738,35.3669,36.3021,37.4948,38.6462,39.1725,39.8563,40.0927,41.3072,41.9125,41.3957,41.5040,42.0545,42.1152,41.9423,41.8121,42.1124,43.0247,44.5521,45.3422,45.8174,46.8788,46.9542
24.0041,22.2843,22.8364,22.7047,22.7931,22.8697,22.8245,22.5179,22.3588,22.2763,22.0030,21.4311,21.1384,20.9301,20.8790,20.8532,21.8047,23.0589,24.1207,23.4026,22.7067,21.9638,21.6592,21.3938,22.1570,22.0641,21.7921,20.0052,18.5031,19.9572,23.9959,25.1908,26.2110,26.8577,27.6667,28.6087,29.0794,29.4437,29.0905,29.3417,29.5097,30.6426,31.4214,32.3478,32.7993,33.2884,32.8124,33.4924,34.5474,35.6850,35.4097,36.2013,37.6554,39.1745,39.6481,39.7758,39.8920,40.4168,40.8511,40.9534,41.4941,42.2195,42.2683,42.3488,41.9593,42.3202,42.9492,44.2610,45.1832,45.8352,46.8927,46.8757
23.9017,22.0522,22.5591,22.6083,22.6103,22.7812,22.7340,22.4766,22.2664,22.1779,21.8594,21.2502,20.9103,20.7945,20.8218,20.9789,21.8733,23.2219,24.0105,23.2041,22.3076,21.6984,21.3486,21.3053,21.8733,22.1367,22.4898,20.4515,18.3028,19.0453,22.5064,24.8921,26.8928,27.4348,27.3786,27.4869,27.6810,27.9245,27.9348,28.9699,29.8808,31.3052,31.0616,31.6133,31.8147,32.5752,32.1425,33.0720,33.8872,34.9659,35.1344,35.9614,37.2643,38.7680,39.2162,39.7072,40.2319,40.5877,40.6036,40.9653,41.7614,42.3865,42.4432,42.7514,42.6649,42.7644,43.0079,44.0444,44.9924,46.0240,47.2266,47.1132
24.0531,22.2704,22.7773,22.7459,22.8443,22.8264,22.8245,22.6142,22.4413,22.3076,21.9519,21.3898,20.9674,20.7965,20.8730,21.2109,22.4080,23.6818,24.3504,23.4185,22.4984,21.7064,21.4037,21.6239,22.3901,22.7872,23.1716,21.3106,19.2504,19.3991,22.1625,24.3972,26.9598,26.9854,26.0239,25.8845,26.5928,26.4715,26.2711,27.4648,29.3235,30.9653,30.1746,29.6835,31.5606,33.1368,33.2392,34.0055,34.5280,35.4375,35.9653,36.4996,37.7910,39.2003,39.6485,39.8214,40.2617,40.7020,40.6254,40.6393,41.3291,42.2017,42.5396,43.1171,43.7969,43.6926,43.2305,43.4133,44.1666,44.9845,46.7217,46.9324
24.1219,22.3588,22.8264,22.8284,22.8895,22.9661,22.9601,22.6948,22.6103,22.5218,22.0855,21.4803,21.1031,20.8948,20.8770,21.2895,22.6654,24.0493,24.3363,23.4498,22.5437,21.8067,21.5001,21.7555,22.5472,23.0267,22.8341,21.4815,20.5355,21.1816,23.2729,24.6407,25.9652,26.1935,25.8179,26.3623,27.4627,26.9189,25.6837,25.3886,27.3471,29.7759,28.8965,29.1679,31.4366,34.0368,34.9564,35.4732,35.5497,36.3315,36.6412,36.8573,38.1488,39.3851,39.8274,39.5406,39.7255,40.3601,40.6016,40.4386,40.7040,41.3211,41.8538,42.7970,43.8287,44.1079,44.0095,43.4729,43.6716,43.9548,45.8610,46.4881
24.2083,22.4453,22.9621,22.7459,22.9700,23.0073,23.0014,22.6476,22.6436,22.5591,22.1760,21.3545,21.0658,20.8516,20.9694,21.3799,22.8050,24.2811,24.3636,23.2590,22.4945,21.7595,21.6810,21.9265,22.6729,23.0898,23.0542,22.0431,21.9836,23.4811,25.4974,25.8613,25.3362,24.9691,25.9855,27.1570,29.1505,28.1115,26.4814,25.5406,25.4136,29.5717,29.7735,30.6551,32.5117,35.1174,35.6596,35.7580,35.9662,37.2806,37.7891,38.1210,38.9330,39.7449,40.2637,39.9278,39.7727,40.2816,40.2657,39.9218,40.0142,40.5310,40.8908,41.7277,42.8874,43.6367,43.9885,43.4678,43.1398,43.2262,45.2716,45.9614
23.7835,22.0205,22.4016,22.2719,22.2759,22.4528,22.4409,22.3191,22.2247,22.1383,21.7531,21.1165,20.8258,20.7021,20.8060,21.2304,22.4726,23.6560,23.6183,22.7162,21.9772,21.4803,21.4703,21.8202,22.5079,22.9740,22.3045,22.2371,22.8205,23.9761,26.2754,26.8317,25.1848,24.3226,25.7014,26.7723,27.2182,26.9461,24.7206,23.7497,22.9923,27.2763,29.5578,30.9059,31.8648,32.8102,32.8574,34.5768,35.6889,37.0252,37.3825,38.2607,39.1769,40.2050,40.8083,40.7298,40.8321,41.0895,41.3271,40.9713,41.0697,42.0327,42.7542,43.1159,44.1654,44.9516,45.6473,45.2855,44.6176,44.0223,45.7476,45.5549
23.9803,22.6004,22.6297,22.5512,22.4175,22.6650,22.6376,22.5000,22.3112,22.2128,21.7412,21.2696,20.9158,20.7941,20.7469,21.1360,22.1815,23.1644,23.1013,22.5706,21.9574,21.7531,21.8947,22.2799,22.8812,23.0581,22.5163,23.7383,24.2920,24.5884,26.1607,26.8723,25.6011,24.3994,25.9945,26.0071,25.4427,24.8526,23.4050,22.2018,21.7083,25.6009,28.4027,29.7918,30.5122,31.1923,31.5123,33.7113,35.2264,36.0502,36.4040,36.9248,38.1750,39.4407,40.2776,40.6274,41.2406,41.4155,41.6432,41.5488,41.6472,41.7773,41.6690,41.4620,41.4413,42.4004,42.8994,43.7720,44.4577,44.1555,44.7517,43.3277
