0.1722,0.2018,0.1326,-0.0598,-0.0438,-0.1243,0.0743,0.4729,0.6908,0.5235,0.1491,-0.4975,-0.8864,-0.6091,0.1266,0.3679,0.1059,-0.1634,-0.0881,-0.1658,-0.5322,-0.4563,-0.2944,-0.3118,-0.2079,-0.3142,-0.3171,-0.1415,-0.2778,-0.3640,-0.2098,-0.2284,-0.2650,-0.4884,-4.0859,-5.7705,-7.4530,-5.4158,-4.0789,-3.5966,-2.9966,-2.0870,-1.7236,-1.7029,-1.6901,-2.9625,-3.4828,-4.2385,-4.2883,-3.6075,-1.5135,-1.2254,-0.7760,-0.9126,-1.2769,-1.0711,-1.1982,-2.8357,-3.0489,-3.0175,-0.3279,-0.8593,-0.8570,-1.0344,-1.7053,-1.8525,-1.4536,-1.4259,-2.0307,-1.1730,-0.3783,-1.2831
0.0598,0.1056,-0.0898,-0.6062,-0.7383,-0.6486,-0.3166,0.2813,0.5368,0.6767,0.2809,-0.2224,-0.9669,-1.0407,-0.3721,0.1990,-0.0058,-0.1048,0.0156,-0.1364,-0.4997,-0.5145,-0.4811,-0.6087,-0.5361,-0.5090,-0.4131,-0.2889,-0.2123,-0.2091,-0.2165,-0.2486,-0.1630,-1.1649,-5.8866,-7.1452,-5.6096,-4.4279,-4.2593,-3.1062,-2.3147,-2.0151,-1.7175,-1.8792,-1.9261,-3.0105,-4.2533,-4.7487,-5.1217,-2.7859,-1.7860,-1.7455,-1.7594,-1.8073,-1.0098,-0.3852,-2.0326,-3.3919,-2.6854,-1.4962,-1.2385,-1.6233,-0.4193,-1.8492,-2.4597,-1.3475,-0.7965,-1.2050,-2.1116,-1.2402,-0.5940,-1.4728
0.0229,0.0352,-0.2249,-0.9347,-1.2191,-1.0437,-0.5616,-0.0264,0.3521,0.5828,0.3686,0.0705,-0.5731,-0.9402,-0.7933,-0.1979,-0.1887,-0.0503,0.0716,-0.0476,-0.2946,-0.4130,-0.5051,-0.6321,-0.5948,-0.5094,-0.2660,-0.0712,-0.0688,-0.1726,-0.2187,-0.2116,-0.0830,-2.3535,-5.5854,-7.2434,-4.1996,-3.7349,-4.4850,-2.7829,-1.6078,-1.5366,-1.9281,-2.0513,-2.2169,-2.9054,-4.5146,-5.5287,-5.7005,-2.5289,-1.2958,-1.1558,-0.8933,-0.7397,-0.2655,0.6753,-1.1900,-3.5281,0.1060,-0.2064,-2.5419,-0.7665,-0.0019,-1.6842,-1.8592,-0.3004,-0.3114,-0.9904,-1.6928,-0.9301,-1.0548,0.0087
-0.1582,-0.2768,-0.5704,-1.0079,-1.1509,-0.8848,-0.4974,-0.1510,0.3222,0.4246,0.3934,0.3264,-0.1045,-0.5736,-1.0775,-0.7053,-0.4579,-0.1560,0.0345,0.0119,-0.1221,-0.2640,-0.3550,-0.4545,-0.5201,-0.3264,-0.0286,0.0668,-0.2046,-0.1873,-0.1790,-0.1694,-0.3610,-3.0359,-5.1677,-5.9189,-6.9219,-4.6019,-4.3778,-2.5398,-1.6665,-1.3339,-2.2634,-1.9764,-2.4042,-2.9091,-4.3215,-5.4453,-5.7190,-2.9430,-0.6361,-0.2130,-0.5619,-0.1348,-0.1111,0.0145,-1.1289,-1.3499,0.5766,-0.1966,-3.2120,-1.1386,0.0877,-1.0418,-1.3341,-0.1662,-0.1001,-1.0537,-1.3500,-0.9372,-2.1276,0.9103
-0.5485,-0.7491,-0.9914,-0.9883,-0.7484,-0.3429,-0.1671,-0.0787,0.2941,0.4325,0.3601,0.4948,0.2729,-0.2574,-1.1616,-1.1643,-0.6319,-0.2657,-0.0566,-0.0404,-0.0973,-0.1544,-0.1625,-0.1314,-0.2977,-0.0807,0.0967,0.0506,-0.1071,-0.1707,-0.1589,-0.1703,-1.1274,-4.3882,-4.6601,-5.4840,-6.7170,-7.0816,-4.1434,-2.5659,-1.9539,-1.9441,-2.3286,-2.3626,-2.9227,-3.5180,-4.5506,-4.8988,-5.5975,-3.9664,-0.2868,-0.3292,-1.0221,-1.1336,-0.5529,-0.0677,-1.8145,-0.5218,0.1570,-0.3887,-3.3525,-1.6410,0.3306,-0.5173,-0.8984,-0.6566,-0.5446,-1.5558,-1.3851,-1.0760,-1.0308,0.5263
-0.9171,-1.0178,-1.0188,-0.5754,-0.2208,0.0520,0.1674,0.1758,0.3492,0.4670,0.5422,0.5646,0.4620,-0.0796,-0.9166,-1.1614,-0.5852,-0.2162,-0.0834,-0.1858,-0.1173,-0.0478,0.0187,0.0656,-0.0844,0.0484,0.1421,-0.0374,-0.1591,-0.1670,-0.1012,-0.8696,-2.9748,-4.4879,-4.4847,-5.9955,-7.0341,-7.7273,-5.1621,-3.7270,-3.6068,-3.0777,-2.4311,-2.6551,-3.2043,-4.1755,-4.7377,-4.8497,-5.5570,-4.3745,-0.1906,-0.0677,-1.1270,-1.7672,-0.9348,-0.0505,-1.3353,-1.5375,0.3717,-1.1697,-4.6214,-1.6150,0.4068,-1.1326,-2.0853,-1.4771,-0.5255,-1.7226,-1.9827,-1.5582,-0.8924,0.0960
-0.8471,-0.7806,-0.5349,-0.0364,0.4263,0.4520,0.4287,0.4193,0.4899,0.5301,0.7306,0.7196,0.5753,0.0719,-0.4536,-0.7110,-0.3081,-0.0110,-0.1136,-0.3573,-0.2081,0.0765,0.1498,0.1264,0.0150,-0.0269,0.0345,-0.1468,-0.2156,-0.1502,-0.2278,-1.4784,-3.7624,-4.5969,-4.5516,-5.1922,-6.6114,-4.7791,-3.8215,-2.9581,-2.8464,-3.0384,-2.6857,-3.0628,-3.5807,-4.4567,-4.6869,-5.0472,-5.6736,-5.0334,-1.3573,-0.1804,-0.9999,-2.6116,-0.8438,-0.1180,-1.2730,-1.6218,-0.1476,-1.9524,-2.4102,-2.0017,-0.5166,-2.0207,-3.7268,-2.1243,0.2106,-2.1890,-3.0414,-1.9237,-0.8800,-0.8410
-0.5018,-0.3131,0.1199,0.7855,1.0582,0.9286,0.7541,0.5315,0.5870,0.6164,0.7422,0.8130,0.6310,0.3457,0.0951,-0.2735,-0.0000,0.0916,-0.2549,-0.5298,-0.3166,0.1257,0.1519,0.0503,-0.0253,-0.1776,-0.0799,-0.1714,-0.2058,0.0150,-0.6094,-2.4059,-4.6702,-4.6855,-4.2110,-4.3623,-4.7063,-1.7981,-2.0315,-1.7374,-1.5729,-3.1243,-3.4609,-3.5438,-3.7861,-4.3928,-4.4959,-4.7955,-5.8158,-5.4444,-0.5851,0.0584,-1.1920,-2.1706,-0.3217,0.3071,-1.7937,-2.4696,-1.6313,-2.3576,-1.4524,-2.8625,-1.7768,-2.7242,-4.0166,-2.7898,-1.6705,-2.3684,-2.2249,-1.0628,-0.4648,-0.9204
0.2201,0.4968,1.0608,1.7326,1.7197,1.3229,0.9670,0.6287,0.5616,0.5719,0.5953,0.6492,0.7507,0.7665,0.5813,0.3397,0.3086,0.0534,-0.4342,-0.7168,-0.3935,0.1319,0.1020,-0.1009,-0.2168,-0.3371,-0.1740,-0.2151,-0.1875,-0.0812,-0.9279,-1.7173,-4.4071,-4.6055,-4.0919,-3.7505,-3.2312,-1.4053,-1.5366,-1.3891,-2.0460,-3.2320,-3.5764,-3.4982,-3.5297,-4.2511,-4.4130,-4.7843,-6.2904,-4.8964,0.0647,0.5232,0.0049,-1.4984,-0.5807,0.4551,-1.7173,-1.7594,-1.9064,-3.3017,-1.2616,-2.8874,-2.7052,-2.7690,-2.6546,-1.7711,-1.6278,-1.4403,-0.9041,-0.3203,0.0877,-0.2614
1.1274,1.4921,2.0325,2.5198,2.0091,1.4116,0.8895,0.6356,0.4110,0.4008,0.4225,0.3908,0.7616,1.1698,1.0433,0.8277,0.5007,0.0019,-0.4730,-0.8930,-0.4688,0.1323,0.0843,-0.2253,-0.4286,-0.3887,-0.2544,-0.2640,-0.2287,-0.2923,-1.3317,-3.3151,-3.5471,-4.2668,-3.9381,-3.0706,-1.7972,-1.4035,-2.6845,-2.8940,-1.9861,-2.8917,-3.5560,-3.6447,-3.7591,-4.2167,-4.7939,-5.0040,-6.5548,-5.2640,-2.5991,0.3644,0.7520,-0.6209,-0.0825,0.7085,-1.9294,-1.1957,-1.3422,-4.3677,-1.3599,-2.2884,-3.8611,-3.3130,-1.2967,-2.2324,-1.2903,-0.3611,-0.3283,0.0079,0.1403,-0.2168
2.1251,2.4531,2.7348,2.3608,1.5822,1.0657,0.6210,0.5516,0.2175,0.1560,0.2495,0.2610,0.6320,1.1199,1.2343,1.1264,0.5514,-0.0024,-0.3653,-0.9176,-0.5054,0.0994,0.0724,-0.2741,-0.4728,-0.3925,-0.3278,-0.3567,-0.3254,-0.2648,-2.2729,-2.8676,-2.6961,-4.1379,-4.1337,-3.0077,-0.7768,-0.1156,-0.7429,-0.7940,-1.9950,-3.0118,-3.5420,-3.8034,-3.7473,-4.3157,-5.1311,-5.3849,-6.4604,-5.6003,-3.0862,-0.9421,0.1763,-0.4693,0.1581,1.2703,-2.3244,-1.4831,-1.1658,-8.4270,-0.2736,-1.2411,-2.4099,-0.9903,-1.4856,-3.1062,-3.1938,-0.5382,-0.2076,-0.0264,0.0606,-0.5554
2.3478,2.4572,2.2564,1.4544,0.8551,0.5569,0.3475,0.4621,0.1080,-0.0975,0.0882,0.1806,0.4677,0.7703,0.9793,0.9935,0.5060,0.1155,-0.1839,-0.8299,-0.5453,0.0317,0.0503,-0.2379,-0.4126,-0.4133,-0.3732,-0.4216,-0.4611,0.2707,-3.3980,-2.7259,-1.5118,-4.1599,-4.2670,-2.4902,-0.7174,-0.4088,-0.1535,-0.2331,-2.0416,-3.7978,-3.4936,-3.7737,-3.5127,-4.2549,-5.3973,-5.8695,-5.9837,-3.0485,-0.0250,-2.4878,-1.5763,-0.3573,-0.1150,0.8142,-2.7210,-0.6794,-2.0201,-3.7228,-0.8042,-1.4177,-1.8206,-1.8500,-4.1202,-3.4867,-3.3670,-0.9531,-0.2391,-0.0932,0.3282,-0.5602
1.5312,1.4923,1.1681,0.5644,0.2670,0.1263,0.0994,0.3422,0.1122,-0.3034,-0.1626,-0.0238,0.2381,0.4046,0.5643,0.5513,0.3686,0.3251,-0.0571,-0.6922,-0.5971,-0.0372,0.0408,-0.1172,-0.2626,-0.4385,-0.3994,-0.4373,-0.6066,-1.8766,-3.8281,-2.4089,-2.5450,-4.3341,-4.1338,-2.2202,-1.4022,-0.9081,-0.8483,-1.4453,-3.0467,-3.6675,-3.7527,-3.6294,-3.5316,-4.4978,-5.7052,-5.8075,-3.1612,-1.4083,-1.0749,-1.8911,-1.8318,-0.6700,-0.1466,0.0339,-2.9520,0.1303,-0.6847,-2.5368,-2.7519,-3.2555,-2.3227,-2.5539,-4.4332,-4.9526,-2.8843,-1.7805,-0.3914,-0.1063,0.5671,0.2627
0.6538,0.5187,0.2931,0.1158,0.0029,-0.0343,-0.1081,0.1979,0.1440,-0.3105,-0.4182,-0.2439,-0.0259,0.1037,0.1262,0.0223,0.1128,0.3741,-0.0349,-0.5190,-0.6446,-0.0764,0.0813,0.0410,-0.1260,-0.4143,-0.3409,-0.3737,-0.6080,-2.9877,-2.0982,-2.0617,-3.1098,-3.9623,-4.1701,-4.3849,-1.9949,-1.7825,-2.3462,-2.4169,-3.2142,-3.9812,-3.7732,-3.5584,-3.5265,-4.8948,-6.0613,-6.3698,-4.5792,-2.5245,-0.5490,-1.5106,-0.8087,-0.8210,-0.3506,-0.1674,-2.6177,-0.8232,-0.7796,-2.9579,-4.3137,-4.2068,-1.4039,-2.4630,-3.9148,-4.4010,-4.2454,-2.6273,-0.3400,-0.0439,0.7021,0.9485
0.2667,0.1153,0.0164,-0.0467,-0.1894,-0.2144,-0.2030,0.0800,0.1249,-0.1819,-0.5636,-0.3885,-0.2377,-0.0877,-0.2233,-0.4064,-0.2810,0.2390,0.0455,-0.3161,-0.4597,0.0267,0.1415,0.2079,-0.0504,-0.2621,-0.2469,-0.3259,-0.5784,-1.1465,-1.7801,-1.9509,-3.1968,-3.8207,-3.5656,-5.9428,-2.9176,-2.5052,-2.5137,-2.7385,-3.7259,-4.2521,-3.6361,-3.5430,-3.8154,-5.3222,-6.4002,-5.8322,-3.5574,-0.0995,-0.7547,-0.5270,-0.6626,-1.3848,-0.3371,-0.7324,-2.8141,-1.4745,-0.4952,-3.1277,-2.0609,-0.6036,-1.2435,-2.0589,-3.1445,-3.8056,-6.4531,-5.5435,-3.5685,-1.3700,0.1244,0.2705
0.1384,0.0720,0.0220,-0.0446,-0.2312,-0.3939,-0.2510,0.0295,0.0772,-0.0566,-0.4602,-0.4283,-0.3651,-0.2398,-0.5198,-0.7443,-0.6097,0.0450,0.1798,-0.0062,-0.1951,0.1630,0.2164,0.1731,-0.0433,-0.1376,-0.1664,-0.2184,-0.6153,-0.7452,-1.4019,-2.2298,-2.9999,-3.3818,-3.2493,-3.7051,-3.4881,-2.2394,-1.7747,-2.6880,-4.2727,-4.2793,-3.5514,-3.5578,-4.4252,-5.1988,-5.8293,-1.6262,-0.9776,-0.4880,-1.9499,-2.0025,-1.6014,-1.6396,-0.1316,-1.0813,-2.3965,-1.2865,-0.3868,-3.0657,-0.4951,-0.7745,-0.9918,-2.5710,-2.8806,-3.4256,-6.2545,-6.8900,-7.8790,-6.6264,-1.6255,0.2837
0.1200,0.1536,0.1742,0.1743,-0.0173,-0.1718,-0.0678,0.0626,0.0624,0.0104,-0.2174,-0.4745,-0.3966,-0.3064,-0.6848,-0.8998,-0.7496,-0.0207,0.2301,0.1699,0.1055,0.2212,0.2216,0.1585,-0.0820,-0.0955,-0.0945,-0.1329,-0.1779,-0.8413,-1.3099,-2.1768,-2.6654,-3.7513,-3.9230,-2.4602,-3.7975,-1.6534,-1.2371,-2.9194,-4.4158,-4.1682,-3.5784,-3.9608,-4.7228,-5.8237,-3.6056,-1.0035,0.2180,-1.5025,-3.5111,-1.8108,-1.5901,-1.4945,0.0457,-2.7571,-2.0102,0.0468,0.1316,-2.2859,-1.2192,-1.2600,-2.4011,-2.8196,-2.5533,-3.2192,-4.6679,-6.3088,-7.2269,-6.2694,0.0014,1.5917
0.2460,0.3455,0.3952,0.4166,0.1698,0.0702,0.1895,0.1799,0.1239,0.0968,0.0701,-0.5314,-0.4158,-0.2986,-0.6123,-0.7292,-0.6124,0.0334,0.3034,0.3525,0.2102,0.1063,0.1190,0.0989,-0.1638,-0.1921,-0.2165,-0.1069,-0.2852,-0.8603,-1.3930,-1.8619,-3.2171,-3.5185,-3.8969,-2.7284,-3.4943,-3.2878,-3.1751,-4.8049,-4.3792,-4.0351,-3.8749,-4.2971,-5.0341,-5.2642,-3.5243,-2.5553,-1.6540,-1.0645,-2.7302,-0.9813,-0.8548,-0.8875,-0.1020,-2.3050,-0.5949,1.0656,0.0250,-2.0167,-1.2560,-2.2202,-3.0083,-3.2073,-3.1823,-3.6004,-4.4844,-6.3196,-7.8967,-5.0457,0.9885,1.3896
0.2851,0.3722,0.4556,0.4970,0.2542,0.2495,0.3390,0.2864,0.1838,0.2397,0.2730,-0.5212,-0.3825,-0.2289,-0.4002,-0.4004,-0.3766,0.1200,0.3027,0.4238,0.0590,-0.0570,-0.0216,0.0155,-0.2913,-0.3628,-0.3291,-0.1596,-0.5044,-0.7910,-1.7776,-2.2491,-2.4188,-2.6350,-3.0626,-2.4723,-4.7399,-4.4033,-4.9754,-5.7663,-4.3380,-3.8435,-3.9579,-4.4810,-5.5177,-3.9953,-4.5285,-3.1164,-3.8716,-2.6318,-2.8977,-1.0208,-0.2690,-0.4398,-0.4007,-3.7000,0.2303,0.9402,0.0580,-2.1411,-1.1654,-1.7129,-2.8139,-3.5295,-4.2896,-4.7726,-5.4153,-6.3775,-7.5274,-4.9870,0.1559,0.8610
0.0544,0.2325,0.3530,0.3260,0.2793,0.3694,0.4337,0.3541,0.2500,0.3404,0.3023,-0.3990,-0.2711,-0.1159,-0.1698,-0.0638,-0.0236,0.1216,0.2739,0.3402,-0.1024,-0.1520,-0.1429,-0.1850,-0.4481,-0.4583,-0.4589,-0.3410,-0.8469,-1.3100,-3.0708,-3.4351,-3.3650,-3.5728,-4.1858,-3.9744,-4.9237,-5.0661,-5.5782,-5.3662,-4.3876,-3.9831,-4.3602,-4.8492,-4.1607,-3.2883,-1.1839,-3.1226,-3.9437,-2.6092,-2.4367,-1.4312,-0.6427,-0.7895,-0.2205,-2.5261,0.4246,0.9605,0.2124,-2.1737,-2.0331,-2.7979,-3.0303,-3.6807,-4.0733,-4.4881,-5.1952,-6.2791,-5.5995,-4.9077,-1.0029,-0.1309
-0.4571,-0.3422,-0.1402,-0.0755,0.1994,0.4165,0.4414,0.3574,0.2992,0.3457,0.2287,-0.1376,-0.0984,0.1082,0.1306,0.2340,0.2261,0.1331,0.2918,0.2445,-0.1448,-0.1799,-0.2131,-0.2841,-0.3984,-0.4317,-0.5381,-0.4878,-1.2084,-2.9193,-3.3693,-3.8270,-5.3814,-6.4277,-7.3114,-6.1217,-4.7143,-5.3468,-5.2224,-4.6738,-3.9582,-3.9378,-4.6700,-5.3081,-2.1047,-3.0406,-2.1239,-2.0850,-2.1211,-2.6540,-2.3940,-2.2833,-1.6882,-0.6973,0.1499,-2.2024,-0.2310,0.4528,0.3107,-2.6656,-2.6856,-3.4237,-3.2517,-3.8139,-4.2257,-4.7509,-4.9751,-3.5451,-4.3500,-4.6791,-2.6652,-4.8749
-1.0623,-1.0667,-0.9135,-0.6588,0.0200,0.3965,0.3634,0.3066,0.2918,0.2454,-0.0269,0.2417,0.3362,0.4116,0.3908,0.4299,0.3760,0.2115,0.3652,0.2116,-0.1668,-0.2122,-0.3074,-0.2973,-0.2895,-0.3525,-0.5068,-0.6668,-0.9189,-2.0764,-2.2356,-3.2706,-3.4116,-2.7638,-4.4758,-2.1644,-3.3141,-5.2477,-4.5246,-3.7886,-3.6340,-3.8042,-4.8445,-5.6983,-2.1170,-4.0938,-2.8134,-2.5447,-2.1339,-2.4839,-2.5321,-2.6802,-1.7699,-0.6306,0.2240,-2.3566,-1.8366,-0.2949,-0.4705,-2.0751,-3.3030,-3.7391,-2.4778,-2.9599,-4.8943,-4.6749,-5.3018,-5.2616,-5.5466,-5.6673,-5.9489,-5.8924
-1.1725,-1.3143,-1.2568,-0.9033,-0.0720,0.2335,0.1353,0.1670,0.1930,-0.0050,-0.1648,0.5328,0.9384,0.6936,0.5692,0.5335,0.4802,0.3706,0.4790,0.0623,-0.3009,-0.3116,-0.4465,-0.2753,-0.1624,-0.2274,-0.3916,-0.7722,0.1168,-2.0369,-2.0429,-3.0610,-3.5853,-3.5349,-2.6665,-1.9767,-4.9412,-4.9904,-3.9700,-3.4308,-3.2906,-3.8933,-4.8247,-5.9809,-3.7760,-3.4209,-2.4149,-2.9959,-2.4215,-2.3984,-2.9159,-2.7570,-1.3664,-0.0500,-0.3137,-2.3107,-2.4367,-2.3274,-1.4691,-1.8452,-2.5809,-2.0572,-1.6814,-2.3798,-4.6637,-4.4708,-4.5595,-4.8850,-4.4971,-4.9262,-3.1614,-2.9381
-0.7961,-0.8655,-0.7613,-0.4849,-0.0015,0.0036,-0.1078,-0.1183,0.0089,-0.3308,-0.1634,0.7024,1.1562,0.7535,0.5874,0.5938,0.6266,0.5402,0.4876,-0.1770,-0.4057,-0.4030,-0.5059,-0.3124,-0.1533,-0.1626,-0.3107,-0.6344,-0.5175,-1.7261,-2.0029,-2.4127,-2.5575,-3.3237,-1.9961,-3.7229,-7.7580,-4.6562,-3.6070,-2.7941,-3.0508,-3.7045,-5.6172,-5.1936,-4.3786,-3.3376,-2.3935,-2.9919,-3.4470,-2.3098,-2.7490,-1.3591,-0.1855,-1.7129,-1.9250,-0.9635,-1.4030,-2.1331,-1.6629,-2.0330,-2.3039,-1.4551,-1.3901,-2.4473,-5.0210,-4.4390,-4.6458,-3.7022,-2.4656,-2.9835,-3.9845,-2.9332
-0.3115,-0.2390,0.0075,0.0883,0.0951,-0.1819,-0.3396,-0.4392,-0.3509,-0.4381,-0.0079,0.7510,0.9492,0.7416,0.6678,0.8044,0.7529,0.6093,0.3725,-0.2869,-0.3815,-0.3782,-0.4587,-0.3498,-0.2151,-0.1996,-0.2836,-0.4407,-0.7258,-1.5550,-1.9149,-2.4410,-2.4391,-2.3281,-1.7600,-1.9884,-5.9805,-4.3132,-3.2803,-2.9084,-3.0046,-3.9479,-6.5958,-5.7183,-4.8033,-4.8723,-3.7253,-4.4292,-4.2950,-3.2147,-2.8024,-1.6126,0.5431,-1.4747,-0.8288,-0.1267,-0.9996,-1.2548,-0.7920,-2.2349,-1.9006,-0.7212,-0.9593,-2.3048,-3.4174,-4.1450,-3.7536,-2.3213,-2.1641,-2.8339,-4.7725,-3.5022
-0.0519,0.1168,0.3566,0.2676,0.0815,-0.2764,-0.4901,-0.5097,-0.4291,-0.3677,0.2697,0.6274,0.5388,0.6806,0.8117,1.0287,0.7465,0.4275,0.1963,-0.1738,-0.2341,-0.2141,-0.3660,-0.3148,-0.2904,-0.3129,-0.3556,-0.4743,-1.1600,-1.4187,-1.5447,-1.6959,-1.9845,-1.7192,-1.7523,-2.1402,-2.4042,-3.0332,-2.9613,-3.0093,-3.1261,-4.7617,-6.3613,-5.4730,-3.4816,-3.1266,-4.5069,-4.3925,-3.8830,-3.4740,-3.0194,-1.6270,-0.2606,-0.1837,-0.1914,-0.0704,-0.6898,-1.4649,-1.8453,-2.3240,-1.5206,-1.5398,-0.8699,-2.4323,-1.6961,-0.8649,-1.1457,-1.7404,-2.5623,-3.0372,-2.3272,-1.6421
0.0977,0.2385,0.3444,0.1902,-0.0260,-0.3223,-0.5507,-0.3930,-0.2894,-0.1620,0.3598,0.4028,0.1810,0.5376,0.8972,0.9683,0.4824,0.1211,-0.0483,-0.0193,-0.0458,-0.0598,-0.2266,-0.3587,-0.4329,-0.5328,-0.6190,-0.8044,-1.0321,-1.1282,-1.5289,-1.8977,-2.1715,-2.7281,-2.8057,-3.2104,-3.5140,-2.6121,-2.4297,-3.0942,-3.3770,-5.2658,-4.7558,-3.2475,-1.4339,-0.7095,-1.3353,-3.7613,-3.3587,-3.8323,-2.8094,-1.2083,-0.9796,-0.3496,-0.9058,-0.1272,-1.2543,-3.2840,-3.2626,-1.3653,-1.0484,-2.0927,-1.5983,-2.5495,-0.9528,-0.5279,-0.3647,-1.1737,-1.8085,-2.6450,-1.9371,-1.1706
0.2080,0.2777,0.2438,0.0313,-0.2062,-0.4079,-0.5647,-0.2888,-0.0920,0.0560,0.2852,0.2298,0.0592,0.3990,0.7546,0.6391,0.0924,-0.1394,-0.2178,-0.0032,0.0894,0.0061,-0.2598,-0.4864,-0.6005,-0.7000,-0.8797,-1.2013,-1.3692,-1.1837,-1.3538,-1.8546,-3.5815,-2.3553,-2.6398,-3.3001,-3.5489,-2.8905,-2.4953,-3.0719,-3.6905,-6.0637,-5.3187,-3.3747,-2.1507,-2.1656,-1.2764,-2.4475,-2.8352,-4.0107,-2.7991,-1.1344,-0.8365,-2.1534,-1.7706,-0.2157,-2.5074,-5.7157,-2.6017,-0.8452,-1.0473,-2.2802,-2.0951,-2.3581,-1.7272,-0.7818,-0.9814,-1.0658,-2.0838,-2.8058,-3.2911,-2.7323
0.2716,0.2969,0.1346,-0.1239,-0.3447,-0.4683,-0.4461,-0.2544,-0.0864,0.0616,0.2186,0.2409,0.1749,0.2669,0.5442,0.1625,-0.2722,-0.2370,-0.1440,-0.0139,0.0684,-0.0916,-0.4883,-0.6846,-0.6651,-0.7571,-0.7711,-0.8778,-0.9287,-1.0588,-0.9182,-1.1625,-2.4625,-2.3992,-2.3754,-2.8192,-3.2878,-3.1297,-2.8353,-2.9556,-4.1305,-5.3586,-4.1022,-2.4517,-0.9753,-1.1854,-1.2201,-1.0436,-1.7217,-4.1055,-2.8066,-1.0349,-0.4119,-2.0250,-1.7480,-0.4113,-3.4724,-4.6150,-0.8563,-0.7261,-1.6949,-3.4327,-2.3984,-0.9150,-1.5045,-0.8976,-0.8616,-0.8308,-1.6801,-1.7496,-3.7464,-4.7358
0.3257,0.3058,0.0846,-0.1403,-0.3504,-0.3902,-0.2648,-0.2356,-0.1838,0.0135,0.3301,0.4079,0.3756,0.3219,0.4088,-0.1086,-0.3224,-0.0273,-0.0395,0.0872,-0.0506,-0.1685,-0.7111,-0.6830,-0.6598,-0.5568,-0.3710,-0.8832,-0.8698,-1.3055,-1.5980,-1.6258,-1.8073,-1.6690,-1.5468,-1.7246,-2.0643,-2.5361,-2.6870,-2.7041,-3.8261,-5.3358,-3.8756,-2.5680,-0.6346,-0.4316,-0.4723,-0.0692,-1.0456,-3.1790,-2.1227,-0.6884,0.1048,-0.7084,-2.6587,-1.8243,-4.0058,-2.9915,-1.0635,-1.7622,-4.0587,-5.6771,-2.9605,-0.5919,-0.7295,-0.8506,-0.5650,-0.4923,-2.4612,-0.7020,-1.5693,-2.8535
0.3782,0.3433,0.1154,-0.0180,-0.1760,-0.1930,-0.0930,-0.1348,-0.1515,0.1022,0.5341,0.6335,0.5405,0.3539,0.3230,-0.0960,-0.0665,0.1912,0.0860,-0.0441,-0.1601,-0.2733,-0.6948,-0.5828,-0.5453,-0.1836,-0.2994,-0.2872,-1.0424,-1.7471,-1.8935,-1.4163,-1.8496,-2.1986,-2.4391,-2.2974,-2.2032,-2.3205,-2.5297,-2.6817,-3.9511,-5.4647,-4.6612,-2.4436,-0.4507,-0.1131,0.1280,0.4386,-0.4738,-1.9220,-0.4843,-1.2946,-0.9941,-2.3137,-3.6124,-2.7147,-2.3214,-3.2840,-3.3772,-4.0615,-4.6348,-4.9714,-3.4709,-1.2131,-0.6661,-0.5306,-0.3357,-0.1418,-1.0548,-1.8264,-1.1398,-1.6828
0.3767,0.3531,0.1972,0.1534,0.0316,0.0683,0.1518,0.0431,0.1390,0.4514,0.7695,0.7971,0.5123,0.2549,0.2537,0.2429,0.3834,0.2574,0.0175,-0.2449,-0.2544,-0.4091,-0.5437,-0.4351,-0.2769,-0.4605,-0.3009,-0.8199,-1.4039,-2.2911,-2.5696,-2.8003,-2.7118,-2.6677,-2.5788,-2.5656,-2.4667,-2.4281,-2.6241,-2.7679,-4.1218,-5.9821,-4.8399,-1.4950,-0.1427,0.3794,0.9095,0.7462,-0.1834,-0.3275,1.1831,1.1105,-0.9812,-3.5929,-3.9954,-2.3250,-2.1288,-4.5045,-4.6768,-3.4550,-2.5763,-1.5851,-1.9527,-1.2706,-0.5502,-0.8062,-1.0498,-0.4887,-0.0717,-1.0300,-2.9869,-1.2536
0.3310,0.3496,0.2809,0.2831,0.2864,0.2019,0.3407,0.3374,0.5700,0.8071,0.9556,0.7301,0.2973,-0.0504,0.3041,0.6828,0.7129,0.2125,-0.0833,-0.3565,-0.5268,-0.3754,-0.2877,-0.1816,-0.3052,-0.6584,-0.4552,-1.3856,-2.5662,-3.3050,-3.4070,-3.7507,-4.2637,-4.1439,-3.2983,-2.9263,-2.8836,-2.6386,-2.8596,-2.7718,-4.2118,-5.1901,-3.9839,-1.1982,-0.0907,0.1711,0.6993,0.9630,0.1713,-0.9076,2.1901,1.0622,0.7885,-2.1585,-2.5032,-2.1564,-2.8989,-4.4643,-4.2410,-2.6151,-2.6733,-1.2615,-1.9881,-1.3693,-0.0012,-0.5767,-1.6473,-1.8609,-0.2664,0.1565,-2.8626,-1.9371
0.3096,0.3995,0.3782,0.3782,0.4189,0.2767,0.4911,0.6868,1.0279,1.0448,0.8138,0.3903,-0.1289,-0.3317,0.5445,1.0289,0.7335,0.1225,-0.2468,-0.5212,-0.6897,-0.3227,-0.1710,-0.1720,-0.4127,-0.8220,-1.0485,-2.3136,-3.5196,-3.9984,-4.6145,-4.5269,-4.8525,-4.9460,-4.5169,-3.7931,-3.1697,-2.9449,-3.0892,-3.1441,-4.8408,-5.9512,-3.8856,-1.2559,-0.2505,0.0136,0.7744,0.8551,0.5318,-5.4468,-1.2607,0.3802,1.2741,-0.1732,-2.9408,-2.7920,-2.4635,-3.2431,-4.3266,-4.8025,-4.3357,-4.5367,-3.6025,-1.0962,-0.3042,-0.4913,-1.5820,-3.1061,-3.4375,-0.1474,0.4054,-0.2953
0.3873,0.5371,0.5536,0.4869,0.4216,0.3538,0.6334,1.0103,1.2699,0.8890,0.4825,-0.0794,-0.3868,-0.2396,0.7815,1.1400,0.5682,0.0409,-0.3606,-0.5475,-0.6233,-0.3107,-0.2777,-0.2085,-0.5708,-1.1480,-1.5143,-2.8995,-4.5232,-4.4794,-5.3482,-5.7048,-5.8186,-5.9025,-5.4484,-4.5798,-3.4992,-3.0896,-3.2018,-3.6410,-5.3854,-6.2367,-4.2762,-1.4214,-0.4245,0.2485,1.0134,1.1574,0.2223,-4.8689,-2.2405,0.7443,1.1760,0.2968,-2.3205,-2.0171,-2.7956,-3.5851,-4.8101,-5.6945,-5.2206,-7.1649,-3.5613,-0.3166,-0.2248,-0.6522,-1.5459,-2.0742,-4.4295,-1.9357,0.6822,-0.0296
0.5293,0.7378,0.7213,0.6201,0.4614,0.4644,0.8202,1.2283,0.9907,0.4467,-0.1299,-0.4120,-0.3571,0.0391,0.8095,1.1019,0.3302,-0.0574,-0.4039,-0.5064,-0.4156,-0.3482,-0.3267,-0.1739,-0.8138,-1.3926,-1.9260,-3.5450,-4.3156,-4.1900,-4.4103,-5.6397,-6.6624,-5.3910,-5.4090,-4.4119,-3.7170,-3.2909,-3.6085,-4.2375,-6.1001,-5.0769,-3.4262,-1.4109,-0.4308,0.2490,0.6336,1.0522,1.1514,-0.5212,-2.4097,0.2887,1.3056,0.3095,-1.5855,-2.7703,-4.2290,-5.5933,-5.7478,-5.6288,-3.4138,-2.4866,-2.5141,-0.3476,-0.1749,-0.8433,-1.5711,-1.5980,-2.7283,-2.1468,0.4318,0.4743
0.6781,0.8650,0.8455,0.7336,0.6297,0.5944,0.9562,0.9982,0.4246,-0.1526,-0.8199,-0.5920,-0.1781,0.1026,0.5664,0.8456,0.2158,-0.1696,-0.5449,-0.5194,-0.3556,-0.3129,-0.3192,-0.0434,-1.2032,-1.2683,-1.8327,-4.0299,-3.6837,-4.2844,-5.1991,-6.1543,-6.0167,-5.4189,-5.1733,-3.8819,-3.6166,-3.6587,-3.8137,-4.4585,-6.9793,-4.3874,-3.1230,-1.0321,-0.0297,-0.1523,0.1221,0.1878,-0.0727,-0.0689,-0.4979,-0.4650,-0.4382,-0.6683,-1.3473,-2.5946,-4.0424,-6.2583,-5.5486,-4.4547,-2.7275,-0.9764,-3.3934,-2.3888,-1.0942,-0.9347,-1.3524,-1.9079,-1.7288,-2.1363,-0.9239,0.3509
0.7790,0.8305,0.7577,0.7004,0.7314,0.7315,0.8993,0.6230,0.0866,-0.5105,-1.1893,-0.7089,-0.1307,-0.0611,0.2151,0.6241,0.1456,-0.2690,-0.6972,-0.5102,-0.2919,-0.2936,-0.2821,-0.1870,-1.1330,-0.9354,-1.8162,-3.6880,-4.7823,-5.1099,-5.2672,-6.1384,-5.8776,-4.9733,-4.1982,-3.8852,-3.6574,-3.8400,-3.9221,-5.2157,-6.2647,-2.9257,-2.0254,-0.7279,-0.3885,-0.3008,-0.1951,-0.4203,-0.3422,-0.2048,-0.7429,-1.3829,0.1794,0.6303,-0.4290,-2.5395,-3.2339,-4.7728,-5.1849,-4.3599,-5.2159,-3.8483,-4.4434,-5.7427,-2.7752,-1.7839,-1.2860,-1.6522,-2.4525,-2.3592,-2.4327,-1.9520
0.7536,0.6652,0.5560,0.5826,0.6782,0.7379,0.6953,0.4786,0.1167,-0.5315,-1.0934,-0.7617,-0.3870,-0.4529,0.0168,0.5531,0.0478,-0.5478,-0.8982,-0.4598,-0.2509,-0.3148,-0.2629,-0.3806,-0.6186,-0.8889,-1.7698,-2.8778,-5.0582,-5.3822,-5.1031,-5.9516,-4.3931,-4.6171,-4.1151,-3.9416,-3.7601,-4.1454,-4.1294,-5.4108,-2.9876,-3.2775,-1.5673,-0.4669,-0.2639,-0.1751,-0.0403,-0.3299,-0.5831,-0.3191,-2.7911,-6.3133,-1.9650,-0.7639,-1.9787,-2.7926,-2.1541,-2.7252,-5.2273,-5.5556,-5.9198,-6.0044,-5.0323,-3.9391,-4.7321,-4.2481,-2.3696,-2.6247,-2.7856,-2.7062,-3.2959,-4.2393
0.5670,0.4783,0.4215,0.4883,0.5730,0.6288,0.5014,0.4401,0.2764,-0.2983,-0.7123,-0.6891,-0.5121,-0.6662,-0.0369,0.5363,-0.1857,-1.1999,-1.1359,-0.4576,-0.2229,-0.3386,-0.2783,-0.6149,-0.3138,-1.0428,-1.6865,-3.2147,-3.7797,-5.2896,-4.6117,-4.9696,-4.3066,-4.3361,-4.1478,-3.9913,-3.6165,-4.2092,-4.5817,-4.7840,-3.0401,-2.9138,-1.4012,-0.3175,-0.0279,-0.1446,0.0559,0.0629,-0.0431,-1.4874,-3.4851,-7.1218,-2.6582,-0.8814,-0.9309,-1.5414,-1.6398,-2.0064,-3.1225,-6.2633,-6.3994,-6.9949,-5.9056,-3.3173,-3.6720,-4.9309,-3.2975,-2.6931,-3.1448,-3.3556,-3.7057,-3.5047
0.4204,0.3594,0.4080,0.4909,0.5313,0.5155,0.4219,0.4243,0.2283,-0.3391,-0.7071,-0.6833,-0.6693,-0.7666,0.1420,0.5010,-0.6094,-1.8149,-1.4569,-0.4568,-0.1807,-0.3069,-0.3911,-0.4398,-0.2119,-0.8353,-1.1924,-3.1606,-3.6893,-2.8000,-4.1641,-4.7983,-4.7365,-4.6260,-4.3801,-4.7107,-4.1440,-4.2327,-4.5825,-3.2682,-3.1582,-2.5457,-1.1162,-0.2127,-0.0328,-0.0815,-0.0418,-0.5614,-0.1798,-1.5850,-1.9900,-3.7845,-3.2339,-1.0212,-2.4062,-2.7966,-2.0567,-1.8049,-2.2712,-3.3997,-6.2401,-8.1504,-8.1546,-6.4319,-4.1901,-4.2302,-6.0145,-4.1826,-2.3238,-1.9165,-2.2933,-2.6975
0.4115,0.3807,0.4371,0.4827,0.5123,0.4136,0.3917,0.4082,0.1414,-0.3211,-0.7240,-0.7503,-0.9329,-0.7384,0.4413,0.4030,-1.1687,-2.3844,-1.6013,-0.3899,-0.1037,-0.2231,-0.4902,-0.3903,-0.4328,-0.0725,-0.6584,-2.5688,-1.9713,-2.0899,-3.6373,-4.6326,-4.9903,-5.2327,-4.7367,-5.1208,-4.7222,-4.3072,-4.9383,-3.1800,-1.8862,-1.5860,-1.6185,-0.7694,-0.1319,0.4508,-2.0398,-5.7851,-3.1796,-1.5813,-1.6779,-1.7869,-2.5738,-2.3849,-4.0603,-3.0458,-1.5297,-2.0690,-2.7251,-1.9763,-2.7425,-5.7180,-4.2819,-3.3617,-5.0012,-5.1197,-3.8125,-2.5592,-1.9705,-1.8366,-2.6784,-2.8179
0.4504,0.4324,0.4629,0.4710,0.4330,0.3437,0.3731,0.3427,0.0582,-0.2697,-0.6979,-0.8351,-1.1786,-0.6303,0.6856,0.2024,-1.9484,-2.6900,-1.4539,-0.3493,0.0489,0.0359,-0.1920,-0.4383,-0.4646,-0.4720,-1.1740,-2.3636,-0.9654,-0.9050,-2.3260,-3.7370,-5.1292,-5.3340,-5.1591,-5.2044,-4.7787,-4.4208,-4.9831,-3.4384,-1.0227,-1.1517,-1.1469,-0.1177,0.2005,-0.8124,-3.3579,-1.2765,-0.4901,-0.6228,-1.2476,-1.0608,0.1611,-2.4103,-3.1801,-2.3790,-1.2822,-1.7374,-3.4444,-2.7629,-0.7428,-2.8862,-2.5890,-0.7007,-2.4952,-6.0591,-2.5052,-1.4626,-1.6092,-1.8280,-4.2097,-5.0678
0.4704,0.4563,0.4553,0.4475,0.3636,0.2958,0.3043,0.2708,0.0230,-0.2316,-0.5901,-0.8643,-1.2987,-0.4141,0.7267,-0.1260,-2.6938,-2.5359,-1.1192,-0.3665,0.1609,0.2562,-0.0448,-0.5945,-0.8649,-0.9641,-1.7400,-2.5408,-0.1673,0.5545,-0.6200,-3.2998,-4.8073,-5.5674,-5.7468,-5.1226,-4.5974,-5.0022,-5.5489,-2.9243,-1.7029,-0.7102,-0.6951,-0.8378,-1.6145,-1.5266,0.3637,1.0132,0.8727,-0.2353,-1.2633,-0.6999,-0.3232,-3.2639,-2.9253,-3.3929,-2.6126,-2.5035,-4.5341,-3.4358,-1.3237,-1.7808,-2.7270,-1.1321,-2.0055,-4.0253,-2.5429,-1.6114,-2.1559,-2.2695,-2.5057,-3.1537
0.4420,0.4225,0.4333,0.4241,0.3162,0.2813,0.2533,0.2378,-0.0104,-0.0800,-0.2797,-0.8458,-1.2777,-0.1873,0.5425,-0.4983,-2.7949,-2.1471,-0.8460,-0.4132,0.2051,0.4283,0.3116,-0.7261,-1.1421,-1.6434,-1.7468,-2.4000,0.2124,0.9311,1.1145,-2.8788,-4.3142,-5.8717,-5.7445,-5.0842,-5.6662,-5.5810,-5.0106,-1.9071,-1.0873,-0.7305,-1.4197,-5.0155,-2.3534,0.4660,1.0171,0.9556,0.4680,-1.8026,-2.8471,-2.4898,-2.9990,-2.8923,-3.0780,-3.8787,-3.1847,-2.6579,-3.7879,-3.7013,-2.0006,-1.1961,-2.7752,-2.2720,-2.4083,-3.1587,-3.0908,-3.6504,-2.9081,-2.6938,-2.2488,-2.5435
0.4015,0.3941,0.4050,0.4038,0.2861,0.3035,0.2334,0.1986,-0.0482,-0.0188,-0.0016,-0.7415,-1.1548,-0.0434,0.3228,-0.7988,-2.2533,-1.5762,-0.6147,-0.4673,0.1570,0.5140,0.3022,-0.7687,-1.7616,-1.9077,-1.9682,-1.9991,-0.1643,1.0293,1.7775,-2.5757,-3.9395,-5.9435,-5.8236,-5.6943,-6.0901,-6.0234,-3.6021,-1.1605,-0.8914,-3.0606,-7.0539,-6.5272,-1.3070,-0.0333,0.3267,0.2559,-1.4163,-4.3129,-3.6286,-3.1026,-3.9062,-3.8700,-3.1004,-2.6429,-1.8904,-2.0186,-2.1601,-1.3853,-0.7777,-1.2259,-2.7812,-4.1477,-4.6210,-4.1751,-3.8186,-4.3268,-3.1589,-2.0740,-2.1908,-3.9881
0.3283,0.3503,0.3897,0.3877,0.2892,0.3040,0.2634,0.1836,-0.0658,-0.0639,0.1067,-0.6454,-0.9951,0.0606,0.1431,-0.6807,-1.3480,-1.0164,-0.4785,-0.4779,-0.0193,0.4874,0.3772,-0.8152,-1.3387,-1.7696,-2.3602,-1.9756,-1.1469,0.7968,1.6907,-1.9617,-3.2254,-5.5305,-6.5469,-6.1405,-6.4275,-5.8610,-2.7372,-0.2388,-0.6794,-1.8152,-6.1137,-3.7280,-2.3849,-0.8293,-0.1720,0.2445,-6.4137,-3.9793,-1.7667,0.0319,-1.6643,-3.0026,-1.9537,-1.6441,-1.4577,-1.2596,-1.1355,-0.8750,-1.2400,-1.4440,-2.2392,-4.3201,-5.4631,-5.1549,-4.8497,-3.9023,-2.7771,-1.7716,-3.1895,-7.4929
0.2871,0.3330,0.3807,0.3783,0.3208,0.3068,0.2793,0.1647,-0.0253,-0.1608,0.0383,-0.4287,-0.5990,0.1451,0.0195,-0.2577,-0.5592,-0.4409,-0.5042,-0.4644,-0.2031,0.4198,0.4058,-0.5766,-1.1501,-1.7680,-2.1175,-2.0146,-0.9065,-1.9462,0.2259,-1.3651,-2.4975,-4.1255,-5.9244,-6.3154,-6.8329,-6.7106,-2.2728,0.3629,0.2861,-0.1916,-5.6568,-3.6128,-1.3831,-0.2802,0.3513,-1.3319,-7.8189,-4.3953,-1.3980,-0.5811,-1.8631,-4.4352,-3.8861,-4.1484,-3.8755,-2.7137,-1.3108,-1.8864,-2.8527,-2.8953,-3.4036,-3.9086,-5.1282,-5.3106,-5.2359,-4.1337,-3.0594,-2.3992,-3.1775,-6.8383
0.2796,0.3278,0.3777,0.3819,0.3412,0.3148,0.2475,0.1499,0.0396,-0.2534,0.0057,0.0664,-0.1545,0.2210,-0.0560,0.3350,0.4521,0.0362,-0.5602,-0.4336,-0.3253,0.3695,0.2634,-0.6954,-1.0199,-1.0751,-1.6104,-2.4390,0.6589,0.4993,0.8886,0.3141,-2.0985,-2.9116,-5.3160,-6.2804,-7.0156,-6.6768,-2.0822,0.2281,0.3809,-1.2701,-2.6773,-1.9408,-1.0774,0.2897,-0.0580,-2.1020,-3.0756,-2.7595,-1.5769,-1.1090,-0.9644,-2.0990,-3.3433,-4.0165,-4.6329,-4.4172,-3.8607,-4.1519,-5.3883,-5.2869,-5.3661,-5.6078,-5.4573,-4.5998,-4.6310,-3.8329,-3.2133,-3.5477,-3.6805,-4.2492
0.2926,0.3487,0.3761,0.3793,0.3592,0.3042,0.2054,0.1298,0.0858,-0.2542,0.1720,0.5890,0.3516,0.2281,-0.1088,0.8184,1.5669,0.4834,-0.5740,-0.4196,-0.3184,0.2788,0.0007,-1.1321,-1.0210,-1.2424,-1.4677,-2.5783,-0.2131,0.8314,0.4410,0.4568,-1.7045,-2.5309,-3.8570,-6.0853,-6.8481,-6.3956,-1.2723,0.6245,0.0524,0.5181,1.4147,1.3291,0.4271,0.3512,0.5581,-0.2985,-1.7341,-1.5779,-0.8355,-0.5368,-0.9450,-0.8003,-0.3136,-0.6417,-1.8093,-4.4026,-7.3980,-6.9285,-4.4917,-4.9812,-5.6414,-5.9399,-5.6802,-5.2952,-5.0288,-4.5615,-4.1534,-5.6723,-5.0718,-3.8777
0.3334,0.3684,0.3715,0.3689,0.3517,0.2760,0.1570,0.1175,0.0835,-0.2384,0.3124,0.8525,0.7115,0.1566,-0.1474,0.8333,2.3437,0.7058,-0.6408,-0.3932,-0.2776,0.0766,-0.3102,-1.1347,-1.2150,-1.1685,-1.5746,-3.1809,-2.8567,0.8060,2.0007,0.9175,-1.6695,-1.8201,-3.1432,-5.5013,-5.8326,-5.5839,-1.0455,0.4657,0.2850,0.7054,0.9919,1.2882,0.8858,0.5133,0.1994,-1.0966,-1.6535,-1.8058,-1.6017,-1.4846,-1.1927,-2.0109,-2.3544,-1.9157,-2.9202,-4.6226,-5.9465,-6.9474,-4.8779,-3.3798,-4.3041,-5.7790,-5.9499,-4.8851,-4.2150,-4.2794,-4.2877,-5.1534,-4.9262,-5.0390
0.3848,0.3759,0.3578,0.3575,0.3333,0.2270,0.1176,0.1206,0.0429,-0.1685,0.2815,0.7143,0.5501,0.0454,-0.1966,0.4263,2.3741,0.4915,-0.7475,-0.3836,-0.2224,-0.1581,-0.2924,-0.8522,-1.2984,-1.1942,-1.4216,-2.2623,-4.3353,-3.9643,-1.1277,-0.9821,-2.2181,-2.5533,-3.1957,-5.8068,-6.0432,-5.6170,-1.0355,-0.1561,0.3230,0.6190,0.0682,-0.1353,0.1895,-0.1062,-0.9161,-1.1893,-1.4161,-1.9221,-2.0884,-1.6459,-1.2739,-4.2151,-5.6494,-3.4023,-2.9438,-3.2002,-4.2641,-4.6883,-4.6516,-3.3482,-2.9923,-4.4460,-4.4895,-4.3053,-3.7081,-3.6009,-3.9344,-4.0837,-5.1258,-6.9540
0.3663,0.3585,0.3440,0.3374,0.3076,0.1574,0.1088,0.1460,0.0335,-0.0531,0.1486,0.3841,0.2292,0.0487,-0.3400,0.0887,1.8501,-0.0340,-0.7890,-0.3914,-0.2346,-0.2026,0.0913,-0.4748,-1.0630,-1.2218,-1.1595,-2.4405,-3.3155,-2.0696,-2.6729,-2.2474,-1.4061,-1.8801,-4.3125,-6.2112,-6.3319,-5.7233,-1.0260,0.2072,0.4358,0.0844,-0.6989,-0.3905,-0.1088,-0.7004,-0.4132,-0.7540,-2.2986,-2.1431,-1.7975,-0.5502,-0.9718,-5.5437,-6.3323,-4.7147,-4.6299,-5.5827,-7.2228,-4.4551,-2.1163,-4.7437,-3.7999,-2.2097,-3.4753,-4.6212,-4.3938,-3.9366,-3.4463,-3.0565,-4.2138,-6.0498
0.3390,0.3378,0.3061,0.3020,0.2887,0.1282,0.1144,0.1439,0.0076,0.1066,0.0457,0.1151,0.0795,0.0807,-0.5301,-0.1248,1.3332,-0.5907,-0.7612,-0.3830,-0.2672,-0.2010,0.2844,-0.0681,-0.8603,-1.5092,-1.0463,-1.4290,-0.8502,-1.2081,-1.7484,-1.7842,-2.6658,-2.6799,-4.5993,-4.6805,-4.8168,-4.5371,-0.9624,0.3302,0.3164,-0.1184,-0.7052,-0.8426,-0.8775,-1.5819,-0.8479,-0.7749,-1.9533,-2.2580,-1.7325,-0.8367,-0.4837,-3.4668,-5.0213,-5.3841,-6.5033,-6.5394,-6.1502,-4.7840,-1.8849,-3.6281,-4.3245,-2.9171,-4.4456,-4.8786,-4.3423,-5.1807,-3.3761,-2.5424,-2.4235,-3.0151
0.3177,0.3012,0.2345,0.2510,0.2375,0.1511,0.1302,0.1328,0.0106,0.1186,0.0329,0.0157,0.0244,0.0687,-0.7701,-0.4646,0.7216,-1.0193,-0.7380,-0.3815,-0.2870,-0.2160,0.4653,-0.0307,-0.4848,-1.5785,-0.1963,-1.3598,-0.3397,-0.7594,-1.3495,-1.5262,-2.7881,-4.6213,-3.3979,-1.1083,-2.3442,-0.6815,0.4457,1.4696,0.9717,-1.9510,-7.5239,-2.5078,-1.3903,-1.6132,-1.4336,-1.5059,-1.4802,-2.3450,-3.8326,-1.6336,-1.4587,-3.9777,-5.5537,-5.8047,-6.2862,-6.6022,-6.0795,-5.0093,-3.2093,-1.4120,-2.1457,-2.6021,-3.7916,-5.2941,-3.0087,-5.5075,-5.1620,-2.2515,-0.9778,-1.5286
0.2873,0.1886,0.1270,0.1893,0.2527,0.1869,0.1678,0.1608,0.0160,0.1113,0.0742,-0.0330,0.0185,-0.0035,-1.0486,-0.7246,0.0980,-1.2943,-0.7286,-0.4146,-0.3339,-0.0756,0.3580,0.1526,-0.2839,-1.5055,0.0001,-0.3361,-0.0048,-0.8522,-0.9770,-1.3909,-1.4084,-1.4584,0.5707,-0.3285,-2.7246,1.2621,2.1123,1.3268,0.2686,-4.0002,-7.1515,-2.1471,-2.6115,-2.7378,-2.5595,-1.3620,-1.7172,-2.6933,-4.1848,-2.3154,-2.7378,-5.1242,-6.6214,-6.1004,-5.7405,-6.1054,-5.6800,-4.5848,-3.1463,-2.8342,-1.4552,-0.3419,-3.0691,-3.8751,-2.7022,-2.4719,-5.8069,-3.9317,-1.5173,-1.3113
0.2399,0.0453,0.0272,0.1434,0.2392,0.2378,0.2106,0.2083,-0.0041,0.1143,0.0231,-0.0751,0.0631,-0.1417,-0.9679,-0.7425,-0.1536,-1.4668,-0.8009,-0.5039,-0.3200,-0.2034,0.0919,-0.2083,-0.1094,-1.4810,-0.9345,-0.5445,-0.2438,-0.7462,-0.8323,0.1809,1.1977,1.4888,0.7247,-0.5461,1.7632,2.5858,3.4876,2.9242,1.9479,0.1058,-7.4607,-2.2979,-2.2416,-3.2744,-2.7591,-1.1050,-2.5349,-5.0557,-4.6922,-4.1363,-5.0747,-6.0322,-6.1170,-6.0306,-6.0469,-6.1870,-5.5647,-4.3279,-3.6062,-2.8864,-1.9156,-2.2628,-3.2192,-3.3372,-1.8717,-0.7092,-2.7760,-5.5980,-2.6288,-1.0557
0.1834,-0.0585,-0.0304,0.1024,0.2413,0.2804,0.2420,0.2711,-0.0174,0.0969,-0.0271,-0.0901,0.1483,-0.3380,-0.7453,-0.5363,-0.2273,-1.7203,-1.0154,-0.6528,-0.3592,-0.2401,-0.2752,-0.5520,0.0812,-1.2735,-1.1100,-0.8566,-0.4947,-0.5473,-0.9258,1.2859,0.4281,-0.2902,0.0320,-1.2954,0.9400,0.2226,-0.0179,2.6737,1.6640,-0.6451,-9.2820,-5.9127,-2.8183,-3.9932,-2.9266,-3.3583,-5.8949,-5.4727,-2.2840,-5.6872,-6.9809,-5.9782,-4.9492,-5.1327,-5.2609,-5.3451,-5.6545,-4.5022,-2.9907,-3.2690,-5.0982,-5.2308,-5.3991,-3.8422,-0.3655,-1.9625,-3.5040,-7.0186,-2.4415,-1.4883
0.1367,0.0132,0.0066,0.0755,0.2694,0.2986,0.2549,0.3114,0.0331,0.0115,0.0685,0.0087,0.1853,-0.5494,-0.5760,-0.3696,-0.3557,-2.3870,-1.2965,-0.8301,-0.3803,-0.2594,-0.2676,-0.2247,0.0599,-0.6304,-1.2363,-1.0220,-0.5160,-0.5614,-1.3751,-1.3677,1.5376,-0.4847,-0.9018,-1.1743,-0.2938,-0.4505,0.4107,1.3372,-0.8829,-3.3862,-8.0610,-8.8525,-8.9418,-7.2839,-7.9672,-8.9391,-8.3756,-4.0262,-0.8662,-4.8877,-6.1947,-6.3226,-5.0852,-4.7730,-5.4705,-5.6167,-5.4357,-4.8679,-3.1125,-3.0993,-5.9047,-6.7092,-5.7358,-2.2919,-0.1675,-1.7688,-2.8415,-4.7614,-2.0218,-1.6414
0.1326,0.1791,0.1204,0.1053,0.2682,0.3352,0.2786,0.3137,0.1285,-0.0190,0.0954,0.0823,0.1439,-0.4683,-0.5147,-0.3599,-0.6404,-2.9125,-1.4963,-0.9033,-0.3933,-0.2745,-0.2369,-0.0866,-0.0154,-0.2191,-0.7424,-0.9428,-0.2684,-0.3795,-1.6055,-1.5658,0.8936,1.7010,-0.6424,-1.1006,-0.3190,-0.7740,1.0232,1.0056,-0.2705,-2.6734,-1.7934,-2.0498,-7.7576,-8.8295,-8.7053,-8.5238,-7.4644,-5.0570,-1.6646,-3.5037,-5.9769,-6.3476,-5.3054,-5.1231,-4.8723,-4.7367,-4.6310,-4.8363,-3.3627,-1.6862,-3.2804,-3.4872,-6.4868,-5.2417,-0.8849,-1.6282,-1.6106,-3.9976,-3.8985,-2.9352
0.1659,0.3248,0.2364,0.1295,0.2743,0.3290,0.2671,0.2804,0.2084,-0.0056,0.0891,0.2100,0.0053,-0.5205,-0.4886,-0.1849,-0.8956,-2.5354,-1.2489,-0.7516,-0.3242,-0.2031,-0.1377,0.0787,-0.0195,0.0419,-0.4783,-0.9891,-0.7560,-0.7335,-0.4795,-1.1325,-0.3285,0.9560,-1.5730,-1.0406,-0.5214,-2.7476,-0.7085,0.3413,0.0177,-1.5195,-1.1562,-1.4138,-4.9193,-5.6536,-5.1081,-5.9905,-5.9579,-4.7546,-3.4082,-1.8113,-3.6463,-5.7295,-5.6161,-5.0298,-3.5704,-4.1827,-5.1806,-5.4116,-3.6214,-1.9261,-2.5203,-3.4557,-5.5240,-5.5110,-3.4218,-2.5518,-3.0571,-3.9529,-5.2271,-4.4905
0.1953,0.4014,0.3021,0.1712,0.2528,0.2798,0.2356,0.2185,0.2158,0.0522,0.0798,0.2973,-0.0636,-0.5273,-0.3308,0.0552,-0.9961,-1.6774,-0.7371,-0.5004,-0.1902,-0.0830,-0.0555,0.3832,0.0134,-0.0896,-0.1348,-0.9610,-1.2222,-0.9592,-0.7010,-0.5181,1.9266,-0.0518,-2.1901,-2.1099,-1.1363,-2.3929,-3.8525,-1.3291,-1.8165,-4.0873,-4.1803,-3.4637,-3.8559,-3.5009,-3.5935,-4.2667,-4.2948,-3.8781,-3.0060,-2.1552,-1.7121,-3.9336,-3.5241,-3.5868,-4.2300,-5.4563,-5.7473,-5.3401,-3.4532,-4.6116,-6.1445,-6.3900,-5.3768,-6.2722,-5.9571,-3.3846,-2.8692,-3.8901,-3.7896,-3.7425
0.2024,0.4172,0.3562,0.2465,0.2376,0.2533,0.2243,0.2138,0.2239,0.1298,0.1329,0.2988,-0.0934,-0.4276,-0.0732,0.3868,-1.0458,-0.8007,-0.2689,-0.2019,-0.0171,0.0023,0.2152,0.6821,0.0330,-0.2035,-0.1502,-1.4237,-0.6407,-0.2502,-0.5678,-0.2020,2.1853,0.4035,-1.4532,-2.7335,-2.3904,-2.5652,-3.3848,-1.7145,-2.5922,-4.2921,-4.4419,-3.7126,-2.9007,-3.7536,-3.3042,-3.4219,-2.9223,-1.8025,-2.3809,-4.0100,-1.8104,-3.3843,-2.8690,-4.3142,-7.5685,-6.7002,-4.2940,-3.6064,-3.7114,-5.0082,-6.5555,-6.1183,-3.5385,-3.8378,-4.5138,-3.9169,-3.6866,-3.5237,-3.5197,-3.5928
0.1875,0.4088,0.3513,0.2462,0.2429,0.2443,0.2330,0.2442,0.2199,0.2020,0.1908,0.2438,-0.0628,-0.1976,0.1121,0.5621,-1.2262,-0.3109,-0.0919,0.0520,0.2107,0.0789,0.5873,0.7106,0.0294,-0.4641,-0.2494,-1.6471,0.1535,1.4072,-0.0370,0.3316,1.5175,0.3696,-1.3969,-1.6065,-3.0359,-2.7779,-2.7228,-0.9148,-1.5336,-4.0181,-4.6824,-4.9133,-4.3828,-4.4888,-3.0636,-3.4963,-1.6841,-1.5469,-3.0455,-3.8654,-2.9175,-1.1998,-1.9141,-2.6552,-5.6266,-4.3660,-0.7450,-2.0194,-3.7373,-4.9561,-6.2097,-4.3209,-3.8119,-3.9333,-2.2004,-2.5918,-2.9699,-3.6522,-3.9213,-4.1798
0.1857,0.3666,0.2945,0.2176,0.2524,0.2623,0.2639,0.2747,0.2569,0.1973,0.2502,0.1824,-0.0440,-0.0199,0.2154,0.4898,-1.7373,-0.2168,-0.0783,0.0506,0.2646,0.2198,0.9269,0.6006,-0.0151,-0.4654,0.0136,-1.0651,-0.4781,1.6026,0.1867,-1.4432,-0.4751,-0.8814,-1.7399,-1.1330,-1.8759,-2.3496,-2.8015,-0.9169,-1.8035,-4.5907,-4.7632,-4.9953,-4.8133,-4.4846,-3.6707,-3.5073,-0.9763,-1.6849,-2.4789,-2.7440,-2.1704,-1.5595,-1.7534,-2.8521,-4.4357,-3.3643,0.0937,-2.2100,-4.3201,-5.1387,-6.1215,-4.2375,-3.8394,-2.2787,-1.2104,-1.0668,-1.8968,-1.5652,-2.5617,-3.3813
0.2082,0.3479,0.2468,0.1972,0.2401,0.2593,0.2704,0.2836,0.2770,0.1776,0.3198,0.1239,-0.1116,0.1309,0.3887,0.2883,-2.2586,-0.1284,-0.0377,-0.0133,0.1155,0.3972,1.1718,0.3849,-0.0621,-0.4621,-0.2384,-0.8931,-1.2390,0.6505,0.8058,-0.4018,-2.4554,-2.0005,-1.1178,0.1916,-0.3989,-1.6343,-2.3386,-2.4298,-2.7120,-2.8166,-4.3085,-5.5692,-5.5344,-4.7631,-3.8346,-3.2726,-2.2139,-1.9895,-1.2483,-1.3255,-1.7956,-3.4513,-3.7242,-4.0810,-3.7589,-4.2339,-3.1724,-4.2925,-4.6451,-4.9015,-6.5556,-5.6511,-3.6024,-1.5901,-3.0646,-1.2022,-2.7924,-2.8538,-2.2227,-3.1592
0.2488,0.3071,0.1659,0.1436,0.1907,0.2500,0.2653,0.2851,0.2729,0.1920,0.4246,0.0549,-0.1460,0.2141,0.7849,-0.2448,-1.9395,-0.0563,0.2103,-0.0512,-0.0303,0.7190,1.0496,0.2239,-0.4851,-0.4036,-1.0240,-0.6994,-1.5956,-0.3962,0.4596,1.3946,-0.1615,-0.6781,-0.7474,-0.2486,0.4051,-1.5079,-1.9680,-0.6580,-1.3713,-1.8696,-3.9885,-5.1778,-4.5078,-4.0406,-3.3013,-2.6203,-2.8453,-3.6097,-0.5687,-1.3998,-2.8838,-2.6922,-3.6635,-3.9125,-3.9126,-3.5107,-4.7885,-5.4449,-5.3588,-4.7037,-6.2256,-5.1236,-2.4477,-1.6633,-2.7566,-1.5208,-2.5241,-3.4459,-1.8469,-2.2383
0.2793,0.2658,0.1180,0.1377,0.1941,0.2520,0.2519,0.2835,0.2857,0.2228,0.4181,0.0813,0.0276,0.2394,1.0839,-0.9542,-0.9573,-0.0360,0.5296,-0.0700,0.0877,1.1518,0.6156,0.0372,-0.7525,-0.2214,-0.7457,-1.7213,-1.4570,-1.5689,-1.1945,-0.9658,1.0015,0.0119,-1.5432,-1.5470,-1.8586,-4.0487,-3.4857,-0.0786,-0.2753,-1.2507,-3.2946,-3.0147,-2.7610,-2.7290,-2.8265,-2.4077,-3.5241,-3.1581,0.4309,-1.5603,-2.1623,-2.6378,-3.0262,-4.0882,-4.4860,-3.8485,-3.7428,-4.8544,-4.7642,-3.1336,-2.7876,-2.8282,-2.3900,-1.8137,-2.1160,-1.9744,-1.6078,-1.2059,-1.0929,-2.2632
0.2461,0.2793,0.1773,0.1937,0.2256,0.2589,0.2623,0.3056,0.3125,0.2153,0.3553,0.1633,0.1589,0.2831,0.9429,-1.3361,-0.2114,0.0352,0.5176,-0.1587,0.6182,1.2313,0.2479,-0.7076,-0.4745,0.0300,-0.5622,-2.7344,-1.9708,-0.9561,-3.4265,-1.8968,-0.6476,-0.3914,-2.1573,-3.7672,-4.2748,-4.9673,-3.9874,-2.8049,0.7059,-0.5640,-2.3131,-1.7807,-2.7535,-2.8104,-2.2201,-2.5586,-2.6328,-0.5971,-0.1296,-1.3670,-1.1781,-2.9198,-1.9185,-3.5009,-4.9483,-4.1450,-3.7296,-3.8842,-3.1560,-2.7260,-2.4332,-1.9348,-2.0614,-3.4358,-2.4571,-1.7332,-1.4369,-1.0707,-0.9426,-1.3648
0.2201,0.3433,0.3174,0.2869,0.2674,0.3032,0.3051,0.3393,0.3426,0.2189,0.3091,0.2107,0.2488,0.4032,0.7134,-1.1671,0.1353,0.0967,0.6465,-0.0376,1.2191,0.7609,-0.2114,-1.0045,-0.1545,0.1313,-0.8033,-2.8341,-2.5080,0.8707,-1.7503,-3.7855,-2.0861,-1.7779,-2.7370,-4.3913,-4.7634,-5.2293,-4.5405,-2.8607,0.4631,0.6842,-0.6040,-3.4741,-3.9597,-2.6238,-1.7857,-1.9760,-1.3758,-0.1834,-1.0098,-1.1416,-2.4309,-3.4644,-1.7217,-2.5350,-4.5816,-4.1908,-3.9006,-4.2171,-4.0072,-3.7275,-3.3478,-3.5949,-3.5720,-4.0125,-4.6808,-4.3856,-4.2221,-3.8227,-1.9313,-1.2930
0.2065,0.3613,0.4256,0.3853,0.3538,0.3571,0.3565,0.3984,0.3810,0.2727,0.2949,0.2995,0.4258,0.6010,0.4787,-1.0760,0.2730,0.1411,0.6267,0.6687,1.3684,0.2241,-0.8941,-0.9748,0.0410,0.2213,-0.7035,-1.4071,-2.4146,-1.5380,-1.3133,-1.3104,-2.0306,-2.1302,-2.8243,-4.1533,-4.2287,-5.2726,-4.8312,-2.7410,-1.0410,1.7109,-1.3952,-2.4452,-2.5117,-3.2466,-1.5515,-0.4022,-0.3652,-0.7047,-0.7001,-0.3784,-2.9904,-3.1325,-1.6034,-2.2614,-3.5415,-4.4550,-3.6954,-3.8904,-4.2925,-4.4484,-4.5734,-4.3722,-4.7481,-4.5966,-4.7587,-4.4913,-4.6589,-5.0371,-3.2281,-1.8866
0.1901,0.2776,0.3853,0.3702,0.3537,0.3653,0.3421,0.4091,0.4186,0.3437,0.3991,0.3840,0.4904,0.8097,0.0974,-0.7900,0.2605,0.1016,0.4132,1.1833,0.7374,-0.5987,-1.3885,-0.4902,0.1036,0.2490,-0.2820,-1.1091,-1.4354,-2.6235,-2.3139,-0.7547,-1.4843,-1.6299,-2.7154,-2.6290,-2.6848,-4.1173,-4.6627,-4.1232,-1.4942,2.0891,0.0551,-1.4624,-1.7137,-3.0323,-3.5461,0.1275,0.0396,-0.6462,-0.6417,-0.5365,-3.1150,-3.1212,-2.5185,-2.7962,-3.1569,-3.5973,-2.7098,-3.1821,-3.5620,-4.1131,-4.7375,-4.1710,-3.4056,-4.1209,-4.2698,-4.1105,-2.1971,-2.5123,-3.3918,-1.9591
