-1.4383,-1.3435,-1.3971,-1.5159,-1.9743,-2.2011,-1.7968,-1.5786,-1.6825,-1.0411,-1.0021,-1.0713,-1.5174,-0.9975,-0.1007,0.7460,0.5513,0.6371,0.6795,0.4511,0.0706,0.2469,0.7823,1.3188,0.8765,0.6276,0.2390,-0.2779,0.4327,-0.1449,-0.0537,-0.0819,-1.6954,-1.3458,-0.1416,0.1938,0.6619,1.2651,0.8902,-1.7665,-5.3579,-4.9989,-5.7563,-4.9169,-4.6455,-3.3753,-1.5399,-2.4273,-4.1204,-6.5397,-9.2618,-9.4908,-7.6717,-8.5966,-9.0659,-8.4353,-6.7018,-6.3951,-6.5240,-6.7532,-4.1165,-3.6182,-3.7843,-3.5747,-5.5172,-4.7473,-4.7890,-4.1462,-1.2426,0.8153,-1.0249,-1.7411
-1.2760,-1.2743,-1.1701,-1.6659,-1.4842,-1.5800,-0.8195,-1.2281,-0.4369,0.0821,0.0468,-0.6283,-0.8445,-0.5042,0.1810,0.3752,0.4829,0.4891,0.3633,-0.0824,0.2331,0.5722,1.1330,1.2396,1.1359,0.7549,0.0541,-1.0571,-0.0412,-1.0700,-0.6623,-0.7720,-1.7356,-1.5765,-0.2043,-0.6304,1.1157,2.2297,-0.1157,-3.2118,-4.6514,-3.9715,-5.2797,-4.3727,-3.4687,-4.2017,-3.5280,-2.5035,-4.2109,-7.0292,-9.9022,-11.9533,-8.8474,-9.1109,-8.0003,-7.3720,-4.8756,-5.0268,-5.9770,-6.2234,-3.9243,-3.8724,-4.1630,-3.8549,-5.0209,-4.7131,-5.3441,-3.6753,-0.9861,0.6470,-0.0417,0.2877
-1.4872,-1.4279,-1.4228,-1.0810,-0.7050,-0.8137,-0.2217,-0.2767,0.5868,0.6858,0.4914,0.0768,-0.2057,-0.1649,0.1884,0.2498,0.3512,0.2995,0.1284,0.2800,0.5481,0.8978,1.1270,1.2019,1.2371,0.5000,-0.3928,-1.3937,-0.9292,-1.0252,-0.9083,-0.9956,-1.6888,-1.1893,0.1049,-0.7353,1.8458,0.9904,-1.0846,-3.6676,-3.4108,-4.2870,-4.3350,-3.8074,-3.9526,-4.0234,-3.3825,-2.6626,-5.5836,-8.5166,-9.6989,-11.4357,-8.4671,-6.6902,-4.8148,-4.9644,-3.9266,-4.5604,-5.0801,-5.6640,-3.5196,-4.2117,-3.3857,-3.7128,-4.2936,-5.4405,-5.0982,-4.3859,-1.0160,0.4077,-0.2175,0.1889
-1.2935,-1.3642,-1.5131,-0.6762,0.1544,-0.1015,0.0190,0.0536,1.2513,0.7542,0.4523,-0.0771,-0.1181,-0.0475,0.1155,-0.3545,-0.1136,-0.1593,0.2447,0.3702,0.7039,0.7384,0.9889,1.0064,0.9638,-0.0459,-0.7479,-1.7512,-1.1008,-1.0902,-1.1058,-0.9186,-1.7730,-2.1014,-2.0045,-0.4266,1.4277,-2.2393,-4.2688,-4.3851,-4.5821,-5.6969,-4.9457,-3.7486,-4.6828,-3.1176,-3.4815,-2.3876,-5.2369,-7.3116,-10.0292,-10.1788,-5.5937,-3.5196,-4.6478,-4.8656,-4.8397,-5.0217,-6.1830,-6.2789,-2.9244,-3.5003,-3.4505,-3.4619,-4.1227,-5.0310,-4.2274,-3.3988,-0.6841,0.3164,0.4080,-0.7516
-1.6721,-1.6072,-1.3053,-0.5287,0.4094,0.5421,0.5380,1.0282,1.3719,0.7603,0.4366,-0.0770,-0.1932,-0.0719,-0.0001,-0.4222,-1.1801,-0.7880,-0.0286,0.3926,0.8122,0.9739,1.1596,1.3633,0.4652,-0.1639,-0.8711,-1.5673,-0.5963,-0.8284,-0.2567,-0.2388,-2.5178,-2.1534,-1.8016,-2.6864,-1.2855,-1.4124,-3.4547,-3.7591,-3.9506,-4.1979,-3.5316,-3.9784,-3.8973,-2.1826,0.0179,-2.2929,-3.1892,-3.4427,-7.3813,-7.5855,-7.6386,-5.5484,-6.4532,-5.5422,-4.3848,-4.9870,-4.9444,-5.3279,-2.5109,-2.9797,-3.2209,-3.1266,-3.3811,-4.0296,-2.9804,-1.8686,-0.5363,0.2048,-0.2906,-0.4260
-1.4072,-1.0162,-0.7296,-0.7383,0.4426,0.8187,1.0602,0.9995,1.6058,1.0327,0.6010,-0.6310,-1.2270,-1.1893,-1.1400,-1.7258,-1.5528,-1.2540,-0.5604,-0.2995,0.4996,0.8769,1.1591,0.6232,0.2308,-0.3110,-0.8875,-1.8554,-0.4995,-1.1219,-0.6209,-0.5214,-1.7097,-5.5268,-6.2984,-3.4909,0.6817,-0.3522,-2.1383,-4.1573,-5.2550,-3.6230,-4.2423,-2.7831,-2.7732,-2.4704,-1.1533,-1.3430,-1.5448,-2.3532,-6.6727,-6.7200,-6.9508,-5.3052,-5.5469,-5.6200,-5.5998,-5.2278,-6.1607,-6.0806,-1.7401,-3.5075,-3.4814,-3.2378,-1.6965,-2.8068,-2.1784,-0.7734,-0.3855,0.6246,-0.5010,-0.4280
-1.0011,-0.6658,-0.3304,-0.1440,0.3808,0.8286,1.0855,1.6941,1.5272,0.7719,0.3170,-0.9220,-1.8891,-2.3457,-2.1701,-2.4557,-1.5051,-1.3019,-0.7174,-0.2782,0.3652,0.8208,0.7926,0.6000,0.2438,-0.4055,-1.1404,-1.9639,-0.7262,-0.9879,-0.2335,-0.7841,-2.0327,-5.5364,-0.4722,1.0794,4.9760,3.0278,-0.4957,-5.2503,-4.5222,-3.7299,-3.3792,-2.3604,-2.7461,-2.6576,-1.8508,-1.8777,-2.1035,-3.1513,-4.4869,-2.4677,-3.8373,-5.2996,-4.6982,-4.4846,-5.3145,-7.5789,-6.1833,-4.0809,-2.4143,-4.3029,-3.3197,-2.4833,0.0073,-2.6409,-0.6773,-0.2426,-0.0082,-0.0252,0.0252,-0.1057
-0.3097,-0.1773,0.1778,0.2105,0.6649,0.9122,1.0594,1.7552,1.7039,0.5357,-0.0398,-0.9852,-1.7491,-2.5678,-2.9370,-3.2118,-1.5017,-1.7574,-0.8538,-0.3832,0.0049,0.3166,0.7705,0.7158,0.3581,-0.7409,-1.5723,-2.1001,-0.9744,-0.7228,-0.4071,-1.1655,-3.8961,-1.8881,1.7480,3.1744,4.0121,3.6457,-1.9717,-4.7455,-3.8745,-4.3895,-3.3307,-2.5639,-3.7140,-2.8577,-3.3845,-2.8284,-1.4304,-1.9997,-2.7715,-0.8778,-3.5013,-4.8562,-4.8314,-5.6731,-6.2646,-6.7642,-5.5490,-4.2536,-2.2224,-3.0241,-0.8147,0.8667,0.0993,-1.6195,0.1816,0.4645,0.3550,0.5433,0.9233,0.4981
-0.1785,0.0206,0.7083,0.5612,0.2449,0.5698,1.2553,1.7798,1.5215,0.6204,-0.0750,-0.6490,-1.5303,-2.2595,-2.9838,-3.2943,-2.2091,-2.1696,-1.2459,-0.5990,-0.6772,-0.3396,0.1895,0.1354,-0.2206,-0.6449,-1.5484,-1.4761,-0.1655,-0.1816,-0.9597,-0.5997,-4.3951,-0.7199,-0.1933,-0.5892,-2.3084,-1.8698,-6.5213,-6.6090,-5.9954,-5.6551,-5.1605,-4.9109,-6.5412,-5.0295,-4.2630,-4.9601,-1.5452,0.5534,-1.1830,-1.4739,-4.7056,-5.1424,-4.3728,-6.4420,-6.2852,-5.5278,-3.5624,-3.2038,-1.7813,2.5832,3.8833,1.5170,-0.0538,-0.4597,0.5660,1.2041,0.2352,0.6430,1.1338,0.3672
0.2684,0.4605,0.8989,0.2139,0.8609,1.1244,1.7099,1.5100,1.8655,0.7113,0.1835,-0.7532,-1.0006,-1.9078,-2.8151,-3.6332,-2.3452,-2.1752,-1.6738,-1.4259,-0.7750,-0.1184,0.2260,-0.2109,0.1294,-0.2675,-1.3050,-1.6736,0.0484,-0.1126,-0.1624,-5.4409,-4.3474,0.4565,0.6855,-0.7892,-3.0438,-2.7649,-7.3473,-5.8339,-5.9409,-6.7214,-6.6645,-5.3781,-5.4488,-6.2042,-5.1158,-3.6971,-0.2814,1.3622,-0.3042,-2.0131,-2.6036,-4.6052,-2.7913,-3.1150,-5.3638,-4.8016,-2.3152,-1.3787,1.4500,3.8373,3.2861,2.2813,0.6228,0.6250,1.3505,1.8829,1.2367,1.6564,1.4645,1.0976
0.6805,0.7559,0.7755,0.8081,1.2430,1.4312,1.9105,1.7586,1.7160,0.6633,-0.0317,-0.4332,-0.6475,-1.6315,-2.6044,-3.2084,-2.0525,-1.9932,-1.9941,-1.7715,-0.6876,0.0283,0.1497,-0.1124,0.4023,-0.0140,-1.2297,-1.4231,0.8577,1.2116,-0.9749,-6.5777,-2.2587,1.1574,1.2840,-0.8881,-2.6692,-3.8347,-3.9486,-3.4616,-4.5116,-6.2482,-6.8469,-5.4106,-5.2465,-5.2992,-4.6944,-3.2904,0.0778,0.3575,2.8230,1.1392,0.2053,-4.0569,-2.2558,1.0175,-1.1068,-1.2867,1.8265,1.7696,2.4289,3.1699,4.0587,3.0122,2.5411,1.2729,2.1519,2.1570,2.5606,1.5883,2.1226,1.7926
1.1257,1.2540,1.1333,0.9597,1.5007,1.5419,1.6904,1.4560,1.3741,0.2326,-0.0253,-0.3911,-0.2913,-1.3627,-2.2073,-2.7575,-1.6531,-1.8260,-1.7630,-1.9712,-1.0973,-0.4289,-0.0929,-0.1249,0.1946,-0.4701,-0.9664,-1.2669,0.2735,1.6621,-3.7710,-1.9950,-0.5028,2.6002,2.4915,-1.2399,-2.9750,-2.6767,-2.5450,-1.9209,-3.8539,-5.7447,-6.2893,-6.1172,-6.2604,-5.1407,-5.4799,-4.1447,1.1456,2.9579,3.9170,0.5174,0.9388,-2.0667,-3.1630,-4.0095,-1.5038,0.1123,3.3190,2.9799,1.8529,2.9429,3.6688,3.0673,2.7435,2.3706,2.0577,1.8087,1.2930,2.4450,2.5626,2.6985
0.7034,0.8000,0.8538,0.9194,0.8410,0.9174,1.0837,0.6270,0.9135,0.3033,0.0796,-0.1011,0.3361,0.0078,-0.7053,-1.3765,-0.6091,-0.9873,-1.3829,-1.6544,-1.1757,-0.4380,0.1488,0.5369,0.4931,-0.0188,-0.6702,-0.9191,-0.2929,-0.2371,-0.4275,-1.2073,0.1913,2.5624,0.6478,-3.2430,-4.3430,-3.4300,-3.2573,-3.5651,-5.1104,-7.0592,-7.3818,-6.6866,-5.9989,-4.7239,-3.4454,-3.1520,0.3351,1.5749,1.4018,-1.6442,-0.4692,-1.2663,-1.6488,-3.7712,-1.8087,2.1032,3.2834,2.6524,3.3006,4.8668,5.0814,3.4325,0.8591,1.1984,1.7052,2.6664,1.5158,2.3225,2.4398,2.6310
0.9225,0.8780,0.8740,0.6435,0.7774,0.9848,1.1414,-0.0919,0.9761,0.3670,0.2334,-0.3511,0.4383,0.5904,0.0744,-0.9234,0.0096,-0.3433,-1.0878,-1.6045,-1.2208,-0.7500,-0.0422,0.2997,0.7559,0.6030,-0.2450,-0.9358,0.0415,0.8012,0.8748,-0.2704,2.3186,2.4727,0.6749,-2.7628,-3.7745,-3.3929,-2.8913,-3.5311,-5.2379,-6.6661,-7.4841,-6.5989,-4.6160,-4.5950,-3.9570,-2.7392,1.2690,1.3005,-0.0039,-2.2658,0.4669,-1.0168,-2.5812,-4.8963,-3.1704,0.3890,2.0513,2.2163,3.0017,4.3687,3.7108,3.0433,1.1956,0.4863,1.3931,1.8703,2.2041,2.9421,2.8681,2.1794
0.8641,0.8949,1.0375,0.8929,0.7729,0.9460,1.1144,0.3285,0.8236,0.3834,0.3411,0.0431,0.6258,0.5325,0.4477,-0.1959,1.0445,0.4641,-0.3987,-1.1547,-0.9998,-0.9057,-0.2097,0.6491,1.1298,1.0171,0.3231,-0.4418,-0.4924,-0.4464,0.9930,1.2541,2.6818,2.5040,0.2230,-2.1799,-2.7271,-3.5430,-2.2926,-3.1338,-4.0786,-5.1332,-6.5640,-6.9079,-5.5446,-4.6857,-3.3576,-0.8549,0.8454,0.8833,0.5969,1.3504,-0.4281,-3.3411,-3.3101,-6.6990,-5.1720,-1.2161,1.7321,2.6598,3.2004,2.9482,2.3025,1.5694,0.9134,0.0358,0.6696,0.7118,1.7033,1.8051,3.1279,2.3246
1.2985,0.9957,0.8857,0.9908,1.0807,1.0961,0.9561,0.4314,0.9723,0.1716,0.1819,0.1366,0.7545,0.5106,0.3200,0.0623,1.9838,0.9217,0.0199,-0.8677,-0.6699,-0.8671,-0.3753,0.6377,1.4245,1.2644,0.6187,-0.0617,-0.1002,-0.3267,0.2352,0.2086,2.3389,1.0626,0.1033,-1.6015,-0.5943,-1.7689,-1.3161,-2.5291,-2.2885,-4.5474,-6.4014,-6.6130,-5.4238,-4.6622,-3.0528,0.2198,1.1545,2.2856,-0.1788,-0.5342,-1.0472,-3.2403,-6.6746,-5.2210,-6.0741,-4.2186,0.4368,2.2225,3.1310,2.1810,1.4187,1.2696,-0.2963,-0.6738,-0.1995,-0.1058,0.5098,1.0592,2.4663,2.3176
0.7063,0.9289,1.0112,1.2924,0.8244,0.7890,1.0103,0.4582,0.4916,0.7043,1.0417,1.1145,1.0546,1.0432,1.1220,1.2952,1.0207,0.3911,-0.0534,-0.5114,-0.9219,-1.0198,-0.7490,0.1787,1.1965,1.4568,0.9186,-0.1060,-0.6134,-0.1402,0.5106,1.4104,2.7589,1.1773,0.5336,0.4848,-1.7105,-1.2217,-1.7609,-0.6212,-0.6696,-3.7729,-5.8584,-5.6643,-3.0524,-3.4882,-2.9248,-2.3269,-2.6342,-0.5501,-2.5353,-2.7039,-4.0414,-4.0870,-5.8557,-1.1633,-5.0082,-4.8437,-0.3563,1.0137,-0.0337,0.6505,0.6256,0.2785,0.3600,1.3298,1.7549,2.3326,2.7371,3.2483,2.2468,1.9659
0.9472,1.0249,1.2754,0.8549,1.2410,0.7343,0.4690,-0.7527,0.7337,1.1536,1.5380,1.0412,1.4473,1.5448,1.1752,0.6660,0.8746,0.2921,-0.1388,-0.5779,-0.4140,-0.4887,-0.2071,0.0106,1.3045,1.6971,0.6274,-0.7001,-0.8931,-0.8808,-0.2407,0.3930,2.8157,2.1011,0.8668,1.5909,-0.5633,-0.4760,-1.8375,-0.5229,-2.0805,-4.7098,-5.9957,-5.2335,-1.8881,-2.4555,-1.9836,-2.1698,-2.0428,0.0572,-2.1989,-1.4131,-3.6207,-2.9601,-5.1013,-0.4620,-2.9019,-4.0787,-1.1319,0.2988,-1.5530,-1.2100,-1.0885,-0.5525,0.1411,1.6887,1.7008,2.0041,3.1833,3.2901,2.3865,1.6265
1.0171,0.9710,1.0702,1.0812,1.0374,0.0602,-0.6605,-0.9437,0.7600,1.3839,1.7133,1.5525,2.0782,1.6954,1.1517,0.8396,0.9390,0.3415,-0.0769,-0.4083,-0.2952,-0.3794,0.0821,0.1517,1.4727,1.3855,-0.1382,-0.6525,-0.9681,-0.7188,0.4724,0.3273,0.0376,-0.3098,0.0872,0.1551,-1.3568,-1.5870,-1.0730,-4.1717,-3.2566,-5.1586,-4.9125,-4.2824,-1.7986,-2.2024,-1.8901,-0.6505,-2.6874,-2.3508,-2.2901,0.5321,-0.6776,-3.4572,-3.3246,-1.5463,-2.5067,-3.6776,-1.5403,-0.4539,-1.6064,-2.3414,-2.4197,-0.8701,-0.1200,0.3037,1.4033,1.8542,3.0269,2.7946,2.0698,1.1234
1.3777,1.1449,0.8044,0.8458,0.8152,-0.3335,-1.1896,-1.3244,0.7796,1.4204,1.7920,1.6464,2.3286,1.8116,1.1161,0.5859,1.1140,0.3742,-0.0726,-0.4017,-0.3027,-0.4107,0.0326,0.0297,1.3177,0.5025,-0.6846,-1.1312,-0.7426,-0.2382,-1.7697,-3.3079,-3.0112,-3.6920,-3.3029,-3.0941,-4.8405,-5.6587,-5.5493,-4.3740,-2.2715,-3.9652,-4.1502,-3.8927,-2.9790,-2.3624,-1.8385,0.9648,-0.0390,-1.5737,-2.7058,-0.9855,-0.7019,-1.6843,-4.4080,-3.2389,-2.9821,-3.3210,-3.7232,-1.6226,-1.9164,-2.2434,-2.4054,-1.7141,-0.6439,0.1944,0.8513,1.3327,1.4723,1.9804,1.4239,0.1118
1.1713,0.9762,0.9456,0.4955,0.0747,-0.4393,-0.9463,-0.7501,1.0596,1.7960,2.2992,2.2003,2.2782,1.8702,1.5817,1.3232,0.8047,0.2437,-0.0035,-0.0502,-0.2659,0.0930,0.3219,0.3958,0.7052,-0.0693,-1.1133,-1.0611,-0.7570,0.8138,1.8426,0.3948,3.6094,3.4923,1.9138,2.5855,0.5733,-0.9399,0.9077,1.3082,1.0649,-1.5041,-3.1394,-3.8269,-3.7252,-3.2023,-1.7261,-0.8357,-0.0953,-0.6632,-1.3565,-0.1853,-0.2057,-0.2045,-0.9100,-1.5153,-4.0861,-4.8116,-5.7202,-3.5687,-2.7224,-2.2753,-2.7652,-2.2465,-1.3711,-0.1792,-1.5272,-0.7505,-0.5815,0.4345,0.0593,-1.2727
1.0101,0.8071,0.3997,-0.6752,-0.4818,-0.3905,0.0147,-0.3100,1.8486,2.2414,2.5692,1.8369,1.7178,1.2402,1.2162,0.8739,0.7847,0.4180,0.0192,-0.3579,0.0099,0.5970,0.5326,-0.0580,0.5548,-0.0984,-0.9753,-0.6292,-0.2517,1.5539,1.8026,0.8019,6.0091,5.7898,5.3216,4.5826,-0.1700,2.4573,2.6980,2.9882,2.1032,-1.1967,-2.7543,-4.1223,-2.9188,-1.7419,-2.0463,-2.5142,0.9009,-1.3795,-2.3140,-0.8695,-0.4315,-0.4377,-1.0884,-2.4702,-4.9002,-4.8773,-6.3192,-4.1886,-3.5324,-2.9553,-2.7298,-2.5414,-1.1997,-0.3465,0.0310,0.0117,-0.0314,-0.2001,-1.2224,-1.6030
1.1805,0.2628,-0.4459,-0.9867,-0.7718,-0.0377,0.7735,1.0458,2.0271,2.1416,2.3927,1.8703,1.2759,0.8187,1.1034,0.9774,1.1295,0.6848,0.4482,0.0704,0.5573,0.7528,0.9174,0.0431,0.1964,-0.4561,-0.9426,-0.2521,-0.0233,1.5433,2.4026,2.1238,8.4515,7.1298,8.3143,5.6262,2.0333,3.8149,4.7368,4.2373,3.1403,-0.3565,-3.1224,-3.6005,-3.0833,-2.8831,-2.8486,-1.9902,-2.0111,-0.8898,-0.2465,-1.0282,-1.3432,-1.9408,-1.3160,-2.9737,-5.8103,-6.4594,-6.6146,-4.9749,-3.6666,-3.5317,-2.8885,-3.0744,-1.9419,-1.7712,-0.6855,-0.6237,-0.3470,-0.6933,-1.2540,-1.4853
1.2424,-0.0299,-0.7461,-0.9820,-0.5695,0.5884,0.9896,1.4225,2.2863,1.9149,2.0146,1.6881,1.1772,0.8623,0.9278,0.9513,1.5757,0.9523,0.8346,0.6776,0.9093,0.7794,0.7730,0.1567,-0.1394,-1.0770,-1.2428,-0.3704,0.4420,1.4616,1.3754,2.1183,8.5934,7.6810,8.0317,5.1220,4.3887,6.2928,5.3826,4.1051,2.3288,-1.7873,-3.1644,-4.5627,-4.3557,-3.2997,-3.3683,-2.0100,-2.3511,-0.0838,-0.6917,-0.5896,1.1486,-1.2524,-2.1983,-2.7591,-5.6424,-6.0055,-6.2304,-6.4834,-5.2715,-2.5486,-2.2239,-3.1802,-2.6222,-1.9925,-1.1800,-1.1199,-1.5718,-0.9904,-1.3075,-1.5690
0.6378,-0.1499,-0.2563,-0.5786,-0.4799,0.5587,1.3649,1.4286,1.5928,1.4351,1.4172,1.0696,0.9069,0.8465,1.0156,1.1555,1.8483,1.4969,1.5607,1.6010,1.4058,0.7830,0.3401,-0.2250,-0.1837,-1.1944,-1.5971,-1.2001,-1.2423,-1.3156,-1.0876,-0.7145,2.6994,4.1874,5.6840,5.0212,3.3704,4.0956,3.6997,2.9170,1.8520,-2.0569,-5.1328,-7.3092,-4.6824,-2.1756,-2.7315,-1.3783,-4.6976,-1.2226,-1.2704,-1.9429,-2.6918,-4.4922,-4.7760,-5.0887,-7.1460,-6.9279,-8.6844,-7.7962,-5.9879,-2.3991,-2.1276,-2.3590,-3.0529,-2.4101,-2.3457,-1.9886,-2.0543,-2.1402,-2.4300,-1.7790
0.1503,-0.1089,-0.0061,-0.6650,0.5783,1.1017,1.6275,0.9404,1.5227,1.2665,1.3326,0.5048,1.1345,1.2257,1.3488,0.8652,1.8448,1.7411,1.8074,1.4937,1.5340,0.9515,0.2110,-0.6955,-0.3067,-1.2646,-1.6089,-1.5813,-1.2599,-1.2442,-1.8275,-0.9554,1.2965,2.9793,3.5049,4.5411,4.0255,3.9368,2.7249,1.8108,2.2746,-2.3100,-4.3010,-6.9218,-3.2951,-2.2746,-2.4932,-3.4658,-4.0658,-2.1051,-3.0056,-2.7060,-2.3278,-4.2474,-5.6425,-7.1359,-8.0698,-6.7401,-6.4518,-6.2012,-4.0419,-3.1078,-2.5164,-1.9825,-2.5744,-1.8830,-2.1107,-2.3244,-1.6343,-2.1519,-1.7156,-1.5058
0.1930,0.1809,0.5040,0.7114,1.2087,1.2236,1.4778,1.1923,1.1692,0.9792,0.7972,0.6277,1.4565,1.5383,1.7766,1.3631,1.9066,2.0472,2.1969,1.8845,1.8807,1.0808,0.1494,-1.0836,-0.5777,-1.3315,-1.3929,-1.4638,-2.6964,-2.1667,-1.5577,-1.3056,-1.3496,-0.4562,2.4914,3.8420,4.3828,3.1193,1.9302,0.0247,0.5497,-2.9862,-4.0007,-5.7516,-2.3561,-2.3547,-0.3462,-2.4788,-4.9646,-2.9965,-2.6055,-2.6973,-2.1287,-3.3835,-5.8043,-6.7227,-5.2324,-5.1821,-5.6080,-5.1761,-3.1010,-3.1399,-2.3666,-2.0831,-2.3303,-2.1800,-1.7050,-2.0896,-2.4200,-3.2182,-2.4504,-1.5674
0.3364,1.4262,1.5294,1.0939,1.3764,1.3402,1.1688,0.7953,1.0907,0.4345,0.5325,0.8090,1.9129,1.8385,1.8861,1.7444,2.4939,2.2540,2.5895,2.0745,1.8776,0.9095,0.0581,-1.3504,-0.9311,-1.4558,-1.5934,-1.8189,-1.8018,-2.3955,-1.1130,-0.7752,-0.7799,-0.8555,0.6877,1.4732,2.4955,1.1730,0.1853,-0.9195,-0.2808,-3.4272,-5.0420,-5.9622,-2.7208,-1.4616,-1.8886,-0.7907,-3.3158,-2.7877,-3.0482,-2.9847,-1.7971,-1.9188,-5.0386,-4.2634,-4.5910,-5.0413,-4.8660,-4.7124,-2.7743,-2.5626,-2.5376,-2.3792,-3.1302,-2.2863,-2.2551,-2.2188,-2.6528,-3.0183,-2.9417,-1.7363
0.3985,1.3674,1.2951,1.1256,1.3590,0.8937,0.7611,0.4609,0.4615,0.0873,0.4472,1.0942,1.9141,2.1536,2.2445,2.0938,2.4726,2.4022,2.2446,1.7681,1.5688,0.5927,-0.3743,-1.5557,-1.9183,-2.2115,-2.2784,-1.7091,-2.3324,-2.2446,-0.0020,0.3234,1.1742,0.9597,0.7863,2.4192,1.3842,0.8127,-0.2347,-0.4085,0.8171,-1.0231,-2.6312,-4.9641,-2.7571,-1.7615,-2.1403,-1.8444,-2.6669,-2.7163,-3.1427,-1.6340,-1.9735,-2.5049,-3.7857,-3.1696,-3.4329,-2.8600,-2.7761,-2.6509,-2.2187,-2.0209,-2.8684,-3.6706,-3.3181,-2.4805,-2.4840,-1.0371,-2.4049,-3.5038,-2.4146,-2.0528
1.1350,1.3909,1.2971,0.8120,1.0180,0.2629,0.2701,-0.4239,0.2775,-0.0095,0.4557,0.9277,1.9989,2.2010,2.2131,1.7099,2.4882,2.4080,1.9790,1.5572,1.4866,0.4181,-0.7710,-1.9833,-1.5629,-1.8733,-1.3154,-0.7339,-0.6411,-1.0673,-0.4300,-0.6928,1.5332,-0.2645,-1.7147,1.7151,1.6745,0.9695,-0.5357,0.4700,3.1965,0.1222,-2.0462,-4.5690,-2.0707,-0.4759,-1.6209,-2.0638,-3.1687,-2.0091,-3.1608,-1.5212,-1.1760,-1.8778,-2.2010,-2.4410,-0.5744,-2.4133,-2.2015,-2.2852,-1.1365,-1.9316,-2.0308,-3.1329,-2.4629,-2.0565,-2.9201,-2.8488,-1.4065,-2.8333,-2.8914,-2.6171
1.3810,1.2970,1.0677,0.8636,0.7188,-0.1146,-0.2042,0.0137,0.0762,0.2008,0.6219,1.4267,1.8967,2.0486,2.1095,1.7575,2.3472,2.4470,2.1683,1.7376,1.7366,0.5776,-0.6506,-1.7982,-1.3347,-1.6382,0.5185,0.3412,-1.9113,0.0029,0.1435,-1.0716,2.0045,1.4982,1.3946,2.6781,3.3654,2.2805,2.4119,2.1638,3.1143,0.3482,-2.3036,-3.7641,-2.5304,-2.0384,-1.4711,0.0951,-1.7756,-1.1149,-1.0500,0.0717,-0.3333,-0.6590,-0.6594,-0.6453,-1.5042,-1.8782,-1.8605,-2.2351,-1.3221,-2.2724,-2.3229,-3.4008,-2.0929,-2.8212,-2.8079,-3.4362,-2.9523,-3.8669,-2.5868,-2.5877
1.7542,1.3165,0.8833,0.6220,0.7039,0.0033,-0.3105,0.0675,0.9082,0.6461,0.9677,1.4454,1.9734,1.7380,1.6410,1.5851,2.5999,2.2597,2.1727,1.7086,1.7069,0.3660,-0.8343,-1.3861,-1.1627,-0.7493,0.0500,0.5197,-0.8004,-0.7606,-1.1913,-1.1033,1.7690,1.2764,2.3105,3.3862,1.9076,2.1366,2.2978,1.1712,1.5460,0.5617,-1.7513,-2.8863,-1.3072,-0.9947,-1.5625,0.1640,-1.0264,-0.6046,0.4138,0.8454,-0.3358,-0.7950,-0.8946,-0.2834,-0.0887,-2.3248,-2.0619,-2.1573,-1.4668,-1.7579,-2.6471,-3.4355,-2.6556,-2.5789,-2.8730,-2.8746,-3.5860,-3.0460,-2.9624,-1.7506
1.4007,1.2288,1.0181,0.8864,0.4237,0.1320,0.2817,0.6018,0.6184,1.0825,1.5101,1.6998,1.6079,1.6302,1.8182,2.1258,2.1274,2.2695,2.3724,1.8963,1.0455,-0.1388,-0.8908,-1.2758,-1.5885,-1.0755,-0.2462,0.5580,1.4767,2.0483,1.6505,2.4410,1.1049,2.9879,4.1059,4.6604,0.9498,2.0892,2.3992,0.5041,-0.6666,0.1925,-1.4351,-2.0448,-0.5400,-0.4605,0.9323,1.0016,-0.5457,-0.1430,-0.9202,-0.2587,0.3850,0.8488,1.6863,2.0608,1.0140,-0.1871,-0.6068,0.1357,-0.1397,0.1106,-0.9423,-1.9002,-4.3447,-3.7734,-3.6111,-3.4110,-3.3534,-2.2375,-1.6709,-2.0135
1.3296,1.1789,1.0264,0.1098,0.5814,0.2742,0.5963,0.3110,0.9218,1.3643,1.6311,1.3676,1.8538,1.8038,1.6361,1.4908,2.1187,2.1910,2.0307,1.1666,0.6285,-0.3497,-0.8497,-1.2848,-1.2861,-0.4770,-0.3349,0.0782,1.0677,1.5443,0.3316,1.1994,1.0224,2.3717,2.2337,4.0645,0.7475,0.8703,-0.3323,-0.6366,1.4061,0.2561,-0.4594,-2.4137,-0.3166,0.6168,-0.0264,2.0843,-0.4506,0.0037,-0.7719,-0.8243,0.5510,1.5957,1.6198,1.9943,2.0367,0.1839,-0.9957,-0.6883,-0.5205,-0.0468,-0.9621,-1.4982,-3.7772,-3.6186,-4.5401,-3.7032,-2.6093,-1.8973,-1.5153,-1.2984
0.9531,0.9526,0.4016,0.2233,0.4361,0.3522,0.4915,0.5276,0.8515,1.2929,1.4795,1.5785,1.9562,1.4218,1.2188,1.3582,2.2615,2.2139,1.8025,0.7352,0.1678,-0.5437,-0.8456,-1.3055,-0.4668,0.0666,0.7889,-0.2469,1.0396,1.5882,1.6848,1.7318,1.7228,1.6520,3.9615,3.2155,0.1648,-1.4994,-2.8897,-5.2076,-3.2609,-3.2670,-1.1187,-2.5116,0.0630,0.1277,0.6814,0.9228,-1.1100,-0.7950,-0.6170,-0.5012,1.9388,2.2859,2.3426,2.5072,2.3987,0.4437,-1.2785,-1.9051,-1.0032,-0.9630,-1.5718,-1.5862,-3.5138,-3.9947,-3.6020,-3.4361,-2.5610,-1.7092,-1.1222,-1.4525
1.0048,0.8402,0.2014,0.2166,0.7387,0.6185,0.0985,0.0456,1.0439,1.1755,1.1843,1.1792,2.0938,1.1995,0.7775,0.8263,2.2498,2.0061,1.3040,0.0240,-0.1205,-0.7300,-1.0113,-1.1248,0.5061,0.6919,1.0969,1.0266,1.6273,2.1822,1.6458,1.1260,1.4137,1.5309,2.4934,3.5703,-2.3515,-1.9591,-6.0619,-8.8860,-7.5150,-6.3996,-3.8831,-4.5308,0.1127,-0.0657,0.6310,1.0698,0.2837,-0.1664,0.1645,-0.0770,1.7413,2.2720,2.3879,2.2125,2.6280,1.0190,-1.4215,-2.4916,-2.2092,-1.9295,-1.6377,-1.4734,-3.8328,-3.6673,-3.5871,-2.8356,-1.8689,-1.0232,-1.0697,-1.6712
0.8191,0.5949,0.3701,0.3272,0.6799,0.6391,0.3324,0.5544,0.9418,1.3003,1.6001,1.6834,2.2478,1.7231,1.8768,2.2398,2.1433,1.9320,1.4204,0.1740,-0.0632,-0.3306,-0.5713,0.1073,-0.5785,0.0320,0.4353,1.1411,0.8398,0.8532,0.5606,-0.5202,-1.7826,-1.4370,0.9303,0.9035,-3.9604,-3.4816,-6.8512,-10.1986,-6.5261,-4.5115,-2.6078,-4.5110,-1.7853,-0.4187,0.7959,1.2722,0.9476,2.5775,3.2463,4.2522,4.0384,4.5794,5.0787,4.5418,3.9420,3.3909,0.0871,-0.7175,-2.4577,-1.4288,-1.2006,-0.7477,-3.6255,-2.8197,-2.8321,-1.8356,-3.1400,-1.7709,-1.6342,-1.5284
0.5882,0.4538,0.3721,0.1391,0.5730,0.4856,0.6175,0.3074,1.0380,1.2694,1.5887,1.2844,1.8508,1.4495,1.6396,2.2258,2.3659,2.2936,1.2986,-0.3696,0.0798,-0.2656,-0.6260,0.5080,-0.2237,0.1966,0.5725,0.8424,-0.0407,-0.4399,1.4870,2.0187,2.2747,-0.1528,0.3049,-0.3798,-5.6273,-5.6736,-7.8367,-8.4020,-3.9168,-5.3528,-4.3741,-6.1087,-1.2124,-0.6078,0.4459,1.5275,2.2103,3.0350,4.2931,5.5645,3.9026,4.0757,4.3286,4.3124,3.7329,3.2278,-0.8499,-1.5876,-3.1306,-1.8838,-1.9262,-1.6376,-3.0858,-2.8076,-2.4054,-1.1225,-1.8691,-1.6995,-1.6491,-0.9149
0.5101,0.3737,0.3875,0.4795,0.3880,0.2652,0.5773,0.8229,0.6691,0.8070,1.3434,1.3293,1.7806,1.5593,1.9830,2.7168,2.5587,2.4651,1.2703,-0.2864,-0.0635,-0.4768,-0.1263,0.9950,-0.1302,0.4055,1.4946,1.8282,1.8103,1.4379,2.5985,2.5969,3.8284,0.4916,-1.7002,-4.3703,-8.6372,-8.5025,-7.5541,-5.9025,-2.5552,-3.9355,-5.8626,-5.5967,-1.4637,-1.2547,0.8104,0.3539,2.0313,3.0330,4.6296,4.6504,4.3089,4.1170,4.3990,4.9794,4.6499,4.3386,-0.5046,-3.0444,-3.8402,-3.7620,-2.2964,-2.4332,-3.6731,-2.5237,-1.2816,-1.1214,-2.1166,-1.8007,-0.7296,-0.9427
0.6696,0.5467,0.5913,0.6458,0.6675,0.3756,0.3223,0.7730,0.8630,0.7434,1.0342,1.1161,2.1296,1.9016,2.0773,2.5730,2.6416,2.3931,1.2624,-0.1673,-0.3611,-0.6851,0.2085,1.4799,-0.2128,0.3476,1.6391,2.1845,1.8215,2.2086,1.8764,1.6215,3.9837,2.4073,-5.2829,-6.9689,-10.6175,-9.1329,-7.6377,-5.0685,-2.4624,-2.4813,-6.1148,-6.6498,-1.6433,-1.2810,-0.2828,0.4565,2.7196,3.1175,4.2366,4.7695,4.5951,5.1960,4.9023,5.9353,5.8746,5.9449,1.5838,-3.6203,-4.6643,-3.8860,-3.3026,-2.2271,-3.8134,-2.2727,-0.9319,-0.6855,-1.7886,-1.3829,-1.0011,-0.9927
0.3223,0.4938,0.9324,0.7010,0.2336,0.0528,0.4607,0.7354,0.3687,0.4319,0.8759,0.9175,1.7491,1.8495,2.0764,2.4291,2.8721,2.5573,0.9129,-0.4124,-0.8843,-1.2285,-0.0194,0.1899,-0.9593,-0.5379,0.9829,1.1824,1.4941,0.4214,-0.7245,0.1865,5.6247,5.3902,-3.1084,-6.2397,-9.0304,-8.2175,-6.8265,-6.7038,-6.1199,-6.2026,-7.1111,-7.7646,-6.4093,-4.0757,-1.9108,-1.1015,-0.3439,0.8071,2.1501,2.6091,2.4298,3.3869,4.2541,5.4780,4.4218,5.2518,3.2507,-3.1336,-4.9374,-3.9130,-2.8280,-2.8309,-2.5345,-1.9067,-0.5702,0.2641,-0.4594,0.5601,1.3377,1.6158
0.3290,0.5316,0.9638,0.2323,0.4664,0.2942,0.7428,0.4064,0.5128,0.6287,1.1459,0.4710,1.9489,2.1402,2.1473,2.2412,2.6707,2.5137,0.5300,-0.7798,-0.5692,-0.9204,0.0358,-0.1033,-0.6575,-0.2581,0.2059,0.1837,-0.6214,-1.5061,-1.0781,0.2550,5.6164,1.7096,-4.5051,-5.8093,-7.3693,-7.7054,-6.2053,-4.8339,-4.1576,-3.4438,-4.3334,-5.0539,-5.4733,-4.2438,-4.0382,-4.5014,-1.1173,-1.0106,0.6230,1.2583,1.4709,2.9288,4.3845,5.3700,5.4888,6.2996,6.6447,1.4759,-4.2898,-4.2207,-3.7397,-2.3770,-3.5388,-1.5447,-0.8897,-0.2112,0.5800,0.8095,1.4880,1.3490
0.1397,0.4340,0.5497,0.4801,0.3254,0.3325,0.5232,0.6555,0.4520,0.8365,0.9519,0.7923,1.8107,2.1556,2.2559,2.8066,2.2791,2.2897,0.1607,-0.6293,-0.3115,-0.6079,-0.0122,0.1833,-0.4423,-0.6946,0.2839,-1.3084,-2.6966,-1.5249,0.3456,0.6821,1.7661,-3.7739,-4.0994,-5.8032,-7.6857,-8.3820,-6.1975,-4.1434,-3.3706,-2.8461,-3.5332,-2.8843,-2.3999,-3.3240,-3.3887,-3.5848,0.0434,0.3122,-0.0110,1.7707,2.7232,5.5672,4.8413,5.6900,6.2330,6.6858,6.6468,5.7282,0.2991,-4.2908,-4.6492,-2.5827,-2.7967,-1.9509,-1.5950,-0.4723,0.3573,0.3156,1.3073,1.0817
0.1678,0.5495,0.7030,0.4208,0.4981,0.2532,0.2743,0.4869,0.6969,0.7090,0.9322,0.6560,1.8628,2.0796,2.4198,3.0542,2.4619,1.9355,0.1593,-0.6347,-0.6790,-0.9184,-0.1241,0.0438,-0.3808,-0.7984,-0.5658,-4.2867,-5.3317,-1.4964,-0.2470,-3.1768,-4.0952,-4.9040,-5.3939,-6.2370,-8.2538,-7.4448,-6.7067,-2.8719,-2.6715,-2.3427,-2.2372,-2.1196,-2.8636,-2.4118,-1.4991,-1.7671,1.6237,2.1939,2.0743,3.1128,3.4511,4.4003,5.1091,5.4924,6.3393,6.8805,6.9223,6.1352,4.5780,-1.8600,-4.5708,-4.0300,-3.5614,-2.1592,-1.1602,-0.8549,0.0570,0.4088,0.2405,0.4965
-0.1706,0.0382,0.2487,0.1446,0.5101,0.3158,0.4453,0.7380,0.6930,0.9663,0.9601,0.8209,1.7197,2.1490,2.4756,2.8128,2.7355,2.1873,-0.1538,-1.0436,-0.5885,-0.5841,-0.3156,0.0931,0.0183,-0.0985,-2.2469,-3.0724,-3.2419,-0.7121,-1.1476,-9.4702,-5.0101,-4.9700,-4.6828,-5.3895,-5.3031,-5.1108,-5.2039,-6.1466,-5.7482,-4.5135,-2.7487,-2.6469,-2.5480,-2.1466,-2.2497,-2.0357,2.6609,2.4179,1.9537,4.0489,3.1610,2.2498,3.0662,4.2044,6.1947,6.3998,6.2149,6.2853,4.4490,0.8563,-5.0198,-5.8503,-5.1828,-2.0117,-0.3868,-0.1133,-1.3846,-0.7420,0.1479,0.5084
-0.1307,-0.0687,0.0756,-0.0144,0.5176,0.3140,0.6808,0.4628,0.7699,0.8707,0.9496,0.5455,1.6622,2.2527,2.5907,2.6592,2.6226,2.0723,-0.4474,-1.0004,-0.5625,-0.7566,-0.8917,-0.3592,0.4543,-1.1669,-3.0958,-2.5928,-2.9707,-0.9831,-0.2342,-6.8204,-4.5503,-3.9519,-3.9069,-3.6274,-2.3805,-4.0478,-3.2439,-3.8090,-4.9308,-4.8338,-5.6659,-3.5818,-3.8028,-2.1418,-2.5097,-1.9738,2.5100,2.1645,2.8019,3.6857,2.6075,2.7810,3.5694,3.9586,7.0185,6.8359,6.6661,5.7763,5.1247,3.5128,-2.7710,-5.4405,-5.5079,-3.1882,-1.2379,0.0761,-0.5416,-0.7068,0.1038,0.4336
-0.4679,-0.3065,-0.1706,0.1980,0.5476,0.5016,0.6100,0.8469,0.5046,0.6177,0.6764,0.7867,1.6336,2.1966,2.4896,2.8536,2.5989,2.1267,-0.6155,-0.7230,-0.6766,-0.5351,-1.1714,-0.3698,0.1490,-1.5733,-1.1524,-0.2172,-1.6985,-2.0620,-1.0743,-0.4505,-3.8886,-3.2809,-3.5759,-3.4105,-2.9483,-4.3274,-3.8282,-3.8162,-1.9348,-2.1733,-4.0498,-2.5664,-3.1155,-3.1409,-1.8499,-1.4036,4.8250,4.2769,3.9182,4.7976,4.1082,3.6782,4.4110,5.0723,7.3938,7.3895,6.8133,5.9317,5.3172,4.3476,1.5496,-3.6250,-4.1314,-3.1696,-1.1659,0.6069,0.0780,-0.3025,0.7786,0.9700
0.0269,-0.2506,-0.2786,0.1234,0.8348,0.7498,0.5589,0.8842,0.7006,0.4539,0.3468,0.6956,1.6364,1.9155,2.3466,2.7559,3.2184,2.0024,-0.9823,-0.8561,-0.8264,-0.8682,-1.5904,-0.3217,0.0490,-1.0197,2.3459,2.2488,-2.7725,-2.2532,-2.1624,0.7756,-4.1075,-2.4521,-3.6869,-3.5862,-2.8960,-3.1743,-3.9309,-3.3688,-3.6764,-1.1487,-1.2210,0.3326,-2.2844,-1.7387,-2.6262,-2.6899,3.1136,4.0023,5.6444,5.0226,4.0784,4.6856,4.7522,5.2073,8.1642,7.6476,6.9534,5.8937,5.2777,5.0153,3.3707,1.0639,-0.2192,-0.5062,-0.2642,0.5462,-0.3109,0.3484,0.1717,1.2050
-0.4573,-0.2401,0.2013,0.7358,0.9442,1.0660,1.1315,1.0316,0.0827,0.4313,0.6292,1.0211,1.5635,1.8866,2.4517,3.1719,3.2152,2.5335,0.1772,0.2692,0.1939,0.1621,-0.6888,1.0993,-0.8713,0.7718,1.3716,-0.0994,-2.7448,-2.3885,-2.4793,-3.2575,-7.2708,-5.5266,-4.1789,-4.8174,-1.9880,-1.8743,-2.4974,-3.2522,-6.4445,-4.2086,-5.5672,-4.8426,-2.9272,-2.3971,-1.3903,-1.9689,-1.4106,-0.6939,-0.2557,0.9554,1.2851,2.2136,1.9687,2.7059,2.4641,3.2378,3.3740,3.5733,3.3536,3.3125,1.8286,0.9051,0.3788,-0.5146,-0.7126,-0.6040,-1.9722,-1.4294,-1.8094,-1.6780
-0.2586,-0.0018,0.3032,0.2800,1.2509,1.2339,1.1251,0.5593,0.3576,0.6750,0.9416,0.7368,1.8621,2.3325,2.6311,2.7810,3.5564,2.8673,0.2418,0.1362,0.5337,0.2393,-0.7278,-0.6306,0.2696,1.9828,1.5457,-1.8050,-2.0898,-2.2507,-2.0770,-6.8272,-5.2159,-5.9371,-4.9504,-4.4809,-0.8054,-0.9425,-0.8965,-1.9410,-4.0624,-1.2184,-1.5567,-2.3454,-1.4508,-1.5843,-1.2533,-0.9670,-0.9624,-0.2781,-0.0028,0.5774,2.0291,2.5547,2.4231,2.6217,3.9969,4.3944,3.6344,3.5672,3.7851,3.4213,2.3357,1.4294,2.3587,1.4274,0.4250,0.2054,-1.5771,-1.0373,-1.2435,-0.2720
-0.6605,-0.3153,-0.2169,0.4253,0.8300,0.7862,0.7298,0.5519,0.2103,0.5398,0.7898,0.9918,1.9697,2.3546,2.5139,2.9911,3.2610,2.8316,0.0758,0.3254,0.1835,0.0236,-0.5907,-1.2468,1.0477,1.7320,1.6864,-2.9951,-3.9881,-3.6136,-1.0004,-0.0344,-1.7205,-4.8720,-3.9195,-3.7118,-1.3432,-1.3744,-0.4341,-0.2749,-1.6548,0.0771,1.2449,1.7935,2.5361,2.1565,1.7646,2.0081,0.7815,0.1046,-0.2624,0.8670,2.4843,1.9149,2.0372,2.5276,5.4000,6.3790,5.6749,4.5169,3.7230,3.3750,2.5575,2.0808,3.6541,2.6244,1.9471,0.6088,-1.0890,-0.8288,-0.4826,-0.2067
-0.5878,-0.4550,-0.3285,0.2953,0.7919,0.5950,0.3347,0.3758,0.3189,0.3608,0.5956,0.8059,2.1045,2.3990,2.7092,2.9842,3.2335,2.3184,-0.0349,0.2591,0.0388,-0.4073,-0.6855,-0.4341,1.5753,1.9616,0.4294,-4.2054,-5.0134,-2.3515,-0.8222,-0.1438,2.1215,3.7743,1.8004,-0.3759,-0.4208,-0.1098,-0.1312,-0.1926,0.1170,1.8309,1.9400,1.9448,1.4546,2.5562,2.0468,1.5991,0.7546,-0.4626,-1.4444,-0.3603,0.5410,0.1291,0.6096,1.0417,4.5419,5.8065,6.7783,6.6612,4.5949,3.7092,3.2129,2.7547,4.0669,4.1907,3.2034,1.5833,-0.1767,0.1432,0.2146,0.3712
-0.9778,-0.5833,-0.2485,0.0536,0.1169,0.2911,0.2955,0.3881,0.2164,0.4568,0.7500,0.8503,2.0050,2.4616,3.0380,3.3724,2.8367,2.3020,-0.1156,0.1495,0.1817,-0.2015,-0.1640,1.1153,0.4093,1.1725,-0.4838,-3.2871,0.4322,1.2963,1.9974,0.9415,0.3919,0.8309,3.9748,2.4494,-0.5406,-0.2474,-0.3831,-0.5244,-0.5296,1.8158,1.1330,2.3707,-0.0372,-0.2362,0.4627,-0.6293,0.5342,0.2307,-0.6726,-0.1734,-0.7177,-0.0113,0.3943,1.5302,2.6232,4.0677,3.8500,4.8687,4.3773,2.7906,2.2674,2.5343,3.5066,5.1828,4.3784,4.1970,1.0082,0.5726,0.2188,-0.4646
-0.7596,-0.4338,-0.2354,-0.5229,-0.1310,0.0827,0.4909,0.2473,0.3718,0.4834,0.8004,0.5317,1.7560,2.4122,2.7333,3.0053,3.3584,2.9095,0.5105,-0.0549,0.5588,0.2002,0.1485,1.1178,0.6544,1.6393,0.1443,-1.2933,2.0901,2.0507,2.2843,1.4227,0.8312,-0.4707,1.7330,5.1811,1.2035,0.8284,0.6595,0.1817,1.3816,2.1989,0.7383,1.7592,0.7215,0.2014,1.4288,0.1553,1.1406,0.6387,0.4526,0.7535,-0.6244,-0.3967,0.1341,0.5748,2.1619,2.3949,2.8398,3.5542,3.0430,3.8610,3.2340,1.8191,4.2820,4.9292,5.0742,4.8281,3.5343,1.7981,0.9529,0.4203
-0.7227,-0.5295,-0.4371,-0.2412,-0.4301,-0.2954,0.1537,0.5462,-0.0775,-0.0031,0.3467,0.5320,1.6810,2.3768,2.7494,3.3942,3.2516,3.2421,0.7297,0.3892,0.2867,0.3830,0.4657,1.1881,0.2797,1.6157,1.2629,0.9572,3.9075,3.8032,3.8707,2.8212,-0.2564,-2.7993,-1.2264,5.2781,3.8542,0.8001,1.0446,0.9041,0.3370,1.4561,0.7730,2.3791,0.9902,1.5372,2.3338,0.0189,1.5602,0.8474,1.2133,1.9735,0.5608,0.3525,1.0772,0.7571,2.1677,1.6888,1.8103,2.3895,1.8410,1.8527,3.8803,2.9449,4.9707,4.7064,4.6023,4.1754,4.1620,2.6296,1.3770,0.1951
-0.2129,-0.2819,-0.3210,-0.1950,-0.0757,-0.2116,-0.3285,0.3824,0.0402,-0.3256,-0.1808,0.3256,1.7934,2.5010,2.8724,3.4664,3.5501,3.0662,1.0245,0.3931,0.5558,0.4918,0.4065,1.5363,0.7275,1.5159,2.0240,3.0584,5.2341,4.7745,3.1963,0.1406,-2.4466,-1.3088,-0.6274,4.7342,6.7993,0.5960,-0.1804,0.8921,-2.8959,-2.9445,0.4279,3.0760,1.8995,2.5393,1.3523,0.7948,1.5683,0.6113,1.0673,1.8794,0.2193,0.4262,0.8503,0.0106,1.9678,1.3746,1.2994,1.2187,-0.6128,1.0616,2.0314,2.2693,5.6749,4.8028,4.7994,3.9742,3.9888,4.0635,1.7681,0.0005
-0.3888,-0.4186,0.0330,0.0951,-0.3895,-0.4485,-0.1128,-0.0152,-0.0387,-0.3807,-0.1200,0.3590,1.7466,2.1895,2.3099,2.5777,3.7668,3.3801,1.7267,0.4552,1.1683,0.8081,0.4974,0.4724,0.7421,1.7552,2.2127,2.1156,0.9273,0.5515,-3.0749,-4.7093,-3.8541,-3.3975,-1.3811,0.8818,2.7802,-0.4032,-2.6582,-3.0338,-3.8266,-3.8490,-3.4220,-1.7084,-0.3008,0.2316,0.1558,0.4350,2.1241,2.0183,1.9200,1.6888,1.4267,1.3050,0.6553,0.6132,2.2714,2.2512,1.5541,0.8333,0.0094,0.5878,0.6489,2.2944,5.3914,5.0614,4.3710,3.2534,3.3754,5.1256,4.2286,1.4071
-0.5952,-0.4721,-0.1131,-0.5411,-0.3967,-0.3980,-0.0068,-0.2199,-0.0739,-0.4194,0.0735,-0.0195,1.6243,2.1379,2.2433,2.3167,3.6836,3.5354,1.9273,0.0549,1.2260,1.1732,0.8236,0.3378,1.0797,1.8127,2.1387,1.4517,1.2620,0.5515,-3.7577,-2.9418,-0.9862,-0.1224,2.4249,1.8058,2.5456,3.1464,3.1878,1.5675,-2.2041,-2.7796,-3.3451,-1.6069,0.5106,0.4586,-1.3999,-0.6962,1.9302,2.2645,1.4335,1.6999,1.8731,2.0286,1.0115,1.4404,3.3052,2.7169,1.8304,1.6692,0.2585,1.5186,2.4938,2.6639,5.1235,4.6161,3.3467,2.5492,4.1572,5.3931,4.6094,1.6268
-0.6005,-0.4750,-0.5295,-0.4894,-0.6012,-0.5102,-0.3184,0.0132,-0.2040,-0.3107,-0.1284,0.0777,1.2069,1.9850,2.0691,2.8486,3.5892,3.7478,2.1288,0.1693,1.1064,1.6612,0.4547,0.5811,0.0086,1.6770,2.1632,1.1348,0.7565,-0.0027,-3.9414,-2.0270,-1.4268,0.1725,2.1069,2.3805,3.6108,3.3591,5.3270,5.3917,2.8147,2.2370,1.6020,2.0951,1.1112,-1.1006,-0.9090,-0.5583,2.6417,3.1332,3.0725,2.5180,3.0335,2.4182,2.5796,1.7069,4.0990,3.0307,2.8308,2.1138,1.9714,2.4683,3.4492,3.2262,6.1859,4.5913,3.2889,2.5109,4.0828,4.9951,3.6990,1.0486
-0.2197,-0.0932,-0.2939,-0.5696,-0.4864,-0.4791,-0.5887,-0.0676,-0.0893,-0.2776,-0.1765,0.1160,0.8792,1.5284,2.3173,3.1886,3.8874,3.7759,2.4955,0.0824,0.7256,0.9911,1.0213,-0.3113,0.0948,0.8041,1.7595,0.9620,0.6495,-0.2106,-1.4610,-2.0493,-2.1075,-0.8017,0.1048,0.1262,1.8875,2.3633,2.5794,3.9476,2.4777,2.6970,2.6918,3.9277,2.8407,0.0160,0.8424,1.9506,3.0920,2.5621,3.5590,3.9067,4.7976,4.1230,5.5127,4.9454,6.1398,5.0627,3.8937,3.2091,2.8245,3.2244,3.0217,2.0536,6.3377,5.9642,4.0831,2.6353,4.3501,4.9953,4.1209,1.9471
-0.5100,-0.5164,-0.7794,-0.7554,-0.5755,-0.5642,-0.3449,-0.0781,0.4768,0.1344,0.2975,0.3625,0.5070,1.1380,2.1411,2.8401,3.7587,3.7250,2.3487,-0.2775,0.4566,0.6136,0.5363,-0.7651,-2.0767,0.6110,0.9276,1.1420,-0.4038,-0.2220,-1.1973,-2.4970,-1.9731,-2.7391,-2.8659,-1.6543,-0.6291,-0.0104,-1.6090,0.0678,-1.6388,0.3529,-0.8141,-0.1090,-1.7524,-3.2605,-3.9117,-1.1851,-0.7856,-0.5977,-0.9996,0.7255,2.5149,4.7074,4.9128,5.2994,6.8246,6.0792,4.8788,4.2392,2.5744,2.8671,1.8931,1.8506,5.1281,6.2305,6.6792,4.7690,3.6987,3.9016,4.5016,4.6073
-0.4950,-0.5126,-0.7907,-1.0596,-0.4586,-0.4137,-0.1885,-0.4776,0.3504,0.0881,0.3667,-0.0483,0.0354,0.8902,1.7389,2.3389,3.3741,3.5010,2.2873,-0.3197,0.5402,0.6428,0.5390,-1.4205,-1.9268,-0.2320,1.5858,0.8824,-1.5944,-2.1618,-2.1701,-2.1075,-2.1286,-3.6726,-3.5969,-2.1975,-0.1435,-1.4520,-3.8685,-2.2820,-3.9997,-2.6917,-4.4062,-4.0282,-4.3134,-5.4745,-5.0386,-1.7846,-1.5515,-1.3984,-2.4775,-0.6663,3.5906,4.3572,4.3225,5.1456,7.7560,7.3296,6.5967,5.6416,4.2134,3.4568,2.3538,2.4963,5.4558,6.7575,6.1948,6.9457,5.4210,4.6229,4.9368,6.3751
-0.7841,-0.8194,-0.9804,-0.7164,-0.4940,-0.2892,-0.4198,-0.2404,0.0676,-0.0322,0.0461,-0.1211,0.0800,0.6940,1.4765,2.5560,3.2326,3.3458,2.0561,0.0932,0.6544,0.7211,-0.1918,-2.5802,-3.2593,-2.5084,1.0576,1.1730,-1.0249,-1.2007,-3.2002,-2.2227,-2.5163,-3.0339,-2.3539,-1.5961,-1.9093,-2.4834,-4.8887,-3.1207,-4.9776,-5.2387,-4.9947,-4.9474,-4.3637,-5.5583,-4.3502,-3.0989,-1.6076,-1.5127,-2.1293,-1.3015,1.8596,2.5469,4.4597,4.2218,7.1154,7.1950,6.9750,5.4848,5.0714,4.2368,3.4484,3.2208,6.4766,7.3985,7.3658,7.5090,6.5678,6.3921,6.4633,7.3354
-0.5536,-0.8841,-1.0876,-0.7978,-0.2678,-0.2554,-0.4795,-0.2061,0.1352,-0.3955,-0.2962,-0.1263,-0.0188,0.3978,1.2504,2.5219,3.6347,3.2568,1.6420,-0.1100,0.8349,0.1891,-1.3065,-3.7434,-4.3837,-3.9775,0.4286,1.7856,0.1325,-1.2109,-3.1427,-1.3383,-1.6209,-1.7477,-1.5577,-1.4861,-1.5787,-2.6144,-4.2132,-3.2595,-5.0085,-5.7903,-4.4375,-4.1945,-4.3534,-5.0004,-3.9639,-2.8998,-1.5756,-0.9936,-0.6182,-0.2663,1.0703,1.3660,2.6927,2.6445,6.0189,6.5219,6.4704,5.6760,5.2647,4.6362,4.3463,4.0220,6.1777,7.7309,8.9330,8.5530,6.9108,7.0084,7.4570,8.0931
-0.9247,-1.1192,-1.0151,-0.5057,-0.0563,-0.0671,-0.2457,-0.3843,-0.4330,-0.6864,-0.4093,-0.2048,0.0289,0.3288,0.9328,2.2029,3.4394,3.2968,2.1597,0.2800,0.5121,-0.2624,-2.1214,-4.7890,-6.5553,-5.3404,-0.8990,-0.0335,-0.9696,-1.2978,-2.3136,-2.5456,-1.2663,-1.1953,-2.8574,-2.4236,-2.3862,-3.1094,-5.4382,-5.1273,-7.2695,-6.7528,-6.5798,-6.0138,-5.0608,-4.8398,-5.3274,-4.6753,-1.7525,0.0499,0.3448,-0.4815,-2.0397,-2.3169,-2.8643,-1.8243,-0.4528,0.4893,0.4491,1.1880,3.6879,3.9830,3.6434,4.0764,3.5612,4.3886,5.0287,5.8137,3.0919,3.4691,3.4827,3.6765
-0.8712,-1.0164,-0.8926,-0.9248,0.1192,-0.1908,-0.1772,-0.6062,-0.2609,-0.5462,-0.1219,-0.3215,0.0511,0.4607,0.9172,1.8383,3.3966,3.3675,2.1976,-0.3649,0.3309,-0.3930,-2.2901,-5.0744,-5.9834,-5.0104,-0.4877,-0.6267,0.9563,0.8542,-0.2745,-1.4382,-0.7212,-1.4981,-2.7780,-2.2039,-1.9507,-4.3228,-6.1536,-6.1036,-6.8951,-6.8298,-6.7304,-5.3496,-4.4198,-4.2807,-3.8212,-1.9000,-0.4933,0.7163,0.3166,0.2925,-2.0169,-1.7912,-2.0300,-1.5270,-0.8810,-0.1207,-0.3462,0.7859,4.1841,4.1057,4.0046,4.4913,6.5862,5.4778,4.9924,6.7597,4.8529,3.6665,3.7942,4.6828
-0.9154,-0.9527,-0.9545,-0.6385,-0.0801,-0.2738,-0.4875,-0.6045,-0.2164,-0.3644,-0.3393,-0.1968,0.1750,0.5812,0.9603,2.2864,3.0810,3.1069,1.9593,-0.2438,-0.0706,-0.3605,-2.2188,-4.0863,-5.0178,-4.0468,-1.2923,-0.4140,1.7309,1.9987,0.4948,-0.3824,-0.3544,-1.5290,-2.7976,-1.7363,-1.8073,-4.1852,-5.7459,-5.8272,-6.0312,-5.3220,-6.3500,-4.8981,-3.6940,-3.0603,-2.3276,-0.0299,-0.0471,0.0944,-0.3452,0.1843,-1.2266,-1.1439,-0.8069,-0.8175,1.3837,1.3424,1.3701,1.9872,5.0706,5.1798,5.3034,5.7082,8.2813,6.1210,5.7688,6.1270,6.1337,4.7321,4.2171,5.4495
-0.6361,-0.8818,-0.9081,-0.2956,0.2298,-0.1961,-0.5836,-0.4657,-0.2426,-0.3674,-0.3432,-0.1623,0.4377,0.7290,1.2795,2.4426,3.3710,3.0267,1.5758,-0.6142,0.3685,-0.3637,-1.2543,-2.7574,-4.0906,-3.3957,-1.3420,-0.1477,-0.4250,-0.0137,0.2013,-1.2993,-0.0155,-2.1692,-3.1252,-2.3976,-2.4106,-4.5319,-5.5223,-5.8824,-5.4413,-5.2984,-5.0786,-4.2705,-3.3978,-3.3963,-1.5046,-0.6470,-0.3910,-0.6862,-1.2969,-0.7084,0.4672,-0.6030,-0.4107,-0.5995,2.0730,2.6771,3.4857,3.3182,5.1482,5.3614,5.4464,5.8262,7.7500,7.7106,5.4290,4.8150,4.1669,5.1826,4.2778,4.2304
-0.0185,-0.3728,-0.1021,0.2436,0.5737,0.3465,0.2502,0.2463,0.6454,0.5391,0.8600,0.7795,0.0051,0.4929,1.2823,2.3452,2.7210,2.6032,1.4493,-0.8623,-0.3328,-0.3450,-1.0582,-2.1027,-4.0250,-2.9536,-1.7172,-1.0703,-0.8450,-1.0582,-1.3998,-3.7942,-3.5143,-3.3099,-3.8379,-4.1898,-3.3172,-4.3094,-5.5960,-7.2805,-4.8749,-2.5606,-1.6965,-0.8900,-2.5125,-2.8450,-3.2480,-2.3348,-4.3538,-3.6315,-3.4217,-1.6416,-0.6551,-1.2908,-1.8392,-1.4581,0.8037,2.3422,2.4670,1.9979,2.3157,3.3188,2.9102,3.0664,5.7142,5.2861,3.0714,3.1267,3.1016,4.1176,3.9805,2.1705
-0.1281,-0.2080,-0.1336,-0.2183,0.4433,0.3389,0.2792,-0.1369,0.5810,0.7134,0.9664,0.4847,-0.2367,0.6305,1.6373,2.2535,2.7899,2.7328,0.8359,-1.5401,-0.2734,-0.2983,-0.8255,-1.7882,-3.0858,-2.3768,-1.1152,-2.1518,-1.2199,-1.4764,-1.7088,-4.1241,-3.7660,-3.4834,-3.7463,-3.0694,-2.6132,-4.5383,-6.7551,-8.0597,-3.8423,-1.7616,-1.8504,-1.0056,-1.5215,-1.4461,-2.1650,-2.5230,-5.0448,-5.1402,-4.3312,-2.0251,-1.5510,-2.2744,-2.5201,-1.7562,1.0587,1.2632,0.8887,0.9339,2.1532,2.9312,2.6571,2.8009,5.4733,3.9781,3.1574,2.5347,3.3553,3.7822,3.2866,2.5293
-0.2651,-0.2402,-0.1325,0.0433,0.2563,0.2940,0.2008,0.3225,0.7599,0.8523,0.8925,0.6095,-0.2719,0.7750,2.1665,2.7327,2.7826,2.5060,0.0265,-1.3713,-0.4769,-0.3388,-0.6157,-0.9899,-2.6538,-1.8177,0.2062,-2.0355,-1.2659,0.0258,-0.9616,-4.4151,-4.3988,-3.8884,-3.5175,-3.1985,-3.6847,-4.9553,-6.5283,-7.0361,-3.5050,-0.5263,0.1952,0.3957,-1.7058,-0.5012,-1.9840,-2.6433,-5.2778,-5.2429,-3.8915,-2.2500,-2.6512,-3.9759,-3.4283,-4.0323,-0.5870,-0.7771,-1.1657,-0.8405,-0.2536,0.4733,1.6348,1.2981,3.1452,3.0754,3.1631,2.8343,2.9725,2.8152,2.4843,2.2473
0.0918,-0.1863,0.0779,0.3308,0.4907,0.2043,0.3419,0.6940,0.9671,0.7092,0.7198,0.6429,0.0339,0.9465,2.4371,3.2853,3.3966,2.2881,-0.6051,-1.3024,-0.1345,-0.9517,-0.6398,-0.2357,-1.9668,-1.7421,1.9644,-0.8958,-1.1429,0.3349,-1.5966,-4.5034,-3.5621,-4.1357,-2.9254,-2.6325,-2.3842,-3.5699,-5.3821,-5.2672,-2.9887,0.1216,1.1637,0.9014,-1.8889,-1.0022,-0.1337,-2.9557,-5.3500,-5.3550,-4.0653,-2.7806,-4.1283,-6.4640,-6.9006,-7.2588,-2.8501,-2.5668,-2.0025,-1.0849,-1.1153,-0.7670,-0.5994,1.3371,2.8249,2.4948,3.0968,2.8451,2.5794,2.5553,1.3333,0.5299
