-4.1911,-3.9510,-4.4608,-4.7102,-4.9433,-5.2535,-5.3261,-4.9264,-4.7720,-4.2666,-4.3587,-4.2948,-4.3015,-3.8213,-2.8717,-2.2942,-2.5310,-2.5275,-2.7364,-2.8753,-3.2510,-2.9937,-2.6783,-2.1373,-2.2276,-2.4730,-2.6756,-3.0136,-3.4901,-3.4929,-3.2871,-3.0967,-3.4753,-4.3331,-1.3232,-1.1176,0.2722,-0.8093,0.6551,-1.6499,-2.1122,-3.6470,-4.6282,-3.5435,-3.2900,-3.2051,-0.5782,-3.0415,-1.3969,-6.1017,-7.5872,-7.7480,-9.2380,-10.2307,-9.4435,-8.4963,-8.4879,-8.5458,-5.7272,-4.3192,-5.0521,-5.2018,-5.1207,-4.6637,-5.6512,-5.1027,-4.6483,-3.5781,-2.5940,-0.1650,0.3215,-0.0401
-3.6832,-3.5608,-4.4175,-4.5263,-4.6313,-4.6879,-4.3566,-4.1667,-3.9272,-3.6302,-3.8790,-3.6114,-3.7274,-3.4362,-2.7892,-2.1649,-2.6161,-2.7411,-3.0287,-3.0045,-3.3756,-2.9172,-2.2197,-1.7699,-2.0803,-2.5104,-2.8987,-3.2821,-3.6568,-3.5246,-3.1141,-2.5700,-2.5459,-3.0513,-0.7981,-2.0666,-0.9408,-0.4625,-1.0650,-2.4603,-2.2986,-4.0254,-4.4583,-3.3326,-2.0435,-2.6070,-0.2551,-1.2468,-2.9012,-6.5354,-6.4818,-8.4273,-9.7074,-9.4734,-6.5936,-5.3382,-3.9875,-2.6541,-1.6874,-1.0731,-3.7867,-5.0447,-5.1150,-5.0217,-4.3013,-4.8150,-5.1369,-4.1289,-2.5580,-0.3416,-0.0647,-0.7811
-3.8032,-4.0156,-4.4900,-4.4790,-4.0573,-4.0409,-3.4997,-3.3730,-2.9355,-3.0947,-3.3835,-3.3213,-3.2108,-3.1719,-2.9578,-2.8046,-2.8218,-3.1690,-3.5618,-3.4916,-3.3069,-2.7010,-2.3973,-2.1406,-2.0954,-2.9557,-3.5027,-4.2020,-4.0182,-3.8380,-2.6019,-1.9907,-1.3667,-1.6728,0.1184,-0.4534,0.4126,-0.5929,-2.7706,-4.4095,-3.5181,-4.8865,-5.8842,-3.9448,-2.1630,-2.6416,-1.8601,-1.9199,-3.6697,-5.8824,-5.5262,-7.3929,-7.8782,-5.4311,-3.2419,-1.7597,-0.0931,0.0214,-1.7899,-1.8513,-2.4063,-4.5644,-4.1006,-3.8906,-3.8581,-5.0745,-5.5935,-4.9600,-2.7085,-1.4260,-2.8380,0.6890
-3.7361,-3.8266,-4.3181,-3.8169,-3.1939,-3.0287,-2.5249,-2.2787,-2.1010,-2.6439,-3.0452,-3.2239,-3.0839,-2.8791,-2.8484,-3.1014,-3.1494,-3.2780,-3.3906,-3.1802,-2.8832,-2.2950,-2.0520,-1.8115,-1.8777,-2.7980,-3.4890,-4.2872,-4.0442,-3.5868,-2.3616,-1.6900,-1.2655,0.8808,-0.8937,0.7330,0.5425,-2.3132,-4.9867,-5.7356,-4.9802,-6.2153,-5.3807,-4.9730,-4.0760,-3.0088,-2.6212,-3.1851,-4.4915,-4.4313,-5.6755,-5.7229,-5.5986,-3.8946,-4.0158,-1.9154,-1.1745,-1.7240,-3.3590,-3.1699,-2.2534,-3.8768,-4.2827,-4.0780,-4.4627,-5.7828,-4.5618,-4.3865,-2.2844,-0.4065,0.9563,-0.0211
-3.3861,-3.5557,-4.1521,-3.6229,-2.5968,-2.3791,-2.0043,-1.8573,-1.9845,-2.5892,-2.6634,-2.9545,-3.1531,-3.0237,-3.1699,-3.5811,-3.5229,-3.4671,-3.0995,-2.7131,-2.5165,-2.0499,-1.6993,-1.6122,-2.0345,-2.7788,-3.7428,-4.6133,-3.9224,-3.4973,-2.1475,-1.1082,-0.6197,1.1037,-1.2204,-4.2422,-4.2196,-4.9288,-5.7093,-5.0761,-5.1518,-7.1361,-5.4633,-5.5138,-5.4782,-4.1113,-3.1868,-4.2539,-3.6937,-1.9689,-4.0978,-3.2376,-4.6379,-3.9541,-4.1051,-1.8046,-1.8185,-2.7725,-2.8008,-2.5732,-1.7299,-3.2825,-4.3156,-4.2743,-4.1475,-5.9727,-4.1772,-3.4614,-1.5328,0.3870,1.7603,1.8195
-3.2111,-3.1435,-3.6618,-3.3666,-2.3947,-2.0638,-1.9117,-1.7231,-1.7535,-2.4082,-2.6252,-3.2115,-3.8511,-3.9777,-4.1424,-4.2891,-4.0242,-3.7660,-3.1579,-2.5538,-2.4407,-2.1021,-1.9092,-2.0125,-2.3502,-2.9650,-3.9696,-4.8175,-3.8582,-3.4042,-1.9882,-1.1675,0.6376,-2.2619,-3.3609,-3.2006,-2.2150,-3.2662,-3.3752,-3.6774,-6.3752,-6.9127,-5.8404,-5.9407,-5.9694,-4.9617,-3.7755,-4.5985,-3.4897,-1.0542,-3.8833,-1.4364,-3.7030,-4.0354,-4.0427,-1.9603,-2.3603,-3.3641,-2.5680,-2.2840,-1.7434,-4.7268,-4.6599,-3.9554,-3.3212,-5.0847,-3.9722,-3.0437,-2.4043,0.0384,1.4730,1.6722
-2.8436,-2.7463,-3.0474,-2.8954,-2.4133,-2.1434,-1.9322,-1.7090,-1.5798,-2.2000,-2.5630,-3.4950,-4.0790,-4.5737,-4.7442,-4.6305,-4.4049,-4.0671,-3.1842,-2.5269,-2.3166,-2.0239,-2.0535,-2.1975,-2.3753,-2.9268,-4.2698,-4.9628,-3.5191,-3.0088,-1.1356,-0.9047,1.5979,-1.3234,0.3657,1.2190,1.3783,0.5445,0.0311,-4.0502,-6.3216,-5.4658,-5.2291,-5.6568,-5.8032,-5.2568,-4.4081,-4.6075,-2.8533,0.0073,-2.3110,1.5012,-1.6700,-3.4802,-4.4747,-3.0165,-3.0141,-4.5266,-2.9265,-1.8875,-2.6781,-4.0946,-3.6484,-3.0184,-1.6236,-4.4841,-3.2304,-2.1811,-1.4693,-0.5523,0.7914,0.6041
-2.5287,-2.4271,-2.6242,-2.5836,-2.3001,-2.1502,-1.9165,-1.5625,-1.4031,-2.1820,-2.6253,-3.4802,-4.1997,-4.8415,-5.1674,-5.0464,-4.7456,-4.4803,-3.4044,-2.5877,-2.4578,-2.2250,-2.2028,-2.1670,-2.3002,-2.9647,-4.4370,-5.0935,-3.5086,-2.8147,-0.8215,1.3976,-0.3230,1.3985,1.6167,1.0442,1.1912,1.4014,-1.5247,-5.1181,-5.6982,-4.6359,-4.9292,-5.4121,-6.0360,-5.5352,-6.1601,-4.8541,-2.6917,0.5807,-0.9200,2.2836,-2.9606,-3.7985,-2.9810,-3.3700,-3.8140,-4.9070,-2.9976,-2.3478,-3.0351,-2.6643,-1.5525,-1.3553,-0.7130,-2.8713,-1.8569,-1.0517,-1.0325,-0.7567,0.9988,0.6789
-2.0925,-2.0519,-2.3893,-2.3989,-2.2453,-1.9265,-1.7654,-1.4534,-1.4097,-2.3080,-2.9645,-3.6985,-4.5389,-5.2585,-5.5149,-5.3877,-5.1993,-5.0645,-4.1861,-3.2719,-2.7132,-2.3229,-2.1788,-2.1783,-2.3256,-3.0793,-4.7577,-5.1062,-3.1603,-2.0556,0.4746,6.3047,0.4280,2.7278,2.2232,0.9489,1.9787,2.3694,-3.3801,-5.5341,-3.8674,-3.6402,-4.5506,-5.1113,-5.2181,-4.6474,-7.6931,-5.8888,-2.6126,0.8938,-1.3774,0.2853,-2.0609,-3.3490,-2.2129,-4.9107,-5.4297,-5.0307,-2.1078,-1.8170,-1.1708,0.9092,1.5874,0.3222,-1.7459,-1.8113,-0.7641,0.3795,0.2993,-0.0686,0.6079,0.2045
-1.6471,-1.5722,-2.1107,-1.9753,-1.8826,-1.8407,-1.6028,-1.2097,-1.3209,-2.4315,-3.0447,-3.5891,-4.0935,-4.9977,-5.4743,-5.3417,-5.2087,-5.0751,-4.6168,-3.7655,-2.8069,-2.0986,-2.0513,-1.9215,-2.1350,-3.0406,-4.6752,-5.0430,-3.0717,-2.0096,3.2956,2.0056,1.9109,4.1543,3.4453,2.1822,2.3484,2.5139,-2.5198,-4.0496,-2.4673,-3.2357,-4.7668,-5.4156,-5.5544,-5.1802,-8.7038,-6.5571,-2.6951,1.1526,-1.0587,0.9157,-0.9763,-5.1154,-1.5949,-2.1632,-4.1128,-4.2098,-0.1803,0.3842,1.0427,2.0767,1.9302,1.3727,-0.5171,-0.3737,0.1334,1.5828,1.3050,0.6022,0.6683,0.9251
-1.2707,-1.0139,-1.7259,-1.6780,-1.6266,-1.6114,-1.2224,-1.1628,-1.5550,-2.6891,-3.2173,-3.3942,-3.7012,-4.5005,-4.9625,-5.2134,-5.2588,-5.1031,-4.7220,-4.0211,-3.0637,-2.2475,-1.9533,-1.7753,-1.8600,-2.9091,-4.2470,-4.5588,-2.3064,-1.4264,5.3709,2.7498,2.7429,4.3766,4.6638,2.9729,1.8361,1.5419,0.4358,-1.7641,-1.4296,-2.9692,-5.6253,-6.0707,-6.2988,-6.0342,-5.1319,-3.6515,-1.7444,0.7696,1.8100,1.9565,-0.2855,-5.3443,-3.0155,0.2794,0.4696,0.4804,2.4761,1.9076,2.1865,2.7904,3.0149,1.4135,1.3684,1.6538,2.3059,2.6260,2.2007,0.9578,0.5466,1.5111
-0.9114,-0.7393,-1.3224,-1.2274,-1.2760,-1.3269,-0.9657,-1.0381,-1.6787,-2.6926,-3.0315,-3.1797,-3.0350,-3.6778,-4.3509,-4.8061,-4.9831,-4.8515,-4.5783,-4.0926,-3.2558,-2.4468,-1.8476,-1.4370,-1.4567,-2.5014,-3.8003,-4.2740,-1.4204,-0.0064,2.1558,5.2579,3.1770,5.1452,4.9562,2.6509,1.3658,0.8156,0.3368,-0.6163,-1.9986,-3.6474,-6.7172,-7.5879,-7.0369,-7.3533,-5.5861,-3.8384,0.3341,1.2283,2.5017,0.7750,0.9303,-3.2728,-2.5750,-3.6326,0.5156,1.5506,3.1132,2.7888,2.1085,2.5850,2.9688,1.9061,1.8279,1.9218,2.4639,2.7108,1.8628,1.7223,1.7468,2.2543
-0.8748,-0.6754,-1.0874,-0.9165,-0.9885,-0.9996,-0.5426,-0.8393,-1.5764,-2.0942,-2.6681,-2.7534,-2.7070,-2.9399,-3.7906,-4.1493,-4.1884,-4.1756,-4.3656,-4.0727,-3.2465,-2.5386,-2.0365,-1.2867,-1.0290,-2.0499,-3.2423,-3.8388,-1.0802,-1.7062,1.2535,2.5585,1.8413,4.3429,5.2647,2.8783,1.0387,-0.3071,-0.9169,-1.1442,-2.7610,-5.1034,-6.9112,-8.4088,-7.7256,-6.2182,-3.8700,-2.9555,0.3083,0.0915,1.8713,0.3827,1.7351,-0.7260,-0.2929,-2.3257,-0.8641,2.4432,1.4357,1.1453,2.0429,2.1311,2.2464,1.5936,1.8267,2.2087,1.7724,2.8831,1.6634,1.4232,1.3884,1.6860
-0.6150,-0.2591,-0.9365,-0.8075,-0.8787,-0.8031,-0.3468,-0.8227,-1.4650,-1.9907,-2.4272,-2.4521,-2.2993,-2.3125,-2.8359,-3.1419,-3.1822,-3.4029,-3.8563,-3.7675,-3.2485,-2.7637,-2.2677,-1.0991,-0.7223,-1.4221,-2.5106,-3.3453,-1.1210,-1.8343,-0.9159,-0.3387,0.1850,3.3144,5.0541,3.3450,1.9289,-0.4851,-1.2525,-2.2082,-3.7018,-5.2543,-6.4733,-7.5602,-8.5893,-4.7078,-3.3622,-2.6778,-1.1303,-0.1190,0.6082,-0.4798,2.0835,-0.6298,-0.3227,-2.9132,-2.3806,-0.0880,2.2180,0.9802,1.4992,2.2850,1.4515,1.0336,1.0731,0.9015,1.5333,1.4124,0.6619,0.5415,0.7228,1.0832
-0.2407,-0.2348,-0.7695,-0.7677,-0.8839,-0.7977,-0.7202,-1.2558,-1.4899,-1.9295,-2.2734,-2.3092,-2.1123,-1.9820,-2.0757,-2.1103,-2.3192,-2.7625,-2.9902,-3.1840,-2.8456,-2.5626,-2.1290,-0.7368,-0.2913,-0.5270,-1.5073,-2.7165,-1.1991,-3.4658,-4.5569,-2.8100,1.1676,3.2190,4.9408,3.8416,1.9307,-0.3873,-2.1344,-2.6093,-3.4343,-4.4931,-5.2171,-6.0240,-6.6922,-3.8057,-4.2615,-3.1496,-1.8891,-1.3725,-0.0245,0.2207,-0.4181,-1.5469,-1.0587,-4.3487,-4.9545,0.1969,2.2479,2.0421,0.5293,1.4576,0.4613,0.0653,-0.5615,-0.5011,0.1044,0.5727,0.5348,0.8053,1.8633,2.7699
-0.3239,-0.3079,-0.8742,-0.7945,-0.8318,-0.7359,-0.7051,-1.1905,-1.4221,-1.7092,-1.8301,-1.8739,-1.7198,-1.7024,-1.6431,-1.5974,-1.7658,-2.1349,-2.4345,-2.7604,-2.5111,-2.4372,-2.0766,-0.6199,-0.1793,-0.0791,-0.6602,-1.7341,-0.2866,-1.9451,-2.3045,-0.4074,1.3472,1.5350,3.3833,4.0319,2.7723,0.7584,-1.0016,-1.4792,-2.2358,-3.2175,-4.1529,-4.7898,-3.1010,-3.8093,-3.8101,-3.3123,-1.6682,0.5781,-0.9806,-1.9336,-1.5616,-1.9980,-3.5359,-2.7496,-4.8391,-1.9340,0.8986,1.2767,1.0506,0.3648,-0.0589,0.3863,-0.5907,-0.9661,-0.5202,-0.3332,0.0895,0.3906,1.1005,1.5787
-0.2788,-0.1144,-0.6199,-0.6641,-0.7388,-0.7813,-0.8222,-1.3748,-1.6014,-1.6047,-1.6959,-1.5734,-1.5102,-1.5578,-1.7397,-1.7716,-1.7038,-2.1074,-2.4653,-2.6987,-2.4285,-2.3407,-2.0163,-0.6077,0.1556,0.2526,-0.1410,-0.6340,0.2779,-0.7743,-0.0189,1.7854,1.8848,1.1006,1.6713,3.5854,4.1560,2.3607,1.0247,0.5641,1.2708,-0.8952,-2.2129,-2.3282,-4.3466,-4.9816,-2.7968,-1.9287,-0.8969,0.2728,-2.9185,-3.0019,-2.4842,-1.1554,-2.6929,0.2756,-4.0259,-3.1664,0.0863,0.3209,0.1054,-0.2366,-0.3391,-1.0113,-0.8670,-1.3604,-1.0343,-0.5459,0.0316,0.5478,1.0890,1.5967
-0.3444,-0.0198,-0.5673,-0.5881,-0.7523,-1.1418,-1.4091,-1.9097,-1.7004,-1.4956,-1.3685,-1.2236,-1.1601,-1.2226,-1.5494,-1.7130,-1.6746,-2.0385,-2.2959,-2.4270,-2.1755,-1.9372,-1.5991,-0.6139,-0.0409,0.1020,-0.6502,-0.9685,-0.5012,-1.7247,1.8730,1.2371,1.8486,2.4736,1.2556,2.8943,4.5748,2.7197,1.8375,2.3491,0.7576,-0.0770,-1.0384,-1.7103,-4.2702,-4.5454,-3.2331,-1.4776,-0.3719,-0.1740,-2.9803,-1.8920,-2.5086,-1.1757,-1.7231,-0.0888,-2.1996,-3.4436,-1.1267,-0.9868,-0.8898,-0.4745,-0.6840,-1.3244,-1.1495,-1.1436,-0.9027,-0.3437,0.3101,0.4277,1.1524,1.1829
-0.1926,-0.0315,-0.5630,-0.6632,-0.9664,-1.7782,-2.1602,-2.3987,-2.2346,-1.7363,-1.2778,-1.0914,-0.9932,-1.1550,-1.5734,-1.7077,-1.8203,-2.1570,-2.3652,-2.4750,-2.1834,-1.9110,-1.1863,-0.5975,-0.2979,-0.5027,-1.0680,-0.9092,-1.0807,-2.9752,0.7604,3.3155,3.1255,1.8889,-0.2481,0.6341,1.6007,1.2368,2.3038,0.3990,2.3675,1.4645,-0.1564,-1.9204,-3.7757,-3.1594,-3.4629,-0.7829,-0.9436,-1.3042,-2.8597,-0.8012,-1.5343,-2.4776,-1.1550,0.5245,-2.5863,-3.1225,-1.7855,-1.5912,-1.3495,-2.3193,-1.9133,-1.9896,-2.6000,-1.4182,-0.3307,0.1245,1.0501,1.3165,1.3795,1.5643
-0.2214,-0.1188,-0.5292,-0.7312,-1.2764,-2.0045,-2.3481,-2.3945,-2.1698,-1.4843,-0.8539,-0.6989,-0.6538,-1.0790,-1.4753,-1.7513,-1.8608,-2.1258,-2.3589,-2.4302,-2.1085,-1.7835,-0.9785,-0.6779,-0.6200,-1.2577,-1.7919,-1.7946,-1.9875,-4.0327,-0.6132,0.7768,-0.8894,0.2308,-1.4227,-2.0279,-2.3525,-0.7275,0.0897,1.6026,3.8039,1.9786,0.1710,-2.0828,-3.8525,-2.9886,-2.0930,0.6961,0.2313,-0.8502,-2.2004,-2.2143,-1.3978,-1.9531,-2.0133,-0.9607,-2.2173,-3.6685,-2.7304,-1.3081,-1.1683,-1.6444,-2.4820,-1.8022,-1.9434,-1.3506,-0.3702,0.1048,1.2672,1.3668,0.7464,1.7570
-0.2575,-0.2439,-0.7735,-1.1655,-1.5421,-2.0210,-2.3213,-2.3368,-1.8010,-1.1907,-0.7793,-0.5706,-0.6620,-1.2304,-1.7374,-1.8692,-1.8264,-2.1699,-2.5939,-2.5949,-2.3352,-1.8338,-1.2174,-1.0381,-1.0285,-2.0145,-2.7332,-2.7081,-1.0061,-1.4991,-0.2403,1.8470,1.1596,0.9999,1.3398,1.7055,2.1392,1.4740,4.7624,4.8896,5.2589,3.4611,0.0992,-2.8990,-3.6580,-2.2887,-0.5096,0.4058,0.2820,-1.1238,-1.0493,-1.4743,-0.1659,-0.2335,0.2190,-0.7718,-1.2494,-3.1842,-4.0246,-0.9652,-2.2335,-2.2663,-2.3281,-2.2505,-1.3849,-0.9689,-0.2860,-0.0325,0.2262,0.7338,1.0681,1.2957
-0.3770,-0.5884,-1.3621,-1.7844,-1.9750,-1.8907,-1.7051,-1.5123,-1.1853,-0.8328,-0.5942,-0.5482,-0.7933,-1.6508,-1.8014,-1.8015,-1.8027,-2.0855,-2.3984,-2.3930,-2.0192,-1.5537,-1.3151,-1.2485,-1.5852,-2.3178,-2.8236,-2.6936,-1.0812,-1.7718,-0.5834,0.3925,2.2590,3.4915,3.1246,3.1272,0.6004,4.5509,4.8415,6.6880,7.0603,3.2520,-0.8733,-3.5007,-3.9861,-1.1283,-0.8696,-0.6015,0.7682,-3.6782,-4.2707,-2.9886,-0.5593,0.2488,0.4161,-1.4605,-2.2159,-3.3076,-4.3544,-2.5835,-1.6783,-1.9955,-2.2699,-2.4450,-1.8103,-1.5541,-0.7719,-0.8797,-1.0240,-1.0230,-0.2529,0.6154
-0.3758,-1.1307,-2.1689,-2.4858,-2.2700,-1.5842,-0.9836,-0.9637,-0.7943,-0.6296,-0.5577,-0.5555,-1.3206,-1.9442,-1.8740,-1.7791,-1.6268,-1.9439,-2.0965,-2.0473,-1.7714,-1.5262,-1.4003,-1.7475,-2.1403,-2.6109,-3.1189,-2.2095,-1.6255,-3.3702,-2.3794,-0.6968,2.4193,3.4541,5.2341,3.1156,1.1140,4.3200,8.0987,10.4785,6.0516,1.9223,-1.8968,-4.6371,-3.8945,-1.5934,-2.1052,-1.5380,-1.9724,-3.3316,-3.9895,-3.8249,-2.5230,-1.3295,-1.1017,-2.9715,-3.5206,-4.1936,-5.2327,-3.1218,-1.4497,-2.2302,-2.1750,-2.2109,-2.0288,-2.2118,-1.8074,-2.6191,-2.8632,-2.6186,-2.3179,-1.3986
-0.7854,-1.7268,-2.6430,-2.6564,-2.2420,-1.1283,-0.5538,-0.5898,-0.5762,-0.6000,-0.5454,-0.6959,-1.6751,-1.8976,-1.8326,-1.5076,-1.4354,-1.5924,-1.6287,-1.5727,-1.4691,-1.3800,-1.5536,-2.1593,-2.5816,-2.9135,-3.1708,-1.9064,-2.2071,-2.8112,-3.5169,-1.4271,0.8442,3.4809,5.0146,2.1398,0.6725,5.3989,9.7290,9.8162,5.6352,0.4484,-3.2976,-4.8224,-4.0023,-2.1389,-2.7235,-2.5654,-3.8503,-2.5885,-3.1254,-3.8228,-0.9329,-1.3457,-1.5431,-2.5888,-3.3594,-3.8876,-4.7323,-4.3560,-3.2018,-1.3402,-1.6126,-2.2284,-2.4549,-2.9290,-3.0653,-3.6194,-5.5403,-4.9479,-3.6474,-2.5963
-1.3404,-1.9715,-2.7561,-2.6827,-1.8936,-0.7701,-0.5634,-0.5286,-0.4566,-0.5643,-0.5021,-0.9722,-1.6907,-1.8265,-1.4841,-1.2573,-1.2513,-1.3037,-1.2006,-1.1137,-1.1435,-1.2855,-1.6379,-2.2356,-2.8842,-3.1968,-3.1335,-2.0809,-2.7945,-3.2495,-1.3568,-0.6253,-2.7152,0.2151,3.6009,2.4222,4.5317,6.7848,10.4517,9.4880,4.0335,-1.0518,-2.8769,-3.7723,-4.6559,-2.9603,-4.5150,-3.9367,-4.2506,-2.4356,-2.6338,-2.8152,-2.7470,-3.3826,-3.0333,-3.3290,-3.6787,-4.2931,-4.7212,-4.4657,-4.6135,-2.8169,-2.4702,-2.0986,-2.3612,-2.2397,-3.0220,-3.8635,-5.0711,-5.2525,-3.8242,-2.6414
-1.8298,-1.9812,-2.5507,-2.1731,-1.1349,-0.4863,-0.4274,-0.4266,-0.6510,-0.6920,-0.7938,-1.1456,-1.4968,-1.3996,-0.9323,-0.9476,-0.9092,-0.8027,-0.6977,-0.7576,-0.8871,-1.1626,-1.6785,-2.3684,-3.0469,-3.4359,-3.2665,-3.1253,-3.6648,-3.2869,-1.9946,-1.7858,-1.9124,-1.2722,1.8850,1.4325,4.3002,7.9386,10.3568,7.6562,1.9526,-2.4485,-3.1841,-3.3041,-3.8931,-3.9254,-5.0407,-6.1007,-4.5925,-3.4717,-2.4775,-2.2530,-2.1246,-3.1912,-3.4951,-4.4679,-5.3613,-3.1220,-3.5412,-3.7194,-4.2124,-3.6251,-3.6368,-2.8456,-2.5910,-2.4816,-2.6191,-3.5784,-4.3864,-4.7314,-3.9729,-2.7197
-1.8695,-1.5602,-1.5697,-1.0505,-0.5934,-0.4976,-0.3644,-0.3848,-0.6988,-1.0190,-1.1627,-1.1066,-1.0049,-0.7830,-0.4653,-0.5421,-0.6388,-0.4530,-0.3494,-0.3638,-0.5771,-1.1097,-1.5189,-2.3143,-3.0913,-3.3214,-2.0685,-2.5988,-3.6853,-3.3385,-0.7943,-2.1215,-2.4213,-0.9830,0.5963,1.4984,5.7972,8.9250,7.0482,3.5467,-0.8506,-3.8003,-3.4599,-3.1935,-3.3069,-3.5857,-3.6636,-6.3086,-7.4775,-4.9621,-3.3557,-2.2245,-2.6022,-2.7748,-4.9606,-5.2678,-2.5487,-2.9249,-4.0365,-3.6173,-3.5446,-3.2467,-3.0525,-2.8582,-3.1156,-2.6047,-2.2123,-2.3874,-4.0284,-4.1533,-4.0082,-2.9531
-1.8995,-0.6561,-0.7152,-0.5821,-0.5091,-0.3734,-0.3183,-0.5642,-0.9085,-1.3486,-1.3364,-0.9237,-0.5042,-0.2340,-0.1829,-0.2501,-0.2705,-0.1652,-0.1282,-0.2185,-0.5335,-1.1484,-1.6445,-2.5792,-3.2659,-3.5258,-2.5673,-3.1303,0.0410,-0.2512,-0.1841,-2.9364,-4.4557,-2.5601,-0.0074,1.1856,3.3968,5.0633,3.9302,1.7780,-1.5898,-3.7863,-3.1138,-2.8361,-3.3420,-2.6899,-3.8603,-4.9796,-6.5644,-5.9554,-4.4085,-2.9469,-2.4374,-2.2549,-3.8712,-3.0110,-2.4189,-3.4261,-2.1741,-2.2460,-3.8191,-4.1848,-4.0476,-3.0443,-3.8257,-4.5090,-3.2761,-3.3041,-4.1481,-4.2611,-3.6094,-3.0069
-1.4524,-0.1129,-0.5218,-0.5955,-0.5698,-0.5547,-0.7360,-0.9472,-1.1562,-1.5770,-1.2920,-0.5962,-0.1210,-0.0048,-0.1310,-0.1993,-0.1195,-0.0603,-0.0917,-0.3875,-0.5826,-1.2398,-1.9955,-2.8669,-3.0108,-3.0328,-2.7964,-3.9426,1.4416,-0.4261,-1.4174,-2.6209,-3.4759,-1.8989,1.1356,2.3463,1.0426,1.0539,1.2517,0.4646,-1.8957,-3.4344,-2.8420,-3.5432,-1.9307,-1.0413,-2.9973,-4.5588,-5.5435,-5.1292,-4.4924,-3.5840,-2.4099,-2.4942,-3.1994,-1.9180,-1.6965,-1.6120,0.2896,-0.7917,-2.2994,-3.1211,-3.3420,-2.6062,-2.9405,-3.4278,-3.3269,-2.2849,-4.0494,-3.7778,-2.5324,-3.0313
-0.6712,0.0398,-0.5159,-0.6509,-0.7827,-1.1900,-1.2671,-1.3210,-1.2974,-1.5885,-1.3347,-0.3868,0.2638,0.1201,0.0055,-0.1601,-0.0572,-0.0157,-0.0544,-0.3476,-0.6181,-1.3344,-2.1295,-2.9995,-2.6925,-2.6101,-2.3855,-3.2166,0.9657,0.9358,-2.4285,-2.4815,-1.7333,-1.0102,0.9760,2.5124,1.4220,0.4740,0.5136,1.1192,-0.8283,-1.8461,-2.4320,-2.9984,-1.3510,-0.6214,-2.8308,-4.2341,-4.8719,-4.5035,-3.7586,-3.4865,-2.6478,-2.5556,-1.8603,-1.1101,-3.3392,-1.2038,-0.0100,-0.8355,-1.8973,-2.0905,-2.1709,-2.7331,-2.4952,-3.0643,-3.0795,-3.0413,-3.2326,-3.1638,-2.3970,-2.6973
-0.0830,0.2042,-0.6191,-0.8556,-1.2130,-1.7846,-1.6034,-1.4818,-1.2897,-1.2520,-0.9634,-0.1064,0.2866,0.0044,-0.1900,-0.2436,-0.0745,-0.0573,-0.0792,-0.4180,-0.6646,-1.4202,-2.0919,-2.7578,-2.5500,-2.5525,-0.7934,-2.0149,-2.0805,-0.1299,-1.1395,-1.6337,1.2046,2.3368,3.8039,4.5195,3.9552,2.7196,2.8068,2.0736,-0.0415,-1.9234,-1.8085,-1.9629,-2.2491,-1.8556,-3.3766,-3.2801,-4.0346,-3.5318,-3.1735,-2.8452,-2.7442,-2.1925,-1.9154,-0.4699,0.6406,-0.7769,-0.5812,-0.7576,-0.8775,-1.4009,-1.5130,-3.0806,-2.0384,-2.4352,-3.1908,-3.1158,-3.2413,-2.9420,-3.3745,-3.1051
-0.1419,0.1357,-0.8040,-1.0525,-1.5269,-2.0546,-1.7594,-1.5200,-0.8903,-0.6412,-0.4085,0.0264,0.1333,-0.0629,-0.4188,-0.2964,-0.0866,-0.1273,-0.1240,-0.6238,-0.9108,-1.7282,-2.1056,-2.3665,-2.2176,-1.0038,-0.6404,-1.5923,-1.0403,0.3595,-0.3147,0.4711,2.2114,2.5021,4.6721,4.6444,3.6174,2.2603,2.3634,0.7842,-0.8484,-0.4697,-0.6057,-0.7554,-1.0462,-2.1931,-4.2393,-3.7059,-3.6193,-2.5516,-2.5380,-2.2122,-1.6807,-2.4709,-1.9819,-0.6287,0.0247,-0.8471,-1.1872,-0.6795,-0.5830,-1.3035,-1.6666,-3.0257,-1.8480,-2.4459,-3.1606,-3.5864,-3.1880,-3.6699,-4.3597,-3.3053
-0.2834,-0.1622,-0.8823,-1.3851,-1.8036,-2.0461,-1.9426,-1.4565,-0.5826,-0.2942,-0.1244,-0.0177,-0.1152,-0.4352,-0.7200,-0.5245,-0.2687,-0.3298,-0.3048,-0.8961,-1.4040,-2.0611,-1.9893,-2.0670,-1.7632,-0.4154,-0.5852,-1.8915,-1.9833,-0.6818,-0.7125,-1.6518,-0.4778,-0.0838,1.7029,1.8953,2.0914,2.0434,2.1679,0.7094,-1.0514,-0.2529,-0.4896,0.2558,-0.4530,-2.0148,-3.7075,-3.7021,-2.8602,-1.2268,-1.8921,-1.6334,-0.9108,-2.0198,-1.4272,-0.5542,-0.0429,-1.2692,-0.9912,-0.3370,-0.6812,-1.4624,-1.6453,-2.5192,-2.0789,-2.7257,-3.6477,-4.4024,-4.4213,-4.0574,-4.2404,-3.3031
-0.4409,-0.3000,-1.0855,-1.6501,-1.8138,-1.8612,-1.6806,-1.1972,-0.5405,-0.3204,-0.2637,-0.1478,-0.3476,-0.6996,-0.9926,-0.6962,-0.2799,-0.3720,-0.4812,-1.2917,-1.9080,-2.3237,-1.9314,-2.1671,-1.8562,-0.3839,-1.2562,-1.4708,-2.0288,-1.4969,-2.5208,-2.8343,-1.9559,-0.4815,-0.6280,-0.5852,-0.6558,-1.2938,-0.7940,-0.6170,-1.7065,-1.6484,-0.8021,0.4075,-1.2400,-2.3014,-4.7595,-3.7572,-2.5016,-2.2952,-0.8313,-2.5838,-2.2264,-1.7297,-1.4143,-1.3662,-0.3694,-1.6384,-1.7070,-1.0547,-1.3979,-1.3504,-2.0844,-2.4498,-2.3796,-2.9086,-3.9825,-4.3331,-4.5475,-4.0690,-3.7367,-3.5070
-0.1741,-0.0975,-1.3666,-1.8311,-1.8349,-1.6581,-1.3116,-0.9353,-0.6550,-0.5618,-0.5471,-0.4963,-0.6367,-1.1756,-1.4631,-0.9611,-0.4367,-0.5161,-0.8014,-1.8081,-2.2425,-2.5506,-1.9915,-2.1029,-1.2658,0.3629,-1.9188,-1.2766,-1.0019,-1.1778,-1.9526,-2.5782,-2.1442,-0.4856,0.2083,-0.0193,-0.3609,-0.4319,-3.7050,-2.4706,-3.7742,-2.5767,-0.4448,0.8019,-0.6069,-2.2837,-4.9141,-3.7952,-4.8309,-3.8517,-0.9206,-2.3311,-2.5511,-1.2947,-1.3353,-0.9108,0.0105,-1.4402,-1.9688,-1.7428,-1.1919,-1.1737,-1.8495,-2.1422,-2.6228,-2.8554,-3.8250,-3.6810,-3.5463,-3.7148,-2.6944,-2.4972
-0.3385,-0.1687,-1.4843,-1.8412,-1.6107,-1.3167,-1.1002,-0.8183,-0.7195,-0.5963,-0.7202,-0.6961,-0.8523,-1.3561,-1.5597,-1.1121,-0.5811,-0.6014,-1.0034,-2.0499,-2.4375,-2.4330,-1.8454,-1.6256,-0.4957,0.4390,-1.0875,-0.0826,-0.0222,-0.7666,-2.0244,-4.0356,-2.8994,-1.9499,-0.1605,1.2748,-1.2969,-1.3010,-4.5260,-5.5332,-7.6467,-5.1764,-0.7484,-0.1266,-0.6565,-2.4551,-3.6789,-3.2190,-2.6391,-3.3489,-3.5209,-2.1395,-1.9531,-1.1737,-0.8389,-0.0738,0.6643,-0.5787,-0.8812,-2.5002,-2.2359,-2.2915,-2.0394,-2.2368,-2.7898,-3.4521,-4.0566,-3.7590,-3.3795,-3.4539,-2.4948,-2.3980
-0.6136,-0.5432,-1.5292,-1.6014,-1.2815,-1.2023,-1.0818,-0.8672,-0.7814,-0.8098,-0.9497,-0.8754,-0.9119,-1.5551,-1.8233,-1.1434,-0.6530,-0.7202,-1.3201,-2.4980,-2.4239,-2.4180,-1.8403,-0.9558,0.4081,0.7376,-0.6177,0.6739,0.8724,-0.4256,-1.9175,-3.7299,-2.2713,-1.8232,-0.5004,0.5622,-5.3467,-5.4017,-6.2738,-6.8452,-6.1769,-4.4723,0.0082,-0.3558,-1.1626,-0.9877,-2.4440,-3.1925,-3.4051,-3.5667,-1.6823,-0.5069,-0.9771,-0.2313,0.8152,2.2072,2.6591,0.6484,-1.4131,-2.9521,-3.6018,-3.3480,-2.9702,-2.9692,-2.9984,-2.8621,-3.3667,-3.5863,-3.0166,-2.9031,-2.1820,-1.8547
-0.8024,-0.6430,-1.3985,-1.3172,-1.0477,-1.0119,-1.0525,-0.9439,-0.9469,-0.8899,-0.9651,-0.8055,-0.9672,-1.6605,-1.7227,-0.8683,-0.5605,-0.6695,-1.4400,-2.6154,-2.3673,-2.3147,-1.5617,-0.0380,0.1713,-0.0082,-1.5729,-1.1006,-0.3414,-1.1464,-0.7973,-1.8828,0.3049,-1.7378,-0.5674,-1.3731,-7.8142,-7.7231,-6.8499,-6.3240,-4.5654,-4.7878,-1.9946,-1.4987,-1.0048,-1.5919,-2.2120,-3.9311,-4.3826,-2.6536,-0.6083,0.2461,0.4768,0.0903,2.4945,3.4390,2.7323,2.2076,-2.1593,-3.4168,-3.5243,-3.3160,-3.6023,-4.2510,-2.6352,-2.3478,-2.1088,-2.3512,-2.9356,-2.9250,-2.5279,-1.9872
-0.7944,-0.5497,-1.1691,-1.0200,-0.8900,-0.9776,-1.0062,-1.0701,-1.0134,-0.9644,-0.9501,-0.9305,-0.9450,-1.4146,-1.3316,-0.5025,-0.4053,-0.5317,-1.4662,-2.5231,-2.2954,-2.3113,-1.3853,0.0446,-0.2351,-0.5454,-1.9785,-1.5592,0.6156,0.7660,0.9237,-0.4022,1.7969,-0.0868,-1.4547,-4.5738,-9.2163,-9.6007,-6.8985,-4.8814,-3.8823,-3.9548,-2.6771,-2.5216,-1.8154,-2.4323,-2.3359,-3.1849,-3.4371,-1.2625,0.4887,-1.7129,1.9426,2.1952,3.2669,3.8077,3.9615,3.8193,-1.4483,-4.4253,-4.1314,-4.2608,-3.6312,-3.3439,-2.5259,-1.1280,-1.1644,-1.3383,-2.0482,-2.3316,-2.3543,-1.6483
-0.9806,-0.6355,-1.0526,-0.9411,-0.8747,-0.9973,-1.0909,-0.9471,-1.0350,-1.0346,-0.9216,-0.9311,-0.9778,-1.1581,-1.0238,-0.3125,-0.3284,-0.4359,-1.5555,-2.4928,-2.2527,-2.1852,-0.7441,0.0587,-0.4935,-0.5727,-2.2488,-1.7938,0.1429,0.4810,0.7994,-0.0085,2.2068,0.5466,-3.3688,-6.2595,-9.4065,-9.8354,-7.1052,-4.5482,-3.8008,-1.1912,-2.1891,-3.2691,-2.4620,-3.1788,-2.1993,-1.9432,-0.9745,-0.0443,3.4740,2.5056,6.4359,3.1025,4.1903,4.7180,4.7348,4.7318,0.2784,-4.7696,-4.7916,-3.9397,-4.4683,-3.8076,-2.9303,-1.4612,-0.6427,-1.0711,-1.3918,-1.9920,-2.0913,-1.8216
-1.4140,-0.9062,-0.9261,-0.7969,-0.7517,-0.7617,-0.8679,-0.8511,-0.9691,-0.9566,-0.7753,-0.9886,-0.9709,-0.8615,-0.5915,-0.1942,-0.3572,-0.5329,-1.6526,-2.4790,-2.0451,-1.9104,-0.4068,-0.3631,-1.0409,-1.2456,-1.7653,-1.7010,-0.7551,-1.0454,0.5523,-0.3693,3.0309,1.7567,-5.0411,-8.0170,-9.3652,-9.3148,-7.0411,-5.8087,-4.0447,-1.8672,-2.1105,-4.0769,-4.0898,-3.1083,-2.8101,-2.5673,-1.3585,-1.7534,-0.4088,1.9763,3.2817,3.5487,4.1717,4.6012,4.5643,4.9734,3.2240,-3.7404,-4.9659,-4.7046,-3.3683,-3.8019,-2.4013,-1.5111,-0.5323,-0.3814,-1.1651,-1.7502,-1.1166,-0.7610
-1.4585,-0.8325,-0.8549,-0.6660,-0.6435,-0.6489,-0.7511,-0.7494,-0.9093,-0.9301,-0.7591,-1.0084,-0.8957,-0.5692,-0.3015,-0.0394,-0.3043,-0.4493,-1.8248,-2.5577,-2.0348,-1.7764,-0.0106,0.3651,-0.3482,-0.7524,-1.8696,-1.5241,-1.5792,-3.6896,-0.8849,-0.2474,3.3148,-1.4350,-5.8138,-8.2215,-8.3141,-9.4532,-8.5558,-5.8055,-2.8172,-0.9354,-1.5075,-2.4821,-4.0280,-3.7165,-3.1507,-3.7414,-3.2675,-2.9631,-1.4880,-0.0882,1.7980,3.4801,3.7208,4.3251,4.6915,5.3259,5.9188,1.2080,-4.9069,-5.6168,-5.6097,-4.3417,-3.0747,-1.5742,-1.6876,-1.5008,-1.9378,-1.9608,-0.9164,-1.0426
-1.3030,-0.8004,-0.7548,-0.4996,-0.3577,-0.4784,-0.5902,-0.5856,-0.8862,-0.8887,-0.7798,-1.0262,-0.7721,-0.3313,-0.0180,0.0587,-0.1784,-0.3653,-1.6316,-2.4056,-1.9066,-1.5438,-0.3318,1.2471,-0.0549,-0.9311,-1.3805,-2.0023,-3.5318,-4.2343,-0.8267,0.4339,1.1319,-3.7432,-4.6189,-8.3527,-8.5369,-9.3845,-7.2198,-5.7750,-2.7972,-0.4322,-0.9726,-1.5134,-2.2947,-2.3967,-2.4616,-2.4875,-1.7662,-1.2123,-1.0022,0.3318,1.8653,3.8246,2.7634,4.1813,4.3894,5.0093,5.3154,5.0489,0.1294,-5.5077,-6.3434,-4.4937,-2.5729,-1.4906,-2.6392,-2.3723,-2.3215,-1.2672,-1.0941,-0.5387
-1.4422,-0.8592,-0.7759,-0.4356,-0.2242,-0.3033,-0.4512,-0.4910,-0.7187,-0.6680,-0.6613,-0.8596,-0.5411,0.0184,0.1509,0.2244,-0.0760,-0.2496,-1.7597,-2.3746,-1.8892,-1.5080,0.0818,1.7275,0.2278,-0.8074,-1.7366,-3.6557,-2.3671,-3.1986,-0.7568,-1.9133,-3.1608,-4.8619,-6.2821,-7.4567,-8.1134,-8.8656,-5.1345,-4.5193,-1.5844,0.0624,0.7558,-0.3731,-1.0043,-0.9516,-0.4358,-1.0086,0.3053,0.9163,1.1491,1.3144,2.4651,1.7822,2.1331,4.0530,4.3030,4.5979,5.0652,4.9002,4.3467,-2.9519,-6.4263,-5.5308,-3.1876,-2.2663,-2.1337,-2.2430,-2.2898,-2.1736,-1.7259,-1.2760
-1.5617,-1.1163,-0.7986,-0.3711,-0.0412,0.0233,-0.1921,-0.2785,-0.5889,-0.6670,-0.7223,-0.7363,-0.3872,0.1325,0.1595,0.0683,0.0770,-0.0727,-1.9461,-2.3519,-1.6699,-1.4191,-0.1059,1.9629,0.3510,-1.1444,-3.4849,-3.2873,-1.5861,-2.2790,-0.7470,-5.6073,-3.1091,-2.4114,-3.3552,-4.8451,-6.3506,-8.8693,-3.9909,-6.0914,-2.1919,-1.1073,-0.5230,-1.0550,-0.8200,-0.1516,0.3576,0.8765,1.6459,1.9799,1.4893,1.2580,0.5603,-0.8759,0.4207,2.6627,3.6483,3.9420,4.7946,5.6642,3.9875,-0.2869,-5.3482,-6.6706,-4.3322,-1.9019,-1.3274,-1.6562,-2.1510,-2.4592,-2.3919,-2.0998
-1.8223,-1.2719,-0.8902,-0.2763,0.0075,0.1466,0.0475,-0.1230,-0.5482,-0.6751,-0.9066,-0.6720,-0.2311,0.1935,0.2344,0.0796,0.2652,-0.0172,-2.0226,-2.2690,-1.7284,-1.4819,-0.9260,1.4966,-0.0181,-3.3053,-3.6018,-1.9396,-0.7610,-1.8302,-0.1046,-4.8518,-4.0388,-2.2103,-3.6511,-3.9436,-6.1346,-6.8981,-4.7543,-3.9628,-1.6566,-1.9866,-2.5236,-3.6073,-1.6222,0.0776,0.1987,0.1482,1.1112,0.7788,0.1593,1.3724,0.0361,-0.2486,0.6854,2.6152,3.5391,4.1327,4.6536,4.9592,4.4128,2.3825,-3.2692,-5.8174,-4.7662,-2.8934,-1.0655,-1.7023,-1.7361,-2.4200,-2.2809,-1.7372
-1.7789,-1.3811,-0.8780,-0.2391,0.0753,0.2891,0.2331,0.0024,-0.4729,-0.7578,-1.0980,-0.7786,-0.0411,0.3113,0.1690,0.0167,0.1485,-0.0477,-2.0610,-2.0257,-1.7815,-1.5864,-1.1613,1.3854,-1.4131,-3.8143,-1.6295,-1.1038,0.2395,-1.1207,-1.5777,-0.4282,-5.7463,-4.0066,-3.2475,-4.8812,-5.8567,-6.4864,-4.9853,-3.6824,-1.2020,-1.2856,-2.5759,-4.1984,-3.2212,-1.5748,0.1438,-0.4344,0.0740,-0.9032,-0.1351,1.5176,0.4071,-0.2519,1.1811,2.2842,3.3311,3.8188,4.5395,4.4318,3.8153,3.2807,0.3389,-4.3074,-3.3005,-2.7242,-1.2646,-0.9923,-1.4451,-1.5147,-1.3275,-1.6652
-1.8880,-1.3643,-0.9876,-0.3504,-0.0165,0.2831,0.2306,0.0835,-0.4492,-0.7522,-1.2092,-0.6575,0.0436,0.3724,0.2853,0.0452,0.2566,-0.0062,-2.0398,-1.8995,-1.8435,-1.6965,-1.1671,0.3064,-2.0138,-3.4350,-0.4697,-0.8781,-0.9474,-0.7133,-0.6900,1.7345,-4.9415,-4.1651,-3.3198,-4.7557,-5.9829,-6.2351,-4.3532,-2.1809,-3.4159,-2.1870,-1.7731,-3.2242,-2.1190,-1.6730,-1.3517,-1.6522,0.2822,-0.0871,-0.3226,0.4196,-0.1836,0.1694,1.1047,2.3623,3.2866,3.5700,4.6954,4.7505,3.9526,3.1856,2.4858,0.6111,0.5297,-0.1096,-0.7018,-0.7717,-1.2279,-1.0185,-1.0718,-1.2784
-1.8548,-1.3527,-1.0663,-0.4641,-0.0406,0.2969,0.2858,0.1465,-0.3786,-0.7197,-1.1403,-0.6708,0.0109,0.2585,0.1793,-0.0077,0.2980,-0.0263,-2.0310,-1.8813,-1.4150,-1.3772,-0.8016,0.8952,-2.2715,-1.3277,-1.7733,-0.9610,-2.4158,-2.4677,-1.3172,-2.3268,-4.7617,-4.6204,-3.9023,-5.7721,-6.1660,-5.7475,-3.3470,-1.7357,-3.7134,-3.4134,-5.6262,-4.6041,-4.0530,-3.9087,-3.1161,-3.0297,-3.0350,-2.2519,-2.2246,-1.3917,-1.5112,-0.6600,0.5088,1.7752,2.1667,2.9907,3.6818,4.1430,4.3518,3.4485,2.9329,2.1733,1.8335,0.8588,-0.0399,-0.8278,-0.1266,-0.0472,-1.0050,-1.5642
-1.9162,-1.4587,-1.2605,-0.6275,-0.1636,0.2020,0.1443,0.1838,-0.3535,-0.6910,-1.1254,-0.6095,0.0637,0.2733,0.1446,-0.0599,0.3815,0.0050,-1.9206,-1.6218,-1.0661,-1.1911,-0.8322,-0.2621,-1.7849,-1.5156,-1.6885,-2.4688,-3.0017,-3.6305,-2.1234,-4.0949,-4.2007,-5.0569,-4.5284,-7.3089,-6.1221,-5.2708,-2.9055,-1.4747,-2.4528,-1.6419,-2.9798,-3.4503,-3.5326,-4.0168,-3.1195,-3.1155,-2.5655,-1.8110,-1.6077,-1.3831,-0.7601,0.5921,1.8328,2.5552,3.5049,3.5065,4.7323,4.3753,4.1961,4.0163,4.1965,3.4757,3.0573,2.2216,1.4825,0.5036,0.1647,-0.0832,-1.1892,-1.9663
-1.9725,-1.5964,-1.3182,-0.7051,-0.2074,0.0895,0.0847,0.1809,-0.2077,-0.5370,-0.9012,-0.7777,0.1017,0.0419,-0.0666,-0.0207,0.4258,0.0587,-1.5670,-1.1270,-0.9578,-1.1644,-1.3160,-0.7204,-1.1279,-1.4430,-2.2384,-4.1854,-3.9262,-3.6770,-0.4162,3.5419,-0.6742,-5.9578,-6.5212,-7.6284,-5.7335,-4.7186,-2.3780,-0.7618,-2.1186,-2.1573,-2.4773,-2.5932,-2.4122,-3.0071,-2.9064,-2.5727,-1.5461,-1.8099,-1.5550,-1.3740,-0.7069,0.1166,1.3491,2.2672,3.7567,4.8425,5.3680,5.1174,5.6445,5.0560,4.6728,4.3689,3.4522,3.4940,2.1402,0.7341,0.1298,-0.6489,-0.9449,-1.8292
-2.1164,-1.6095,-1.3870,-0.8376,-0.4239,0.0205,0.0313,0.1289,-0.1015,-0.4587,-0.7968,-0.7024,-0.1202,-0.0140,-0.1326,0.0171,0.6154,0.1435,-1.2838,-0.9320,-0.7221,-1.0827,-0.9312,-0.3093,-0.5258,-0.9679,-3.8624,-5.3497,-3.7318,-1.3506,1.7870,3.9865,3.5343,1.2656,-1.7506,-10.0806,-4.2245,-3.0508,-0.7153,0.2009,-0.9855,-1.4600,-2.5681,-2.6861,-2.7207,-3.3735,-2.8123,-2.6320,-2.5476,-3.4696,-2.9550,-2.1962,-1.3084,-0.8286,0.1745,1.2806,2.6450,3.8427,5.1757,6.3825,6.2253,6.1396,5.2290,4.7865,5.1504,4.1812,2.6065,0.3352,-0.0549,-0.2902,-2.3735,-3.3359
-2.1214,-1.6190,-1.4805,-0.9498,-0.5403,-0.0684,-0.0945,0.2635,-0.0793,-0.4024,-0.7596,-0.6116,-0.1354,0.0034,-0.2817,0.0616,0.5607,0.2135,-1.5923,-1.4432,-0.7570,-1.0664,-1.0589,-0.1889,0.0897,-0.6191,-3.8592,-4.7055,-0.9578,-0.5555,-0.7474,1.7642,0.6086,-0.7412,-0.3822,-7.9420,-3.0488,-0.9436,-1.1399,-1.0613,-1.9556,-0.8513,-0.8751,-0.1902,-0.9225,-1.8519,-1.8117,-1.9112,-2.2176,-2.4503,-1.8477,-1.3203,-1.2865,-1.2528,-0.2521,0.4241,2.2124,3.3177,4.4674,5.8474,5.6787,5.0758,5.3650,3.3487,2.9759,3.3098,1.8382,1.4732,0.5483,-1.7879,-2.4432,-3.5869
-2.3364,-1.7760,-1.5533,-1.0177,-0.7962,-0.0647,-0.2069,-0.0124,-0.2717,-0.3807,-0.7960,-0.7153,-0.0813,-0.0142,-0.1274,0.2021,0.7437,0.4818,-1.3526,-1.4365,-0.5904,-0.4857,-0.5336,-0.0926,0.2603,0.1077,-3.5543,-4.7449,-2.0370,-2.1844,-1.4681,-0.2648,-0.1371,-1.5733,-0.9944,-0.1097,-0.5524,-0.6784,-1.3615,-1.4887,-1.2596,-0.3250,-0.1081,0.7521,0.7254,-0.4979,-0.5891,-1.0032,-1.3147,-1.5745,-0.9067,-0.9921,-1.2479,-0.9725,-0.4650,-0.0804,1.4332,2.0938,3.3895,4.0318,5.2416,4.5319,4.1350,3.4530,3.2827,2.5415,1.8395,1.7921,0.7555,-2.1034,-2.3753,-3.3703
-2.3755,-1.8589,-1.7590,-1.1701,-0.7560,-0.4033,-0.4182,-0.2739,-0.3858,-0.4396,-0.6939,-0.6354,0.0409,0.0765,-0.0279,0.3825,0.7581,0.6818,-1.1771,-1.3748,-0.4741,0.1899,-0.4609,-0.6724,0.5367,0.5783,-1.7384,-2.8914,-0.2139,-0.5517,-0.2462,1.9652,-0.8308,-2.3712,-2.6808,0.2122,-0.3889,-2.0076,-2.8575,-3.7203,-2.8520,-2.8832,-1.6867,-1.7945,-1.4750,-1.5224,-0.8781,-1.0947,-0.8604,-1.3197,-0.2883,-0.3196,-0.8208,-0.3401,0.4010,1.2099,1.0067,1.3906,1.3978,3.3748,3.5238,4.7438,3.1971,3.0210,2.5591,1.3217,1.0328,1.6680,0.3339,-0.3809,-3.1624,-4.2911
-2.4588,-2.1597,-1.8138,-1.2932,-0.9559,-0.5808,-0.5611,-0.3608,-0.5288,-0.5147,-1.0964,-0.8075,0.0645,0.2384,0.2268,0.6605,0.8306,1.0979,-0.7551,-1.2025,-0.3720,0.4271,0.3040,0.3841,1.1233,0.5393,-0.8302,-1.0330,0.8212,-0.0946,-0.8533,-0.0487,-2.1971,-1.9052,-2.0370,0.3137,3.6335,-1.4768,-3.8525,-5.7584,-5.5277,-5.1846,-5.1758,-3.9651,-2.5724,-2.3516,-1.3009,-0.5384,0.3940,-0.5455,0.4378,0.5744,0.2341,0.5992,1.4578,1.6594,1.8271,0.9974,0.5133,1.2955,1.8562,2.4273,2.9831,2.7020,2.5635,1.6866,0.4389,0.9393,0.6126,0.2393,-2.0849,-4.3059
-2.4693,-2.0972,-1.9346,-1.4313,-1.0993,-0.7307,-0.6012,-0.3327,-0.4795,-0.5662,-1.1671,-0.7745,0.1826,0.4436,0.4794,1.0602,1.0071,1.4149,-0.2739,-1.0952,-0.0687,0.3994,0.4366,-0.0971,1.2332,0.6632,-0.0960,-0.3149,-0.0327,-0.5691,-4.1685,-2.0372,-2.6315,-1.1811,-0.7833,1.2468,2.4973,1.0730,-2.3531,-3.8521,-5.3781,-5.8927,-5.4020,-4.4653,-2.3445,-2.8132,-0.9640,0.4474,1.8314,0.8162,1.8669,2.1203,2.3649,2.0128,2.6111,2.8773,2.5749,1.7013,0.9308,0.3930,0.6053,1.7219,1.5466,2.3254,0.0212,0.1160,0.5155,0.0951,0.3990,0.4076,-0.0721,-2.3764
-2.5541,-2.1452,-1.9919,-1.5993,-1.3222,-0.8988,-0.6680,-0.2796,-0.4659,-0.6427,-0.9685,-0.5534,0.1089,0.4386,0.6269,1.1716,1.2672,1.5796,0.1824,-0.9904,-0.2778,-0.0253,-0.2600,-0.8975,0.4107,0.8642,1.1083,0.1345,-0.0426,-1.6798,-5.5375,-2.2904,-2.1287,-0.9591,1.2487,2.5770,2.6060,1.3738,-0.0083,-1.6790,-4.3699,-5.7519,-4.5909,-4.4112,-2.3536,-2.1597,-0.3707,0.9349,1.7914,1.2566,2.5503,3.8312,4.3346,3.4527,4.1505,4.2907,3.5659,2.7103,1.5665,0.8868,0.0821,-0.1730,0.4688,0.6412,1.7513,0.5778,-0.5490,-0.8578,-0.7767,0.2077,0.2241,-1.0251
-2.5494,-2.1913,-1.9414,-1.6350,-1.3539,-1.0062,-0.7239,-0.2177,-0.4807,-0.7087,-0.8306,-0.5366,-0.0581,0.2788,0.8019,1.3709,1.3411,1.5351,0.5970,-0.9704,-0.4362,-0.0842,-0.7179,-1.2840,-1.8549,0.1237,0.9613,0.0072,-0.5981,-3.1991,-6.3825,-2.6771,-4.6793,-4.2305,-0.5594,0.4744,1.2630,0.6870,-0.0346,0.1202,-0.6976,-1.3968,-1.4291,-2.1750,-1.5522,-1.1888,1.8175,3.2175,5.1132,5.8137,6.5065,7.0682,6.7705,5.3226,5.1782,4.8699,4.4670,3.6509,2.5908,1.5250,0.5014,-0.2746,-0.3179,0.0783,0.3924,0.6462,-0.4694,-0.4925,-0.4019,1.3036,1.2086,0.1784
-2.5963,-2.2412,-2.0917,-1.7608,-1.5421,-1.1081,-0.8263,-0.2618,-0.4922,-0.8088,-0.7888,-0.6682,-0.1752,0.1684,0.8331,1.4492,1.5102,1.7271,0.8692,-1.0738,-0.5801,-0.2087,-0.3809,-2.0516,-1.4427,-0.0123,1.4080,0.8392,-0.2475,-2.8765,-4.6140,-3.5796,-3.6463,-4.6538,-3.0623,-2.1263,-0.7070,-0.7864,-0.8509,-1.2820,-2.0848,-2.1407,-2.2170,-1.3558,0.3312,-0.5648,1.8790,3.9944,6.1315,6.7825,7.9498,9.3292,8.4737,8.0227,7.5749,6.9890,6.4205,5.2798,4.1843,3.1431,1.7152,0.6855,0.0218,0.2510,0.4457,0.1378,0.5721,-0.2798,-0.6382,1.3782,1.5531,0.7728
-2.5856,-2.2333,-2.2292,-1.9389,-1.6323,-1.2375,-0.8388,-0.3131,-0.4793,-0.7713,-0.6510,-0.4574,-0.3239,-0.0040,0.6544,1.4463,1.7273,2.1562,1.1953,-0.7463,-0.4299,-0.1719,-0.4384,-1.9507,-3.7404,0.1826,0.6933,0.7664,-0.5100,-2.2643,-3.6954,-4.6778,-6.3400,-7.1766,-6.4994,-5.2837,-1.8987,0.1475,-3.8801,-3.4487,-4.0552,-3.2074,-4.1259,-2.9408,-0.7625,-2.4130,0.0016,1.9258,3.3075,3.7937,5.2507,6.3608,8.7173,8.6249,8.8067,8.3400,8.1501,6.9905,5.8696,4.1103,2.6092,1.1933,0.4895,0.1721,0.9761,1.5804,2.5698,1.8381,1.8771,2.4237,2.3644,1.8219
-2.6138,-2.2235,-2.3289,-2.0306,-1.6892,-1.3036,-0.9437,-0.4946,-0.3459,-0.5607,-0.5330,-0.5761,-0.4131,-0.1698,0.5954,1.5879,2.0312,2.2292,1.3460,-0.4905,-0.5242,-0.3160,-0.6110,-2.3599,-4.4667,-1.6367,1.1669,1.1859,-0.7986,-2.7202,-3.5831,-5.0359,-7.8794,-8.3090,-6.2663,-4.0302,-1.9766,-2.6768,-6.4995,-5.8349,-6.0586,-5.5674,-4.8608,-4.1941,-3.0532,-4.2950,-2.0319,-1.2072,0.9468,2.0200,2.6121,3.0836,3.8271,6.9940,7.6967,7.9493,7.4309,6.6200,5.8813,4.5169,3.1601,1.7399,0.7046,0.4759,1.4968,2.0225,2.3839,3.1710,3.0970,2.8812,2.8120,2.4031
-2.5587,-2.2805,-2.3085,-2.0782,-1.6785,-1.3058,-0.9575,-0.4247,-0.3292,-0.5439,-0.5536,-0.6103,-0.6716,-0.4525,0.2381,1.3704,1.9249,2.0967,1.5381,-0.3030,-0.5773,-0.5387,-1.1754,-3.6944,-5.4569,-4.1407,0.5970,1.7368,-0.8984,-2.6793,-5.1813,-6.6045,-10.0348,-8.9592,-6.2629,-5.2122,-3.2319,-4.7002,-8.0843,-6.0924,-5.6251,-5.1699,-4.8697,-3.9718,-3.3093,-4.8990,-2.6264,-2.4467,-1.1519,0.6165,1.8275,2.0603,2.5196,4.0566,5.2932,6.4559,6.0468,5.6029,5.4935,4.2794,3.0813,1.6901,0.5595,0.7135,1.7676,2.9488,3.4607,3.2624,3.2003,3.2571,2.3586,1.9013
-2.5870,-2.3478,-2.3755,-2.0767,-1.7116,-1.3172,-1.0177,-0.5230,-0.5607,-0.6097,-0.6442,-0.6214,-0.6417,-0.6245,0.0140,1.2096,1.9878,2.2184,1.5511,-0.1645,-0.7013,-0.9501,-2.2091,-4.9907,-6.3266,-5.3262,-0.1756,1.3161,-1.6717,-3.2496,-5.6248,-6.1565,-9.8780,-9.9394,-7.5773,-6.5317,-4.0805,-4.4682,-7.5312,-6.1639,-6.3833,-5.7403,-5.5848,-4.3747,-5.1679,-5.2232,-2.4585,-2.6169,-0.7030,0.4125,1.5099,1.9143,1.8716,2.1430,2.3854,4.3767,4.9414,4.9836,5.2205,4.4449,3.4266,2.0567,1.1747,1.4738,1.8493,2.3962,4.7668,4.2141,3.9530,3.1234,1.8902,1.4087
-2.6130,-2.3653,-2.4277,-2.1214,-1.7127,-1.4255,-1.1659,-0.7794,-0.6204,-0.6503,-0.6311,-0.6969,-0.6839,-0.7347,-0.1715,1.1081,2.0965,2.3966,1.6049,-0.1494,-0.6799,-1.1454,-2.7151,-5.3004,-6.1822,-5.6185,-1.5731,0.4993,-1.1522,-3.6901,-6.3731,-6.4806,-6.7497,-8.1025,-7.8772,-7.7159,-3.8129,-3.2729,-7.5602,-5.3219,-6.8211,-5.8583,-5.7752,-5.5673,-6.0032,-3.8084,-3.1259,-3.1994,-1.0223,0.6131,1.5897,1.5257,1.3067,1.0508,1.3712,1.8051,2.4987,2.8405,3.7402,3.4251,2.8536,1.7954,1.6837,2.9615,2.3157,1.9700,4.3299,5.1715,3.4866,2.7444,2.7705,1.6977
-2.5629,-2.3867,-2.4725,-2.0707,-1.6659,-1.3817,-1.2732,-0.8795,-0.6598,-0.5650,-0.7828,-0.6914,-0.7482,-0.6465,-0.2357,0.9913,2.0984,2.4996,1.8505,-0.0712,-0.7315,-1.2318,-2.8417,-5.2834,-5.9763,-5.8006,-1.7894,-0.1847,-0.6090,-3.4315,-6.3354,-7.8074,-7.5489,-8.1283,-7.9640,-8.5462,-5.4924,-4.3338,-6.5362,-6.5198,-7.5057,-5.9536,-5.4630,-7.7480,-4.9984,-4.1255,-3.1463,-1.9335,-0.1337,1.6306,2.0971,1.7999,1.0521,0.3226,0.7330,1.1914,1.4137,1.6071,2.0919,2.3730,2.6227,1.6367,1.4964,3.0977,3.0147,1.8559,3.1939,5.8463,4.6768,3.6836,2.0849,2.5424
-2.5171,-2.2728,-2.3586,-1.9920,-1.6029,-1.4559,-1.2826,-0.9579,-0.9208,-1.0331,-0.9183,-0.9955,-0.9318,-0.7412,-0.2413,0.9283,2.1603,2.6190,1.9823,-0.1701,-0.6254,-1.1152,-2.8067,-4.6280,-5.2500,-4.8314,-2.8775,-0.9117,0.1796,-2.7798,-6.8636,-7.8047,-8.7265,-8.5771,-7.9227,-6.4310,-6.3728,-7.6924,-9.0030,-7.2432,-7.4561,-5.6234,-5.8015,-6.6822,-3.9882,-3.8319,-1.7682,-0.5568,0.2073,1.7667,2.7946,2.4394,0.7897,-0.2937,-0.6020,0.9069,2.2224,2.3240,3.2112,3.5417,3.5779,3.0183,2.3063,3.6123,4.2557,2.8665,2.7678,3.8215,3.5319,3.1085,2.1426,1.0762
-2.4917,-2.3340,-2.3435,-1.9426,-1.6726,-1.4203,-1.2873,-1.1176,-0.9903,-0.8717,-0.8303,-0.9585,-0.9319,-0.5968,-0.0920,1.0428,2.2413,2.7088,1.9371,-0.4212,-0.6631,-0.7833,-2.0116,-3.7660,-3.8811,-3.5777,-2.0586,-1.1368,-1.4610,-3.6249,-7.2018,-7.8912,-9.2828,-8.8412,-8.4757,-8.3284,-8.9716,-9.7650,-10.9397,-8.1144,-8.3329,-7.6078,-6.1987,-4.3307,-3.2610,-2.5155,-0.6963,-1.2591,-0.1901,1.5833,2.3224,2.3691,2.3177,0.3379,-0.6236,0.3369,1.5921,2.1040,3.6099,4.5895,4.8287,3.9639,3.7647,3.5448,2.6787,3.2564,2.4754,2.6187,2.0884,1.0307,1.2440,0.2095
-2.3065,-2.2174,-2.3362,-1.9497,-1.7587,-1.5627,-1.5611,-1.5128,-1.2566,-0.9835,-1.2087,-1.1293,-1.0696,-0.6225,-0.0387,0.9507,2.3586,2.7476,1.5125,-0.7091,-0.6856,-0.4666,-1.7025,-3.0306,-2.4048,-2.2895,-2.4383,-1.0817,-3.4393,-5.5909,-8.3135,-9.7554,-10.3844,-10.1824,-9.5055,-9.9308,-11.9872,-10.3631,-11.5456,-10.6218,-10.2979,-9.9210,-8.6620,-7.1949,-3.2015,-1.6656,-1.0767,-0.5339,0.3191,1.3529,2.2931,2.8678,2.6894,0.5782,0.3518,0.2374,1.2525,2.1451,3.7137,5.1456,5.7280,6.0402,5.1188,4.4315,3.0640,-0.0993,1.0621,1.2946,0.9205,0.1381,1.1171,0.3263
-2.5036,-2.2006,-2.3280,-2.0308,-1.8495,-1.5703,-1.5730,-1.3860,-1.1924,-0.9358,-1.3785,-1.2136,-1.0084,-0.3979,0.4867,1.4163,2.3405,2.7019,0.8523,-1.0111,-0.9387,-0.4742,-1.3883,-2.1643,-1.5987,-1.6332,-2.1200,-2.4305,-4.6870,-5.5547,-8.0332,-9.4962,-9.6655,-10.1754,-9.6167,-10.0660,-9.4384,-9.5177,-8.9409,-8.8737,-10.0043,-10.6448,-12.3397,-6.2524,-3.4762,-1.7394,-1.6530,-0.9269,0.3371,0.4762,1.2452,2.3579,1.5648,-0.4474,-0.0573,-0.0162,0.0782,0.6385,2.5716,3.9471,4.3262,5.4477,5.2054,4.9052,3.7445,1.1795,0.6300,-0.1820,-0.4359,0.3543,-0.0054,-0.4086
-2.5026,-2.1692,-2.3260,-2.0240,-1.8597,-1.6511,-1.5227,-1.3070,-1.1461,-0.9654,-1.2751,-1.2115,-0.9994,-0.2054,0.8036,1.5596,2.3729,2.4373,0.0413,-1.3977,-0.7925,-0.7627,-1.2198,-1.4519,-1.0914,-1.4647,-1.8109,-2.6807,-4.7692,-4.6860,-8.2192,-10.0645,-8.1697,-9.3388,-9.2227,-7.8751,-8.4991,-9.2335,-6.8804,-7.6220,-8.6700,-8.0486,-8.1561,-5.5303,-4.4193,-3.4887,-3.3117,-1.8926,0.4852,0.2375,1.5092,2.5441,0.8701,-1.5550,-1.9714,-1.9260,-2.2860,-1.9683,0.1957,1.7652,2.2380,3.4212,4.4553,5.9688,2.3047,0.8738,0.3517,0.7283,-0.4842,-0.3639,-1.3904,-1.9531
-2.4873,-2.1531,-2.3341,-2.0439,-1.9287,-1.7006,-1.5102,-1.2796,-1.1967,-1.0520,-1.3580,-1.2685,-1.1223,-0.1621,1.1666,1.7765,2.3039,1.7544,-0.6747,-1.3710,-1.0444,-1.2037,-0.9896,-0.9549,-0.4059,-0.8353,0.5703,-2.5749,-4.6935,-4.6060,-7.4175,-11.0976,-7.5655,-8.9695,-7.9784,-6.5609,-5.9886,-6.1864,-5.5825,-8.0986,-7.7553,-5.8254,-7.7922,-5.3462,-4.7015,-4.2410,-1.9911,-3.9923,-1.0376,-0.1260,1.0309,1.4412,-0.8279,-3.9519,-5.7033,-5.7146,-4.8993,-4.1075,-1.8677,-0.1712,0.3731,0.9426,2.0585,0.2098,0.4574,0.4931,0.3959,0.4936,0.1393,-0.8261,-2.8201,-3.0951
