0.0583,-0.0393,0.1671,0.3394,-0.2785,-0.4357,-0.5581,-0.3958,0.3270,0.2852,0.3394,0.0569,-0.8185,-0.4916,-0.1370,0.0941,-0.6380,-0.7902,-0.7854,-0.6133,-1.0178,-0.7973,-0.6040,-0.5454,-1.0313,-1.0449,-1.1310,-0.7967,-0.6945,-0.3496,0.2394,0.8365,-0.5402,-0.3645,-0.5867,-2.2427,-3.2044,-2.6730,-3.5439,-4.4650,-5.0078,-3.4226,-2.5645,-1.2637,-1.9016,0.0127,1.0959,1.0635,-0.7940,-2.2736,-4.2460,-4.5295,-4.3567,-4.6728,-4.5478,-3.4888,-2.3125,-4.1871,-3.6025,-2.7516,-1.9796,-2.0400,-2.1312,-2.8253,-3.5756,-3.4487,-3.7005,-2.9111,-3.1193,-1.9931,-2.1703,-2.2438
-0.4839,-0.3480,-0.3042,-0.4871,-1.0858,-1.0470,-1.0362,-0.5711,0.1606,0.3360,0.3991,0.0983,-1.2634,-1.1381,-0.6892,-0.2413,-0.8594,-1.1079,-1.0343,-1.1476,-1.4504,-1.5396,-1.3844,-1.5916,-1.7298,-1.7236,-1.4519,-1.2327,-1.1701,-1.0750,-0.4877,-0.1496,-0.5991,-0.2823,-1.3086,-4.4655,-3.7223,-2.9217,-2.8099,-3.6344,-3.7367,-1.8158,-1.3930,-2.0097,-2.5016,-1.0514,-0.2048,-1.4205,-1.8427,-3.5710,-4.4314,-3.9370,-3.9918,-4.8659,-2.9151,-1.5408,-0.3156,-1.4444,-1.6329,-0.3624,-1.1611,-1.5763,-0.4746,-1.6627,-2.7920,-2.4818,-2.3762,-2.0938,-2.4297,-1.6142,-1.7886,-1.6638
-0.4516,0.0185,-0.4418,-0.7774,-0.8197,-0.6740,-0.8484,-0.3838,0.2020,0.3428,0.2495,-0.1505,-1.1640,-1.2851,-1.1012,-0.5264,-1.3989,-1.4195,-1.5286,-1.5905,-1.7330,-1.7704,-1.7949,-2.0075,-2.1229,-1.9873,-1.7628,-1.5274,-1.3441,-1.2187,-1.1702,-1.0366,-0.6821,-1.7499,-3.3682,-3.7521,-2.9604,-3.5912,-3.5045,-4.8419,-3.6446,-2.2574,-2.7714,-2.9830,-2.8995,-2.1560,-1.9291,-2.9977,-2.9924,-3.8138,-4.3432,-5.4296,-4.1454,-3.5383,-1.1412,-0.4459,-0.4085,-1.5033,-2.4477,-1.8799,-2.4023,-2.1946,-2.3824,-3.0410,-2.8592,-3.2754,-2.8071,-3.3668,-3.0378,-2.2217,1.2195,-0.9360
-0.8880,-0.4282,-0.9816,-1.1244,-1.0108,-0.6709,-0.8192,-0.2793,0.2876,0.2973,0.2669,0.0155,-1.0588,-1.1746,-1.4959,-0.9716,-1.7586,-1.4679,-1.5898,-1.5653,-1.8419,-1.7410,-1.7102,-1.8845,-1.9865,-1.8402,-1.4770,-1.2314,-1.2178,-1.0647,-1.0374,-0.9104,-0.5622,-2.7213,-2.0610,-1.5288,-2.5317,-2.3797,-1.8497,-3.2470,-2.2909,-1.7970,-3.0621,-1.9369,-2.8005,-2.0281,-0.5924,-2.3305,-3.0498,-3.3211,-3.9974,-4.1696,-3.9776,-2.3276,0.1485,-0.6039,-0.3368,0.1371,-2.1947,-2.5108,-2.8991,-1.0378,-2.4366,-2.8457,-2.8608,-2.6387,-2.3018,-3.2813,-2.8856,-2.2801,-2.2037,-0.1153
-0.9047,-0.5443,-1.1074,-0.8379,0.7395,1.0182,0.6092,0.8885,1.1426,1.1377,0.6991,0.4945,-0.1904,-0.5402,-1.2132,-0.9521,-1.2620,-0.9406,-1.3903,-1.4538,-1.6652,-1.5914,-1.5415,-1.5201,-1.6367,-1.4942,-1.1702,-0.9203,-0.8069,-0.8959,-1.0920,-0.7913,-0.0628,-2.7873,0.1177,-0.4408,-3.4898,-3.2664,-0.9273,-2.0382,-1.2417,-1.9963,-3.7541,-2.4249,-2.8094,-2.1405,-0.4335,-1.4833,-2.4027,-3.0655,-4.2094,-3.5970,-3.4491,-2.1389,0.2262,-0.1558,-1.3414,-1.6226,-1.9964,-1.9073,-2.0917,-0.7071,-1.8598,-1.7583,-1.3038,-2.3299,-2.5045,-3.3034,-2.6816,-2.4861,-2.7730,-0.2204
-1.4533,-1.0898,-1.3715,-0.7694,0.6746,1.0967,0.7557,1.0631,1.2440,1.2996,0.8478,0.7348,-0.0382,-0.4695,-1.1645,-1.1182,-1.1910,-0.8944,-1.4536,-1.5650,-1.7287,-1.5509,-1.4489,-1.4027,-1.4227,-1.3649,-0.9889,-0.9995,-0.8456,-1.0142,-0.8881,-0.8400,-1.8109,-1.5870,-0.1997,-1.6461,-3.4139,-3.0147,-0.2309,-1.0778,-1.3462,-1.3924,-2.8238,-2.3480,-2.3778,-1.8185,-0.2810,-0.6236,-1.4615,-2.6090,-4.0998,-3.6836,-2.7189,-2.5422,-0.1159,-0.2353,-1.2571,-2.4997,-2.6079,-2.4131,-3.4233,-2.5175,-2.5159,-2.3370,-1.7229,-2.5445,-2.4556,-3.4490,-2.8413,-2.7364,-2.8755,-0.9154
-1.4926,-1.0708,-0.9755,-0.4890,1.0876,1.5275,1.0483,1.1773,1.4250,1.5047,0.9865,0.7788,-0.0192,-0.5189,-0.9820,-0.8884,-0.9613,-0.7163,-1.4129,-1.7699,-1.8033,-1.4520,-1.4609,-1.5031,-1.4993,-1.4445,-1.1691,-1.0596,-1.3376,-1.4190,-1.3407,-1.0645,-1.4593,-0.2060,-1.6631,-2.5586,-2.9805,-3.3755,-2.7464,-2.0734,-2.6427,-1.9562,-2.5495,-1.9114,-2.0067,-1.8625,-0.0195,-0.7447,-1.0989,-2.7075,-3.6074,-3.0008,-1.4378,-0.4437,-0.8668,-0.9925,-2.3656,-2.0816,-2.6839,-3.0882,-2.3445,-1.9680,-2.8992,-2.6277,-3.2589,-4.3552,-3.0967,-3.5403,-3.6156,-3.3347,-2.5533,-1.2594
-1.5106,-1.0002,-0.9246,-0.0384,1.5698,1.8140,1.2772,1.2347,1.4232,1.6275,1.0425,0.9470,0.0036,-0.3894,-0.8874,-0.8441,-0.8443,-0.7651,-1.6710,-1.9684,-1.8822,-1.3487,-1.3904,-1.4525,-1.4389,-1.4541,-1.0056,-1.1739,-1.2857,-1.3150,-1.2968,-3.2806,-1.3291,-0.8644,-2.9184,-2.3424,-2.5309,-3.9704,-3.6971,-2.5693,-2.0350,-1.9913,-2.1219,-1.4738,-1.6447,-1.1949,0.6795,0.6636,-0.5730,-2.1100,-2.9966,-2.9189,-2.2266,-1.1039,-0.4287,-1.0758,-2.9676,-3.0733,-3.2953,-2.7863,-2.9511,-2.8447,-2.9242,-2.8327,-2.7036,-3.8728,-3.2033,-3.2076,-3.3854,-2.8921,-2.0298,-1.8333
-1.5881,-1.0215,-0.5597,0.4372,1.5614,1.6191,1.0513,0.9595,1.0090,1.1131,0.6511,0.5317,-0.0819,-0.3869,-0.7390,-0.6855,-1.0027,-1.0305,-1.8769,-2.1147,-2.0456,-1.3890,-1.4401,-1.5396,-1.6126,-1.5789,-1.0215,-1.0943,-1.7222,-1.6962,-0.5201,-0.8435,-2.3247,-4.0535,-4.5138,-3.1486,-2.6557,-3.4385,-2.9348,-1.6441,-2.7900,-2.2183,-1.9996,-1.1367,-1.5961,-0.6360,1.2035,0.7466,-1.1211,-2.6162,-3.9163,-2.6244,-0.4522,-0.5157,1.2010,0.4134,-2.8534,-3.2781,-3.2287,-3.3548,-3.0368,-2.8611,-0.4263,-0.7278,-1.4435,-2.2212,-2.6022,-2.4575,-3.1150,-2.5662,-1.5602,-1.6727
-0.9153,-0.3454,0.0473,0.9798,1.8491,1.7186,0.9976,0.9263,0.8345,1.0264,0.4556,0.3171,-0.0105,-0.0543,-0.3816,-0.4086,-0.8282,-1.1660,-1.9954,-2.3330,-2.0237,-1.2661,-1.3974,-1.6005,-1.6268,-1.4704,-0.9649,-1.0365,-1.7967,-1.9307,-1.2845,-1.0700,-2.7492,-4.5251,-4.8237,-2.8472,-2.4497,-2.4526,-1.2714,-1.5956,-2.6872,-1.2594,-1.6722,-1.1356,-1.6613,-0.6756,0.7080,0.6808,-0.7772,-2.2098,-3.0702,-2.2968,0.3199,-0.3044,1.6580,0.5499,-2.1161,-3.3761,-1.8389,-3.4138,-3.6848,-2.3480,0.1246,0.2096,-1.4302,-2.0858,-2.9367,-2.9747,-3.3522,-2.4221,-1.7117,-2.2919
0.1467,0.7503,0.5990,1.0528,1.3987,1.1744,0.6838,0.5020,0.3959,0.5053,0.1909,0.1150,-0.1629,0.0015,-0.2692,-0.2309,-0.9518,-1.1747,-1.9247,-2.3653,-1.9434,-1.2375,-1.3861,-1.5409,-1.5653,-1.3455,-0.7832,-0.7203,-1.7292,-1.6137,-1.8806,-1.5827,-4.0124,-5.8052,-4.7048,-2.8514,-2.5557,-2.2028,-2.0911,-1.6911,-1.9356,-1.2912,-1.2150,-0.8331,-0.9042,-0.1698,0.2946,0.5210,-1.1448,-2.2123,-3.5445,-2.3378,-0.8502,-1.0305,2.1803,1.2886,-1.8258,-3.3247,-1.0105,-5.2004,-3.1842,-1.7774,0.2271,-1.5289,-2.6049,-1.7573,-2.7943,-3.6773,-3.0834,-2.1210,-1.6353,-2.4373
0.5901,1.1020,0.5667,0.6934,0.8708,0.8694,0.4189,0.5050,0.2094,0.1548,-0.0862,-0.1313,-0.4111,-0.2371,-0.3513,-0.3489,-1.0448,-1.3031,-1.8874,-2.3214,-1.9070,-1.3071,-1.3131,-1.5871,-1.4869,-1.1908,-0.6650,-0.9258,-2.1124,-2.1680,-3.0243,-2.3683,-4.6197,-5.1297,-4.0873,-4.0164,-3.0245,-2.6617,-2.8042,-2.0889,-2.3827,-1.5074,-1.0823,-1.2337,-0.4496,-0.1612,-0.0556,-0.5525,-1.5759,-3.5929,-4.2945,-4.6415,-1.0785,-1.3908,0.5221,0.3832,-1.8062,-2.5828,-1.9830,-3.0462,-3.1734,-2.2868,-1.1833,-3.2668,-3.2932,-2.0499,-2.6711,-3.9216,-3.2416,-2.1837,-1.6665,-2.4981
0.1076,0.3596,0.1528,0.0651,0.2480,0.2857,-0.0360,0.2287,0.1287,-0.1051,-0.3308,-0.3953,-0.7336,-0.4728,-0.6470,-0.5247,-1.0429,-1.1640,-1.8781,-2.3064,-1.9489,-1.2734,-1.2416,-1.4032,-1.2143,-1.0759,-0.4427,-1.0338,-0.6123,-4.2090,-3.3638,-3.9125,-5.5543,-5.0091,-2.7154,-2.7741,-3.0224,-2.9012,-3.3457,-2.7522,-1.8110,-0.5909,-1.1404,-1.1921,0.1047,0.0834,-0.8392,-1.5183,-1.1988,-4.4747,-4.4904,-2.8170,0.2100,-0.8585,0.1420,-0.2772,-2.0435,-3.1646,-3.6155,-4.0077,-4.8560,-3.8386,-3.0792,-3.3621,-3.8497,-3.8294,-3.2332,-4.4931,-3.0621,-2.2575,-1.5619,-1.9706
-0.0343,0.0085,-0.3185,-0.3337,-0.0978,0.1125,-0.3644,-0.0467,-0.0643,-0.2951,-0.6564,-0.6621,-1.1384,-0.8038,-0.8898,-0.8957,-1.1745,-1.1982,-1.8791,-2.2370,-1.9546,-1.3484,-1.2350,-1.3572,-1.1364,-1.1153,-0.5398,-1.4734,-0.1568,-2.7399,-1.7544,-4.3424,-4.1062,-3.4382,-2.2160,-2.5013,-1.0048,-2.3750,-3.6157,-2.4235,-1.0558,-0.4572,-1.5144,-1.0121,-0.0883,-0.1435,-1.4995,-2.4788,-2.4969,-1.5161,-2.4610,-1.8837,0.7147,-1.9654,-0.3730,-0.5857,-1.5951,-2.6475,-4.0938,-4.6531,-5.7728,-3.2708,-4.6923,-4.4293,-4.2361,-3.7413,-4.5494,-4.9479,-3.3293,-2.6007,-2.3594,-2.1392
0.0594,-0.1380,-0.5271,-0.5088,-0.1855,0.2923,-0.3868,-0.3560,-0.2131,-0.3911,-1.0112,-0.9131,-1.2136,-1.0115,-1.1944,-1.2504,-1.5120,-1.2964,-1.8510,-1.9550,-1.7417,-1.2421,-1.2045,-1.2408,-1.0809,-1.0320,-0.8155,-1.6000,-1.7834,-2.3381,-4.0727,-4.4451,-2.9837,-2.8421,-1.1648,-2.5560,-0.6236,-1.5596,-2.7826,-1.3840,-1.0244,-0.9257,-1.4127,-0.7174,-0.3451,-0.7873,-1.8322,-3.4223,-2.4680,-1.3057,-1.9742,-2.1750,-0.5938,-1.2959,-0.7975,-0.8721,-2.1990,-3.3345,-4.5063,-4.8902,-4.4074,-3.0479,-3.7520,-3.8780,-3.7881,-3.3569,-4.8597,-5.0200,-3.4065,-2.2536,-1.7952,-2.6846
-0.2719,-0.4465,-0.8047,-0.6488,-0.4493,-0.2287,-0.6086,-0.3044,-0.3258,-0.3391,-1.0815,-1.1287,-1.5277,-1.1274,-1.5654,-1.6317,-1.9186,-1.5257,-1.7521,-1.6972,-1.5956,-1.1071,-1.0770,-1.1456,-1.1752,-1.2236,-0.9726,-1.3391,-1.0543,-1.6047,-1.9045,-1.0341,-2.5644,-3.0507,-1.0136,-0.1170,-1.5677,-1.5655,-1.5989,-0.4721,-1.5219,-1.2521,-1.1488,-0.7908,-0.6128,-0.8905,-2.6225,-3.5171,-3.9583,-4.2313,-3.2644,-3.8968,-2.0784,-1.3833,-0.8350,0.8936,-2.5870,-3.8355,-4.3670,-4.5892,-3.7855,-3.8500,-2.9707,-3.6122,-4.1094,-3.4339,-4.5717,-5.4589,-5.2430,-3.9396,-1.7109,-1.8064
-0.4506,-0.5040,-0.4188,-0.4450,0.2009,0.3211,-0.1538,0.0062,-0.2371,-0.2481,-0.7757,-1.1705,-1.4792,-1.1871,-1.6188,-1.7375,-2.1166,-1.4537,-1.6404,-1.4863,-1.2327,-0.8916,-0.9850,-1.0715,-1.1799,-1.1930,-1.2564,-1.1862,-0.8465,0.1118,1.1588,0.1900,-2.9335,-4.0143,-3.4153,-0.1230,-2.2399,-0.9285,-0.6102,0.1459,-1.4550,-1.2766,-1.0747,-1.1029,-1.7504,-2.6448,-2.7313,-3.7040,-3.3347,-4.3967,-4.8777,-3.2344,-1.8660,-1.4153,0.8886,-1.4022,-2.9526,-3.6136,-4.3915,-4.1455,-3.6910,-3.6464,-3.2804,-3.6907,-3.6286,-3.2768,-2.9321,-4.5298,-5.5760,-5.1704,-2.4206,-1.8347
-0.5914,-0.4539,-0.2838,-0.1655,0.1622,0.3610,-0.0904,-0.0775,-0.2416,-0.3556,-0.7932,-1.2825,-1.5986,-1.2740,-1.7102,-1.7006,-2.0169,-1.4861,-1.5813,-1.3756,-1.1598,-1.0044,-0.9722,-1.1446,-1.2447,-1.2667,-1.3304,-1.1626,-1.0246,0.2195,1.2795,-0.7227,-3.9988,-3.8713,-3.5897,-0.8130,-1.3750,-1.3089,-0.5712,-1.0795,-1.0814,-0.8876,-1.3078,-1.3484,-1.9260,-4.1322,-2.1894,-2.1648,-2.5977,-2.8214,-3.8238,-2.3520,-1.5180,-0.8269,0.3477,-1.2529,-1.1480,-2.5549,-3.9205,-4.1354,-4.0990,-4.5819,-4.1739,-4.0285,-3.6455,-3.3137,-2.6025,-4.3891,-5.8772,-5.3780,-2.3427,-2.8926
-0.4502,-0.3090,-0.0965,0.0414,0.3237,0.6000,0.2407,0.1020,-0.1625,-0.1766,-0.4843,-1.3522,-1.5093,-1.2637,-1.6803,-1.6267,-1.9937,-1.5401,-1.5361,-1.2133,-1.1112,-0.9713,-0.8328,-1.0343,-1.2137,-1.2455,-1.5100,-1.3870,-2.0673,-1.2804,-0.4235,-2.7567,-3.8988,-3.6746,-2.7005,-0.6465,-0.3289,0.3273,-1.1240,-1.9211,-1.6800,-1.2832,-1.5390,-1.7925,-2.9014,-3.1396,-3.4591,-3.0243,-3.3051,-1.5091,-1.3027,-1.2206,-0.4466,0.6085,0.9013,-0.2691,0.0570,-2.2995,-3.9446,-4.6988,-4.1829,-4.4813,-4.4010,-4.9009,-4.4750,-3.8562,-3.2213,-4.2439,-3.9759,-5.3752,-3.1989,-3.2429
-0.7692,-0.5486,-0.2521,-0.1964,0.1404,0.6119,0.2007,-0.0418,-0.3257,-0.1474,-0.5916,-1.3934,-1.5259,-1.3306,-1.6872,-1.6614,-1.9154,-1.5244,-1.4168,-1.0817,-1.0822,-0.9763,-0.8493,-1.1055,-1.2885,-1.3890,-1.5299,-1.5630,-2.0585,-0.4590,-2.1585,-3.6915,-4.6380,-4.4479,-3.6266,-1.0654,0.5521,0.4756,-1.8978,-1.6213,-1.5650,-1.6556,-2.2565,-2.2213,-3.8443,-3.1082,-2.4605,-4.6447,-4.0893,-1.5388,-0.5682,-2.1163,-0.4273,1.0288,1.1126,-0.5861,0.2378,-2.4296,-3.8402,-4.7479,-4.1835,-4.4745,-4.0701,-4.6887,-4.1140,-3.1767,-2.6618,-2.6076,-2.7145,-4.7799,-3.7984,-3.6687
-1.1628,-0.8822,-0.6444,-0.2633,0.2856,0.5637,0.2662,0.0373,-0.2380,-0.2119,-0.4552,-1.1910,-1.6380,-1.1116,-1.6173,-1.6210,-1.8563,-1.5636,-1.4528,-1.1800,-1.0823,-1.0357,-0.8374,-1.0995,-0.9919,-1.0368,-1.7974,-1.6027,-1.3096,0.5831,-1.6563,-1.6819,-2.0833,-2.8340,-2.2789,-0.1613,-0.0772,-1.3810,-1.8913,-0.9483,-0.9994,-1.7975,-2.5751,-3.0404,-4.5916,-5.4224,-2.7748,-4.5530,-3.9095,-3.8018,-1.7891,-1.8424,-0.8350,1.2941,1.4576,-1.0761,-0.7382,-2.6029,-3.8483,-5.0310,-5.3415,-4.8838,-3.9841,-4.1291,-3.7941,-2.8609,-1.8348,-1.7236,-1.9377,-3.8803,-3.3232,-3.6673
-1.8316,-1.6306,-1.5054,-1.0484,-0.0275,0.5280,0.0506,-0.0851,-0.2789,-0.3739,-0.7647,-1.1126,-1.4373,-1.0381,-1.4673,-1.4639,-1.7506,-1.4557,-1.2237,-0.9973,-1.0947,-1.1336,-0.9769,-1.2689,-0.9428,-0.8333,-1.5691,-1.7779,-0.5107,0.8373,-0.0846,-0.6617,-2.2034,0.6340,-1.7486,-1.0016,0.4255,-0.0854,-1.3879,-0.9362,-1.8941,-1.7743,-2.2723,-4.1127,-4.7356,-3.4848,-3.0663,-5.2386,-3.9773,-5.6747,-4.1382,-2.3648,-0.2858,0.6553,1.5537,-1.5735,-2.3776,-2.1008,-4.2272,-4.7937,-5.2070,-5.0597,-3.8631,-3.6572,-3.0625,-2.8821,-2.7339,-3.3593,-2.9548,-3.1771,-3.7538,-3.0949
-1.9229,-1.5671,-1.5882,-1.1854,-0.0280,0.4742,-0.1168,-0.4667,-0.3468,-0.5306,-0.9642,-0.9215,-0.8795,-0.7752,-1.4425,-1.4936,-1.7029,-1.3298,-1.0845,-1.2213,-1.2341,-1.1959,-1.0939,-1.2990,-0.8972,-0.9043,-1.2634,-2.0105,0.0851,0.5606,1.0339,0.0200,-2.0101,-0.5638,-1.2886,-0.1023,0.2829,-1.0531,-0.2757,-0.7125,-1.6797,-1.2487,-2.1183,-4.5221,-3.3309,-2.0376,-1.9319,-5.2358,-3.4813,-4.9768,-4.8100,-3.4422,-0.3161,0.7226,0.2080,-1.9847,-3.9107,-4.0525,-4.3026,-4.3549,-4.3054,-3.9976,-3.7136,-3.2257,-2.3694,-3.4777,-2.7953,-3.7599,-3.1758,-3.2464,-2.3229,-1.8149
-2.0782,-1.5811,-1.5074,-1.0037,-0.2478,0.1215,-0.3729,-0.8140,-0.8797,-0.8605,-1.0482,-0.8101,-0.6926,-0.7414,-1.3332,-1.4018,-1.4268,-1.0820,-0.8819,-1.2500,-1.3182,-1.2769,-1.2895,-1.4167,-1.0281,-1.1346,-0.9306,-1.4688,-0.3291,1.0017,0.8490,0.6867,-1.8343,-2.1283,-2.2328,-2.1936,-2.0115,-0.8986,-0.2250,-0.5656,-1.6955,-0.9776,-3.2226,-6.3308,-3.8385,-2.0749,-1.7742,-5.4881,-4.3419,-4.0271,-3.9874,-2.8818,-2.6514,-1.0470,-1.4063,-1.7639,-3.6592,-3.9916,-4.6536,-4.4228,-4.0504,-3.3765,-3.2742,-3.1235,-2.9592,-4.1274,-3.2398,-3.3675,-2.9110,-2.9302,-3.2714,-2.3310
-1.7487,-1.1192,-0.8422,-0.6058,-0.0941,-0.0288,-0.7865,-1.0526,-1.3129,-1.2639,-1.0806,-0.7543,-0.7496,-0.7705,-1.2530,-1.1823,-1.2749,-0.9921,-0.9361,-1.3379,-1.2022,-1.2490,-1.3879,-1.5685,-1.5091,-1.6718,-1.5116,-1.6052,-0.5837,0.3710,-0.4103,-1.0294,-3.8088,-3.0885,-3.8227,-2.6602,-1.9744,-0.3586,-0.0194,-0.6918,-1.1606,-0.8583,-4.1533,-5.6563,-3.1595,-1.2339,-0.5278,-2.7073,-3.7640,-3.8221,-3.3444,-2.4514,-2.4139,-1.0232,-1.0541,-1.5038,-3.2304,-3.8913,-4.5989,-4.6436,-3.6338,-2.1843,-2.5096,-2.9056,-3.1298,-2.9675,-3.1909,-2.4276,-3.0953,-3.3549,-3.9997,-2.9406
-1.8863,-1.3232,-1.1226,-0.5916,-0.3621,-0.4076,-1.1582,-1.3835,-1.3763,-1.2911,-0.9098,-0.7227,-1.0441,-0.8128,-0.9965,-0.7802,-1.0082,-0.9240,-0.9399,-1.2060,-1.0770,-1.2027,-1.3711,-1.5332,-1.7123,-1.9463,-1.4519,-1.3213,0.4799,2.0089,-0.2476,-0.7809,-3.1297,-1.9364,-2.4465,-1.3799,0.0033,-0.2743,-0.6458,-1.0652,-0.9055,-1.4174,-4.7549,-6.0786,-4.0303,-2.8159,-2.2519,-3.6992,-3.5999,-3.7549,-2.8319,-0.9769,-1.0279,-0.6679,-1.3554,-2.3644,-3.7314,-3.8668,-4.8464,-4.8017,-3.3471,-2.5935,-1.8741,-2.3873,-2.4628,-1.8030,-1.5859,-2.2652,-2.5499,-3.2237,-2.1783,-1.6841
-1.5174,-1.0606,-0.9018,-0.5546,-0.1926,-0.2784,-1.3569,-1.3435,-1.1763,-1.0494,-0.9582,-1.0441,-1.4084,-0.9057,-0.8394,-0.6255,-1.0786,-1.0666,-0.9009,-1.0562,-0.8303,-1.0984,-1.3863,-1.6529,-2.0377,-2.3929,-1.8726,-1.4264,0.8717,2.6110,-0.1042,-0.3152,-2.2887,-2.9094,-2.6241,-2.4536,-1.5967,-1.0662,-1.2363,-1.6138,-1.1662,-1.4546,-3.1975,-5.4321,-3.3526,-2.2105,-2.8116,-5.0987,-4.3595,-3.6469,-1.7461,1.7891,-0.5089,-1.2222,-2.5509,-3.2664,-4.7857,-5.5251,-5.8132,-4.6801,-3.8891,-3.4831,-2.7158,-2.6190,-1.8863,-1.5874,-0.3511,-1.0569,-2.0227,-2.8961,-2.3348,-1.3560
-1.6397,-1.1737,-1.1467,-0.7079,-0.5607,-0.6907,-1.5883,-1.2765,-1.1676,-0.9314,-1.0482,-0.9631,-1.4886,-1.1076,-0.7496,-0.6958,-1.2898,-1.1574,-1.0336,-0.9893,-0.6426,-1.0311,-1.4770,-1.7718,-2.0829,-2.6259,-2.1033,-1.9726,1.5081,1.2133,-0.4912,-1.8668,-5.0943,-3.8842,-3.1812,-3.1295,-2.6370,-1.9632,-1.9962,-1.8565,-1.7572,-1.9738,-4.0098,-4.8073,-1.4917,-0.8946,-1.3118,-3.7195,-3.6452,-3.5341,-1.0556,0.9878,0.2085,-1.2939,-2.9436,-3.4392,-6.4864,-7.5665,-5.5653,-5.0378,-4.4539,-3.9562,-3.4147,-2.9473,-3.0084,-2.3315,-1.4927,-0.1101,-2.0695,-3.1694,-2.6809,-2.2997
-1.3918,-0.8419,-0.7655,-0.5728,-0.6188,-0.5974,-1.5031,-1.2002,-1.2465,-1.0726,-1.1292,-1.1394,-1.3370,-0.9639,-0.8022,-0.9776,-1.4786,-1.1303,-0.8615,-0.7366,-0.6298,-1.1384,-1.6765,-1.9761,-2.5862,-2.7851,-2.6036,-2.0956,0.5605,0.1734,0.0854,-2.1206,-3.7525,-2.9363,-2.5435,-2.7336,-3.6677,-3.0716,-3.4066,-2.9082,-2.2287,-1.9222,-4.1689,-3.4704,-1.8798,-1.2756,-0.9179,-2.3750,-4.1451,-4.2645,-0.6852,0.2459,0.2651,-1.4894,-4.3938,-4.2079,-7.3405,-6.7759,-5.2023,-4.8800,-5.3188,-4.9031,-3.9588,-3.1754,-3.1780,-2.9134,-2.1103,-1.0705,-0.3781,-2.8581,-2.9904,-3.1573
-1.4200,-0.9694,-1.0369,-0.7686,-0.8937,-0.8515,-1.5974,-1.3370,-1.3542,-1.1104,-1.0398,-0.9807,-1.0685,-0.9276,-0.7602,-1.1541,-1.4354,-0.9084,-0.7349,-0.6292,-0.8231,-1.4479,-2.0206,-2.2075,-2.4737,-2.4543,-1.7898,-1.2266,2.3644,-0.3176,-1.4721,-1.8641,-2.3134,-2.4687,-1.9786,-2.0672,-2.9779,-2.6156,-3.0689,-3.0866,-2.5511,-2.9098,-4.0737,-2.1305,-0.2470,-2.3559,-2.3548,-2.2048,-4.1031,-3.9636,0.4862,-0.0728,-0.0563,-1.7863,-5.8343,-5.7443,-8.2121,-6.7711,-5.9375,-5.8255,-6.5453,-6.5820,-4.5462,-3.5370,-3.0583,-2.7476,-2.0763,-2.5716,-3.0736,-1.7712,-1.0061,-1.6926
-1.2329,-0.7599,-0.8732,-0.6672,-0.6265,-0.5885,-1.3960,-1.2984,-1.1049,-0.8757,-0.5815,-0.4184,-0.8296,-0.7980,-0.7560,-1.1607,-1.1833,-0.5055,-0.4439,-0.6227,-0.9884,-1.6627,-2.1759,-2.1370,-2.4617,-1.5394,-1.6265,-1.5079,0.3520,0.3913,-0.3017,-0.2725,-2.0172,-3.1929,-3.9236,-3.6238,-3.9283,-3.5830,-3.7141,-3.9414,-2.3367,-2.9554,-5.1107,-2.3298,-0.6469,-2.2084,-2.9661,-3.2010,-3.9007,-2.6694,1.9695,1.0873,-0.9467,-2.6374,-5.8110,-5.8385,-6.8726,-6.8258,-6.9840,-7.3370,-6.7930,-5.8755,-4.1142,-3.4536,-3.0573,-2.5512,-2.6278,-2.6643,-1.7302,-1.2175,-0.9382,-1.2766
-1.2662,-0.8921,-1.0932,-0.8297,-0.8471,-0.5077,-1.2800,-1.2769,-0.9595,-0.5743,-0.3729,-0.2346,-0.7551,-0.8235,-0.7374,-0.8948,-0.6936,-0.3555,-0.4089,-0.7949,-1.1218,-1.9424,-2.2383,-2.1746,-2.2644,-1.4292,-1.5325,-1.8042,-0.7954,-2.1630,-0.9132,0.0536,-1.8350,-2.5338,-3.1089,-2.8785,-3.6333,-2.9264,-3.7987,-3.7683,-2.6348,-4.0984,-4.9599,-3.0281,-1.9855,-2.5816,-2.5318,-3.4011,-2.9034,-0.8353,1.0135,0.6669,-0.5134,-2.1519,-4.9618,-5.6425,-6.2777,-6.9452,-7.2947,-6.8331,-6.1891,-4.7556,-3.3374,-3.3425,-3.0549,-2.3013,-2.5462,-2.6959,-2.0639,-1.7643,-1.1945,-0.4091
-1.1322,-0.8037,-0.9878,-0.8272,-0.6966,-0.5153,-0.9189,-0.8886,-0.3951,0.0529,0.0309,-0.0292,-0.8188,-0.9085,-0.6773,-0.4783,-0.2107,-0.1435,-0.3783,-0.8965,-1.4106,-2.1581,-2.2302,-2.1966,-2.9012,-2.1468,-1.9920,-1.7834,-1.3758,-3.2469,-2.9597,-2.3717,-3.1878,-2.7313,-3.7966,-3.3186,-3.2324,-3.1355,-3.9333,-4.2297,-3.5118,-3.8555,-3.3550,-2.5274,-2.0325,-2.6051,-3.1975,-3.4017,-1.6646,-0.0685,1.0850,-0.3651,-1.5608,-2.9288,-4.5829,-5.0759,-6.4170,-6.6392,-6.9806,-5.9218,-5.8798,-4.1090,-3.2701,-3.3496,-2.2355,-2.3176,-3.0779,-2.9264,-2.5491,-1.9988,-1.8785,-0.3305
-1.2611,-0.8265,-1.1225,-0.7924,-0.6196,-0.4511,-0.8544,-0.5083,0.0501,0.1995,-0.0077,-0.2654,-1.0909,-1.0716,-0.3429,-0.0390,0.1125,-0.1296,-0.4718,-1.0229,-1.7480,-2.2462,-2.0353,-2.4332,-2.9892,-2.3362,-2.2706,-1.8245,-2.9243,-3.4639,-3.9274,-2.6307,-2.1636,-1.7254,-2.9825,-2.5290,-2.3003,-2.3410,-3.4053,-3.3175,-3.1262,-4.0373,-3.0370,-2.2009,-1.4456,-2.7020,-2.7362,-2.2938,-1.4293,-3.5567,-0.4791,-0.8040,-2.0887,-2.9588,-5.7641,-5.5713,-6.0263,-6.4932,-6.9494,-6.7767,-5.7397,-5.6219,-4.5779,-3.2421,-2.4068,-2.4432,-3.6723,-3.2459,-2.7881,-2.2756,-1.0756,-0.3244
-1.1059,-0.5903,-1.0665,-0.9554,-0.6887,-0.4967,-0.7416,-0.2431,0.5465,0.4640,-0.0357,-0.4852,-1.3036,-0.9980,-0.0464,0.2396,0.2548,-0.0624,-0.4806,-0.9777,-1.9404,-2.0926,-2.0709,-2.5934,-2.8625,-2.7347,-1.9172,-3.8969,-4.8854,-4.3314,-4.4935,-2.9466,-2.0670,-1.6282,-2.1607,-2.3488,-2.1987,-2.6536,-2.7662,-3.7778,-3.5403,-5.6294,-3.9416,-2.6383,-1.3965,-3.0042,-2.3803,-2.6848,-1.2621,-2.2352,-0.9517,0.0778,-1.4662,-2.7344,-5.5847,-4.3686,-5.1887,-5.6011,-5.7412,-6.5616,-6.2792,-6.9510,-4.7538,-3.0600,-2.5080,-2.5410,-3.7215,-4.0078,-3.5667,-3.1037,-1.5337,-1.4289
-0.9723,-0.5587,-0.9364,-0.7949,-0.5650,-0.5432,-0.5257,-0.1275,0.2775,0.1135,-0.4712,-0.8482,-1.3294,-0.7668,0.2600,0.5830,0.3926,-0.0500,-0.4898,-1.0210,-1.8743,-2.1138,-2.0952,-2.3091,-2.0489,-2.9150,-1.4701,-4.2954,-3.6174,-3.1868,-2.8195,-2.4161,-2.3544,-0.1507,-0.8417,-1.5744,-2.7785,-2.7556,-2.8321,-3.5862,-3.5113,-5.3842,-3.2837,-2.5602,-2.0492,-3.0051,-1.9830,-2.9413,-1.9916,-2.2166,-2.2125,-1.0656,-1.2199,-2.7967,-5.0105,-4.7739,-5.2353,-5.0950,-5.3010,-5.9869,-5.3566,-5.1065,-4.6556,-2.8229,-2.8160,-3.0038,-3.6246,-3.1950,-3.3943,-2.8706,-1.7606,-1.6458
-0.8075,-0.3473,-0.7622,-0.7221,-0.5317,-0.5927,-0.5526,-0.3852,0.1085,-0.1177,-1.0936,-1.0156,-1.2751,-0.6675,0.1708,0.6338,0.3970,0.0931,-0.4580,-1.1097,-1.9311,-1.9266,-2.1546,-1.0805,-2.4670,-1.7658,-1.3983,-4.6260,-3.8122,-3.1736,-3.0345,-2.9813,-1.6664,0.7200,0.3044,-0.9618,-3.1583,-3.1787,-3.0330,-4.3419,-4.9037,-5.0241,-2.8191,-1.9549,-0.9470,-2.5512,-1.3896,-0.7536,-2.6529,-2.2454,-2.1122,-0.4333,-2.1338,-3.3089,-4.7702,-5.4018,-5.3865,-4.6114,-4.9979,-4.6140,-4.1913,-3.9786,-5.2157,-4.1969,-3.4464,-3.5203,-3.5513,-2.9085,-2.6587,-2.4603,-2.2209,-2.0812
-0.7686,-0.2698,-0.7229,-0.7144,-0.4605,-0.5384,-0.5620,-0.4834,-0.1517,-0.5765,-1.5546,-1.2228,-1.1934,-0.5111,-0.0051,0.5361,0.4431,-0.0113,-0.6054,-1.2415,-1.9615,-1.8894,-2.1265,-0.6405,-2.3705,-1.6885,-2.3661,-4.2073,-4.2133,-3.3742,-3.4481,-3.4029,-1.0508,1.7325,0.2989,-1.7540,-3.0818,-2.8827,-3.2241,-5.6890,-5.8727,-4.6083,-2.8242,-2.0598,-1.3041,-2.7058,-1.7528,-1.4105,-2.5434,-3.0681,-4.1421,-2.0891,-2.8662,-2.8408,-4.3802,-5.4882,-5.5931,-4.7919,-5.2670,-4.3645,-5.3127,-4.8388,-5.8741,-6.4328,-3.6325,-3.7741,-3.4087,-3.1888,-3.3627,-3.3330,-2.7009,-2.8046
-0.6605,-0.3101,-0.8114,-0.7724,-0.3652,-0.3654,-0.7140,-0.5037,-0.0365,-0.6489,-1.7217,-1.4238,-1.3393,-0.7817,-0.1472,0.4650,0.3360,-0.2814,-0.6786,-1.1962,-1.7081,-1.8099,-1.5741,-0.8407,-1.2119,-1.2717,-2.7205,-3.4111,-4.9596,-3.3740,-2.6907,-2.7103,0.4145,1.7609,-0.8395,-2.5262,-3.1229,-3.2125,-2.9366,-6.6204,-6.0155,-5.1133,-3.1095,-2.4359,-2.2514,-2.5855,-1.7793,-1.8070,-2.6954,-3.6323,-1.4270,1.1633,-2.0224,-3.1270,-4.8469,-5.1933,-4.3673,-4.2223,-5.7529,-5.3251,-5.9339,-6.4152,-5.6417,-5.1257,-4.9352,-4.2706,-3.2543,-3.5984,-3.6041,-3.4259,-3.7018,-4.0041
-0.6767,-0.3088,-0.8302,-0.6541,-0.4618,-0.4760,-0.6467,-0.4860,0.1016,-0.5747,-1.6221,-1.4755,-1.5436,-1.1243,-0.1423,0.4660,0.0738,-0.9795,-1.1088,-1.3421,-1.8154,-2.1643,-1.4932,-0.9223,-1.3330,-1.6303,-3.1385,-2.6116,-3.6575,-3.4054,-2.4545,-1.3041,0.8715,1.6120,-1.3650,-2.4149,-2.9411,-3.1913,-3.1502,-7.2156,-6.0896,-4.3532,-2.2323,-2.3635,-2.8636,-2.9335,-1.8186,-1.5407,-1.2764,-3.1805,-1.6932,-1.4358,-2.4124,-2.7127,-3.2357,-3.3147,-3.8064,-3.9643,-5.1299,-6.0872,-6.5897,-6.8915,-6.4524,-4.4199,-4.6304,-4.5439,-3.4669,-3.2711,-3.9510,-3.6789,-3.2710,-3.4968
-1.0085,-0.6358,-0.8739,-0.8657,-0.3600,-0.3149,-0.4513,-0.4191,-0.4203,-0.8823,-1.9902,-1.8357,-1.6129,-1.2275,0.0767,0.6368,-0.3555,-1.5604,-1.3428,-1.4451,-1.4730,-1.8130,-1.3414,-0.6935,-1.3229,-2.0949,-2.9007,-2.3965,-4.0520,-3.3666,-4.4700,-2.2368,-0.1242,0.5420,-1.6829,-2.5855,-2.6564,-2.4087,-2.6862,-5.5352,-5.8340,-3.8189,-1.4524,-2.4311,-2.8232,-2.7802,-1.0818,-1.1398,-1.3540,-2.6519,-1.8814,-1.6564,-2.0211,-2.8933,-3.5591,-3.9010,-3.9384,-3.8392,-4.4397,-4.4879,-6.3121,-7.4384,-7.7378,-6.3974,-4.6692,-4.3923,-4.6850,-3.9371,-3.1464,-2.7395,-2.2236,-3.1923
-1.0625,-0.6782,-0.9812,-0.8757,-0.3255,-0.3050,-0.6177,-0.5495,-0.5875,-1.1040,-2.2276,-2.1377,-1.9595,-1.3153,0.3933,0.6353,-0.8240,-2.0882,-1.5945,-1.5387,-1.5506,-1.9310,-1.0724,-0.7333,-1.2632,-1.2783,-2.0572,-1.2260,-2.3794,-5.3222,-4.4235,-2.9854,-1.4475,-0.8771,-2.0227,-2.9276,-3.2258,-2.2664,-2.9016,-6.3792,-4.9257,-4.3860,-2.1641,-3.2551,-2.9610,-1.4079,0.1788,-2.0250,-0.9511,-0.2154,-1.3454,-2.5414,-1.7758,-3.3412,-4.4188,-4.5018,-3.8018,-4.0329,-3.7333,-3.6348,-4.6492,-5.8697,-6.2596,-5.9387,-5.9487,-4.8508,-5.2676,-4.4617,-3.6618,-2.8273,-2.3877,-2.7352
-1.0523,-0.7800,-1.0120,-0.9451,-0.3575,-0.3597,-0.6679,-0.6556,-0.8165,-1.2258,-2.2573,-2.2771,-2.0575,-0.9903,0.7583,0.5777,-1.6172,-2.4683,-1.3972,-1.4464,-1.2015,-1.3287,-0.2646,-0.8102,-1.2921,-1.3106,-1.5357,-1.1556,-1.9015,-4.6984,-3.8390,-3.2729,-2.8877,-1.7241,-1.8296,-2.6208,-2.8177,-2.2832,-3.8166,-6.2353,-5.3774,-5.2423,-3.9140,-3.6210,-2.3261,-0.3514,-0.9152,-0.7559,-0.7334,-1.1492,-2.4916,-3.5816,-1.7301,-4.6675,-4.2358,-4.2090,-2.9069,-3.1605,-4.3411,-4.2046,-3.2272,-4.8196,-5.2255,-4.3820,-5.2982,-5.5951,-4.6323,-3.8200,-3.9415,-3.4163,-2.9908,-3.8955
-1.1380,-0.7964,-1.0225,-0.9446,-0.4477,-0.3501,-0.8617,-0.5532,-0.7724,-1.2339,-2.2855,-2.4836,-2.3861,-0.9117,0.9249,0.3385,-2.4659,-2.7095,-1.4500,-1.5180,-1.0492,-1.3011,-0.1747,-0.7949,-1.2722,-0.9811,-1.0761,-2.7249,-1.9437,-3.6350,-4.1290,-3.8560,-3.3711,-2.0913,-1.6189,-2.5431,-2.7202,-2.8347,-5.1368,-5.9485,-5.7103,-6.3129,-4.2379,-2.3941,-0.7247,-1.3023,-1.2619,-2.3178,-2.7741,-2.9606,-3.1242,-3.1415,-1.3068,-3.9516,-3.5383,-4.1400,-3.3519,-2.9128,-4.6026,-4.7969,-4.0469,-4.5796,-5.0029,-4.2355,-5.1191,-5.7126,-4.9021,-3.7714,-4.0955,-4.0137,-4.0376,-4.6641
-1.3766,-1.1655,-1.0103,-1.1215,-0.5947,-0.4631,-0.7884,-0.6298,-0.8330,-1.2198,-2.0742,-2.4598,-2.4907,-0.7390,0.9670,-0.0285,-2.6554,-2.5546,-1.0697,-1.3245,-0.8586,-0.9198,-0.1794,-0.8907,-0.7902,-1.2530,-1.3411,-2.1380,-2.8296,-3.9564,-2.8700,-4.0420,-3.4729,-2.4453,-1.1113,-2.1585,-2.2444,-1.6472,-4.2307,-5.2054,-6.4260,-6.4810,-4.6898,-3.3928,-0.5066,-2.1926,-2.9630,-2.9292,-2.7802,-2.8029,-2.5027,-2.9701,-2.8175,-3.2905,-3.2315,-4.0330,-3.4010,-2.6767,-3.8580,-4.5107,-4.7797,-4.3127,-5.2151,-5.0657,-4.7344,-4.8810,-5.1373,-4.8214,-4.2749,-4.0840,-3.5401,-3.5128
-1.4464,-1.2586,-1.2397,-1.0951,-0.7460,-0.6104,-0.8202,-0.6895,-0.9020,-1.2320,-1.8540,-2.5095,-2.5552,-0.6587,0.9274,-0.2936,-2.7443,-2.4634,-1.0009,-1.4473,-0.8186,-0.9607,-0.9061,-1.0204,-1.0917,-2.0775,-1.6735,-2.0824,-2.1808,-4.6283,-2.4320,-4.2433,-3.7599,-3.0513,-1.2985,-2.7138,-2.9891,-3.5849,-4.9322,-6.3072,-6.8852,-5.9578,-5.0129,-3.5090,-0.3742,-2.0996,-3.4190,-2.2583,-1.9778,-2.3293,-3.6200,-3.8284,-3.4410,-4.1645,-3.4567,-3.4441,-3.0143,-3.1110,-3.9463,-4.4419,-4.4044,-4.7414,-5.3430,-5.7857,-5.6143,-4.8566,-5.0643,-5.4333,-4.6470,-3.7912,-3.1654,-3.0777
-1.2415,-0.9540,-1.0755,-1.0190,-0.6891,-0.3846,-0.8540,-0.8164,-0.9021,-1.1635,-1.6728,-2.4257,-2.5426,-0.5473,0.8510,-0.3797,-2.3274,-2.2134,-0.7870,-1.4027,-0.8062,-0.7445,-1.3492,-0.9593,-1.6881,-2.9704,-2.0621,-1.2002,-3.3460,-3.9361,-2.1876,-3.9017,-4.1154,-3.5367,-2.7326,-2.4552,-2.5731,-3.5661,-6.1981,-6.1694,-6.2120,-4.8993,-3.6046,-3.2647,-2.5098,-2.9499,-2.7673,-1.7170,-2.0323,-4.1234,-3.1996,-2.2970,-2.9161,-3.1705,-3.1158,-3.0650,-2.8053,-3.0870,-3.4785,-3.7912,-4.1770,-4.2400,-4.8861,-5.4501,-5.7119,-5.2110,-5.4754,-4.9537,-4.0531,-3.8973,-3.4884,-3.9507
-1.2061,-0.8840,-0.9906,-0.9853,-0.6186,-0.4982,-0.8967,-0.8992,-1.0172,-1.1542,-1.5913,-2.1222,-2.3501,-0.4043,0.7319,-0.1990,-2.1525,-2.0245,-0.8494,-1.3313,-0.7638,-0.6167,-1.3619,0.8677,-1.6616,-2.4404,-0.8421,-0.7876,-3.5234,-4.2302,-3.1851,-4.1727,-4.7738,-4.0781,-3.2222,-3.0768,-2.9076,-4.7177,-5.2662,-5.3256,-6.3501,-4.6730,-3.3622,-4.1223,-3.7787,-3.0560,-2.4769,-2.0976,-4.1103,-4.9323,-3.1361,-2.6311,-2.9277,-3.2053,-3.0700,-3.4155,-3.2245,-3.3631,-3.1046,-3.4106,-4.0519,-3.7813,-4.2247,-4.3120,-5.3525,-5.2471,-4.9614,-4.5530,-3.9399,-3.8473,-3.5881,-3.2905
-1.2569,-0.9258,-0.6370,-0.6751,-0.5284,-0.5157,-0.8273,-0.7802,-0.9623,-1.1771,-1.4798,-1.7158,-2.0037,-0.3485,0.6569,0.1185,-1.2467,-1.4015,-0.8212,-1.0913,-0.5587,-0.3610,-1.1512,1.5421,-0.6649,-0.7961,-0.7489,-0.2786,-1.6812,-2.5497,-2.4465,-3.8599,-5.0016,-3.4614,-3.4596,-2.5822,-2.5132,-4.1876,-5.3382,-5.9303,-5.6614,-4.3497,-2.9015,-3.4402,-3.6257,-3.1509,-3.0600,-2.6924,-2.9176,-3.0046,-2.9767,-2.6246,-2.5235,-2.7005,-3.2308,-3.2820,-3.4503,-3.2259,-3.7598,-4.3921,-5.3629,-5.0537,-4.6058,-4.3444,-4.3796,-3.5063,-3.8936,-3.4783,-3.5497,-3.5441,-2.4948,-2.0713
-1.3453,-0.8185,-0.6730,-0.6250,-0.5100,-0.5297,-0.9311,-0.9208,-1.0163,-1.1291,-1.2106,-1.1254,-1.4132,-0.2115,0.5917,0.5063,-0.1886,-0.8705,-0.8794,-1.1630,-0.5590,-0.4132,-1.1657,0.0210,0.1010,-0.0191,-1.0373,-1.0170,-2.5728,-3.1277,-3.2432,-3.2762,-3.5265,-1.9823,-2.1663,-2.8740,-2.5446,-3.8336,-4.8704,-6.1066,-5.9678,-4.3307,-2.7458,-2.8341,-3.0034,-2.8333,-2.6059,-3.4188,-3.8137,-3.4449,-3.0056,-2.3459,-2.7577,-2.7589,-2.3228,-2.2935,-2.0012,-3.2338,-5.1210,-5.2847,-3.3450,-3.9118,-4.0792,-4.2408,-4.0568,-3.7927,-4.0241,-3.3582,-2.5355,-3.3321,-2.9108,-1.9949
-1.2346,-0.7922,-0.7919,-0.8367,-0.6351,-0.6877,-1.1227,-1.0625,-1.1419,-1.3785,-1.1592,-0.9634,-1.0400,-0.2528,0.1737,0.2234,0.5234,-0.5163,-0.8366,-1.0442,-0.7039,-0.6794,-0.9608,-1.0888,0.1811,-0.0502,-1.1999,-2.6753,-4.7049,-1.7705,-1.8022,-2.1581,-2.0858,0.0307,-0.1270,-2.1061,-2.2202,-3.7460,-4.8030,-6.6117,-5.6678,-4.5119,-2.5016,-2.2771,-1.9300,-2.2265,-2.9631,-3.9813,-4.2968,-3.7592,-3.5882,-3.2887,-2.8590,-3.1074,-3.0150,-2.4106,-2.1849,-2.3429,-3.4627,-4.2724,-3.2718,-2.1300,-2.6292,-4.5385,-4.5039,-2.9815,-3.6427,-3.4914,-3.3224,-3.7099,-3.3323,-2.3995
-1.2267,-0.8557,-0.8716,-0.9188,-0.6337,-0.8167,-1.1829,-1.2785,-1.3874,-1.3546,-1.1292,-0.8445,-0.8554,-0.2451,0.0467,0.1408,0.8810,-0.5644,-1.0419,-1.1446,-0.8004,-1.1015,-0.9328,-1.0954,-0.5398,-0.6013,-1.6930,-2.9492,-5.0737,-5.1967,-3.6815,-3.5826,-2.7491,-0.8729,-0.7256,0.1538,-1.4465,-3.6649,-5.0348,-6.9281,-5.4358,-4.3194,-2.4655,-2.7149,-2.3284,-2.6693,-3.3967,-3.7289,-3.3541,-3.3865,-3.4754,-3.3134,-2.7334,-3.9680,-4.5220,-2.8591,-1.7592,-1.5940,-2.0237,-1.7274,-2.1382,-1.3649,-1.3607,-3.5882,-3.8918,-3.3584,-3.1017,-2.6547,-3.1780,-3.3429,-3.5583,-2.9399
-1.5465,-1.1447,-1.3424,-1.3053,-1.2355,-1.3329,-1.7712,-1.5560,-1.7858,-1.6481,-1.4910,-0.9926,-0.8756,-0.4501,-0.2983,-0.1806,1.2290,-0.7049,-0.8640,-0.9224,-0.8227,-1.0450,-1.7242,-1.3193,-1.0549,-1.2855,-1.5609,-2.3539,-3.6745,-3.3070,-3.7870,-3.2033,-3.5111,-3.4128,-3.2198,-0.2318,-3.3856,-5.0938,-4.2763,-5.9504,-4.6730,-4.3515,-2.2134,-3.0324,-2.7695,-3.1687,-2.9779,-2.7546,-2.0967,-2.9333,-3.1667,-2.3831,-2.2616,-3.2395,-3.5847,-3.0132,-2.6607,-3.2966,-3.8232,-1.6789,-0.6148,-1.4884,-1.6152,-1.8540,-3.2266,-3.2639,-3.0527,-2.2781,-2.6882,-3.5764,-3.5275,-3.4054
-1.5834,-1.3562,-1.4994,-1.5848,-1.2828,-1.3916,-1.8708,-1.7227,-2.0317,-1.6975,-1.6240,-1.1128,-1.0051,-0.4970,-0.5998,-0.5327,0.9818,-1.2182,-0.8778,-0.9729,-1.0042,-1.2156,-0.3064,-0.5688,-1.2598,-1.4240,-1.9687,-3.0344,-2.0689,-2.9725,-2.8273,-2.2872,-4.2000,-5.6970,-5.8719,-3.3617,-3.4152,-5.5496,-4.1311,-4.7610,-3.1785,-3.6074,-1.8615,-2.8174,-3.2032,-3.1002,-3.2888,-3.0854,-2.7282,-3.0855,-3.3356,-2.7047,-1.9133,-1.8886,-2.9496,-3.1827,-3.4600,-2.9786,-2.1256,-2.1357,-1.8916,-1.1448,-0.7885,-1.0569,-2.4607,-2.1045,-2.2966,-2.7887,-2.3071,-3.6076,-3.1690,-2.6503
-1.5772,-1.4571,-1.5754,-1.6758,-1.6025,-1.8516,-2.0970,-2.0531,-2.1043,-1.8202,-1.8760,-1.4073,-1.3484,-0.6374,-0.9293,-0.9369,0.3371,-2.0454,-1.1184,-1.2291,-1.2812,-1.6965,0.7716,-0.4820,-1.6112,-1.5709,-1.6761,-3.9536,-1.2758,-1.3103,-2.8055,-2.3727,-2.5393,-5.2386,-4.3935,-2.5474,-3.5236,-2.8253,-2.7133,-3.5312,-2.4495,-3.1744,-4.0684,-2.4906,-1.1584,-2.5898,-3.2415,-3.3065,-3.1232,-2.6510,-4.6748,-2.2858,-1.4199,-2.2877,-3.2900,-3.1575,-3.3752,-3.0755,-2.1057,-2.5525,-3.2996,-1.4707,0.0757,-0.5566,-2.1451,-2.2344,-2.1272,-3.6487,-3.6765,-2.4425,-2.8117,-2.8048
-1.7739,-1.6539,-1.8511,-1.8397,-1.7277,-1.9871,-2.2712,-2.2013,-2.1993,-2.0668,-2.0244,-1.6575,-1.5035,-0.8101,-1.4318,-1.2949,0.0411,-2.3728,-1.5245,-1.5121,-1.3616,0.1565,0.9846,0.1637,-1.3602,-1.1918,-0.5679,-3.0605,-1.6899,-1.8658,-1.9136,-3.0128,-3.7197,-3.3280,-3.1899,-4.3739,-3.9707,0.1561,0.5906,0.0429,-0.5525,-2.0016,-3.5058,-2.1724,-2.5945,-1.9963,-1.8300,-2.9739,-2.6710,-2.0293,-3.7869,-2.2024,-1.7704,-2.2900,-3.1895,-2.7959,-2.7572,-3.0594,-2.7228,-2.4414,-2.4673,-1.8673,-1.5051,-0.2990,-1.7549,-2.0981,-2.7845,-2.7914,-4.3823,-2.5573,-2.3151,-3.1131
-1.8642,-1.9567,-1.8426,-1.7687,-1.7861,-2.0752,-2.2478,-2.1793,-2.2605,-1.9132,-1.9764,-1.7469,-1.6695,-1.0515,-1.5089,-1.4674,-0.1141,-2.6252,-1.6526,-1.5484,-0.8293,-0.0027,-0.4459,-0.9421,-1.7060,-1.7979,-1.2712,-1.9988,-2.4541,-2.1123,-1.8738,-3.1244,-1.7119,-1.7613,-2.8132,-4.6339,-2.4790,-0.2769,-1.1016,-1.6547,-2.2489,-2.2744,-6.1145,-4.5606,-3.6313,-3.5722,-4.0725,-3.4111,-3.2165,-2.6344,-3.0681,-2.5419,-1.9728,-1.4436,-2.3546,-2.4461,-3.1967,-3.2238,-3.2721,-2.6273,-1.8229,-0.8645,-2.0266,-2.3734,-2.8815,-2.4778,-2.2192,-2.4795,-3.5217,-3.1154,-2.1657,-2.6807
-2.0883,-2.1716,-2.0276,-1.9035,-1.7904,-2.0208,-2.2945,-2.1270,-2.3202,-1.9844,-2.2754,-1.9405,-1.7046,-1.3087,-1.6153,-1.5245,-0.2484,-2.9703,-2.1600,-1.8383,-0.8355,-0.5971,-1.3023,-0.9744,-1.1480,-1.7093,-0.8222,-1.4730,-1.3398,-2.4835,-2.9376,-3.0332,-2.8816,-3.7090,-3.2737,-4.4239,-4.4450,-0.4453,-0.0536,-0.6702,-2.9801,-1.8202,-6.5745,-5.5761,-2.8786,-4.1948,-4.2214,-4.2011,-4.8685,-2.3640,-0.6799,-2.4991,-2.2830,-0.8617,-0.7636,-1.3242,-2.1443,-2.1706,-3.2407,-2.2788,-0.9005,-0.7987,-3.0208,-3.3991,-3.8906,-3.9873,-2.6603,-2.7336,-3.2376,-3.7448,-1.6103,-3.0658
-2.0377,-2.2599,-2.0819,-1.9348,-1.7159,-2.0113,-2.1258,-2.0881,-2.2393,-2.0613,-2.2968,-2.1116,-1.6497,-1.5936,-1.6112,-1.5743,-0.4727,-3.6710,-2.5427,-1.9665,-0.7684,-0.4599,-1.6705,-0.9901,-0.6944,-1.5863,-2.0045,-1.6566,-1.2061,-3.0624,-3.2498,-3.2562,-1.4349,-3.8664,-4.0374,-3.8711,-4.6941,-2.4401,-1.4037,-0.8920,-1.1868,-2.8545,-5.9361,-6.3496,-7.0432,-7.1432,-7.5955,-8.1619,-5.3057,-1.7083,0.2923,-1.7866,-2.0108,-1.8745,-1.1773,-1.1780,-2.0274,-2.1940,-2.7826,-2.3298,-0.7400,-0.6924,-2.6497,-3.3244,-3.9082,-3.3835,-3.1334,-3.2826,-2.8074,-2.7113,-1.5325,-3.2045
-2.2713,-2.3573,-2.1898,-2.0580,-1.7762,-1.9781,-2.0638,-1.9057,-2.2638,-2.1399,-2.5205,-2.1061,-1.6352,-1.6860,-1.7380,-1.6606,-0.8355,-4.3612,-3.0587,-2.3310,-0.9249,-0.5091,-1.6913,-1.4902,-1.5514,-1.7511,-2.0266,-1.7633,-0.8231,-3.5975,-4.1164,-1.6061,0.1185,-1.3493,-3.9660,-3.9981,-3.8876,-3.1883,-3.2813,-3.6057,-3.4003,-3.4667,-3.6061,-2.8706,-5.8535,-6.4551,-5.9656,-5.5901,-4.0192,-1.6410,0.7446,-1.0174,-2.9148,-2.3850,-1.0783,-1.3850,-1.8738,-1.9285,-2.0135,-2.3460,-1.1151,0.0133,-1.8975,-2.3146,-4.0784,-4.2228,-2.8151,-3.4804,-3.0268,-3.3622,-2.9540,-3.7040
-2.4834,-2.4672,-2.3573,-2.2869,-1.7807,-1.9660,-2.0173,-1.7588,-2.1525,-2.0790,-2.4161,-1.9395,-1.6176,-1.7522,-1.5934,-1.4848,-0.7764,-4.1933,-2.8105,-2.1567,-0.8641,-0.4571,-1.4257,-1.0503,-1.8366,-1.7491,-2.3316,-1.9665,-0.6059,-1.5670,-2.7253,-1.9609,-2.0303,-1.6830,-4.0615,-4.0322,-4.2489,-3.5886,-4.0287,-5.0479,-3.7027,-4.0113,-3.3520,-2.7775,-3.8002,-3.3114,-2.6100,-3.5547,-2.7141,-1.7153,-0.3478,1.7460,-2.7556,-4.4715,-2.8822,-2.0776,-1.4527,-1.8588,-2.8579,-3.1017,-1.5629,-0.7351,-1.3854,-2.3268,-4.1407,-3.7571,-3.2040,-3.2406,-3.7022,-3.6705,-3.3835,-3.3207
-2.5895,-2.6070,-2.4110,-2.3512,-1.7685,-1.9076,-1.9346,-1.9373,-2.1156,-2.0671,-2.3763,-1.6909,-1.6037,-1.8273,-1.5274,-1.1797,-1.0052,-3.8642,-2.7321,-2.0957,-0.7519,-0.3769,-1.2631,-0.6777,-1.6232,-1.8872,-2.4966,-2.0387,-0.8225,-0.4259,-0.1020,-1.2936,-1.2929,-2.2886,-2.6324,-1.1007,-2.8546,-2.6918,-3.2785,-4.3425,-4.1033,-4.6718,-4.3702,-3.3285,-3.7731,-2.5245,-2.0853,-1.9998,-1.4423,-1.5589,-1.6176,0.9446,0.6036,-4.1900,-4.2118,-1.6947,-1.5045,-2.6358,-2.7728,-2.2386,-0.7908,-2.0475,-2.9344,-3.0412,-2.9976,-3.2620,-3.3314,-2.9891,-2.6318,-2.8538,-2.4857,-1.9637
-2.4443,-2.3379,-2.3600,-2.2511,-1.9218,-1.9879,-1.9344,-1.8465,-2.0647,-1.9801,-2.4731,-1.7153,-1.5367,-1.9174,-1.4355,-0.8971,-0.9493,-3.2136,-2.4729,-1.8622,-0.7836,-0.3901,-0.6288,0.0734,-1.1456,-1.0579,-2.4085,-2.0644,-0.3162,-0.7116,-1.6412,-3.0483,-0.7263,-1.8548,-3.2596,-4.2200,-3.5285,-2.9830,-2.7828,-3.6168,-4.1167,-4.6824,-5.5294,-6.0255,-4.6946,-3.1228,-2.3290,-1.8195,-1.7984,-1.4714,-2.4454,-2.1887,0.6136,-4.4174,-4.0029,-2.4899,-3.1720,-2.8153,-1.3800,-0.8120,-1.5046,-2.9246,-3.2994,-3.0271,-2.3997,-2.9501,-2.4024,-2.7198,-2.8771,-2.8419,-2.4880,-2.6698
-2.5168,-2.4550,-2.3517,-2.2504,-1.9164,-2.0266,-1.9801,-1.8945,-2.0279,-1.9732,-2.4436,-1.6326,-1.6310,-1.9094,-1.3610,-0.6417,-1.4934,-3.0637,-2.2434,-1.7054,-0.6881,-0.3736,-0.1283,0.4164,-1.1383,-1.9191,-2.7567,-2.3484,0.7814,-0.4879,-2.4257,-4.0474,-1.7681,-2.2776,-3.7401,-3.5736,-4.1560,-2.4411,-2.3679,-2.9090,-4.3842,-5.6943,-6.4579,-6.9523,-4.2626,-2.2692,-1.6491,-1.7264,-2.0173,-1.6703,-2.4054,-1.6899,-1.0717,-1.4682,-2.9867,-2.1857,-2.6867,-2.3377,-0.3427,-0.9637,-2.4808,-3.5244,-3.0595,-2.0601,-3.8478,-3.1974,-1.8518,-2.1305,-2.2907,-2.6312,-2.5327,-2.8727
-2.4937,-2.4311,-2.3079,-2.2843,-1.9199,-1.8980,-1.9819,-1.9002,-1.9592,-1.7754,-2.2867,-1.5794,-1.8884,-2.0255,-1.3382,-0.5628,-2.1212,-2.8099,-2.2810,-1.6789,-1.0254,-0.5110,0.4505,0.8289,-0.2908,-1.2682,-1.4856,-1.2801,1.3421,-0.6398,-4.2980,-4.9345,-4.0940,-4.0723,-3.3363,-3.9650,-3.7914,-2.2834,-1.4768,-2.4404,-4.7964,-6.6022,-7.0534,-5.8642,-3.0521,-3.6597,-2.8086,-2.2935,-2.2940,-2.4462,-2.7850,-3.1143,-1.6000,-1.3415,-3.3679,-3.6154,-3.0996,-2.8704,-1.0720,-2.2948,-3.6341,-3.4505,-2.4330,-2.3015,-4.3705,-2.8142,-1.2646,-1.2281,-2.3699,-2.4075,-2.6886,-2.9594
-2.5292,-2.5662,-2.3686,-2.3422,-1.9947,-1.9676,-1.9905,-1.8730,-1.9159,-1.8462,-2.1396,-1.7052,-2.0858,-1.9936,-1.3180,-0.5704,-2.9375,-2.7218,-2.0190,-1.5768,-0.8721,-0.1564,1.0677,0.8611,-0.1118,-1.5778,-1.4812,-0.7204,1.8374,-1.0892,-4.6346,-5.3431,-5.4353,-4.6332,-3.0483,-3.7830,-4.2109,-4.4555,-3.5828,-3.4520,-4.0245,-4.2868,-6.5724,-3.8965,-4.7063,-3.7029,-3.0835,-3.8689,-3.4063,-2.4369,-2.1456,-3.1926,-2.4067,-2.6494,-2.6838,-3.4028,-2.8705,-2.7746,-2.1578,-2.8070,-2.9659,-2.4993,-2.1580,-2.7468,-3.1569,-3.0043,-2.8121,-0.8823,-2.7105,-3.7394,-2.4112,-2.9078
-2.4556,-2.4892,-2.3082,-2.3196,-2.1031,-2.0779,-2.0401,-1.8744,-1.9689,-1.6926,-2.1111,-1.8599,-2.0884,-1.9970,-0.9790,-1.0576,-3.1468,-2.6730,-1.8331,-1.4965,-0.9065,0.2054,1.0503,0.5340,-0.2487,-1.5745,-2.1972,0.5012,1.0770,0.8312,-2.9963,-3.2873,-4.7133,-4.3078,-2.9830,-2.1733,-3.7689,-5.1141,-4.1060,-3.8555,-4.0925,-4.7866,-6.9775,-6.5711,-5.5577,-4.0630,-4.4346,-4.9471,-3.7123,-3.8488,-2.0545,-3.2130,-3.7219,-3.0981,-2.0926,-3.0506,-3.0677,-2.3833,-2.9715,-3.6681,-3.3707,-2.8036,-3.4412,-2.9280,-1.2174,-2.7047,-3.4212,-2.0312,-3.0376,-4.2751,-2.5688,-2.6513
-2.4470,-2.5919,-2.4388,-2.5006,-2.1419,-2.1363,-2.0930,-1.9682,-1.9385,-1.8184,-2.0213,-1.9827,-2.1162,-1.9851,-0.5560,-1.7041,-2.9134,-2.6686,-1.0699,-1.2634,-0.5463,1.0399,1.0597,0.3069,-0.8155,-1.7638,-2.8337,0.2037,0.8830,1.2918,-2.2675,-3.8525,-4.7109,-5.5044,-3.6870,-2.7187,-3.7726,-5.9500,-5.1659,-2.7097,-5.4058,-4.9820,-6.7317,-5.2140,-5.7600,-4.9184,-3.5918,-3.4979,-4.1298,-4.5697,-2.6001,-3.5988,-3.4302,-4.1138,-2.6375,-3.1375,-2.5759,-2.0930,-2.1994,-2.2441,-2.5978,-2.7886,-3.5135,-3.1816,-1.7575,-1.1370,-2.7915,-3.0228,-2.4572,-2.0386,-1.9450,-2.2921
-2.5537,-2.6095,-2.4834,-2.5053,-2.3185,-2.1839,-2.2282,-2.0517,-2.0228,-1.8292,-1.9156,-2.0167,-2.1637,-1.9402,-0.3095,-2.2311,-2.4117,-2.5332,-1.2959,-1.5951,-0.2700,1.3325,0.5815,-0.5798,-0.9727,-1.6982,-2.1791,-0.8276,1.5537,-0.5897,-5.4662,-3.8986,-4.6204,-4.9264,-5.1292,-4.9767,-4.3173,-4.7421,-4.5703,-4.2183,-3.4227,-5.4164,-5.2017,-6.2875,-5.3993,-5.6364,-4.6601,-5.0065,-6.0139,-5.3258,-3.9377,-3.8723,-3.5483,-4.5654,-2.6264,-2.8194,-2.6673,-2.9693,-3.2547,-3.1681,-2.6399,-2.6179,-2.7268,-2.9713,-3.4522,-3.3136,-3.2805,-3.1801,-2.6288,-2.4163,-1.9764,-1.7662
-2.5816,-2.6795,-2.3938,-2.4964,-2.2515,-2.1955,-2.1165,-2.0319,-1.9749,-1.7578,-1.8204,-1.9478,-2.1071,-1.7728,-0.1172,-2.6464,-2.2938,-2.4902,-1.0695,-1.3727,0.5915,1.2585,0.1954,-1.0166,-0.9147,-1.7495,-1.4601,-2.5650,-2.1659,-3.3586,-6.3366,-6.9232,-3.3939,-2.6606,-3.7474,-4.5628,-3.4140,-2.8435,-3.7160,-4.2649,-3.6692,-5.9166,-4.3157,-3.5589,-3.9126,-4.3906,-5.8008,-6.2637,-6.5093,-5.4095,-4.1824,-3.8863,-5.3330,-4.3750,-2.8650,-2.9729,-2.6679,-2.9686,-2.8698,-3.3112,-3.1147,-2.8766,-3.0176,-4.2101,-4.1276,-3.5048,-3.8080,-3.8372,-3.3561,-3.8559,-2.6964,-1.9979
-2.6271,-2.6568,-2.3780,-2.4489,-2.3422,-2.2187,-2.1974,-2.0207,-1.8984,-1.6651,-1.7481,-1.8713,-2.0032,-1.5943,-0.2404,-3.1765,-2.1160,-2.5965,-1.5592,-1.2674,0.3300,0.5292,-0.9965,-1.7220,-1.3233,-1.8241,-1.4012,-2.7779,-4.2232,-2.5593,-5.6557,-6.7206,-4.0291,-2.4951,-3.7302,-4.6559,-2.9567,-2.0198,-3.0226,-3.6632,-4.5994,-4.7250,-6.3115,-3.4396,-2.7998,-4.5367,-5.8544,-6.8839,-7.0106,-7.1065,-4.8441,-4.6669,-5.4346,-3.6551,-2.0418,-2.6004,-3.0457,-2.2964,-2.2427,-3.1260,-3.4169,-3.5470,-4.6716,-5.2743,-3.9824,-3.2052,-4.0947,-3.8113,-3.2910,-3.6404,-3.9235,-3.3416
-2.6456,-2.7029,-2.2703,-2.3743,-2.2207,-2.1409,-2.1784,-1.9356,-1.7970,-1.4825,-1.6244,-1.7949,-1.8510,-1.1808,-0.4053,-3.2356,-2.1173,-2.6774,-1.5698,-0.4480,0.5428,-0.1575,-1.7022,-1.7208,-1.2076,-1.5947,-0.9506,-2.3586,-3.7179,-3.3502,-5.4084,-7.2769,-5.2036,-2.9154,-3.7439,-4.0625,-3.6151,-2.9903,-4.3970,-5.2191,-2.7387,-2.4190,-6.0528,-5.5618,-4.2303,-4.8185,-5.8698,-6.6709,-7.1086,-7.3482,-6.1467,-5.5391,-5.9368,-4.7201,-2.8808,-3.1379,-3.0174,-2.5557,-2.5332,-3.3098,-3.3897,-3.9786,-4.0322,-2.1873,0.4700,0.2214,-1.7122,-3.9959,-3.5193,-3.7461,-3.2506,-3.2029
