2.0590,2.3823,2.1631,1.7584,1.1726,1.3941,1.3741,1.0110,1.7382,2.3201,2.6197,2.0093,1.6208,2.1835,2.4197,1.8618,1.1218,1.0766,1.0680,0.6862,0.3058,-1.4126,-1.5363,-0.9994,0.4221,1.1081,1.3736,1.5566,1.9812,2.0851,1.7468,1.7305,3.0181,3.9386,2.0027,-1.7046,-5.1329,-6.3768,-5.6623,-5.1226,-4.3675,-3.2575,-2.8184,-2.8353,-0.2047,-0.8579,-3.4936,-3.8607,-5.7090,-4.7845,-4.7553,-4.8903,-5.6678,-5.9529,-5.5401,-5.4946,-3.9506,-2.2055,-0.6684,-1.4317,-2.7507,-2.1771,-0.2882,0.4171,1.1679,1.3475,2.1624,2.3093,2.8924,1.7977,0.9317,1.4486
1.6371,2.1351,1.8475,1.7068,1.2236,1.3312,1.0359,0.9622,1.3315,1.9468,2.0588,1.4310,0.7852,1.6598,1.7371,1.2776,0.7643,0.6205,0.5565,0.5678,0.3641,-0.9347,-1.0798,-0.2637,0.8514,0.8549,0.8190,1.3387,1.6408,1.5538,1.3429,1.8675,3.2860,3.6442,0.5181,-5.7842,-6.6134,-6.2401,-5.1839,-4.3384,-5.3322,-3.0659,-3.1892,-2.0873,-1.6232,-0.7327,-0.9499,-0.8433,-2.8519,-2.3294,-3.2186,-3.9277,-5.5044,-5.3390,-5.0004,-4.7760,-3.8110,-1.4308,-0.6626,-2.4591,-3.5516,-2.0101,0.9415,1.0413,0.2379,1.2706,2.3622,1.7267,2.3968,1.9137,2.0310,2.6188
1.5078,1.7119,1.8281,1.9556,1.5634,1.1799,1.0081,0.9431,1.2487,1.5218,1.4270,1.1075,0.6963,1.4150,1.4691,1.0924,0.5125,0.3013,0.4351,0.8305,0.5978,-0.3620,-0.3292,0.2092,0.8911,0.8219,0.6668,1.4556,1.8346,1.2562,1.7065,2.4566,3.0308,2.7075,-0.1325,-6.3611,-6.1600,-5.5368,-5.0787,-4.2217,-4.9747,-4.3967,-3.2192,-2.2577,-2.1573,-1.0612,-1.4693,-1.4804,-2.9857,-2.5765,-3.3021,-3.6745,-4.8823,-5.1260,-3.8744,-3.2158,-2.0818,-0.7608,0.2044,-1.3175,-1.6700,0.7166,2.5505,1.8013,0.4615,1.2909,2.2046,1.7588,2.4588,2.1981,2.2233,1.9191
1.1900,1.5053,1.5045,2.1731,1.3035,1.0543,0.7066,1.1492,0.8151,1.1297,0.8666,1.2085,0.6489,1.0123,0.9944,0.9567,-0.1034,0.2423,0.4918,1.0335,0.6737,0.1646,0.3315,0.7582,0.5285,0.5196,0.8445,1.7442,2.0826,1.5602,2.0990,2.8291,2.9696,2.4680,-0.3236,-6.2860,-6.1008,-5.0478,-4.7119,-4.0515,-4.7753,-4.3819,-3.5275,-2.1989,-2.6029,-2.3712,-1.3991,-2.0302,-2.6433,-2.4769,-2.2291,-2.9597,-3.8708,-4.1411,-2.9468,-0.9547,-0.0354,0.4375,0.7824,1.4670,1.6559,2.3837,3.8255,2.7077,0.2549,2.2190,2.3071,2.0511,2.6090,2.5163,2.7667,3.2850
1.4680,1.7678,1.7108,1.6575,1.8123,1.4936,1.4665,1.2140,1.1286,1.3147,0.6928,0.3609,0.5659,0.6107,0.6177,0.5257,0.3337,0.5912,1.1285,1.4001,1.3042,0.9580,1.3455,1.0236,0.7100,0.6295,1.1116,1.3648,1.8766,1.8375,2.4910,3.3588,5.0115,1.7272,-3.6084,-7.4986,-6.3819,-5.1014,-5.8084,-5.1133,-3.8346,-3.7725,-3.5472,-1.6090,-0.7939,-1.2197,-3.5921,-3.0658,-2.7388,-1.4067,-2.5338,-3.5112,-4.2822,-4.1846,-3.6093,1.4659,0.6741,0.9667,0.6964,3.1382,2.7862,2.3508,2.8826,2.4548,1.3190,2.8540,3.0532,1.8743,1.7605,1.3948,2.0441,2.1996
1.3496,1.6170,1.5079,1.4632,1.4191,1.5688,1.5559,1.3350,0.8088,1.1897,0.3118,0.1423,-0.0572,0.1743,0.2554,0.6580,0.2677,0.6634,1.0727,1.5677,1.0654,1.0333,1.2895,1.1359,0.5161,0.4366,0.9344,1.5214,1.5755,1.8176,2.1985,2.9491,2.4074,-5.2119,-7.9233,-6.7745,-5.5701,-3.7166,-3.9255,-3.4732,-3.7802,-3.4774,-3.3173,-2.0459,-2.5522,-2.1796,-4.1848,-3.2100,-3.4241,-3.3229,-2.3651,-2.5983,-4.4134,-3.8018,-3.2266,0.5976,0.7334,0.4539,2.2246,3.3608,2.3204,1.9622,3.2747,3.7451,3.2771,3.8034,3.5136,2.5239,1.3571,1.4769,2.8312,1.6061
1.5869,1.4795,1.7424,1.9058,1.7491,1.6945,1.6282,1.1892,0.7891,0.8128,0.1216,-0.0908,-0.4566,-0.0525,0.3327,0.4301,0.6642,0.7747,1.3610,1.7145,1.1857,1.1816,1.3514,1.1168,0.5566,0.4693,0.8749,1.4812,1.3124,1.3914,2.0473,1.6043,-0.6232,-6.9504,-7.1955,-5.2226,-3.6456,-2.2102,-1.4499,-2.2001,-2.8078,-3.2290,-2.5457,-1.7187,-2.4653,-2.3426,-4.8687,-4.7797,-5.8353,-4.3098,-2.5595,-1.5980,-3.7941,-3.1508,-2.6911,-0.2649,-0.5972,0.1149,2.4583,2.2937,1.5764,1.3197,2.9764,2.9145,3.1031,3.9373,3.5635,1.9929,1.1972,1.6652,2.6855,1.4037
1.1664,1.4361,1.7982,2.1322,1.5888,1.6524,1.2242,0.9239,0.4151,0.4183,-0.2785,-0.3044,-0.7682,-0.1474,0.3461,0.8259,0.7680,1.1031,1.5628,1.9351,1.2432,1.4504,1.3148,0.8773,0.3585,0.4907,0.6727,1.1316,1.2162,1.6893,2.0314,-2.7479,-5.0742,-7.1011,-6.9361,-5.5375,-2.5766,-1.1262,-0.3766,-1.3553,-2.2526,-1.9956,-1.8241,-1.9161,-2.2003,-3.1848,-5.9239,-6.9155,-5.9173,-3.9441,-1.8966,-1.3392,-4.8085,-4.5426,-3.5760,-0.4269,-0.9383,0.1192,1.3778,2.3095,0.9818,0.4605,0.8378,0.3893,0.9325,3.1054,2.9374,2.2113,1.5075,1.4703,2.5169,1.8270
2.2999,3.0174,3.1669,2.3874,1.5266,1.8961,1.8738,1.4732,1.1956,1.0576,0.8197,0.3600,0.0885,0.6158,1.0143,0.9943,1.8022,2.1209,2.5816,2.6471,2.0473,1.9330,1.5455,0.9936,1.0810,0.5807,1.0728,1.2290,1.7737,2.4541,1.6551,-2.9261,-4.2190,-6.5813,-7.6075,-5.9199,-2.4436,-2.0181,-2.2262,-1.6498,-4.1664,-3.1581,-4.1983,-3.1863,-0.9820,-3.7011,-7.0685,-5.5108,-7.2774,-4.5634,-3.5184,-3.2548,-6.9870,-7.4139,-6.5409,-1.3739,-1.2578,-0.6291,0.2279,0.4493,0.0084,-0.5164,-2.0203,-3.2802,-0.9469,0.6627,1.8625,2.3096,1.4694,1.2802,2.2932,1.9528
2.2295,3.0667,2.8062,1.9221,1.1289,1.5290,1.6847,1.5069,1.0432,1.1178,0.4740,0.3594,-0.0029,0.6771,1.3127,1.5058,1.9164,2.3947,2.5939,2.6551,2.0609,1.9122,1.3249,0.8497,0.7882,0.5866,0.8430,1.3733,1.2271,1.6643,0.0176,-5.1943,-5.1192,-5.2272,-5.9182,-5.4440,-3.1101,-1.5918,-1.5798,-1.3604,-3.4736,-3.5941,-3.6542,-2.5331,-1.7535,-3.7806,-5.5549,-4.6527,-5.7749,-5.7069,-4.6469,-3.8799,-5.9269,-6.5227,-4.0669,-0.1163,-0.7248,-0.7077,0.1724,-0.3015,0.2804,0.0708,-1.8812,-2.6899,-0.9561,-0.3386,1.0973,2.0614,1.9090,1.6218,2.3629,2.1508
2.0989,2.5927,2.4248,1.8371,1.2115,1.4018,1.5179,1.4532,1.0251,0.7543,0.0725,0.5335,0.3440,0.9882,1.6431,1.8572,2.1792,2.5114,2.5710,2.8169,2.2027,1.9105,1.2311,0.8760,1.1602,1.2366,1.3883,2.0560,1.6948,2.3498,-1.4139,-4.9353,-3.7688,-4.4407,-5.1309,-4.9354,-2.5581,-0.8710,0.3338,-0.4564,-2.9354,-3.9212,-3.4718,-2.8947,-1.9225,-3.9026,-4.1827,-3.0294,-5.4373,-5.3998,-5.1176,-4.1940,-6.2609,-5.7522,-0.3244,1.9768,0.0984,0.6607,-0.2987,-1.6215,-0.0032,0.5545,-0.3037,-1.0096,-0.2034,0.3826,0.8407,1.6293,1.8371,2.4205,2.5496,2.1740
0.7647,1.6452,1.5326,1.9795,0.9007,0.9760,0.8617,1.0929,-0.0368,0.2321,-0.1725,0.4741,0.4808,1.0597,1.5340,2.1232,1.7558,2.3277,2.4524,2.9278,2.1469,2.0084,1.0834,1.1676,1.0731,1.5057,1.7825,1.8424,2.4954,2.1917,-4.8449,-3.1843,-2.5756,-2.9798,-3.9517,-4.3963,-2.7842,-0.3176,0.3674,-1.9524,-3.3381,-4.6686,-4.0726,-4.2684,-1.3485,-4.1050,-3.8533,-2.8296,-5.6640,-5.1973,-3.2315,-5.0354,-6.7883,-5.9180,-2.8760,1.9148,-0.1086,0.1441,-1.0970,-1.5085,-0.0081,0.5578,0.2371,0.1885,1.0465,1.2768,0.3917,1.3261,1.3305,2.1899,2.2354,2.7798
-0.2111,0.3151,0.5994,1.3491,0.5126,0.5333,-0.0621,-0.3337,-0.6311,-0.1039,0.3474,0.6053,0.8099,1.2020,1.6809,1.4821,2.1653,2.3858,2.6074,2.6319,2.2250,1.7620,1.1441,0.8161,1.9449,1.4824,2.1730,2.1384,2.9997,-3.8044,-7.4111,-4.6332,-3.5113,-3.5172,-4.7468,-4.7166,-2.6810,-1.2354,-0.9173,-1.5379,-2.8718,-4.0733,-4.1048,-3.1557,-1.0254,-3.3615,-4.8967,-2.6590,-3.9069,-4.5362,-3.6544,-5.0474,-4.5267,-5.3773,-3.7692,0.6409,-0.2421,0.4977,0.0026,-0.8816,0.8441,0.6182,1.0751,1.1560,1.4772,1.0352,0.4051,0.5659,1.5887,2.4067,3.3994,3.7771
-1.3187,-1.1340,-0.7952,-0.0291,-1.0366,-0.7453,-1.8277,-1.0957,-1.0222,0.0051,0.5676,0.9054,0.8062,1.2774,1.6399,1.6639,2.6811,2.8161,2.4550,2.3422,1.4897,1.2867,0.7976,0.9563,2.1588,1.9199,1.9446,2.2308,2.1120,-3.5416,-4.3187,-3.1561,-2.7730,-3.0007,-4.5986,-4.7416,-2.2644,-1.4860,-0.8036,-1.5226,-4.2901,-4.3034,-3.9737,-2.5058,-1.7122,-1.6228,0.2385,0.7413,-2.9804,-4.6287,-2.5357,-2.9728,-2.8748,-4.9783,-4.7646,-1.7257,-0.5917,-0.8796,-0.2342,-0.8569,0.2803,0.1223,0.9212,1.5551,0.7170,0.2861,0.4868,0.2257,1.0279,2.4637,3.4463,3.8028
-1.5460,-1.9972,-1.2285,-1.4105,-2.0793,-2.1127,-2.9223,-1.6169,-1.1313,-0.1871,0.8502,1.2395,1.1505,1.4863,1.7742,1.8227,3.3169,3.0809,2.5165,2.0393,1.0188,0.7778,0.7337,1.1793,2.4895,2.4081,2.2681,2.4174,1.1371,-0.0179,-1.4364,-1.1933,-1.1755,-3.9714,-5.2052,-4.5764,-2.2235,-2.2484,-1.8017,-2.7592,-4.9429,-5.0884,-4.1027,-2.4028,-1.9597,0.0236,3.0602,2.4282,0.1580,-1.1865,-0.8432,-4.1570,-4.2883,-5.9375,-5.6306,-0.8185,-1.4355,-1.1548,-0.1059,-1.4543,0.3153,0.5957,0.9346,0.6117,-0.0584,0.2161,0.0247,-0.3497,1.1146,2.9022,3.6358,3.6380
-1.9499,-2.1992,-1.6152,-1.8605,-2.7491,-2.9089,-3.3249,-1.7147,-1.3328,0.0282,0.9861,1.5160,1.2323,1.5488,1.6145,2.0667,3.1944,3.0999,2.2202,1.9103,0.5480,0.6538,0.6627,1.4261,2.1588,2.6784,2.3229,2.5614,0.2947,0.3705,0.0669,-1.1491,-1.0718,-3.7540,-4.7871,-4.3811,-2.1035,-2.1019,-2.7846,-3.7808,-5.3790,-6.0532,-4.4195,-3.2407,-1.6806,-0.5726,1.5736,0.4900,-0.3100,-2.1646,-2.1227,-5.3720,-6.3515,-6.5201,-4.8425,0.6550,-1.5076,-1.3771,-1.4126,-1.5471,-0.2286,0.3742,0.0579,-0.0367,-0.4843,-0.6487,-1.1078,-1.4844,-0.3853,1.6789,2.7373,3.2891
-1.3553,-1.2629,-0.6594,-1.5462,-1.8512,-2.1586,-2.3203,-1.5732,-0.1753,0.9976,1.7084,2.0732,2.3787,2.9073,3.0585,2.7963,2.9650,3.0155,2.3031,1.3035,0.9445,1.0711,0.9449,1.0732,2.5512,2.4263,2.1495,2.1299,2.1346,2.0832,2.7291,2.8482,-0.0047,-3.5511,-5.8238,-6.6949,-3.6731,-3.6946,-5.7890,-5.9921,-7.0073,-6.3353,-5.7762,-3.5647,-2.2895,-1.3689,-1.5223,-1.5260,-1.1284,-2.6784,-4.1364,-4.8857,-6.3428,-7.2729,0.0572,0.8259,0.0224,-0.1475,0.3383,-0.5588,-2.0066,-0.6542,-0.3458,-0.5652,-0.2819,-0.5965,-1.3027,-1.0699,-0.3316,0.8504,2.7831,3.2121
-1.3942,-0.7603,-0.7042,-0.9902,-0.9181,-1.7738,-0.9514,-0.5569,0.7481,1.3352,1.6468,1.8364,2.1112,2.7166,2.6804,2.4567,2.6405,2.9018,2.2476,1.4291,1.4169,1.2769,0.9403,0.7812,2.0916,2.0129,1.3821,1.1744,0.5878,1.1832,1.7838,2.2273,1.1606,-2.5690,-4.9582,-5.9163,-4.0709,-4.9199,-6.3859,-5.7790,-6.1002,-5.4841,-4.5309,-3.3271,-1.9400,-0.4995,-0.8355,-1.2642,-1.2836,-2.4179,-4.2358,-3.2829,-6.1122,-5.9282,1.1917,0.5669,0.4952,0.0445,0.2322,-0.8918,-1.6252,-1.2594,-0.7995,-0.5472,-0.2616,-0.5882,-1.0190,-1.3360,-0.5242,0.3289,2.4213,2.9700
-0.6006,-0.2596,-0.2912,0.0359,-0.1220,-0.4312,-0.0132,0.4296,1.0136,1.4793,1.7934,2.0304,2.3133,2.7505,2.6808,2.3484,1.7871,2.1638,1.8779,2.0420,1.9195,1.4272,0.8694,0.6100,2.1475,1.9865,1.2891,1.5476,1.1861,2.1461,3.0036,2.3185,0.6048,-2.4556,-4.9400,-6.3511,-5.9757,-7.3972,-7.1524,-5.9678,-5.7181,-5.0083,-4.3753,-2.9176,-0.9683,0.3119,-0.5644,-1.1739,-3.0547,-3.3793,-4.2177,-2.5452,-4.5344,-4.7207,1.8395,0.5764,0.3560,0.1723,-0.0230,-1.1488,-1.2000,-1.0938,-1.2066,-1.1309,-1.1165,-0.6226,-0.9028,-1.2487,-0.3330,0.5148,2.4158,2.3993
-0.3402,-0.2386,-0.3091,0.4193,-0.3845,-0.2100,-0.0582,0.8937,0.8435,1.5060,1.9521,2.6452,2.4080,2.7263,2.4544,2.2027,0.5927,1.2957,1.9410,2.8698,1.6835,1.0227,0.5356,0.7500,1.4789,1.0931,1.2570,1.7894,1.8277,2.7146,-0.8283,-3.1555,-5.5409,-6.5426,-7.6590,-7.6489,-7.7483,-8.4430,-5.8422,-4.9507,-5.3136,-4.9668,-2.9131,-1.5689,-0.2915,0.0101,-0.3017,-0.4598,-3.2397,-3.9012,-4.5597,-2.9241,-4.2233,-4.1002,0.9909,0.5091,-0.7666,-0.0214,-1.0599,-0.6089,-1.2479,-1.4066,-2.7125,-2.0934,-1.6462,-1.2607,-1.5805,-1.1105,-1.0785,-0.5255,1.7037,1.9136
-0.1822,0.1029,-0.1269,-0.3016,-0.4107,-0.3022,0.2546,0.6523,1.5445,2.1507,2.3248,2.2735,2.1974,2.1870,2.0030,1.6453,0.5941,1.6904,2.4701,2.0887,1.7677,0.6395,0.7843,0.7257,1.2255,0.5135,0.9930,1.5983,3.3756,1.4515,-1.5951,-4.2347,-2.7091,-5.1253,-7.9599,-5.5689,-5.7744,-4.8520,-4.5091,-3.7871,-4.7520,-4.9018,-4.3684,-1.5963,1.7516,0.6182,-0.5557,-0.1194,-2.6202,-3.7632,-4.2684,-4.8196,-4.6526,-4.5674,-1.5034,0.3192,0.5022,0.6388,-0.7524,-1.4487,-1.2165,-1.5220,-1.8081,-1.6065,-2.2276,-1.6809,-1.4990,-1.7356,-1.2716,-1.1594,0.9247,2.0974
-0.2454,0.0369,-0.2221,-0.3974,-0.6699,-0.2773,0.2926,0.7279,1.5847,2.0297,2.0659,2.1942,2.0415,1.6521,1.4393,1.5735,0.8582,2.4343,2.8320,2.2042,1.0448,-0.2251,0.1260,0.1414,0.6818,0.5521,0.5965,1.2788,1.1321,2.2064,-0.4800,-1.0201,-2.5254,-3.4500,-2.8908,-3.5121,-3.0575,-2.4285,-1.7299,-1.5400,-5.9949,-4.5979,-3.2562,-0.8011,1.6090,1.0037,-0.2539,-1.3392,-1.3170,-3.3033,-4.8748,-5.2173,-5.2400,-4.4835,-2.7826,-0.3516,0.2222,0.7119,-0.4350,-1.1139,-1.0706,-1.8281,-1.4044,-1.7063,-2.4656,-2.0038,-1.4099,-1.2200,-0.6087,-1.1943,-0.5416,-0.4077
-0.1437,-0.1983,-0.0889,0.0269,-0.2520,-0.0565,0.6108,0.8768,1.8028,1.7560,1.6617,1.7181,1.4773,1.0924,1.2143,1.2425,1.4633,2.9293,2.8239,2.4322,1.1300,-0.2582,-0.3599,-0.2454,0.4679,0.6715,0.7637,0.9718,1.4735,1.7697,1.6258,3.4237,-2.0928,-2.6359,-1.7406,-1.1665,-1.8986,-1.0350,-1.1653,-2.3914,-5.3790,-4.5425,-2.5549,-0.3678,1.2088,1.0100,0.1426,-1.8463,-2.2004,-2.7999,-3.8204,-4.7384,-5.0183,-4.5169,-3.4783,-1.8170,-0.4865,-0.0378,-0.5483,-1.0852,-1.6759,-1.6052,-1.5668,-2.3074,-2.4827,-2.0436,-1.0413,-0.8082,-0.3461,-0.4326,-0.9040,-0.9912
-0.5519,-0.3177,-0.1392,0.4162,-0.2327,0.4166,0.6206,1.2400,1.5696,1.4351,0.5660,0.3834,0.0182,0.6263,1.0888,1.8540,1.8318,2.6264,2.6785,2.5270,1.0354,-0.1876,-0.3281,-0.3571,0.2439,1.1601,1.0248,1.5198,1.8385,2.5420,3.3395,3.7648,-1.0128,-2.5002,-1.4440,-0.2539,-0.4118,-1.2363,-1.4652,-3.0308,-4.5821,-4.8567,-2.2648,-0.7863,0.0275,-0.4680,-0.8909,-1.7415,-3.7710,-2.1598,-3.4707,-4.6088,-2.6194,-3.9849,-4.7720,-2.1197,-1.5192,-0.7970,-1.4568,-1.6975,-1.9616,-2.1092,-2.0803,-2.5859,-2.6159,-2.1785,-1.5412,-1.2147,-0.9392,-0.4699,-1.1174,-1.3314
0.5846,1.0897,1.2949,0.9407,0.2275,1.0305,1.4102,1.9060,2.4006,2.0466,0.6191,-0.0942,-0.1204,0.9777,1.1519,1.7970,2.7731,2.9614,3.2795,2.4278,0.1853,-0.6825,-0.3373,-0.2323,1.2480,1.6426,1.2797,1.9724,1.7615,2.5385,-0.4805,-2.1096,-1.0436,-1.6303,-1.7785,-1.6179,-1.9142,-2.0338,-4.2855,-3.0496,-5.5031,-5.0624,-4.0350,-2.1600,-0.8429,-1.9775,-2.1404,-1.5976,-4.1671,-2.4586,-2.7191,-4.9290,-3.9514,-4.0278,-4.3915,-2.0709,-1.5995,-1.3281,-1.9386,-2.5120,-2.3449,-1.7984,-1.3533,-1.6133,-1.7565,-1.3965,-0.1683,-0.7606,-1.3666,-1.6295,-1.6884,-1.6418
1.0782,1.5661,1.3590,0.8798,0.4623,1.0767,1.3756,1.9749,2.1273,1.7657,-0.4266,-1.2034,-0.8063,0.2071,0.7703,1.9422,2.9933,2.8852,2.7039,1.0808,-1.0860,-1.4378,-1.0458,-0.2519,1.1039,1.6579,1.4915,1.9020,2.2750,2.2517,1.1945,0.9188,-0.6916,0.4823,-0.0657,-0.7110,-0.7498,-1.6386,-3.2453,-2.6014,-5.5628,-4.5936,-2.8676,-1.3201,-0.7374,-1.8471,-2.1611,-1.6449,-2.2583,-2.6765,-3.4480,-5.1872,-4.5519,-3.7276,-4.4489,-2.4477,-2.1299,-1.6550,-2.0172,-2.7104,-2.3911,-2.0340,-1.8511,-1.3933,-1.1890,-1.2153,-0.6973,-0.6939,-1.4210,-2.1431,-2.0693,-1.6654
1.4857,1.7247,1.5833,1.1842,0.8861,1.2781,1.5060,2.0861,1.9248,1.1453,-0.6527,-1.2916,-1.1841,-0.5010,0.4286,2.3206,2.4485,2.1381,1.3487,-0.4863,-1.8829,-1.7848,-1.4343,-0.0495,1.1149,1.4703,1.5981,2.0394,2.3082,2.9270,3.3709,1.4430,-1.0928,-3.2571,-3.5824,-4.2031,-0.7502,-2.5760,-3.1099,-3.2565,-5.0906,-4.1306,-1.4839,-0.5615,-0.3446,-0.9008,-0.8236,-1.8475,-3.7978,-3.3284,-3.7110,-4.8981,-3.8949,-3.4406,-3.4153,-1.7974,-1.9790,-1.9129,-2.4997,-3.1374,-2.1519,-1.4593,-1.2846,-1.2115,-0.3723,0.0894,0.0979,-0.3117,-0.8883,-1.6276,-1.9932,-1.4578
1.1540,1.6852,1.4222,1.6415,0.8156,1.2598,1.1973,2.2062,1.2522,0.7661,-0.7000,-1.2891,-1.6564,-1.1876,0.0933,2.7544,1.0376,0.8961,0.0034,-0.9175,-1.9781,-1.7706,-1.0443,0.4189,0.9185,0.9081,1.0133,1.8162,3.2549,4.4019,2.7493,0.9891,-3.3442,-5.0943,-6.4678,-5.1503,-2.8030,-3.4265,-1.7612,-3.1449,-4.1654,-3.2711,-1.2451,-0.7146,-0.7448,-0.7582,-0.5178,-0.1735,-3.8519,-3.7401,-5.1907,-4.9432,-4.2108,-1.9115,-1.3185,-0.2796,-2.9701,-2.6259,-3.4251,-3.1964,-2.1306,-1.2623,-1.6155,-0.6152,-0.2240,-0.2796,-0.7923,-0.3874,-0.8958,-1.3017,-2.3574,-1.7685
1.5844,1.7238,1.6532,1.8626,1.2692,1.2938,1.1991,1.4868,1.1147,0.7982,0.1084,-1.2265,-1.9972,-1.6963,-0.1042,1.8619,0.7207,0.2944,-0.3777,-1.5091,-1.7454,-1.6348,-0.5482,0.1152,-0.1922,-0.2375,0.1842,0.2973,4.3498,5.4584,2.1788,0.2619,0.7823,-1.9159,-3.6076,-3.6546,-4.7752,-4.8673,-5.3118,-3.6849,-3.7580,-3.2724,-2.3928,-0.7949,-1.3117,-1.8954,-1.1363,0.2470,-2.6259,-3.2883,-4.6044,-5.4022,-3.8344,-1.3113,-0.1088,-0.9980,-3.5323,-2.9152,-2.7819,-3.1177,-2.7069,-2.7534,-1.2275,-0.7396,-1.3786,-1.4896,-1.0402,-0.5332,-0.7005,-1.0791,-1.5472,-2.0899
1.6049,1.6284,1.4024,1.6862,1.2054,1.2145,0.7919,0.7262,0.6703,0.8089,0.3912,-1.2476,-2.3349,-2.0352,-0.4476,1.6112,0.7331,0.3110,-0.2332,-1.3419,-1.7948,-1.6511,-0.6367,0.0932,-0.2714,-0.8288,-0.2962,1.1757,2.3959,3.4109,0.9626,-1.3966,-0.5373,-2.9748,-4.2858,-2.4498,-1.0832,-2.1342,-3.7334,-2.5268,-3.2808,-2.5959,-1.4503,0.0186,0.1297,-0.5522,-1.2229,0.6031,-1.9907,-2.0279,-4.6278,-4.4913,-1.4952,0.3347,-0.3079,-1.0986,-4.5078,-2.1780,-3.2058,-4.1438,-3.6366,-2.9517,-1.2644,-0.7338,-2.0783,-1.9599,-1.5743,-0.9016,-1.4765,-0.6644,-1.0189,-1.5975
1.9598,1.5874,1.5372,1.7956,1.3059,1.1760,0.4964,-0.1768,0.3200,0.7923,0.7395,-0.9164,-2.3910,-2.2585,-0.9881,1.1573,0.8677,0.5094,-0.2494,-1.3077,-1.6586,-1.5309,-0.9694,-0.4504,-1.1920,-1.3237,0.5916,1.3443,1.4062,0.3233,2.3485,-0.4614,-2.5241,-4.5533,-3.6171,-3.2638,-0.9253,-2.3012,-2.2309,-1.7365,-3.0793,-2.6261,-2.3113,-0.3925,0.2254,0.1472,-0.9173,0.3693,-1.0683,-0.9739,-3.3522,-3.5790,-1.4092,0.4870,-0.2476,-1.0646,-3.3121,-3.3764,-3.5361,-4.2392,-4.0932,-3.0206,-1.1740,-1.3421,-2.3307,-2.2954,-1.9033,-1.3890,-0.9294,-0.4903,-0.7686,-1.3541
1.7668,1.6015,1.3663,1.9313,0.9761,1.0100,-0.2069,-0.6740,-0.0677,0.9272,0.8328,-0.3574,-2.4320,-2.5330,-1.8730,0.7966,0.8074,0.9637,-0.0878,-1.2948,-1.7537,-1.2509,-0.9722,-0.9713,-1.5910,-0.5465,0.5195,1.8910,0.9589,0.0629,0.1822,-1.4871,-2.3443,-3.8289,-4.4971,-4.4317,-1.8842,-1.9538,-0.2767,-0.0804,-0.7472,-2.4643,-1.6573,-0.9126,0.2551,1.0436,0.5951,0.8341,-0.5384,0.0644,-2.1269,-3.3467,-2.4346,0.3337,-0.0056,-1.4857,-4.6244,-4.8179,-4.4890,-4.0419,-2.9527,-1.8835,-1.0313,-1.2881,-2.7694,-2.2800,-2.7766,-1.4247,-0.9817,-0.9911,-1.0737,-0.6999
1.6433,1.7527,1.7902,1.4682,0.3938,0.6764,-0.2704,-1.0072,0.0725,1.1849,1.2944,0.0568,-1.2443,-1.8286,-1.3295,1.0170,1.4860,1.8789,0.9642,-0.5180,-0.7196,-0.8405,-0.9644,-0.8340,-0.9681,-0.1937,0.4614,1.5980,2.6987,2.2252,0.5087,0.0357,-2.6472,-3.6614,-3.9048,-3.3838,-2.6323,-2.4220,-3.6444,-1.8814,-0.5830,-0.9274,-0.4839,0.0898,0.2872,0.0295,0.4561,0.4731,-1.0384,0.2091,-1.9121,-2.7258,-1.3819,0.6239,1.8864,0.2646,-2.3523,-2.5250,-1.6494,-1.0503,-1.7130,-0.8226,-0.1107,-0.1245,-2.7857,-2.7976,-2.4741,-2.3080,-1.2547,-1.4833,-1.8890,-1.6865
1.5622,1.6333,1.5520,1.0182,-0.0811,-0.5559,-0.7822,-0.8156,0.5788,1.3680,1.0277,0.2903,-0.8017,-2.2444,-1.9105,0.3659,1.5202,1.8223,1.0946,0.0585,-0.1251,-0.6517,-1.2951,-1.0277,-1.5250,-0.0707,1.1575,2.7418,2.7596,1.2198,-0.7905,-1.6073,-5.4417,-4.1120,-4.4218,-3.9001,-3.7877,-5.5494,-3.2650,1.1596,-0.0324,-0.3744,-0.1074,0.4966,0.1444,0.6601,0.9923,0.8615,-0.1908,-1.6012,-2.6441,-2.8787,-0.9970,1.6810,1.6586,0.3583,-1.2620,-2.7058,-2.5503,-2.1614,-2.6438,-1.4718,-0.6351,0.0212,-2.7113,-3.0664,-2.6136,-2.2767,-2.0861,-1.5649,-1.5246,-1.3698
1.5295,1.4162,1.5409,1.0000,-0.2082,-0.9571,-0.8072,0.3153,1.4941,1.4094,0.8493,0.5559,-0.3393,-1.8860,-1.8628,-0.0149,1.7234,2.0943,1.1984,0.5878,0.1722,-0.3725,-1.1967,-0.8982,-0.9203,1.0780,2.2256,2.1769,-0.4793,-0.4277,-1.5036,-1.6033,-4.1067,-3.5394,-3.4046,-4.1018,-7.2690,-7.3669,-4.3426,-0.7015,-0.1642,0.6226,-0.0736,0.1334,0.0578,1.3848,1.2598,3.0097,-0.4815,-0.8449,-2.3130,-3.2150,-0.9058,1.4381,0.6635,-0.0623,-1.4832,-3.0030,-3.3191,-2.8768,-2.7802,-2.0745,-0.9580,-0.8023,-2.4641,-2.2481,-2.1594,-2.0971,-2.3749,-1.9153,-1.6780,-1.8634
1.3117,1.4228,1.3586,1.0388,-0.4320,-0.9999,-0.5515,1.3757,1.4502,1.2591,0.9731,0.8729,-0.0711,-1.1259,-1.4477,0.0687,1.7048,2.2734,1.2608,0.5617,-0.1247,-0.8286,-0.9710,0.0165,0.2757,0.9338,0.2765,1.3082,0.7311,1.1145,1.5631,0.6745,-1.8309,-3.8906,-2.8951,-3.4973,-6.4300,-5.7335,-2.7323,-1.5759,-0.9684,0.0276,0.6997,0.3815,-0.8859,0.7217,1.7060,3.1571,1.8292,0.5826,-0.5183,-2.4188,-2.8901,1.2425,0.0852,-1.3852,-2.5434,-2.7310,-3.5742,-2.8358,-2.4070,-1.5464,-1.5811,-0.7500,-2.1922,-1.6154,-1.9598,-1.4608,-2.7221,-2.2862,-2.1755,-1.6378
1.4799,1.0476,0.7998,0.3726,0.0937,-0.3274,0.6082,1.6491,1.8309,1.3808,1.2765,0.6859,0.1985,-1.1886,-1.9910,-0.9276,1.6641,2.2072,1.4285,0.0529,-0.5168,-0.8633,-0.7936,0.5114,1.1394,-0.3458,-2.3981,-2.1555,-1.1310,-0.9933,-0.5832,0.3034,-0.4313,-3.0858,-5.8345,-3.5726,-4.4544,-3.5169,-4.4586,-2.2750,0.5551,0.8654,1.0403,1.5407,0.0090,0.1967,2.5753,2.8685,3.1467,0.7867,0.8281,-2.2619,-2.6940,-0.5342,0.9206,0.0308,-1.1381,-2.1340,-3.2019,-2.3163,-1.5381,-1.5757,-1.4575,-0.7702,-1.4765,-0.8567,-0.4804,-1.0051,-1.4751,-1.8245,-1.7253,-1.7334
1.1004,0.4257,0.2567,0.5959,0.6546,0.5236,1.3152,1.7014,1.5951,1.3906,1.4227,1.1962,0.7920,-1.1563,-1.7829,-0.2023,2.0287,2.3602,1.5880,-0.1805,-0.8554,-1.0222,-1.0806,1.3684,0.3100,-2.3143,-2.9772,-1.8578,-2.3176,-4.1414,-2.6561,-0.9227,-2.0798,-3.2194,-4.5003,-3.0943,-3.0756,-1.9970,-0.5549,-0.2840,0.4312,0.3173,1.2279,1.6431,-0.1058,0.6084,2.5352,2.8223,1.3380,1.5499,3.0354,1.1512,-1.5987,-0.7850,0.9509,1.1867,-1.8483,-2.1217,-2.6784,-2.2298,-2.3107,-1.3506,-1.5474,-1.1495,-2.1192,-1.2876,-0.4761,-0.0441,-1.2038,-1.5259,-1.3482,-1.5114
0.5615,0.0417,0.3144,1.3210,1.3692,1.1010,1.4588,1.4404,1.5568,1.3248,1.4104,1.6095,1.2140,-1.0999,-1.3202,0.5209,2.6321,2.4454,1.0732,-0.9113,-1.2159,-1.3169,-0.7379,1.3194,-0.7581,-2.7677,-2.6684,-2.5740,-3.3147,-6.4197,-5.2355,-3.5074,-2.9165,-3.0413,-1.5260,-2.7514,-3.4851,-1.4253,1.2893,1.5252,1.4057,1.0674,0.2390,1.5446,0.5524,0.8607,2.9574,3.2624,1.6410,1.9200,5.5996,2.0543,-0.6155,-1.0438,0.4774,0.6735,-1.9966,-2.4757,-2.0809,-1.6977,-2.8866,-2.4942,-1.5084,-1.7613,-2.5258,-2.1050,-0.5454,0.3637,-0.6344,-0.7633,-1.1732,-1.7114
-0.0507,-0.0160,0.2787,1.7930,1.3380,1.2089,0.9681,1.1538,1.0698,1.1915,1.0472,1.5001,1.0799,-0.5014,-0.3137,2.0181,2.3730,2.2519,0.0076,-1.3318,-1.6801,-1.2296,0.6656,1.7696,-0.5276,-0.4353,-1.5505,-2.1522,-1.2356,-1.7066,-3.7033,-4.3039,-2.7032,-2.7984,-0.2415,-1.4922,-2.0288,-1.4984,1.3786,0.9377,0.7226,-0.0826,-0.7613,0.4886,0.8182,1.4170,2.8790,3.9459,1.3925,3.2443,5.4357,0.2407,-3.2869,-2.1326,-1.6073,-1.8728,-3.6446,-2.6407,-2.2122,-2.0242,-2.9510,-2.8929,-1.9683,-1.3141,-3.4235,-2.1987,-1.5338,0.0386,-0.7241,-0.6856,-1.0143,-1.3233
0.6048,1.3006,1.8579,2.1982,1.4380,1.6171,1.5963,1.7120,1.2062,1.3510,1.5023,1.6590,1.6815,0.6205,0.8039,2.5018,2.7443,2.2594,-0.2754,-1.8464,-1.5242,-0.8888,0.9224,1.2311,0.6062,-0.0453,-1.6167,-1.4976,-1.7154,-1.8501,-2.4441,-5.8385,-3.6788,-2.5996,-2.4904,-3.1117,-1.7823,-2.2578,-2.2755,-1.6543,-2.3393,-2.8466,-2.4961,-1.1967,0.0462,0.9573,1.8664,1.9541,0.6752,1.0615,1.4813,-3.6139,-7.5500,-7.7583,-6.0061,-5.5679,-6.7162,-5.2770,-3.3844,-2.4812,-3.6205,-2.9146,-2.9374,-2.1212,-3.0119,-2.3610,-1.4822,-0.9933,-0.9456,-1.1506,-1.3365,-1.3888
1.4339,2.2429,2.3391,1.9680,1.2803,1.4289,1.5786,1.7061,1.2493,1.5131,1.4263,1.4854,1.6666,1.3720,1.7120,2.9148,2.6161,1.9737,-1.1442,-2.1528,-1.4734,-0.9646,0.6912,0.8480,-0.6523,-0.4864,-0.9792,0.8443,-0.9135,-0.0746,1.1710,-3.1986,-3.1343,-1.7575,-2.3571,-1.7105,-1.0715,-2.0947,-1.8793,-1.7494,-1.7504,-1.8824,-1.6168,-1.0102,-0.0331,1.0605,0.6527,1.4402,-0.5768,0.1306,0.5997,-1.0002,-7.8164,-10.7297,-10.1477,-7.9418,-6.2610,-4.9696,-3.4148,-3.0722,-2.9692,-2.7292,-2.5205,-2.3169,-3.5288,-2.8597,-2.1391,-1.2409,-0.8943,-0.6456,-1.0564,-0.8573
1.8755,2.2684,2.3004,1.9273,1.1888,1.2869,1.4157,1.7608,1.4288,1.5287,1.4237,1.6855,1.5623,1.7642,1.9700,2.9238,2.3897,1.2551,-2.0316,-2.1700,-1.6181,-0.7516,1.2526,0.3941,-0.8574,0.0134,0.4206,2.3724,-0.3808,1.5396,2.4602,-1.6168,-2.2989,-1.5320,-0.7557,-1.0784,-2.4667,-3.5478,-2.5543,-2.3609,-2.2493,-0.9998,-0.8906,-0.6562,0.9058,0.6577,0.6901,0.6516,-0.1990,0.4587,0.6508,0.7375,-3.7504,-6.6198,-9.6295,-9.6762,-6.1696,-3.3615,-2.1316,-2.1855,-1.9120,-1.9572,-2.8015,-2.1946,-2.9856,-3.0934,-2.0061,-1.1334,-1.2133,-1.2190,-0.7687,-0.2263
1.1431,1.7254,1.6827,1.8890,0.9330,1.0831,0.9405,1.7825,1.0444,1.4863,1.4760,1.7782,1.3248,1.7729,1.9876,2.9303,1.7770,0.3045,-2.7624,-2.1704,-1.4845,-0.8619,1.1707,0.5397,-0.3473,0.5718,1.1069,-0.4878,-3.8072,-0.6915,3.3997,-0.5722,-1.6051,-1.2013,-0.8397,-1.9858,-3.5876,-4.0002,-2.7786,-3.9714,-3.2244,-0.4757,-0.9222,-0.4925,0.2009,1.6232,1.7639,1.6031,0.2802,0.9222,0.7601,0.5502,-0.9551,-6.4931,-8.7312,-9.9547,-7.8248,-3.7002,-2.4255,-1.2857,-1.3462,-1.7778,-2.7010,-1.9918,-3.2592,-2.8074,-1.9744,-1.5966,-1.6970,-1.1515,-0.6630,0.0162
1.5769,1.8382,1.9125,2.1869,1.5078,1.1787,1.2392,1.7644,1.1392,1.5364,1.6517,1.4854,1.2920,1.2841,1.7070,2.2625,2.2391,-0.3582,-2.8500,-2.4937,-1.5402,-0.7810,0.7794,0.3683,-0.2580,-0.2321,-1.1783,-2.7495,-2.4067,-0.0649,1.6474,-1.2368,-2.8269,-2.8724,-4.0298,-4.6173,-4.4266,-3.2384,-3.8460,-2.7743,-3.1380,-0.2973,0.7950,0.2579,0.0713,1.1286,2.1847,1.6932,1.2278,1.4200,1.1632,0.9271,-0.4636,-2.5276,-4.8071,-7.2261,-6.5741,-3.8671,-1.9864,-0.9361,-1.3511,-2.0130,-1.8929,-1.9141,-3.4041,-2.7140,-1.8035,-1.8724,-1.9608,-1.0640,0.2239,0.3994
1.9171,1.9196,1.6216,1.7628,1.2392,1.0948,1.1600,1.7481,1.2979,1.8629,1.6585,1.6129,1.1506,1.0157,1.4004,2.1806,1.7397,-1.3496,-3.4767,-2.5435,-2.0512,-0.9671,-0.1210,0.2761,0.6458,0.1201,-2.0142,-2.6536,-1.6486,0.1119,1.8231,0.5921,-3.5626,-3.2987,-4.3855,-4.7501,-5.2296,-5.4269,-4.4792,-2.8497,-3.2089,-1.4699,-0.5312,0.4851,0.1428,0.8307,1.2290,1.7291,0.5868,0.4147,0.5085,0.2160,-0.3534,0.1314,-0.6496,-3.1297,-4.3128,-3.5639,-2.3831,-0.8375,-1.0887,-1.0887,-1.6465,-1.3891,-3.4327,-3.1622,-2.7077,-2.5143,-2.9543,-1.2832,-0.0882,-0.1055
2.1839,1.8414,1.3306,1.4206,1.1355,1.0912,1.4670,1.7983,1.2771,1.6630,1.7412,1.6102,1.3064,1.0621,1.1830,1.8526,1.3022,-2.2373,-3.7831,-2.4161,-2.2166,-0.8822,-0.5583,0.5755,0.2798,-0.5027,-2.2183,-1.4441,-1.2116,-0.4070,1.1617,1.2147,-2.5209,-3.8415,-4.5157,-4.9285,-6.6376,-5.2851,-5.2125,-3.9421,-2.3781,-0.6187,-0.8967,0.0211,0.4055,0.5123,1.3952,1.5923,-0.5252,-0.5970,0.4501,0.4478,0.2528,0.7669,0.1904,-0.7850,-1.5839,-2.2947,-2.5242,-1.5160,-1.3568,-1.1632,-0.7394,-1.2936,-3.5094,-3.9427,-3.8241,-3.3118,-1.9360,-1.7513,-0.1986,-2.1658
1.8424,1.7114,0.9519,1.2386,0.7230,1.3018,1.5248,1.9892,1.0420,1.6644,1.6121,1.7015,1.1475,1.0709,0.9261,1.7016,0.5147,-2.9699,-3.7383,-2.2710,-1.9173,-0.8182,-0.3925,1.5718,1.1447,-0.8474,-0.6167,-0.6992,-1.9784,-2.1385,-1.8251,0.9444,-1.3402,-4.1636,-5.6891,-7.0846,-7.7179,-6.4526,-5.6633,-5.1566,-3.4697,-0.1569,-1.1673,-0.4012,0.9938,1.4094,1.7724,1.4471,-0.4225,-0.3110,0.5889,0.5163,0.3435,-0.0713,-0.3666,-0.8749,-1.2321,-1.7637,-2.6550,-2.0538,-1.6797,-1.0080,-1.0461,-1.5395,-4.0848,-3.9542,-4.5211,-3.9790,-2.6143,-1.5532,-1.3082,-1.3810
2.1857,2.2388,1.7602,1.6214,0.9561,1.7032,1.7449,1.5764,1.0395,1.4857,1.5565,1.3931,1.5541,1.7903,2.0499,2.3882,1.9884,-1.2863,-1.4759,-1.1881,-1.1035,0.4501,0.7089,3.0855,1.5941,-0.9145,0.0675,0.1679,-0.1493,-0.7600,-0.9933,0.0725,-2.7557,-4.5797,-5.3269,-6.4955,-4.7826,-4.2599,-5.3771,-4.9731,-5.1582,-1.3818,-0.0359,-0.0197,1.2932,1.7072,2.5245,2.3085,1.6388,1.7131,1.3983,0.8794,0.3578,-0.1170,-0.1235,-0.9090,0.0196,-0.8042,-1.4438,-2.2059,-2.2842,-1.6889,-1.9302,-2.3105,-3.6070,-3.9653,-4.2521,-4.1606,-3.2438,-2.9616,-3.1758,-3.3888
1.9371,2.0550,1.6754,1.5836,1.1521,1.5355,1.4646,1.5172,0.8808,1.5160,1.4145,1.4572,1.5877,1.7077,1.7287,2.1236,1.8942,-1.0058,-1.4505,-0.9022,-0.9369,0.8881,1.5862,2.0285,-0.1926,0.1306,0.4846,0.1895,-0.9759,0.5538,1.2636,0.6336,-3.2431,-4.9016,-5.3734,-7.2761,-3.9971,-3.1743,-3.1018,-3.1196,-3.5019,-0.6805,0.8045,1.0582,2.7265,2.4547,2.4810,3.2301,1.2924,1.4350,0.6420,0.4046,0.1180,0.0458,-0.5018,-0.6292,-0.1880,-0.4449,-1.4493,-1.9278,-1.8402,-2.0129,-1.8080,-2.0509,-3.9857,-3.9243,-4.1393,-3.7695,-3.4160,-2.8455,-2.6108,-2.4455
1.6931,1.6527,1.5457,1.8146,1.2633,1.3458,1.3863,1.4875,0.9089,1.2008,1.4631,1.6790,1.6430,1.6788,1.6317,2.0680,1.5180,-1.6247,-1.8407,-0.7054,-0.7928,1.0375,2.0190,-0.2397,1.1467,1.2080,0.4807,-0.4713,-2.0787,-1.0870,0.8874,3.4059,-1.1991,-2.7309,-2.7869,-5.9855,-3.8710,-2.7361,-2.5044,-2.8294,-2.7037,0.4874,1.7587,2.2430,4.6100,4.2370,3.9186,3.9733,2.4091,1.1626,0.2031,-0.5039,0.0653,-0.1952,-0.8174,-0.9543,0.1028,-0.2575,-0.7054,-1.6915,-2.1554,-2.4096,-2.3670,-2.9992,-3.5091,-3.7387,-3.4114,-2.8377,-2.5751,-2.5369,-2.4162,-2.6146
1.2760,1.4666,1.4421,1.8596,0.8785,1.0819,1.2052,1.6081,0.4805,1.1041,1.4600,2.2670,1.5673,1.6201,1.4570,2.2930,0.3503,-2.1998,-2.2205,-0.7848,-1.5153,1.1755,2.3571,0.8652,2.9015,2.1630,0.1123,-2.1318,-5.2948,-4.8487,-1.2563,4.3252,3.1856,1.0130,0.4957,-3.1578,-2.7507,-2.5454,-2.1808,-2.7016,-2.9162,0.6311,1.3732,1.9243,2.7674,2.8302,2.5215,2.9266,2.3234,1.6872,-0.1581,-0.1096,-0.4359,-0.6029,-1.5540,-1.6220,-0.4482,-0.1123,-0.7832,-1.0373,-2.7335,-3.1949,-3.2328,-3.0541,-3.6315,-3.7355,-3.6152,-2.7409,-2.6248,-2.6002,-2.5628,-2.7657
1.3882,1.6837,1.6598,1.7723,1.3046,1.3831,1.6695,1.7951,0.9156,1.2709,1.3762,1.4201,1.3908,1.0638,1.1006,1.9630,0.4761,-1.7430,-2.0179,-1.5483,-1.0084,1.6084,1.6569,1.7231,2.8334,2.2119,-0.3522,-2.9569,-2.0189,-0.6895,1.3145,3.5211,3.7243,1.7882,1.7478,-2.6374,-3.8715,-3.5372,-2.5869,-2.3688,-1.7751,0.6519,1.2749,1.1178,0.7161,0.1848,0.4000,-0.1593,-0.4165,-0.0675,-0.4270,-0.7024,-1.3225,-2.0808,-1.9972,-1.8586,-1.5369,-1.5298,-2.0213,-2.4257,-2.1815,-3.2869,-3.2016,-2.2020,-2.0057,-2.0342,-1.8470,-1.5549,-1.9701,-1.7861,-1.8414,-2.0523
1.3282,1.7151,1.7625,1.7384,1.0164,1.2713,1.7010,1.7916,0.7094,1.0895,1.3302,1.5381,1.3664,0.9915,0.9146,2.3338,0.4583,-0.9021,-1.8376,-1.6759,-1.7734,1.4399,2.3494,2.2256,1.0245,2.0628,-0.4999,-1.9682,-0.1902,1.5144,1.8112,2.1084,1.6108,1.6251,2.6269,-2.6982,-3.9976,-3.0064,-1.3154,-1.2427,-1.0417,-0.3714,0.0544,0.9043,0.6522,0.6024,-0.2153,-0.9484,-2.1736,-1.4222,-1.2498,-0.7340,-1.0914,-1.8053,-2.0557,-1.7579,-1.5665,-1.4329,-1.4526,-1.7599,-0.9614,-1.8535,-2.0026,-1.6092,-1.6482,-1.0220,-1.0554,-0.9930,-2.4519,-1.4419,-1.0719,-1.3656
1.3290,1.4924,1.9578,2.0442,1.2702,1.0987,1.6127,1.6878,0.5705,0.8130,1.1977,1.7174,1.5168,0.8991,1.0656,2.2020,0.6265,-0.6644,-1.6332,-1.4182,-1.2232,1.2151,2.3257,2.1897,0.5540,1.8567,0.2942,-0.9393,1.0589,1.6798,1.0880,0.7941,0.3136,2.8522,3.0458,-1.9384,-3.9152,-2.1867,-0.7368,-0.1404,-1.4072,-0.7041,-0.3882,0.6678,1.0403,0.6541,-0.2490,-1.4790,-3.2468,-3.0315,-2.2268,-1.0910,-1.5295,-1.8466,-1.8022,-1.5636,-1.6978,-1.6465,-1.0469,-0.8006,0.3072,-0.1610,-0.4857,-0.9058,-0.6851,-0.4179,-0.4489,-0.6156,-1.7956,-1.4500,-0.5104,-0.8553
0.7784,1.3732,1.8406,2.1615,1.0521,1.1990,1.1165,1.3493,0.1319,0.7181,0.7573,1.7657,1.0703,0.9207,1.1581,2.6660,-0.2708,-0.5386,-1.0821,-0.8830,-1.3379,1.3982,1.7364,1.5150,0.3163,1.6176,2.9095,1.3061,2.8402,3.0468,0.6309,1.0280,0.5593,1.3435,4.3287,0.0787,-3.4256,-2.6921,-1.3420,0.8527,0.2430,0.3030,0.6665,1.8927,1.7969,0.9506,-0.4987,-1.1125,-3.1977,-4.0040,-3.7630,-2.5484,-2.3422,-2.4742,-2.6047,-2.2949,-1.9730,-1.3723,-1.2146,-0.5793,0.8587,1.4067,1.3926,1.1107,0.1101,-0.0662,-0.1378,-0.2957,-1.4130,-1.3360,-0.6917,-0.2040
1.2543,1.6143,1.8671,1.7993,0.7089,1.0219,1.0118,1.2861,0.5468,0.9102,1.3231,2.0428,1.5643,1.4817,1.3060,1.9485,0.1054,-0.0436,-0.0242,-0.4480,-1.1845,0.0506,2.3740,1.3161,0.5940,0.3843,1.9274,2.0599,-0.1345,0.6417,0.6262,0.9698,0.6407,1.6998,4.0142,1.6818,-0.5031,-1.8621,-0.8118,0.3470,0.4872,0.5863,0.1912,0.4825,1.2713,-0.0029,-0.4999,-1.6405,-4.5873,-5.4825,-5.1406,-5.0834,-5.4805,-5.3522,-5.3254,-5.1653,-3.0162,-2.6468,-2.3434,-2.1378,-0.0907,0.7153,1.5887,2.2898,0.8799,-0.2589,-0.3959,-0.5325,-0.4877,-0.2299,0.0238,-0.1998
1.3547,1.8583,1.7109,1.2328,0.4880,0.5816,0.7014,1.0924,0.3140,0.7940,0.9210,1.3194,1.4703,1.1886,1.3815,1.7329,0.4323,0.2223,0.0953,-0.2549,-0.8870,-0.5006,2.3158,1.9887,0.5400,0.7624,2.4584,2.8268,1.2902,1.3463,0.9191,-1.3576,-1.2140,0.4679,3.5428,3.1880,2.6924,0.8337,0.2544,1.1645,0.4263,1.3593,1.1206,1.2636,1.3983,0.4601,-0.8425,-1.3871,-5.2522,-5.3945,-5.4662,-4.8978,-5.5499,-4.9704,-5.2355,-4.2203,-2.3494,-1.7496,-1.7299,-1.7714,0.3111,0.9729,1.7295,2.5884,1.8527,0.8643,-0.4551,-0.6873,0.1240,0.1665,-0.0759,0.0295
1.0906,1.6106,1.5573,1.2406,0.2364,0.2816,0.6433,1.1284,0.3661,0.7059,0.9723,1.6404,1.3527,1.1640,1.7657,1.9348,0.7001,-0.1527,0.0107,-0.1774,-1.1340,-0.6357,1.5778,3.2237,1.4023,0.9976,2.2760,3.0198,0.6889,0.8510,-2.3154,-1.1576,0.3818,1.9330,1.8320,1.7429,3.2000,1.1286,0.7050,0.8304,0.4877,0.9922,0.4907,0.3657,2.0481,0.6260,-0.6207,-1.1969,-5.3618,-5.9844,-5.8283,-5.1997,-6.0087,-5.5852,-5.4752,-4.2066,-1.5671,-0.5429,-0.2614,-0.2418,2.1439,2.2057,2.3403,3.1840,1.8457,2.9086,1.8975,0.4737,0.6653,0.4393,0.3669,0.1557
0.2355,1.1453,1.2268,1.2446,-0.0268,0.1546,0.3051,1.2769,0.0134,0.7214,0.9827,1.8899,1.0008,1.2172,1.9323,2.4670,0.4695,-0.9000,-0.5544,-0.0817,-1.3245,-0.6912,1.6118,3.2249,3.7607,0.1868,0.8704,0.8453,1.0795,0.2305,-3.1739,-2.1847,1.4719,2.4897,2.6465,1.6893,2.0932,0.7911,0.5344,1.0356,2.0056,0.6371,-0.2363,0.0905,2.1921,0.9203,-0.0600,0.2682,-4.2543,-4.6386,-5.5582,-5.6611,-6.3528,-6.1376,-5.4737,-4.9180,-0.6933,0.2928,0.4345,0.8722,3.0365,2.7442,2.0469,2.8582,1.5002,3.0754,3.0145,2.1163,1.9174,0.9567,0.0398,-0.4841
0.5714,1.1261,1.2309,1.3700,0.6405,0.5791,0.9006,1.4612,0.8445,1.2228,1.6708,2.3345,0.9784,1.1153,2.2596,2.1588,1.0977,-1.0688,-0.2348,0.0672,-1.0611,-0.4376,1.6369,2.7066,1.9119,-0.3699,0.0422,0.3980,-2.2882,-1.8101,-0.7614,1.1211,1.4738,1.4354,2.2378,1.2387,0.2420,-2.5292,-1.9727,-0.7464,0.1976,-1.2060,0.1940,1.6126,1.9717,-0.9618,-1.5055,-1.3751,-4.3968,-4.8992,-6.3522,-7.6806,-7.4432,-5.9553,-4.3336,-3.6151,-0.9632,0.3814,1.0754,0.8759,2.1987,1.4517,1.5455,2.0747,1.7355,2.4801,3.2464,2.5635,1.6516,0.6237,-0.6524,-0.9218
0.6837,0.9599,0.9808,1.1971,0.7750,0.7285,0.9247,1.3734,0.9986,1.3246,1.3875,2.0067,1.1331,1.0394,2.0538,1.8813,1.0117,-0.9759,-0.4034,0.1367,-0.6962,-0.0278,1.6592,2.3007,1.9355,0.2451,-0.2860,-0.1039,-3.2892,-2.3666,0.4367,2.4113,0.9070,-0.7271,-0.8649,0.6248,0.4916,-1.5572,-2.8880,-2.1376,-1.8796,-1.6630,-0.7308,0.9270,-0.7178,-2.0512,-2.1722,-1.3904,-4.3637,-4.4850,-5.4343,-6.2004,-1.4618,-2.9598,-2.5423,-1.7607,-0.4505,0.9951,1.3977,1.6295,2.3558,1.7546,1.6449,2.2593,2.5996,1.9579,2.1868,2.1570,1.5242,0.8348,-0.2654,-1.5144
0.7116,0.6641,0.8658,1.2388,0.8403,0.7269,1.1675,1.3861,0.9954,1.1731,1.5424,2.1092,1.3626,1.2018,2.0897,1.4596,0.9401,-1.0412,-0.2668,0.7276,-0.4249,-0.1787,1.6805,2.1088,0.9537,1.1314,0.1594,0.2596,-0.2633,-1.6101,0.5478,3.6155,1.6271,-1.4811,-1.0607,-0.3204,-0.1471,-1.5144,-1.9885,-1.7257,-2.3484,-3.7362,-3.2288,-1.6483,-2.3608,-2.4071,-1.6609,-0.5716,-2.8459,-3.3270,-3.6141,-3.7177,-1.8549,-2.3456,-1.7553,-1.9408,-0.7245,0.2212,0.8766,1.8035,2.3102,2.5190,2.0664,2.5229,2.7744,2.3269,1.4380,1.5990,1.1724,0.7077,-0.2453,-0.9995
0.3157,0.5329,0.4675,1.2046,0.4501,0.7988,1.0512,1.3429,0.8438,1.3168,1.4598,2.4030,1.3202,1.3764,1.8355,1.5229,0.6644,-1.0914,-0.1885,1.4064,-0.5765,-0.4564,0.9277,1.7420,0.6569,0.4953,0.6561,0.4429,1.9623,-0.1731,-0.2404,3.6214,3.1371,2.6707,1.1487,-0.6250,-0.0138,-0.3782,-0.8398,-0.8272,-1.9224,-3.9368,-3.3345,-1.9263,-0.8161,-2.0074,-0.7451,0.0267,-1.4258,-1.5115,-1.1820,-2.2191,-2.9057,-2.1270,-1.3205,-1.4861,-1.1175,-0.5501,0.6531,1.1591,2.1797,2.1864,1.7100,1.9883,2.4162,2.5374,1.0566,0.4246,0.7500,0.4551,0.0655,-0.3054
0.6471,0.8152,0.9991,1.5657,0.7004,0.9398,1.0216,1.2414,1.2103,1.2079,1.4386,2.3234,1.7964,2.2276,3.0012,1.9792,1.3052,0.0915,0.5752,1.4223,-0.7262,-0.6347,0.4679,0.9936,0.5789,1.7264,2.9107,1.1853,3.1830,1.6759,1.2582,2.4284,2.4961,2.7298,2.3664,1.4421,1.1258,-1.2106,-4.0302,-3.9017,-2.9465,-4.1193,-4.1562,-3.9649,-2.6764,-3.6560,-3.9753,-3.2238,-0.9422,-0.3910,-0.9183,-0.9166,-0.5472,-0.3652,-0.6085,-1.0818,-0.4752,-0.0448,0.4240,0.3002,2.1733,2.1830,1.7669,2.1897,1.4448,1.7667,1.7781,0.9786,0.6677,-0.4293,-1.4719,-1.7849
0.3048,0.3710,0.7567,1.0889,0.6748,0.6456,0.7602,0.9592,1.1354,1.2359,1.3786,2.0388,1.8739,2.2105,2.9351,1.4150,1.1551,0.2185,0.8940,1.5785,-1.3846,-1.1676,0.2286,0.6289,1.4042,2.1948,2.7094,-0.0105,1.0858,3.3676,1.4915,1.0634,0.1104,0.3596,0.4923,0.8618,0.3773,-3.5579,-5.9493,-5.4427,-3.4782,-2.9497,-3.1625,-2.0567,-2.6635,-2.9238,-3.2089,-3.0812,-2.1359,-1.2108,-1.0857,-0.9303,0.6988,0.6080,-0.1694,-0.7311,-0.6494,-0.1773,-0.3251,0.1436,1.8366,2.0703,1.7525,2.0561,1.1436,1.1350,1.0645,0.4617,0.3350,-0.0420,-0.6135,-0.8807
0.1080,0.1259,0.5670,1.3065,0.5174,0.4620,0.7503,1.0297,1.0397,1.2292,1.8955,2.5110,1.8803,2.4300,3.1485,1.6207,0.6585,-0.2927,0.8665,1.8602,-1.6624,-1.5147,0.1582,0.6983,2.2926,3.1250,1.1837,-0.0063,-0.3473,4.4456,2.7921,1.5803,-0.3847,-0.9496,-0.9177,0.9885,-0.5028,-5.3156,-7.6111,-6.2253,-3.7783,-2.7132,-2.6036,-1.3133,-2.2083,-3.1877,-3.3937,-1.6830,-3.4641,-2.3083,-1.6369,-0.8370,0.8147,1.2113,-0.3461,-0.8626,-0.4183,0.0805,0.2905,1.1109,2.1876,2.4303,1.6898,1.8017,0.5345,1.0303,0.4464,0.0087,0.6929,0.5193,-0.5213,-0.6312
-0.0979,0.0773,0.4027,1.1405,0.2917,0.5359,0.7525,1.2991,0.6958,1.3028,2.3858,3.1783,2.0424,2.7129,3.3653,2.2786,0.3331,-0.8124,0.5825,1.9275,-2.0069,-1.6539,-0.2614,0.8888,2.3175,2.7629,1.0103,0.1188,-0.9153,2.6215,3.7457,2.1572,-0.3071,-1.9193,-1.7581,-1.0938,-4.1661,-8.0641,-8.4474,-6.6085,-2.7746,-2.0895,-1.4225,-0.1463,-1.9416,-4.0874,-4.3840,-3.7215,-3.9779,-2.9391,-2.0050,-0.0795,0.7840,1.2133,-0.6942,-1.8332,-0.0384,0.1783,0.4564,1.6287,2.0300,2.1588,1.7497,1.4799,-0.6610,-0.0896,-0.6506,1.1959,0.7070,0.3367,-1.0916,-0.7223
0.1016,0.1996,0.2483,0.9796,0.6836,0.7221,0.9057,1.2561,1.1848,1.8783,2.5128,2.7230,1.9601,2.5911,3.1281,1.9827,0.6266,-0.6844,0.6665,1.2963,-2.2103,-2.8701,-1.3268,0.3823,1.4820,1.7413,-0.2937,-1.0874,-0.2476,0.2180,0.4733,-2.6495,-2.2380,-1.8700,-1.4246,-2.2137,-5.0749,-6.4849,-7.2523,-7.4203,-5.2498,-2.1464,0.1716,0.0365,-1.0896,-3.1326,-4.5356,-4.5046,-4.0328,-2.2651,-1.2497,-0.1798,0.0779,-0.3114,-1.5660,-2.0842,-0.7515,-0.1642,-0.3312,-0.0819,1.2925,1.3327,0.7534,0.5452,-1.6013,-1.2669,-0.4097,0.4963,-0.3818,-0.7566,-1.4084,-0.9432
0.0456,0.0647,0.3595,0.6882,0.6465,0.5808,0.7854,1.0181,0.9928,1.7610,2.5991,2.8626,2.2119,2.7292,2.9975,1.8363,0.6205,-0.2251,1.2597,1.3518,-2.9177,-4.1089,-2.1891,0.1811,0.6618,1.0806,-0.1929,-0.6510,-1.6760,-1.6933,-1.6879,-4.2420,-5.0799,-3.5480,-2.0240,-4.0872,-5.6493,-5.5137,-7.0383,-8.0945,-5.5717,-2.1562,-0.5580,0.2644,-2.2439,-2.8279,-3.3561,-2.9657,-3.7261,-2.0902,-0.8173,-0.1484,0.2197,0.0593,-0.9760,-1.5154,-1.0934,-0.4839,-0.6042,-0.6175,0.8646,1.2467,0.5923,-0.1418,-2.1434,-1.2938,-0.0040,0.8170,0.2617,-0.4711,-0.8047,-0.9297
-0.0369,0.0145,0.5016,0.9793,0.6120,0.5473,0.7249,0.6918,0.6950,1.4852,2.7313,3.1736,2.6966,2.8001,3.1634,1.6390,1.0012,-0.1097,1.6287,1.7505,-2.6374,-4.2019,-2.2131,0.1886,0.0820,0.5423,0.9167,-0.3810,-2.6335,-1.5873,-2.0798,-4.5853,-6.3355,-3.6938,-2.1442,-3.5091,-5.5577,-5.4502,-6.2973,-7.6416,-6.6001,-2.8249,-0.9705,0.4736,-2.4299,-2.8798,-2.0632,-1.6801,-2.2685,-1.9433,-0.8590,0.5558,0.4882,0.5194,-0.2446,-0.6296,-1.5760,-1.1759,-0.8911,-0.7429,0.8446,0.8116,0.0956,0.2850,-1.5350,-0.9942,-0.1858,-0.0362,-0.0762,-0.3860,-0.7581,-1.1229
-0.3272,0.0946,0.4754,1.1625,0.3378,0.5874,0.5027,0.7125,0.4015,1.2457,2.5938,3.5746,2.6445,3.2515,3.2036,2.3121,0.6241,-0.1648,1.3110,1.6373,-2.4721,-3.7228,-2.5036,-0.0085,-0.2442,0.2174,1.9941,0.1373,-2.8616,-1.5336,-2.0884,-4.5440,-7.3433,-4.5132,-2.5703,-4.1656,-7.1792,-6.2936,-6.8223,-6.9190,-6.6105,-1.9155,0.6299,1.8090,-0.0364,-3.0116,-2.5983,-0.8592,-1.7123,-1.5203,-0.8012,0.3169,0.5100,0.4531,-0.2103,-1.0834,-1.6654,-1.8840,-1.4052,-1.0641,0.6405,0.5495,0.2189,-0.1586,-1.3195,-1.3535,-1.2814,-1.2992,-0.3845,-0.5813,-1.6665,-1.5348
