-2.0772,-1.6196,-1.0715,-0.8565,-1.3890,-1.5462,-1.6259,-1.3782,-1.0824,-1.2951,-1.6253,-1.6943,-2.3561,-1.7730,-1.2475,-1.0164,-1.6630,-1.6872,-1.7677,-1.4248,-1.8720,-1.5661,-1.7999,-1.6131,-2.0564,-1.7283,-2.0279,-1.6082,-1.6768,-1.4601,-0.7430,-0.2740,-0.6256,-1.5604,1.3780,2.1885,-1.5387,-2.1605,-3.8002,-4.4650,-3.8546,-3.5507,-2.0947,-1.7121,-1.0367,-0.0193,2.8043,1.4479,-0.6231,-2.7434,-4.6304,-5.3410,-4.6557,-4.7155,-3.6936,-1.5240,-0.6895,-1.5390,-2.3211,-0.7015,-0.4847,-0.5451,-0.4655,-1.3731,-3.4475,-2.7226,-2.2911,-1.8860,-2.5641,-1.5660,-0.8036,-1.4323
-1.6798,-1.5012,-1.3719,-1.3840,-2.0681,-2.1575,-2.1467,-1.6389,-1.3343,-1.3297,-1.6510,-1.9518,-2.7155,-2.5903,-1.9278,-1.4372,-1.9272,-2.0902,-2.0167,-1.9164,-2.2192,-2.0949,-2.1532,-2.2750,-2.3704,-2.1935,-2.2207,-1.9588,-1.7254,-1.5022,-0.7013,-0.4059,-0.6846,-1.7772,0.3358,-1.1020,-2.3983,-2.3237,-3.9631,-4.7876,-3.4377,-2.7555,-1.6920,-1.9029,-0.6811,0.9347,1.4182,-0.6623,-1.5010,-4.4252,-6.3534,-6.0726,-5.1022,-4.6524,-3.8120,-1.9679,-2.9637,-3.5372,-3.8965,-1.7719,-1.0757,-2.3878,-2.3112,-1.7054,-2.9629,-2.6527,-2.5898,-2.0511,-2.6005,-1.4434,-2.0022,-2.1336
-1.9465,-1.9034,-1.8513,-2.0587,-2.6990,-2.8096,-2.5141,-2.1777,-1.5491,-1.5365,-1.2881,-1.6881,-2.2745,-2.3102,-1.9982,-1.5088,-1.9114,-1.9320,-1.9557,-1.8894,-2.2028,-2.1121,-2.1366,-2.2210,-2.4646,-2.2863,-2.1899,-1.7837,-1.3868,-1.1333,-0.3160,-0.2678,0.1721,-0.5113,-0.3037,-1.4137,-1.6364,-3.0787,-3.8462,-5.3972,-4.6696,-3.9659,-4.5866,-3.8265,-1.5008,-1.2324,-0.4823,-2.3997,-3.5690,-5.7785,-5.7954,-5.8140,-4.4443,-3.7946,-2.5079,-1.3001,-1.7753,-2.0158,-3.2165,-2.7768,-2.3169,-3.7322,-3.4929,-2.9982,-2.3039,-3.5317,-3.4904,-3.5376,-3.1660,-1.9227,1.6466,-1.3631
-2.0839,-2.0940,-2.2202,-2.3630,-2.8473,-2.7637,-2.4422,-2.0731,-1.2927,-1.2830,-0.9718,-1.3086,-1.8276,-2.0289,-2.0084,-1.7404,-1.8440,-1.8523,-1.7180,-1.8216,-1.9700,-1.9972,-1.8384,-2.0127,-2.0719,-2.0538,-1.6906,-1.4877,-1.0470,-0.8511,-0.0550,-0.1416,-0.0497,0.0122,-0.0910,0.1048,-1.9978,-2.0808,-2.6612,-4.1440,-3.5295,-3.2705,-3.9590,-2.7485,-1.7434,-1.3768,-1.0516,-2.0742,-3.3648,-5.0508,-5.0652,-4.5967,-3.7213,-2.4130,-1.2182,-2.3977,-2.3015,-1.9984,-3.0062,-3.1941,-2.7710,-3.2588,-4.0169,-3.0592,-2.7327,-3.3648,-3.6685,-3.8793,-3.1846,-2.2374,-2.0329,-0.0299
-1.9297,-2.0392,-2.1752,-2.1193,-1.9940,-1.8434,-1.4836,-1.2898,-0.6086,-0.6135,-0.5823,-0.8296,-1.0873,-1.4371,-1.8966,-1.8063,-1.6891,-1.6667,-1.6038,-1.7101,-1.8788,-1.8904,-1.9259,-1.9899,-1.9356,-1.7932,-1.5546,-1.3901,-0.7642,-0.6397,0.5310,0.5327,-0.2337,-0.0965,0.4594,0.5522,-1.3275,-2.0598,-1.7815,-3.1060,-2.3736,-3.1068,-3.5352,-2.2621,-1.6349,-1.4678,-0.2627,-0.4236,-2.2639,-3.5033,-4.1667,-3.6397,-2.3813,-1.5409,-0.9697,-1.8642,-2.1102,-2.3060,-2.2099,-2.5479,-2.6470,-3.0562,-3.6110,-2.5271,-2.1581,-3.2695,-4.1275,-3.9868,-3.5786,-2.9560,-2.9866,-0.4339
-2.4357,-2.4993,-2.3966,-2.0080,-1.8027,-1.5513,-1.2944,-1.0297,-0.4218,-0.3661,-0.3481,-0.6319,-0.8925,-1.3664,-1.8052,-1.8443,-1.6608,-1.5351,-1.5390,-1.6504,-1.7714,-1.7217,-1.7479,-1.7871,-1.6790,-1.7065,-1.3306,-1.2985,-0.7174,-0.4590,0.5214,0.3986,-0.6577,0.3724,0.1954,-0.3968,-1.2783,-1.9897,-0.8288,-2.1029,-2.3926,-2.8232,-2.7704,-1.7874,-1.6731,-1.5836,-0.0248,0.3054,-1.3014,-2.5449,-3.8862,-2.9148,-2.0783,-1.0473,-0.7993,-1.0895,-1.4279,-2.1580,-2.3516,-1.6016,-3.2952,-3.3718,-3.2847,-3.1485,-1.9792,-3.2706,-3.8650,-4.0470,-3.5673,-3.5479,-2.9183,-1.3852
-2.3468,-2.2667,-1.9151,-1.4714,-1.2615,-1.1632,-0.7455,-0.6165,-0.0699,-0.0756,0.0468,-0.2462,-0.7880,-1.3304,-1.4945,-1.5290,-1.6020,-1.4424,-1.5410,-1.7699,-1.9314,-1.6655,-1.7598,-1.8021,-1.9691,-1.9144,-1.5962,-1.5294,-0.6115,-0.2231,0.4105,-0.3811,-0.5731,0.3173,-0.8836,-0.9943,-1.5283,-2.7776,-2.4047,-3.1412,-3.6037,-2.8798,-2.0343,-1.0999,-1.1097,-1.3072,-0.2757,0.2163,-1.0668,-1.9387,-3.1376,-2.4883,-1.7368,-1.5115,-1.2085,-1.5477,-1.6822,-2.0816,-3.0256,-2.7465,-2.8997,-2.1388,-3.4972,-2.9267,-2.5755,-4.6114,-4.0790,-3.3267,-3.7438,-3.8045,-2.9804,-2.3699
-2.3221,-2.1534,-1.7361,-1.0635,-0.8220,-0.7914,-0.5594,-0.5592,0.0564,0.0472,0.1883,-0.1635,-0.6797,-1.1582,-1.2291,-1.3566,-1.3568,-1.3630,-1.5855,-1.9257,-1.8822,-1.4768,-1.5613,-1.8369,-1.8233,-1.8385,-1.4754,-1.4728,-0.4315,-0.1190,0.2835,-1.2091,-0.6564,-0.4052,-1.2153,-0.7568,-2.1465,-3.5006,-4.4232,-4.8329,-3.7221,-2.9203,-1.5667,-1.1000,-1.2176,-1.3231,-0.3028,1.0053,-0.9361,-1.3706,-3.5091,-3.2179,-2.7391,-1.7019,-1.5392,-1.3748,-2.4123,-2.6035,-3.4234,-4.0677,-3.4637,-2.8874,-2.3689,-2.4056,-1.9776,-3.9155,-3.3741,-3.2503,-3.6417,-3.6609,-3.1830,-2.9865
-2.0152,-1.7903,-1.0722,-0.2889,-0.2752,-0.4737,-0.5717,-0.7916,-0.1442,-0.0401,-0.0750,-0.4507,-0.6371,-0.9422,-1.1234,-1.2407,-1.0881,-1.4149,-1.8342,-2.2001,-2.0028,-1.4317,-1.6109,-1.9240,-1.9970,-1.8779,-1.4914,-1.3078,0.3279,0.4820,0.5904,1.7085,-1.1982,-1.7044,-1.5400,-0.9756,-2.7839,-3.5240,-3.9598,-3.7369,-3.1370,-2.1008,-1.6632,-0.9445,-0.7418,-0.9563,0.9686,1.5795,-1.0463,-1.4309,-4.1298,-2.7953,-1.3918,-1.1991,-1.6179,-1.3378,-2.6825,-2.6374,-3.0579,-4.6788,-4.2754,-3.1601,-0.2982,-0.3007,-2.2550,-3.8442,-3.5419,-3.2263,-3.9265,-3.9757,-3.3540,-3.2957
-1.4278,-0.9860,-0.2516,0.4673,0.0980,-0.2888,-0.6254,-0.8676,-0.2332,-0.1695,-0.1423,-0.4517,-0.4803,-0.7377,-0.7233,-0.7930,-0.8709,-1.4223,-1.9100,-2.2903,-1.7675,-1.2661,-1.4401,-1.8140,-1.9258,-1.8120,-1.3493,-1.2073,0.3815,0.5465,0.5948,0.7239,-1.9537,-1.7169,-1.5670,-0.6850,-2.4070,-3.0506,-2.7236,-3.5603,-2.7139,-1.6438,-1.3839,-0.8580,-0.8284,-1.0600,0.7507,1.5884,-0.8520,-0.7683,-2.6431,-1.7843,-1.4740,-1.2440,-2.0151,-1.8846,-3.1839,-2.5219,-2.5222,-4.1826,-4.6672,-2.7751,0.3382,-0.0893,-3.4376,-3.4953,-3.7482,-4.2560,-4.1637,-3.7035,-3.2493,-3.5732
-0.4940,-0.0612,0.4708,0.5830,0.1174,-0.3205,-0.4694,-0.7366,-0.5437,-0.3062,-0.1081,-0.3548,-0.5473,-0.5965,-0.4827,-0.5726,-0.8664,-1.5163,-2.0529,-2.4935,-1.6871,-1.1093,-1.2580,-1.7117,-1.9070,-1.6445,-1.3385,-1.0192,0.6199,0.3083,0.8209,0.1685,-1.8769,-1.5448,-0.7647,-0.7959,-2.4703,-3.1852,-3.4579,-3.6131,-2.5122,-1.7183,-1.1829,-0.7477,-0.7760,-0.8318,0.1451,1.0549,-0.4508,-0.9844,-2.8825,-2.5086,-1.5335,-1.6285,-2.6033,-1.7439,-3.8332,-3.6236,-1.6085,-4.0472,-3.6114,-1.6492,1.3803,-2.2123,-4.0997,-2.0990,-2.4526,-4.1472,-3.1688,-2.9325,-3.0448,-3.8040
0.0348,0.2051,0.3531,0.2663,-0.2397,-0.4546,-0.6489,-0.8190,-0.6876,-0.6994,-0.2570,-0.4730,-0.5393,-0.7069,-0.5222,-0.5624,-0.8312,-1.4312,-1.8874,-2.4068,-1.5653,-1.0936,-1.3131,-1.5871,-1.7004,-1.6179,-1.2202,-0.8404,0.3649,-0.3314,-0.0772,-0.4463,-0.9839,-1.0722,-0.8840,-2.5215,-3.4516,-4.0712,-4.3418,-3.7973,-2.8659,-2.1908,-1.0396,-1.4472,-0.7913,-0.7591,0.3074,0.6541,-0.1450,-3.3794,-4.5508,-3.9154,-0.6941,-1.5616,-2.9802,-2.4785,-3.3865,-2.7964,-2.6664,-3.8577,-4.0704,-1.8597,0.0980,-3.1814,-3.9766,-1.8363,-1.7315,-3.8362,-3.3271,-2.9952,-2.7770,-3.5659
-0.1059,-0.1102,0.1101,0.0651,-0.4781,-0.7821,-1.0184,-1.1381,-0.8110,-0.8312,-0.5444,-0.6516,-0.5628,-0.7718,-0.9032,-0.9091,-1.0856,-1.5057,-1.9635,-2.3491,-2.2479,-1.7005,-1.7968,-1.8730,-1.3851,-1.3322,-0.9125,-0.5213,0.4982,-2.7836,0.0531,0.8712,-0.3489,-0.3856,-0.5692,-1.8344,-3.4068,-4.2252,-4.3281,-3.4783,-2.7132,-1.7548,-1.0123,-1.7046,-1.1126,-0.3224,0.1859,0.3397,-0.5635,-5.3290,-4.4050,-2.2618,0.5944,-0.2606,-1.9081,-2.4554,-3.1113,-3.4209,-3.1884,-4.0077,-5.3258,-3.1979,-2.5239,-2.7641,-2.9954,-2.5481,-2.5926,-4.1514,-3.2329,-3.0263,-2.5015,-3.2520
-0.2906,-0.3332,-0.2758,-0.2483,-0.8239,-0.8698,-1.0051,-1.1999,-0.8331,-0.9785,-0.7845,-0.9184,-0.7967,-0.8892,-1.0180,-1.1946,-1.3454,-1.4544,-1.8791,-2.1089,-2.2108,-1.7328,-1.6621,-1.6989,-1.0937,-1.2007,-0.6679,-0.7901,0.1849,-3.0629,0.9791,0.4146,0.0795,0.1496,-0.2193,-1.5617,-2.4143,-3.1438,-3.9147,-3.0642,-2.1609,-1.2580,-1.1300,-1.1830,-0.2591,0.1554,0.0381,-0.5675,-2.0912,-3.3954,-3.1871,-1.4993,0.7574,-1.2820,-2.2523,-1.7388,-2.7910,-3.1600,-3.4531,-4.0979,-5.6874,-3.2281,-3.7954,-4.4293,-3.8945,-2.8443,-4.3359,-5.5886,-3.7564,-3.1132,-3.0427,-2.8226
-0.4105,-0.6505,-0.4844,-0.5943,-0.9970,-1.0744,-0.9420,-1.0821,-0.8111,-0.9464,-0.8830,-0.9559,-1.1709,-1.2251,-1.3652,-1.6348,-1.7255,-1.6808,-1.7655,-1.9123,-2.2543,-1.7546,-1.6316,-1.5398,-1.2945,-1.2882,-0.5592,-0.9593,-1.1854,-4.1106,-1.5848,-1.0816,-0.1434,-0.4556,0.9707,-1.2746,-1.5205,-2.1575,-3.2525,-2.5105,-1.6971,-1.0111,-1.1991,-0.8028,0.2528,-0.2961,-1.0100,-1.8634,-1.8434,-1.9891,-0.6501,-0.5520,-0.5084,-1.2959,-2.0788,-0.7867,-2.7542,-2.8220,-3.9937,-4.6339,-4.3219,-3.0479,-3.3249,-4.2197,-3.7881,-2.8443,-4.2617,-6.0878,-4.6024,-3.1078,-2.8203,-3.1971
-0.6135,-0.7882,-0.7192,-0.7770,-1.0899,-1.2538,-1.0785,-1.2013,-0.8383,-1.0652,-0.9961,-1.1714,-1.3996,-1.5118,-1.6936,-1.9307,-1.9613,-1.7820,-1.5812,-1.6972,-1.9800,-1.5769,-1.3333,-1.4019,-1.1325,-1.1809,-0.6310,-1.1682,-1.0970,-1.9037,0.2738,0.7598,-0.7705,-0.6909,1.2448,0.9934,-1.6104,-2.6333,-2.7094,-1.8442,-1.0521,-0.9745,-0.6363,-0.5559,-0.2284,-0.0790,-0.5883,-2.7269,-3.5312,-3.3771,-1.5559,-1.6758,-1.3951,-1.6395,-2.3726,-0.2596,-1.9464,-2.6396,-3.7691,-5.0164,-4.0418,-3.8500,-2.7999,-3.8685,-3.9812,-3.2630,-3.6747,-4.9891,-5.2003,-4.5375,-3.5048,-3.4294
-0.3651,-0.5467,-0.3761,-0.4450,-0.9523,-1.2165,-1.1361,-1.1470,-0.9205,-1.0596,-1.2028,-1.5549,-1.6074,-1.5288,-1.7897,-2.0365,-2.2447,-1.7527,-1.5976,-1.6572,-1.6171,-1.3187,-1.0704,-1.1569,-1.1372,-1.1930,-0.5303,-0.8872,-0.4621,0.5816,0.6036,0.1900,-1.2892,-1.2381,-0.2867,1.7349,-1.7274,-1.6973,-1.8701,-0.8312,-1.0492,-1.0203,-0.8612,-0.9748,-1.1098,-2.0788,-1.2310,-2.8071,-2.4805,-3.4571,-2.3150,-0.1592,-0.6701,-1.0736,-0.2219,-1.3594,-1.2441,-1.4780,-3.2810,-3.9747,-3.3493,-3.1339,-3.2804,-3.2209,-3.3297,-3.3195,-2.1206,-4.2735,-6.6011,-5.8111,-3.3603,-2.8597
-0.4206,-0.3684,-0.1984,-0.2937,-0.9483,-1.0912,-1.0301,-1.1026,-0.9677,-1.1244,-1.1349,-1.8805,-1.8121,-1.6584,-1.8811,-2.1704,-2.1878,-1.6569,-1.4531,-1.4610,-1.4161,-1.2607,-0.8441,-1.0165,-1.0739,-1.1813,-0.6043,-0.6073,-0.9392,0.7748,0.6815,-0.4664,-2.2049,-1.9920,-1.4114,0.4817,-1.0760,-1.6078,-1.0464,-0.7592,-0.6756,-0.2470,-1.0516,-1.0708,-2.2250,-3.9079,-1.9118,-2.5919,-2.2987,-1.9244,-1.7309,0.5524,-0.0658,-1.3394,0.0914,1.3525,-0.2083,-1.3590,-2.8954,-3.7937,-3.5010,-3.9839,-3.8322,-3.2170,-3.4746,-3.5273,-2.3462,-4.3037,-6.9449,-5.8906,-3.5387,-3.1488
-0.4929,-0.2663,-0.0965,-0.1722,-0.7441,-0.9376,-0.6990,-0.9231,-0.9313,-1.0308,-1.1250,-2.0783,-2.0218,-1.7762,-1.9366,-2.0539,-2.1219,-1.5828,-1.4934,-1.3841,-1.5383,-1.3557,-1.0036,-0.9488,-1.4272,-1.5445,-0.7839,-0.6182,-0.9995,-1.4939,-1.4058,-1.5608,-1.0371,-1.2828,-1.8036,-0.5904,-0.7773,-0.3988,-0.6328,-0.8960,-0.3987,-0.3649,-1.5817,-2.1983,-2.9868,-3.2196,-2.3913,-3.7504,-2.8352,-1.3810,-0.5766,0.9149,0.5784,-0.6729,-0.2946,-1.7213,0.2278,-1.3598,-2.9195,-3.4175,-3.2433,-4.3104,-3.6322,-3.8331,-3.8344,-3.4718,-2.4952,-3.7314,-4.3176,-5.9305,-4.3093,-3.5846
-0.7692,-0.4205,-0.2094,-0.1964,-0.7565,-0.9257,-0.6536,-0.8106,-0.8382,-1.0443,-1.1042,-2.2049,-2.0812,-1.8858,-1.8581,-1.9176,-1.8300,-1.5244,-1.3741,-1.2953,-1.4666,-1.3180,-0.8920,-1.0628,-1.4594,-1.6880,-0.9319,-0.6234,-0.9480,-1.3559,-0.2792,-0.8298,0.6582,0.3784,-0.0175,0.6003,0.3226,0.0004,-0.9474,-0.0837,-0.2837,-0.7373,-1.8721,-3.1610,-3.7055,-2.3928,-1.9052,-3.3634,-1.8683,-0.1720,0.7558,-0.2370,0.7686,0.2600,-0.9375,-1.6112,-0.1893,-1.3191,-2.9006,-3.5520,-3.8418,-4.2183,-3.3868,-3.8772,-3.2598,-2.7496,-1.5086,-1.7107,-3.6968,-5.4633,-4.9943,-4.5229
-1.2055,-0.8822,-0.5162,-0.5622,-0.8249,-0.8885,-0.7589,-0.8597,-0.7078,-0.8953,-1.3521,-2.2160,-2.2787,-1.9658,-1.8736,-1.8772,-1.5146,-1.3501,-1.4528,-1.3082,-1.3386,-1.1638,-1.0082,-1.1422,-1.3763,-1.5494,-0.9005,-0.6630,-0.8825,-0.3138,-2.3183,-0.3151,-1.3145,-1.1789,-0.6719,-1.5707,-1.4386,-0.9219,-0.9516,-0.0514,-0.7431,-1.4131,-3.2158,-5.1012,-3.6093,-4.7817,-2.3477,-2.3321,-1.9448,-2.4351,-0.4224,-0.4757,0.1047,0.5253,0.1763,-1.3323,-0.7382,-1.6632,-2.6524,-4.1340,-4.2737,-3.6452,-2.9163,-3.7020,-3.3243,-2.4765,-1.0233,-1.5100,-3.4326,-4.9908,-4.8608,-5.7174
-1.9597,-1.7160,-1.3346,-1.0911,-1.0525,-0.9668,-0.8036,-0.8967,-0.7060,-1.0146,-1.5335,-2.0522,-1.9498,-1.7215,-1.6808,-1.7202,-1.3662,-1.2849,-1.2664,-1.1682,-1.2229,-1.1336,-1.0196,-1.2689,-1.1991,-1.4740,-0.9711,-0.4966,-1.3649,-1.4798,-1.0242,0.5983,-0.7992,0.0787,-1.1079,-1.2152,-0.8238,0.7368,0.0109,0.4412,-0.9972,-1.5394,-3.8526,-6.1308,-3.3688,-3.9546,-2.2120,-2.3770,-1.8417,-4.5642,-3.1132,-2.1085,0.0559,0.6553,0.9557,-1.6589,-2.5484,-1.9300,-3.2875,-4.4520,-4.5236,-4.0774,-2.9661,-3.3155,-2.8062,-2.7113,-2.4349,-4.1281,-4.7060,-4.2875,-4.8643,-4.7179
-2.3927,-2.1650,-1.7163,-1.3990,-1.0531,-1.0634,-0.8002,-0.8084,-0.9447,-1.3848,-1.7758,-1.8184,-1.3066,-1.3732,-1.4852,-1.6644,-1.7029,-1.3725,-1.3835,-1.4348,-1.4477,-1.3240,-1.3929,-1.4271,-1.5379,-1.6731,-1.7759,-1.2845,-2.2640,-3.8814,0.1904,0.9383,0.0827,0.2050,-0.6906,-1.4264,-0.1656,-0.0120,0.5038,0.5261,-1.0177,-1.9534,-3.7414,-6.2626,-1.6651,-2.1657,-1.4194,-2.7159,-1.4311,-4.0371,-4.3829,-3.5276,-0.1452,1.2351,0.3789,-1.7284,-3.2273,-3.4546,-4.3881,-4.1840,-3.6220,-3.3569,-3.2865,-2.7131,-1.2162,-2.7516,-2.5390,-4.0589,-4.1154,-4.0152,-3.4334,-3.6088
-2.4199,-2.2645,-1.7210,-1.3881,-1.1447,-1.3733,-1.0563,-1.1984,-1.1787,-1.8429,-1.7743,-1.6644,-1.0343,-1.2966,-1.4613,-1.6153,-1.4268,-1.1675,-1.1382,-1.5063,-1.3609,-1.3623,-1.4177,-1.5876,-1.4980,-1.7326,-1.8275,-1.2553,-2.4647,-3.3121,0.6782,1.8719,-0.4676,-0.9751,-1.8484,-3.9447,-3.0739,-0.7171,0.5118,0.6517,-1.4179,-2.2589,-4.8777,-6.9448,-3.4968,-2.5874,-1.5179,-3.6088,-2.3772,-2.8312,-3.7312,-3.4798,-2.0534,-0.1928,-1.5771,-1.1660,-2.8050,-3.5645,-4.5682,-4.3374,-4.0504,-3.4620,-3.2742,-2.8246,-1.7206,-3.4867,-2.7273,-2.7268,-3.7653,-3.6136,-3.9548,-3.6123
-2.2185,-2.1015,-1.5683,-1.3319,-1.4609,-1.7799,-1.6407,-1.9496,-1.7400,-1.9900,-1.7639,-1.5658,-1.4757,-1.5820,-1.7656,-1.6521,-1.7447,-1.4619,-1.3632,-1.6795,-1.8001,-1.7615,-1.8150,-1.8675,-1.8508,-1.7999,-1.7678,-2.0324,-1.6088,-1.5509,-0.5385,-0.0257,-1.3476,-1.5509,-2.2851,-3.2581,-3.2344,-0.3800,0.5732,0.4401,-0.9471,-1.9474,-4.9328,-6.1048,-4.3554,-3.6257,-2.6634,-3.9032,-2.8244,-2.8825,-3.2590,-1.8534,-1.4316,-0.5106,-0.6270,-0.7350,-2.9741,-3.4642,-4.1718,-4.9853,-4.3172,-3.1240,-2.6804,-2.5639,-1.9339,-1.7716,-2.4649,-1.4880,-3.2661,-3.2694,-3.9997,-3.6240
-2.2707,-2.0066,-1.5497,-1.3604,-1.6434,-1.9879,-1.9697,-2.1096,-1.9742,-2.0172,-1.6359,-1.5342,-1.5994,-1.5816,-1.4663,-1.2927,-1.4780,-1.3511,-1.3671,-1.5050,-1.6322,-1.6725,-1.7127,-1.9176,-1.8404,-1.9036,-1.8363,-2.0901,-0.4598,-0.6819,-0.5466,-0.6955,-0.6738,-0.7137,-1.8058,-1.8711,-1.0110,0.5318,0.4861,-0.0188,-1.0764,-2.4531,-6.0095,-6.3989,-3.8595,-3.8410,-3.7040,-4.4680,-3.0874,-3.6695,-2.9174,-1.1478,-0.7716,0.1863,-0.1595,-1.2539,-3.5606,-3.7814,-4.6755,-5.5705,-4.5430,-3.4477,-2.2158,-1.8748,-1.9930,-1.7603,-1.2869,-1.6672,-2.8915,-3.5654,-2.5200,-2.5384
-2.2862,-2.0003,-1.6706,-1.5369,-1.7302,-2.1150,-2.1684,-2.1977,-2.0306,-1.9463,-1.5988,-1.5140,-1.7501,-1.5463,-1.3520,-1.2235,-1.7193,-1.7500,-1.8406,-1.6542,-1.7272,-1.6963,-2.0270,-2.2081,-2.3367,-2.3929,-2.5987,-2.1525,1.3842,0.9026,0.1093,-0.4860,0.0177,0.2939,0.2802,-0.2327,-0.8920,0.2578,0.6430,-0.0121,-1.2516,-2.5651,-4.7565,-6.0728,-3.4380,-2.6376,-2.2137,-5.5258,-4.5304,-4.3303,-2.4295,-0.1756,-0.5089,0.1445,-0.6716,-1.6434,-4.1023,-5.0126,-5.5569,-5.0218,-4.6579,-4.5082,-2.8012,-1.7648,-1.8009,-1.5874,-0.6928,-1.3986,-2.0227,-2.9816,-3.0182,-2.4665
-2.2803,-2.1134,-1.8728,-1.6903,-2.0556,-2.4419,-2.4426,-2.2162,-1.8937,-1.7429,-1.4753,-1.5610,-1.6595,-1.4065,-1.1768,-1.1229,-1.8024,-1.7981,-1.8024,-1.5019,-1.4114,-1.7572,-1.9895,-2.3698,-2.5100,-2.5832,-2.6585,-2.4424,0.3121,0.7221,0.0213,-0.6281,-2.2753,-0.7876,-1.0029,-1.6987,-1.2275,-0.6819,-0.0955,-0.1694,-1.5010,-2.9562,-4.8854,-5.0636,-3.2002,-2.6884,-1.7390,-4.4883,-4.4995,-4.9009,-2.6787,-0.0373,0.2085,-0.6105,-2.1748,-2.5850,-4.8634,-5.9008,-5.4798,-4.8670,-5.1373,-4.4687,-2.9448,-2.2212,-2.9230,-2.7586,-1.4072,-0.8789,-1.8132,-2.7423,-3.8768,-3.2393
-2.2033,-2.1233,-1.8760,-1.9823,-2.4127,-2.8183,-2.4427,-2.3534,-2.1434,-1.9695,-1.4708,-1.4383,-1.4224,-1.2628,-1.1012,-1.2338,-2.0765,-1.8991,-1.7157,-1.5481,-1.6122,-2.0781,-2.7015,-2.8731,-2.5008,-2.5289,-1.8775,-1.2841,1.1157,-0.1683,-0.5126,0.3139,1.1165,1.2280,0.7453,-0.2350,-0.9982,-1.0215,-0.4382,-0.1320,-0.6911,-1.5485,-3.9980,-4.7090,-2.5632,-2.1298,-1.4304,-2.8875,-4.7431,-5.1188,-2.3082,0.0750,0.4359,-1.1477,-3.4542,-3.4391,-5.8883,-5.1529,-4.2626,-4.4528,-5.3615,-3.8353,-2.8056,-2.2784,-2.5801,-2.8280,-1.8541,-0.4725,-0.9761,-1.4914,-3.4175,-4.6949
-2.1888,-2.0372,-2.1046,-2.0927,-2.5595,-2.6881,-2.4089,-2.3620,-2.1657,-1.8792,-1.2961,-1.2370,-1.0685,-1.0130,-0.8883,-1.3676,-2.0334,-1.4636,-1.3329,-1.1845,-1.5919,-2.3876,-2.9175,-3.0618,-2.4737,-2.0699,-0.9356,-0.5432,1.0403,0.3657,0.1509,0.8908,2.6838,1.2258,1.1820,2.1826,0.6526,0.2460,-0.2927,-0.1396,-0.5010,-1.7352,-3.1341,-3.7535,-2.0408,-2.2704,-2.0985,-3.0590,-4.5302,-4.7324,-1.0514,-0.1582,-0.3980,-1.7863,-5.0228,-5.2317,-8.5111,-5.5752,-4.7416,-5.0567,-5.0077,-4.1048,-2.8377,-2.4692,-2.6312,-2.4059,-1.5638,-1.2048,-1.8777,-1.1733,-1.1770,-3.3157
-2.0444,-1.9558,-2.0264,-2.0339,-2.5485,-2.6813,-2.3784,-2.2808,-2.0873,-1.7726,-1.1368,-1.0591,-1.1285,-1.0970,-1.1831,-1.5024,-1.8239,-1.1889,-1.2554,-1.3487,-2.2697,-2.8586,-3.3291,-3.2047,-2.3762,-1.5394,-0.3025,-1.1662,-1.6127,-0.4202,0.5525,1.0942,2.0831,1.5907,1.2658,1.2666,0.5563,0.4745,-0.1264,-0.3964,-1.2689,-3.2864,-3.7440,-3.1840,-1.6720,-1.9522,-2.4535,-3.3718,-3.9861,-3.3528,-0.0806,0.2331,-1.2884,-2.3812,-4.8714,-5.1551,-6.1038,-5.0320,-5.4464,-5.7994,-4.7855,-4.2097,-3.4309,-3.0265,-2.9719,-2.2949,-2.2861,-1.9809,-1.6447,-1.6446,-0.7674,-2.0454
-2.0350,-2.0453,-2.1182,-2.0256,-2.4701,-2.5151,-2.1769,-2.0884,-1.8564,-1.4285,-0.8428,-0.7898,-0.9259,-1.0371,-0.9936,-1.1511,-1.2061,-0.9107,-1.0923,-1.4782,-2.1042,-2.9247,-3.0071,-2.9861,-2.1362,-0.6604,-0.8492,-1.2062,-0.7527,-1.3942,-0.9132,0.3098,1.4964,2.0790,1.9737,1.1364,0.1253,0.1915,-0.1255,-0.4368,-1.4816,-3.6285,-4.2765,-3.4553,-1.9855,-1.9836,-2.6172,-3.9990,-4.1847,-2.5437,0.0738,-0.1019,-1.0259,-1.0841,-4.0649,-5.1299,-5.4235,-4.9805,-5.6717,-6.1497,-6.1891,-4.8411,-3.6364,-3.4279,-2.8841,-2.2159,-2.5462,-2.8668,-1.8930,-1.6788,-2.3050,-1.3487
-2.2427,-2.2559,-2.2691,-2.1939,-2.3196,-2.3946,-2.3283,-2.0845,-1.4202,-0.9722,-0.5243,-0.7125,-1.2459,-1.4211,-1.1044,-0.9054,-1.0222,-0.9977,-1.3180,-1.7080,-2.1794,-2.4571,-2.1875,-2.2394,-1.9188,-0.4811,-0.5825,-0.2031,0.2472,-0.0863,-0.0126,-0.1934,-0.0272,0.3012,0.4318,-0.2007,-0.9687,-0.7437,-0.3028,-0.6420,-1.0986,-1.2715,-2.9066,-2.9545,-1.4345,-1.6654,-2.0016,-3.6580,-3.5439,-3.0583,0.0599,0.4037,-1.6462,-2.4162,-3.7287,-4.4779,-5.9899,-5.6141,-6.4681,-6.1781,-5.9652,-4.3653,-3.8254,-3.5205,-2.4063,-2.7447,-3.6332,-3.5244,-2.8054,-1.8279,-3.2452,-2.3807
-2.2862,-2.2360,-2.2757,-2.1592,-2.2426,-2.3731,-2.0076,-1.7897,-0.9750,-0.5693,-0.3066,-0.7352,-1.3899,-1.5414,-0.6419,-0.3807,-0.5709,-0.8984,-1.2406,-1.8344,-2.2605,-2.4171,-1.7790,-2.1342,-1.7506,-0.5851,-1.3310,-1.0984,-1.2158,-1.6700,-1.2793,-0.8369,-1.0104,-0.9566,-0.2917,-0.5643,-1.3607,-0.8034,-0.3301,-0.1142,-1.3109,-2.2648,-3.1224,-3.0551,-1.8727,-2.1041,-2.2236,-3.6605,-3.4794,-3.7275,-1.9312,-0.0352,-1.8324,-3.3005,-4.9953,-5.6567,-6.1972,-6.2369,-6.4368,-6.6912,-5.4407,-4.7677,-4.4070,-3.6692,-2.9193,-3.2974,-3.6723,-4.3991,-3.6423,-2.7882,-2.0153,-1.8620
-2.2164,-2.1706,-2.0489,-2.1513,-1.9273,-2.0770,-1.6813,-1.1827,-0.5639,-0.5610,-0.5483,-1.0831,-1.4744,-1.5105,-0.5589,-0.2302,-0.6421,-0.8312,-1.3348,-1.7892,-2.4956,-2.6051,-2.1563,-2.1236,-1.2822,-1.1544,-1.7464,-1.1634,-1.8102,-1.8114,-1.8454,-1.0673,-1.2342,-0.8594,-1.1783,-0.8112,-2.1987,-1.5859,-1.2286,-1.6423,-1.7251,-3.1495,-3.2582,-2.6383,-1.5673,-2.0646,-1.7824,-3.9661,-4.4227,-5.2250,-2.9165,1.1029,-1.3808,-3.1615,-6.1827,-5.3083,-6.3847,-6.1991,-5.5703,-6.1345,-5.5104,-6.0114,-5.2663,-3.6579,-2.9351,-3.3098,-3.9350,-4.3067,-4.1647,-4.5559,-2.0462,-1.6852
-2.0828,-2.0109,-1.9188,-1.9481,-1.8890,-1.8673,-1.4226,-0.8536,-0.5767,-0.6980,-0.9837,-1.2753,-1.5003,-1.1939,-0.2952,0.0278,-0.4616,-0.8615,-1.2159,-1.7898,-2.3868,-2.5409,-2.0097,-1.4976,-1.1093,-1.8899,-1.8545,-1.0493,-1.0975,-0.9231,-0.5559,-1.5192,-2.1622,0.4046,-0.0302,0.3903,-1.3264,-1.6451,-1.8070,-1.8778,-2.1232,-2.7095,-2.7712,-2.7310,-1.7075,-1.8092,-2.1538,-4.6498,-4.8106,-5.5480,-5.9711,-2.1761,-0.3656,-2.8821,-5.6084,-6.3115,-6.6020,-5.3512,-4.7884,-5.5598,-6.4670,-6.7295,-5.8515,-3.7625,-3.6702,-3.9861,-4.2226,-3.6648,-4.2486,-4.3655,-2.1023,-2.4146
-2.0461,-1.8422,-1.7872,-1.8326,-1.8558,-1.8741,-1.4922,-0.9832,-0.4895,-0.8011,-1.7770,-1.6135,-1.5741,-1.1373,-0.5126,-0.0496,-0.6708,-1.0601,-1.3549,-1.8785,-2.0165,-1.9266,-1.5994,-0.2262,-0.8867,-1.8940,-0.5014,0.1576,-1.2923,-1.8923,-0.7495,-2.0631,-0.5559,1.6170,0.3471,1.1310,-1.2363,-1.8547,-1.6235,-2.2064,-3.5369,-3.3957,-1.8795,-2.1257,-1.5450,-1.6970,-1.8167,-2.8891,-5.5572,-5.4914,-7.2376,-5.3878,-5.4652,-5.2736,-6.3932,-6.9394,-6.5824,-4.7823,-4.1437,-3.7170,-5.6435,-5.8579,-6.5397,-5.7345,-4.6851,-4.6735,-4.4909,-3.8909,-3.8119,-4.2542,-3.3314,-3.0209
-1.8791,-1.7220,-1.7479,-1.6967,-1.6564,-1.6488,-1.2881,-1.0387,-0.5788,-1.1317,-2.1099,-1.7353,-1.4924,-1.1517,-0.5604,-0.2327,-0.6674,-1.1645,-1.4596,-1.9676,-1.9615,-1.9748,-1.3577,0.2991,-1.1319,-1.0905,-0.1024,-1.0467,-3.4445,-2.5841,-1.3980,-2.5486,-0.3674,2.2450,1.6656,0.7659,-0.9036,-2.0712,-1.5157,-3.2117,-3.9080,-3.0173,-1.9273,-1.9744,-2.0729,-2.2787,-3.0341,-5.7670,-5.1061,-3.7514,-6.7048,-5.4205,-5.0017,-3.7805,-5.9178,-7.1966,-6.6181,-4.9628,-4.0711,-3.2113,-6.0388,-6.7608,-6.8137,-6.7318,-4.7857,-5.2263,-4.3911,-3.7013,-3.7044,-3.8455,-3.6832,-3.9151
-1.7709,-1.7195,-1.5802,-1.4985,-1.5184,-1.5186,-1.2265,-0.9735,-0.7625,-1.3750,-2.1915,-1.8936,-1.9372,-1.7214,-0.8733,-0.2184,-0.6463,-1.2638,-1.6610,-2.0504,-2.2633,-2.1516,-1.5741,-0.2001,-0.8702,-0.5456,-0.7985,-1.8308,-3.4220,-2.1567,-1.0463,-1.9629,1.1833,2.7860,1.4242,0.3781,-0.8592,-1.6749,-0.9718,-3.0326,-4.1630,-4.2590,-2.2980,-2.5213,-3.3619,-3.2689,-3.4023,-4.4551,-5.3435,-4.9136,-5.0147,-1.0577,-2.0224,-3.3833,-6.0428,-7.1580,-5.4777,-4.9911,-5.4967,-4.8553,-5.2933,-6.6714,-7.1366,-6.3216,-5.1488,-4.6977,-3.4678,-3.6411,-3.0489,-2.3581,-2.7195,-3.9614
-1.7444,-1.8036,-1.6417,-1.4656,-1.4442,-1.5010,-1.2447,-0.9985,-0.6245,-1.2154,-2.1346,-2.2016,-2.0988,-1.9358,-0.8257,-0.2174,-0.8232,-1.9191,-1.9630,-2.1963,-2.3280,-2.2924,-1.1088,-0.6233,-0.6069,-0.8188,-1.3874,-0.9032,-1.0094,-1.3766,-0.6927,-0.8983,1.3413,2.5943,1.4112,0.4467,-0.4638,-1.9527,-1.0147,-3.3503,-3.8526,-2.6021,-1.7198,-1.8510,-2.9490,-3.0189,-2.6728,-2.4803,-3.6682,-6.1702,-3.2308,-3.1443,-3.6937,-2.3710,-3.7483,-4.4252,-5.2586,-5.2456,-5.3008,-5.8309,-5.3938,-5.8237,-7.2639,-6.0430,-5.6555,-4.2449,-2.2710,-3.2283,-3.7375,-3.2518,-2.8439,-4.1375
-1.6065,-1.6609,-1.5573,-1.4637,-1.3423,-1.4681,-1.4337,-1.2306,-1.1463,-1.6511,-2.8444,-2.8608,-2.5952,-2.1672,-0.8629,-0.4310,-1.3805,-2.7136,-2.4106,-2.3421,-2.2418,-2.3683,-1.2133,-0.9925,-0.1697,-0.9417,-0.8079,-0.6881,-2.4290,-0.7826,-1.3147,-0.0585,1.3921,2.5922,1.3923,0.1480,-0.6490,-0.4440,0.0474,-2.6201,-3.0631,-2.4948,-1.3670,-1.4914,-2.1398,-2.2677,-1.6798,-1.6523,-1.5249,-4.0186,-4.6149,-4.1336,-3.6441,-2.6370,-3.7299,-5.0115,-5.2198,-5.3768,-5.2085,-5.1712,-5.8850,-6.2852,-6.7555,-6.7391,-5.8651,-4.6913,-2.6349,-3.3819,-3.6162,-3.5511,-2.6080,-3.7902
-1.4897,-1.6178,-1.5365,-1.3882,-1.3933,-1.4582,-1.3865,-1.1474,-1.1854,-1.8728,-2.9964,-3.1201,-2.8991,-2.2976,-0.5037,-0.4752,-1.8064,-3.2414,-2.4914,-2.3929,-2.2340,-2.3581,-1.2433,-0.6478,0.1035,-0.1251,-0.0497,0.0981,0.7813,-2.2523,-2.0050,0.0044,1.0725,1.6429,1.0525,-0.6639,-0.9621,-0.5152,-0.2108,-3.6243,-2.3471,-2.5067,-1.9932,-1.7175,-1.9359,-1.4933,-1.7005,-3.5199,-1.8908,-2.0947,-2.1142,-2.7122,-3.6551,-3.6829,-4.3334,-5.1852,-4.6560,-4.9726,-5.0146,-4.5744,-5.4180,-6.5531,-6.9429,-6.5367,-6.7175,-5.1071,-4.7124,-4.7180,-3.8753,-3.3825,-2.0888,-2.9915
-1.3940,-1.5061,-1.3537,-1.2440,-1.2971,-1.3848,-1.2232,-1.0827,-1.2009,-1.9092,-3.1543,-3.3449,-3.1253,-2.1863,-0.1813,-0.3620,-2.6423,-3.5361,-2.6358,-2.5568,-2.2265,-2.2256,-0.7771,-0.5967,0.2455,-0.0292,0.5572,0.9799,1.6008,-2.4027,-2.0985,-0.2404,0.6787,0.9667,0.5622,-0.5279,-0.4259,-0.1904,-0.8482,-3.5979,-2.4089,-3.1922,-2.3764,-1.4000,-1.2156,-2.2307,-4.4175,-3.2331,-2.5273,-2.8576,-3.2604,-3.0690,-2.5843,-5.9915,-4.1503,-4.7215,-4.0174,-3.8439,-5.0245,-4.7171,-3.7397,-6.4426,-6.0798,-4.4674,-5.2982,-6.1076,-4.2906,-3.9908,-3.7706,-3.5444,-2.1793,-2.3151
-1.2661,-1.4798,-1.3642,-1.2008,-1.3019,-1.3752,-1.1607,-1.1938,-1.3276,-2.0455,-3.1397,-3.4660,-3.3684,-2.1077,-0.0147,-0.6438,-3.4909,-3.8200,-2.6032,-2.5858,-1.9888,-1.9417,-0.3456,-0.2397,0.0946,0.3002,0.7178,0.6492,1.6868,-1.2538,-2.3565,-0.5886,0.2807,-0.1693,-0.1667,-0.6211,-0.3497,-0.7205,-1.1433,-2.8359,-2.8059,-3.6221,-2.3586,-1.2836,-1.1519,-2.1565,-1.4327,-2.1470,-2.5179,-2.7898,-3.2096,-2.3727,-2.2465,-5.4465,-4.3071,-4.8234,-4.2062,-3.9379,-4.8589,-5.0532,-3.9615,-4.9213,-6.1134,-4.5772,-5.2045,-6.7377,-4.6459,-3.6006,-3.9246,-4.0991,-3.7386,-4.4506
-1.5902,-1.5926,-1.2239,-1.2070,-1.4916,-1.4455,-1.5572,-1.4840,-1.4309,-1.8604,-3.0565,-3.4849,-3.2595,-1.6359,-0.2717,-1.2244,-3.8513,-3.7505,-2.5646,-2.6058,-1.2857,-1.1761,-0.0940,-0.1646,0.3203,-0.3134,0.5809,-0.1733,-0.2028,-1.4791,-2.1226,-1.2872,0.4992,-0.6728,0.1273,0.1479,0.4891,0.6592,-2.5863,-3.9240,-4.9738,-4.6444,-2.9814,-3.1365,-1.1900,-0.7405,-1.7671,-2.7584,-2.4385,-1.9486,-2.0756,-2.3722,-2.8175,-3.2478,-3.8295,-4.8018,-4.4261,-4.2143,-4.4560,-4.7670,-4.7797,-4.6544,-5.4713,-5.2366,-5.3324,-5.7353,-4.8810,-4.7359,-4.3604,-4.5112,-3.5401,-4.4525
-1.5319,-1.5576,-1.3251,-1.1805,-1.4721,-1.4646,-1.5463,-1.6291,-1.4146,-1.7446,-2.6655,-3.4064,-3.1104,-1.4702,-0.1404,-1.4895,-3.8975,-3.6594,-2.3677,-2.5151,-1.1176,-1.0461,-0.9061,-0.1234,-0.3229,-0.9670,0.2912,-0.1177,0.4672,-1.4570,-1.5777,-1.6806,0.5540,-0.8516,-0.1453,-0.9199,0.1715,0.1310,-4.6332,-5.7092,-5.6466,-6.2568,-3.9878,-0.4766,-0.0325,-1.2453,-2.7356,-2.7708,-1.9778,-2.2438,-3.0220,-3.3159,-3.3556,-3.9082,-4.3109,-4.3838,-3.9540,-3.9652,-4.2026,-4.4419,-4.6607,-4.9976,-5.3430,-6.5545,-5.7851,-5.1983,-4.7226,-5.2197,-4.6470,-4.0475,-3.2509,-3.4194
-1.3697,-1.3811,-1.2036,-0.9763,-1.2871,-1.3669,-1.4520,-1.5425,-1.5000,-1.7187,-2.1853,-2.8955,-2.8416,-1.1026,0.3812,-1.0204,-3.5660,-3.2384,-1.9829,-2.1715,-1.2333,-1.0435,-0.9648,0.2793,0.1485,0.3183,0.2443,1.8750,0.8824,-0.9250,-0.6500,-1.3604,0.5615,-0.7392,-1.9211,-1.1204,-0.5871,-1.0782,-5.1944,-5.5287,-5.2723,-4.3014,-1.7680,-1.4708,-2.1682,-2.9499,-2.7673,-2.5712,-1.9896,-3.6536,-3.1142,-2.5533,-3.5140,-4.0248,-3.3721,-3.6630,-3.6596,-3.6849,-3.8202,-4.2183,-4.6041,-4.7525,-5.0570,-5.7918,-5.7119,-5.1255,-4.6212,-4.4412,-4.0531,-3.5556,-3.4884,-2.5840
-1.3343,-1.3111,-1.0761,-0.9853,-1.2593,-1.3524,-1.4947,-1.5398,-1.4443,-1.8376,-1.9757,-2.5066,-2.4355,-1.0877,0.3048,-0.9678,-3.3057,-3.0495,-1.9599,-2.1001,-1.2336,-0.8730,-0.8494,0.4833,0.7729,0.4212,0.4819,2.1168,0.2779,-1.1977,-1.4340,-1.2416,0.0953,-0.8534,-2.3253,-1.9876,-1.1565,-2.4220,-4.1557,-4.3432,-4.8125,-3.2209,-1.9100,-3.0118,-2.9245,-2.4581,-2.1353,-2.8664,-4.4520,-4.2489,-2.7944,-2.3748,-3.1840,-3.4616,-3.0700,-3.4155,-3.7371,-3.6193,-3.4463,-4.0940,-4.8207,-4.8063,-5.0789,-4.9954,-5.5233,-4.9054,-3.8082,-3.7414,-3.5982,-3.7619,-4.1860,-2.3081
-1.3850,-1.3102,-0.9786,-0.9313,-1.1691,-1.1991,-1.5534,-1.6771,-1.6457,-1.9032,-2.2486,-2.2283,-2.0891,-0.9464,-0.2827,-0.9493,-2.5707,-2.5120,-2.0598,-2.1590,-1.1566,-0.5318,-0.9377,0.4744,1.8123,1.7239,0.2762,1.4298,1.0950,0.3333,-0.9516,-1.7564,-1.0509,-1.8170,-2.2210,-1.3649,-2.0006,-3.7551,-4.4626,-5.0334,-5.2770,-4.8195,-3.2004,-2.7141,-3.1986,-2.8946,-3.1454,-3.3758,-3.7718,-3.7734,-2.9767,-2.5392,-2.5235,-3.0422,-3.4016,-3.3674,-3.8774,-3.9947,-4.2723,-4.6483,-4.4660,-5.0537,-5.2892,-5.1559,-4.3796,-3.1219,-2.4841,-1.4709,-2.1830,-2.5191,-2.6657,-2.6265
-1.4307,-1.3310,-0.9719,-0.8812,-1.1080,-1.2130,-1.5717,-1.6468,-1.5288,-1.8979,-1.9367,-1.5952,-1.3278,-0.7668,-0.2625,-0.4761,-1.4272,-2.0664,-2.0753,-2.2308,-1.1569,-0.4559,-1.0375,-1.4312,1.3824,1.5185,0.6711,1.4603,1.1644,-0.2554,-2.2609,-1.9682,0.6165,-0.8291,-1.4616,-1.6781,-2.4699,-3.5773,-4.2831,-5.1670,-5.8397,-4.1599,-2.6604,-2.3216,-2.6617,-2.4916,-1.8371,-2.8209,-3.8137,-3.3595,-2.8347,-2.2605,-2.6723,-2.8443,-2.7499,-2.8914,-3.2825,-3.9171,-3.4552,-3.3200,-1.6793,-2.7586,-3.5666,-4.3690,-3.4588,-2.8104,-2.6574,-1.6070,-0.8270,-0.9830,-2.0566,-3.0627
-1.2773,-1.1766,-0.8346,-0.8794,-1.0195,-1.1148,-1.2935,-1.4469,-1.1847,-1.6348,-1.2446,-0.7499,-0.4420,-0.4663,0.3019,0.3088,-0.1172,-1.3705,-1.7763,-1.8984,-1.2165,-0.5512,-1.1317,-1.1315,0.1811,1.0603,0.2950,0.4853,-0.7328,-0.2062,-1.6313,0.1056,0.3487,-0.2256,-0.5328,-1.2625,-1.5902,-2.5848,-3.8313,-5.4585,-5.8386,-4.8536,-3.5266,-2.9605,-2.1863,-2.2265,-2.6214,-3.8959,-3.7842,-3.8446,-3.0757,-3.0324,-2.7736,-3.4491,-3.5276,-3.1794,-3.3808,-2.7700,-2.6512,-2.6493,-1.0082,-0.3788,-2.1594,-5.2218,-3.8205,-2.0419,-2.5322,-2.7653,-2.6390,-2.0869,-1.7093,-1.9297
-1.1840,-1.1120,-0.9143,-0.7906,-0.9754,-1.1157,-1.3965,-1.4066,-1.2166,-1.6109,-1.3001,-0.8445,-0.4710,-0.5013,0.1748,0.0981,0.5393,-1.4187,-1.9816,-1.9134,-1.2275,-0.5890,-0.8901,-1.1381,-0.4544,0.8509,-0.4117,-0.3438,-2.2548,-2.0361,-1.9730,-0.0376,-0.6135,-1.2146,0.3048,-0.8659,-1.0888,-2.2234,-4.0525,-5.3050,-5.9483,-5.2590,-4.4302,-4.2525,-3.4389,-3.1818,-3.7383,-4.3268,-3.8666,-4.4115,-3.8171,-3.3988,-2.9897,-3.9680,-3.8386,-3.1154,-3.2968,-2.9608,-2.3654,-0.7451,0.0828,0.5571,-0.9336,-4.9123,-4.6605,-2.5042,-1.2651,-1.3734,-2.7936,-3.0012,-2.1061,-1.0179
-1.1194,-1.0593,-0.7444,-0.7500,-1.1074,-1.2475,-1.6004,-1.5133,-1.4441,-1.5627,-1.8754,-1.2489,-0.7902,-0.5782,-0.5119,-0.2660,0.9727,-1.1320,-1.7182,-1.6058,-1.2498,-0.5325,-0.3147,-0.6360,-0.6705,0.3803,-0.0233,-0.0902,-0.5139,0.6224,-0.4983,-0.4271,-1.2047,-3.1992,-2.0079,-2.3673,-4.1625,-3.7217,-2.8935,-4.3701,-5.4845,-5.3765,-4.6052,-4.7409,-4.2217,-4.1938,-3.9175,-4.7193,-5.5136,-4.8126,-4.1063,-3.2373,-3.2867,-4.0083,-3.1576,-3.8675,-4.1128,-4.0654,-2.7555,-0.3976,0.7093,0.4336,-0.5475,-2.7509,-4.6788,-2.8795,-0.1483,-0.0571,-1.7058,-4.1743,-4.1681,-2.2949
-1.1136,-1.0572,-0.8161,-0.8160,-1.2401,-1.3062,-1.6572,-1.5946,-1.4338,-1.5693,-1.8803,-1.3264,-0.7915,-0.5824,-0.7280,-0.4900,0.8964,-1.4317,-1.7320,-1.6136,-1.2178,-0.3613,-0.0929,-0.6542,-1.0890,-0.0573,-0.6020,-0.3436,0.7073,0.5298,0.2906,0.2755,-1.5092,-3.2411,-2.7112,-1.4824,-2.5637,-3.3500,-2.6950,-3.6933,-4.1608,-4.8460,-4.6377,-5.1238,-5.2533,-5.3211,-4.9973,-4.8792,-5.5471,-5.3064,-4.3607,-3.9006,-3.4509,-4.1096,-4.6580,-4.7203,-4.2288,-2.3806,-0.5453,-0.8971,-1.3791,0.0084,0.9199,-0.3735,-1.8628,-0.5669,0.5224,-0.1833,-0.8977,-3.8639,-4.1086,-3.5045
-1.0219,-1.0727,-0.7638,-0.7789,-1.2181,-1.4245,-1.4991,-1.4979,-1.4637,-1.5212,-1.5343,-1.2791,-0.7504,-0.5092,-0.5022,-0.3817,0.6788,-1.5755,-1.5455,-1.3573,-1.4521,-0.1589,0.0028,-0.9091,-1.3550,-0.6740,-0.0104,-1.3055,0.5608,0.3981,-0.2002,0.9587,0.1515,-2.2915,-1.6386,0.2983,0.3737,-0.6951,-1.8270,-3.1895,-4.6278,-5.3954,-4.2820,-5.3522,-4.6607,-4.9817,-4.8645,-5.2712,-5.1733,-5.3845,-5.4436,-3.7379,-3.8117,-4.9358,-5.5537,-5.2504,-4.5284,-2.8619,-0.9098,-1.5275,-2.6162,-1.0436,0.7163,-0.0868,-0.0950,-0.0562,-0.4614,-1.4277,-1.5837,-2.0581,-3.4096,-4.1716
-1.1760,-0.9705,-0.9114,-0.8147,-1.2152,-1.4745,-1.5451,-1.4752,-1.5586,-1.4262,-1.6827,-1.4440,-0.8628,-0.5539,-0.9193,-0.8250,0.3401,-1.8175,-1.7808,-1.5121,-1.4897,-0.0571,-0.3394,-0.3061,-1.0612,-1.1491,-0.3543,-1.8219,-0.3231,-0.2428,0.2647,0.4468,0.7223,0.4732,-0.4350,-1.1172,-0.8208,1.7151,1.1672,0.0001,-2.2183,-2.7277,-1.4130,-3.1974,-4.9436,-5.4559,-5.2042,-4.7678,-4.8065,-5.7024,-5.2817,-4.1671,-4.5039,-4.8100,-4.5136,-4.1627,-3.8677,-3.4438,-2.1249,-2.1851,-2.4246,-1.7819,-1.2489,-0.9397,-1.0715,-1.4574,-1.9303,-2.3216,-2.3749,-1.4895,-2.1443,-3.6256
-1.0527,-1.1879,-0.8176,-0.7010,-1.2309,-1.5200,-1.6499,-1.7522,-1.6625,-1.5715,-2.0191,-1.8750,-1.1570,-0.7098,-1.6798,-1.4247,0.0568,-2.0272,-1.9943,-1.6338,-1.1283,-0.6860,-0.4459,-0.4296,-0.8091,-1.8833,-1.6128,-1.5717,-0.4040,-0.0621,0.6035,1.1040,-0.7082,0.0539,-0.6349,-2.4290,-0.0312,1.2821,1.2262,0.4595,-0.2414,-2.0609,-2.3079,-1.8271,-4.3147,-5.7505,-4.7132,-4.3507,-5.0958,-5.3252,-3.8369,-4.9764,-5.6459,-3.4510,-3.3797,-3.3430,-3.3675,-3.1811,-2.9731,-2.8836,-1.9084,-0.7363,-1.2578,-1.3483,-1.7710,-2.7768,-2.6890,-2.9066,-3.1800,-1.7913,-1.1833,-2.6807
-0.9778,-1.4028,-1.0879,-0.7930,-1.2779,-1.4656,-1.6966,-1.6572,-1.7222,-1.6000,-2.0619,-1.8551,-1.1493,-1.0524,-1.7007,-1.5245,-0.0775,-2.3297,-2.4163,-1.9664,-1.3907,-1.0242,-1.0460,-0.3765,-0.4647,-1.4103,-0.8222,-1.2167,0.1124,-0.5188,0.1803,0.0847,-3.5383,-3.4581,-1.6133,-3.8259,-2.8594,-1.2355,-0.3312,-0.0722,-0.9300,-2.5036,-3.2910,-2.4582,-3.2203,-5.3480,-5.3319,-5.6105,-6.1071,-2.6202,-0.8080,-4.0794,-4.1622,-2.4847,-1.6178,-1.8794,-1.8453,-1.8289,-2.9844,-2.4496,-1.4130,-0.2861,-1.1842,-1.3917,-2.0968,-3.6029,-2.4894,-4.0149,-3.8356,-1.3102,-0.4998,-2.1261
-1.0554,-1.4057,-1.3558,-1.1233,-1.2888,-1.5842,-1.6133,-1.6183,-1.6414,-1.6769,-1.6989,-1.5137,-1.0517,-1.1665,-1.3550,-1.0617,0.1253,-2.7741,-2.5854,-1.9665,-1.4091,-0.9724,-1.4996,-1.0328,0.5870,-0.6894,-0.9794,-0.9732,0.0752,-1.1831,0.0817,0.8868,-1.9047,-3.9518,-2.2489,-3.3052,-3.5409,-3.0595,-1.4678,-1.2764,-2.5109,-3.6233,-2.9784,-3.0395,-3.6157,-4.2816,-6.9548,-7.1795,-3.5118,0.5554,1.3600,-1.8293,-2.9932,-2.6006,-1.4336,-1.6051,-1.8993,-2.0659,-2.6544,-2.4152,-1.3380,-0.6924,-0.5995,-1.1034,-1.7299,-2.5293,-3.1334,-4.2223,-3.7471,-1.8571,-1.1909,-2.4357
-1.0754,-1.4604,-1.4637,-1.1184,-1.3064,-1.5083,-1.5940,-1.4359,-1.5804,-1.7128,-1.7090,-1.5935,-0.9945,-1.3016,-1.5244,-1.2335,-0.1948,-3.5497,-3.2295,-2.3310,-1.5656,-1.0643,-1.5204,-1.1485,-0.8254,-0.2989,-0.8734,-0.9091,0.3729,-1.5901,-1.4256,2.2379,2.3395,-1.4160,-2.7701,-3.0585,-3.6313,-5.1103,-1.8291,-2.7515,-2.9305,-3.6802,-2.4529,-2.0591,-2.9278,-2.7980,-4.0222,-3.7963,-2.2467,0.2489,1.7696,0.1144,-2.7439,-2.1287,-0.6512,-1.2996,-1.8738,-1.8003,-1.9708,-2.4741,-1.9693,-1.4816,-2.2392,-2.3573,-2.6262,-3.5821,-3.1141,-4.1638,-3.9664,-3.5331,-3.6800,-3.1061
-1.2448,-1.5275,-1.4176,-1.1764,-1.4390,-1.5389,-1.6329,-1.5453,-1.5972,-1.6946,-1.7327,-1.3842,-0.9769,-1.4533,-1.8069,-1.2713,-0.1357,-3.2964,-3.0240,-2.1353,-1.0349,-0.4998,-1.0840,-0.6232,-0.6834,0.0021,-0.9221,-0.7706,0.9317,0.6540,-0.3762,0.9007,1.1730,-1.0797,-1.5149,-2.0248,-2.0279,-3.8449,-1.7650,-2.3999,-3.4037,-4.0113,-3.0957,-3.0765,-3.5866,0.4899,1.0631,-0.6023,-0.3329,0.7726,1.7984,1.5324,-1.0685,-3.2329,-2.2843,-1.1807,-0.7266,-1.0046,-1.5766,-2.0339,-1.8191,-1.7601,-2.5813,-3.2237,-2.8594,-2.3904,-2.9477,-3.5396,-4.9408,-4.4820,-3.8533,-3.8332
-1.2228,-1.5392,-1.5140,-1.2407,-1.4268,-1.5659,-1.5929,-1.6810,-1.5604,-1.5973,-1.6929,-1.2637,-0.9631,-1.4856,-1.8264,-1.0943,-0.3645,-3.0954,-2.8389,-2.0530,-1.1149,-0.5050,-1.0923,-0.2506,-0.7263,-0.5204,-1.1726,-0.5865,0.8005,0.7700,1.0085,1.9524,1.2057,-0.8792,-0.2726,-0.3078,-0.5269,-1.0902,-1.0548,-2.0361,-3.4627,-4.0738,-2.9607,-2.4316,-0.2815,1.7145,2.1965,1.6841,1.2111,0.6140,0.5820,-0.3207,-1.9751,-3.7202,-4.2972,-1.9510,0.4175,-0.7138,-0.8508,-0.2739,-0.2356,-1.9621,-2.2510,-2.3151,-1.8871,-1.4682,-2.2636,-2.0495,-2.7172,-3.1101,-2.7847,-1.8783
-1.2911,-1.5263,-1.5058,-1.2260,-1.4093,-1.5181,-1.5072,-1.5048,-1.2959,-1.4676,-1.4054,-0.8611,-0.7252,-1.3621,-1.0511,-0.1283,-0.2659,-2.3167,-2.3662,-1.6273,-0.9972,-0.5609,-0.6715,0.2016,-0.4195,-0.2464,-0.7001,-0.3987,0.8797,0.9969,0.8361,1.2228,0.8540,-0.1944,-0.8144,-0.7551,-0.9979,0.4873,-0.2842,-2.6345,-3.8177,-1.4898,0.8132,0.9791,1.1996,0.5557,1.3335,1.1809,0.7002,0.2797,-0.9932,-0.6564,-2.9581,-4.2679,-4.0029,-2.6181,-0.2463,-0.2206,0.4139,0.4266,-1.3765,-2.4120,-1.6550,-2.0875,-3.0830,-2.3094,-1.5481,-1.7801,-2.2364,-2.2439,-2.6589,-2.4563
-1.2354,-1.5154,-1.5402,-1.2680,-1.4465,-1.4714,-1.5103,-1.4674,-1.4299,-1.4607,-1.3758,-0.7784,-0.7768,-1.4396,-1.0620,0.0844,-0.7673,-2.2095,-2.2861,-1.5559,-0.9444,-0.5445,-0.3845,0.3737,-0.3695,-1.1503,-0.4503,-0.2556,1.8919,1.6050,1.3756,0.2237,-0.2305,-0.1473,-0.6222,-1.2352,-1.3558,1.6058,0.6806,-1.5849,-2.9641,-1.2417,-0.0673,-0.2306,0.1313,0.1493,1.3300,0.2757,-0.0526,-0.7734,-1.5939,-0.2163,-0.3562,-0.6354,-2.7304,-2.6128,-0.1667,-0.3302,0.2125,-1.1772,-2.7798,-2.5848,-1.2549,-1.8038,-5.6417,-3.5818,-1.4247,-1.6607,-1.8636,-2.2041,-2.5754,-2.5524
-1.2551,-1.5768,-1.5391,-1.3446,-1.5355,-1.4282,-1.5121,-1.5158,-1.3612,-1.4337,-1.3044,-0.7251,-0.9488,-1.5557,-1.3809,-0.1784,-1.4805,-2.2547,-2.2383,-1.5508,-0.9400,-0.4256,0.4505,0.7434,-0.0346,-1.0119,-0.2470,-0.0415,1.9400,1.4103,-0.4540,0.0200,-0.0150,-0.8263,-1.0513,-1.5092,-0.9992,1.1121,1.3314,-0.6839,-2.5114,-1.5783,-1.8053,-1.7692,-3.0948,-2.4425,-1.2337,-1.5727,-0.6443,-1.1435,-0.6921,-0.5196,0.1298,-0.0174,-2.4709,-2.9320,-0.5369,-1.3328,-1.1574,-2.6792,-2.3101,-0.9839,-0.1213,-1.3619,-5.9081,-4.1810,-1.9907,-1.6552,-3.1815,-3.3899,-3.6069,-3.1730
-1.2479,-1.5838,-1.6425,-1.4453,-1.6103,-1.6260,-1.5634,-1.5313,-1.4033,-1.4618,-1.2427,-0.7228,-1.0608,-1.3530,-1.1898,-0.1006,-2.4677,-2.3374,-2.1899,-1.5982,-0.9576,-0.2418,0.8969,0.6903,-0.0264,-1.2788,-0.4561,0.0911,2.0937,0.5339,-1.0255,-1.4564,-1.6340,-1.2377,-1.7029,-2.0372,-1.2264,0.1200,0.1917,-0.0671,-1.4298,-1.3291,-2.3707,-3.0583,-3.6172,-3.3292,-1.8929,-2.4381,-1.8794,-0.9207,0.1821,-1.0571,-1.2107,-1.2826,-1.7441,-2.0788,-0.0516,-0.3828,-1.3036,-1.8246,-1.5137,-0.3424,-0.2787,-1.2359,-4.0539,-4.8409,-4.2643,-1.8647,-4.3335,-5.0207,-3.8206,-3.3135
-1.2597,-1.6350,-1.7102,-1.5935,-1.6333,-1.4800,-1.5276,-1.5327,-1.4136,-1.6498,-1.1288,-0.8349,-1.0633,-1.2282,-0.5519,-0.2888,-2.5916,-2.1605,-1.8331,-1.4324,-0.9493,0.2054,1.1785,0.7475,-0.7186,-1.5745,-2.0691,0.4158,1.5895,1.3438,-0.1774,0.4072,-1.2430,-1.1899,-1.0183,-0.5503,0.0271,0.5612,-0.0698,-1.2768,-2.4641,-3.5213,-3.5019,-3.5387,-3.6517,-3.3689,-2.6941,-2.5286,-2.3829,-2.5354,-0.1325,-1.6327,-1.1166,0.9648,1.1962,-0.6587,-0.8681,0.7346,0.0182,-1.2550,-1.4487,-0.8389,-1.3697,-1.1875,-0.8544,-3.5162,-4.1900,-2.5010,-3.7637,-4.8303,-3.5084,-3.0784
-1.2084,-1.6523,-1.7981,-1.6891,-1.6721,-1.4956,-1.5805,-1.5411,-1.5114,-1.5622,-0.9963,-0.9149,-1.0911,-1.1309,-0.1289,-0.8499,-2.4862,-2.2628,-1.3903,-1.2421,-0.7598,0.8690,1.1879,0.5632,-1.2426,-1.7211,-1.5096,0.2464,1.6518,2.1460,-0.2601,-0.6491,-0.4612,-1.2386,-1.1671,-0.9035,0.4665,-0.6965,-0.7026,0.2694,-4.0337,-3.8128,-3.4537,-2.2082,-3.7740,-4.1549,-0.7675,-1.5118,-1.7166,-1.7080,-0.2510,-1.8476,0.1148,0.7873,0.8648,-0.1478,-0.4404,0.0426,-0.1920,-0.3648,-0.7185,-1.0802,-1.7196,-1.4945,-0.9460,-1.3505,-3.9020,-3.8343,-3.5250,-2.7220,-2.6284,-2.9755
-1.2297,-1.5844,-1.5864,-1.5229,-1.8060,-1.5860,-1.6729,-1.6672,-1.4249,-1.4448,-1.0186,-0.9489,-1.2241,-1.2141,-0.1814,-1.7613,-2.5398,-2.4478,-1.2105,-1.2534,-0.1419,1.2898,0.9231,-0.3663,-1.1009,-1.2711,-1.7520,-0.4859,2.3225,0.3499,-2.3910,-0.0119,-0.6483,-1.2746,-1.4134,-2.7131,-1.2848,0.2978,-1.2388,-0.4383,-2.1146,-3.5585,-1.8435,-2.8065,-7.2252,-6.4799,-4.1422,-4.0028,-1.3478,-0.8197,-1.1188,-1.0107,1.0645,0.7521,0.7051,0.5227,-0.2541,-1.8161,-2.4432,-1.9081,-1.4440,-1.4220,-1.2746,-1.6473,-2.1708,-2.0750,-2.5544,-3.0947,-3.2267,-2.8861,-3.1723,-2.8767
-1.1722,-1.5263,-1.4969,-1.4286,-1.7389,-1.5549,-1.6040,-1.5620,-1.3342,-1.3307,-0.9662,-0.9654,-1.2101,-1.0895,0.0536,-2.1339,-2.3792,-2.4475,-1.1335,-1.2446,0.4634,1.2585,0.4944,-0.8030,-1.1282,-1.1942,-0.5204,-1.6681,-1.1408,-1.1376,-2.6635,-2.6307,-1.1302,-0.7813,-1.8467,-3.9008,-0.1412,1.2461,-0.1496,0.0703,-0.0174,-3.3166,-1.0002,-0.8521,-5.2901,-6.3793,-2.7576,-3.3593,-0.9035,-0.8073,-0.4665,0.2994,-0.2503,0.5154,0.1674,0.1343,-0.2760,-1.8581,-2.5281,-2.5851,-2.3886,-2.1932,-1.3519,-1.3485,-1.9921,-1.7109,-2.1423,-2.5772,-3.3347,-3.9413,-4.0204,-3.7063
-1.0895,-1.3327,-1.3102,-1.2103,-1.4453,-1.3218,-1.3859,-1.3373,-1.3004,-1.2380,-0.9366,-0.9744,-0.9782,-0.7828,0.4003,-2.4504,-2.1160,-2.2975,-1.1534,-0.7549,0.8425,0.8709,-0.2704,-1.2095,-1.2806,-1.2689,-0.0345,-1.8809,-3.3263,-1.8759,-2.1321,-2.4922,-0.6977,-0.4877,-2.0432,-3.7590,-1.6541,0.4415,-1.2074,-0.8443,-1.3961,-2.6322,-4.5069,-2.5534,-6.3982,-5.8608,-6.0573,-4.1557,-3.2413,-3.1557,-1.2137,-1.0151,-1.3557,-0.0247,-0.5469,-0.3368,-0.0239,-0.2569,-1.4525,-2.3786,-2.5199,-2.5219,-1.7672,-1.5050,-1.5159,-1.6890,-2.5465,-2.5300,-3.1416,-3.0851,-4.9913,-4.1531
-1.1080,-1.3788,-1.3307,-1.2211,-1.4092,-1.2440,-1.3242,-1.2949,-1.3272,-1.0981,-0.8129,-0.8979,-0.8686,-0.4974,0.1499,-2.7657,-2.2027,-2.4638,-1.2494,-0.0636,0.5428,0.0561,-1.1897,-1.2937,-1.2930,-1.3384,-0.2672,-2.4013,-2.9491,-2.5387,-2.4827,-3.2995,-1.4664,-1.1216,-2.0141,-3.0695,-1.9494,-0.7053,-2.6245,-2.6565,0.1656,0.0156,-4.3711,-3.9709,-4.7002,-6.0571,-4.1560,-3.6491,-2.4851,-3.3280,-2.2066,-2.1009,-2.5306,-1.9012,-1.5568,-1.4935,-1.1381,-0.6337,-1.8498,-2.6264,-2.7491,-2.9856,-1.7525,-2.8333,0.1924,-1.0599,-2.5023,-2.7146,-4.7579,-4.0023,-3.5923,-4.5270
