1.1781,1.5134,1.3089,1.2257,0.8332,1.1038,1.0623,1.1635,1.1252,1.6711,1.5553,1.0195,0.5720,0.9390,1.0864,1.1765,0.2844,0.1617,0.0905,0.2364,-0.1311,-1.8346,-2.3260,-1.7076,-0.8047,-0.2512,-0.1689,-0.0294,0.7083,0.3492,0.3054,0.6986,1.4068,2.5822,2.6334,-0.8753,-3.2618,-4.6547,-3.5531,-2.6258,-2.8206,-2.4595,-3.2135,-2.3388,-1.9547,-1.1257,-1.7133,-3.3410,-4.2660,-3.1911,-2.8946,-4.2563,-4.0887,-3.7441,-3.9612,-4.2723,-3.3740,-1.5742,-0.6684,-1.7597,-3.0713,-1.5410,-0.0414,0.5843,0.1621,0.3758,0.8644,1.2418,2.5416,2.0686,0.8430,0.9625
1.2943,1.8583,1.6682,1.1528,0.9217,1.0984,0.9805,0.8036,1.3015,1.9147,1.6854,0.9556,0.4674,1.1671,1.1628,1.1101,0.1306,0.0797,-0.1318,-0.1980,-0.0202,-1.3777,-1.7780,-1.3097,-0.2529,0.1337,0.0751,0.0606,0.8503,0.5977,0.5488,0.5155,1.6704,2.5011,0.9108,-4.5613,-5.0030,-3.5521,-1.9822,-1.5170,-3.0865,-1.8363,-2.4177,-2.0149,-0.2491,-0.7379,-1.0832,-0.6451,-1.2504,-0.9482,-2.0641,-4.1895,-3.8056,-3.9553,-3.9257,-4.0413,-2.9559,-0.9705,-1.2238,-2.3043,-3.7080,-1.4613,0.1757,0.4555,-0.6652,0.3840,0.6875,0.7319,1.8108,1.9117,1.6354,1.6110
0.8362,1.5558,1.6709,1.4097,1.0048,1.0233,0.7785,0.5163,1.0046,1.4995,1.3614,0.8724,0.3379,0.8447,0.9688,0.7790,-0.4430,-0.0528,0.1341,0.0689,-0.0916,-0.9729,-0.8298,-0.6097,-0.2981,0.1007,0.3978,0.6599,1.0836,0.2440,1.0679,1.6122,1.7670,1.3072,-0.2784,-4.1040,-3.6364,-2.5275,-1.5353,-1.1520,-2.3546,-2.1844,-1.8229,-0.7737,-1.1572,-0.6292,-1.9063,-0.9175,-0.3143,-1.5439,-2.7783,-3.8459,-3.0486,-3.2169,-2.7028,-2.6096,-1.1533,-0.1705,-0.1783,-1.3299,-1.9349,0.5864,2.2076,1.8869,0.2558,0.6027,0.9033,0.3149,1.9097,1.7431,2.2093,2.3261
1.0669,1.2162,1.4637,1.7761,1.4604,1.0552,0.6673,0.3155,0.8706,1.2449,0.9745,0.8466,0.5742,0.8813,0.7598,0.1858,-0.5625,0.0118,0.4540,0.6195,0.3031,-0.1611,-0.1323,-0.0479,-0.2526,0.2744,0.4919,1.0393,1.6838,0.6373,1.2339,1.6603,2.9608,1.2781,0.2679,-4.9547,-4.0759,-2.6354,-2.0141,-0.8606,-3.3344,-2.9028,-2.9662,-0.9103,-2.6955,-1.8444,-2.1054,-2.1248,-1.2519,-1.1632,-2.1733,-3.1354,-1.9186,-2.8537,-2.0448,-0.6903,0.5841,0.8362,1.1616,1.8955,1.3025,2.7713,3.9802,2.7991,0.6891,1.8787,1.3021,0.9121,2.2106,2.0275,2.4415,3.5337
1.1214,1.3942,1.2517,1.4278,1.5025,1.4463,0.9116,0.9601,0.4795,0.6686,-0.0677,0.1399,0.4366,0.5360,0.4674,0.4494,-0.5439,-0.0495,0.2786,0.6168,0.4745,0.4087,0.4166,0.2433,-0.3380,-0.2893,0.0804,0.6279,1.1944,1.2955,1.6929,2.1232,4.4341,2.3256,-2.2570,-4.6282,-3.1520,-2.0612,-1.6756,-0.7558,-1.5113,-1.0848,-1.7869,-1.4569,-2.1062,-1.7851,-3.1365,-3.2205,-0.6085,-0.5867,-1.3543,-3.0209,-3.5580,-2.9996,-2.0898,2.0442,1.1629,0.7430,-0.3066,2.0883,2.1931,1.5721,2.2304,1.7560,1.4860,2.1791,1.5654,0.7914,0.5818,0.9981,1.5205,2.3890
1.2574,1.7262,1.6369,1.2784,1.5224,1.6645,1.2030,0.7912,0.4104,0.6693,-0.1375,-0.3042,-0.0860,0.4365,0.4186,0.3934,-0.3840,-0.0108,0.1643,0.4032,0.5285,0.8238,1.0580,0.4831,-0.4996,-0.2984,-0.0092,0.4797,0.4231,0.9547,1.5392,1.3792,2.6674,-3.2692,-5.5510,-3.5354,-2.3545,-0.2932,-0.6197,-0.2678,-0.9593,-1.7742,-1.8014,-1.0880,-1.9654,-2.2431,-4.3534,-3.7672,-2.6904,-2.3622,-1.6805,-2.8413,-2.9812,-2.8351,-2.0588,0.5750,0.6261,0.3593,1.2802,2.5774,0.8285,1.1577,2.5799,2.8348,2.3503,3.4464,2.4877,1.4577,0.1800,1.4806,2.2828,0.9857
0.8559,1.5361,1.5663,1.4925,1.2798,1.6374,1.2302,0.8507,-0.1168,0.2971,-0.4173,-0.6399,-0.6742,0.1099,0.4381,0.5314,-0.2382,-0.0266,0.6496,0.8012,0.5252,0.8439,1.2788,0.6657,-0.7437,-0.8061,-0.0875,0.3376,-0.0539,0.1517,1.3698,0.6162,0.9489,-4.3285,-4.2742,-2.0245,-0.7796,1.2384,1.6007,1.0670,-0.3799,-1.3759,-0.5871,0.2652,-1.2231,-2.2757,-4.6862,-5.1910,-3.4249,-4.4533,-2.1706,-0.9239,-2.3746,-2.4808,-1.8682,-0.2642,-0.2474,0.1364,1.2785,1.3269,0.9892,0.4184,2.4279,1.8578,2.2251,3.2405,2.3480,1.2349,0.7551,1.4074,2.9131,1.4605
0.9392,1.4760,2.0006,1.9559,1.6289,1.3731,1.2122,0.8584,0.1403,0.2952,-0.1892,-0.4436,-0.5018,0.0145,0.4113,0.4326,0.2663,0.8007,1.3182,1.4768,1.0725,1.0440,0.9591,0.1015,-0.6030,-0.5254,-0.2073,0.2186,0.5540,0.4093,0.9940,-4.1767,-3.1469,-4.3612,-3.4034,-1.4683,-0.1343,1.3638,2.3082,1.4902,-0.4179,-0.6307,-1.1253,-0.5896,-0.8947,-2.0798,-5.8595,-8.4842,-4.6364,-3.3614,-2.0446,-0.8142,-3.3938,-4.0869,-2.8666,-1.3286,-0.7275,-0.1503,0.9124,1.0582,0.4879,0.5519,0.2928,-1.1845,-0.0954,1.5683,1.6149,0.7409,1.0553,1.2990,2.3363,1.6811
1.7824,1.9381,2.5126,2.6189,1.5023,1.5544,1.4149,1.3205,0.3998,0.3009,-0.2240,-0.2141,-0.2072,0.2729,0.5005,0.9386,0.8110,1.2373,1.7955,2.2107,1.2439,1.3010,0.8439,0.5273,-0.9544,-0.5806,-0.4033,-0.0800,0.9233,0.9560,1.3970,-1.8818,-1.4255,-4.3472,-4.8617,-3.7301,-0.6756,-0.0037,-0.6224,0.4789,-1.3141,-2.5641,-4.2241,-3.1692,-2.4552,-4.7984,-6.3123,-6.3512,-4.5162,-2.1572,0.0910,-0.0763,-4.8194,-5.6393,-4.8384,0.0409,-2.0777,-1.9648,-0.6561,-0.0321,-0.0894,-0.4312,-3.0254,-3.9772,-2.0859,-0.3840,0.6287,1.1054,0.9171,1.5015,1.8564,1.8040
2.0798,2.4897,2.4658,2.0034,1.5017,1.9357,1.9100,1.3678,0.5793,0.5048,-0.3394,-0.4359,-0.0746,0.5694,0.7636,0.9297,1.2672,1.7509,1.9210,2.0305,1.4361,1.6319,0.9125,0.2448,-1.1365,-0.8684,-0.4774,-0.3378,0.2537,1.1307,-0.2780,-5.3330,-2.6633,-3.9477,-3.8066,-2.8511,-0.4252,0.8992,-0.7015,0.4565,-1.7010,-3.6147,-4.5961,-3.5007,-1.5535,-3.3381,-7.0126,-5.7049,-4.1659,-3.0446,-2.2511,-2.8779,-3.6677,-3.7631,-2.2041,1.8688,-1.5309,-1.5060,-1.3063,-1.3488,0.2135,0.0655,-3.0981,-3.4728,-2.7590,-0.8925,-0.1572,1.0210,1.1618,1.6413,1.9478,1.3324
1.3467,2.0517,1.8687,1.4804,0.9078,1.6005,1.6985,1.1462,0.3267,0.2354,-0.4922,-0.2082,-0.1104,0.5626,1.1533,1.3178,1.2710,1.6761,1.9077,2.1970,1.2045,1.3979,0.7691,0.2901,-1.1668,-0.6356,-0.3310,-0.0472,-0.1749,1.1057,-1.4030,-3.3839,-1.8514,-2.9731,-3.4591,-2.6384,-0.4827,1.9911,1.5997,1.0360,-1.6787,-3.8990,-4.0213,-3.2171,-0.9013,-3.6975,-4.5906,-3.9065,-2.6546,-3.3610,-3.3555,-2.9297,-4.6038,-4.1493,1.6661,3.4302,-0.0045,-0.1529,-2.0068,-3.0807,0.3996,-0.0092,-1.3223,-0.9873,-0.6397,-0.7253,-0.1995,0.8203,0.7837,1.2266,2.0261,2.1813
0.4629,0.9909,1.2733,1.6066,0.8136,1.0507,1.4171,0.7985,-0.0227,-0.0899,-0.3548,0.3667,0.4340,0.9505,1.4715,1.5020,1.3368,1.6414,1.9198,2.3280,1.2813,1.2595,0.6775,0.2192,-0.9850,-0.3832,-0.0189,0.3666,1.4266,0.7074,-5.2424,-2.5115,-1.3634,-2.3285,-2.4689,-2.3978,-0.9820,1.4821,1.7951,1.0307,-2.8154,-4.5158,-3.7982,-3.5901,-2.3482,-3.4977,-4.0334,-4.5847,-2.9819,-2.5351,-1.3332,-2.8780,-4.5904,-4.1299,-0.4632,2.9703,-0.6990,0.0331,-1.3742,-2.2526,-0.2303,0.2206,0.0818,0.9693,0.6498,0.7072,-0.0545,0.4148,0.7362,1.4947,2.0994,2.6337
-0.5825,-0.3431,-0.2986,0.6580,0.0818,0.3448,-0.2864,-0.2810,-0.7194,-0.1999,0.1613,0.5451,0.4864,1.0133,1.1765,1.3767,1.2927,1.6662,1.6251,1.8941,1.1757,0.8917,0.0802,0.0358,-0.6575,-0.1527,0.0899,0.5246,2.6861,-3.7689,-7.3890,-4.7118,-3.3171,-3.3918,-3.2259,-1.7398,-0.5501,0.3195,0.4186,-0.3099,-2.8057,-3.6262,-3.4581,-1.8764,-1.6918,-4.0759,-2.9426,-3.9834,-1.6227,-1.4883,-1.4900,-2.9351,-3.1981,-2.4038,-2.2102,1.6703,-0.3621,1.0409,0.2419,-0.6438,0.5201,0.2570,0.6448,1.6472,1.3180,0.6945,-0.5965,0.0589,-0.1869,1.5317,2.6211,3.6236
-1.5559,-1.2958,-1.1048,-0.4820,-0.7272,-0.4096,-1.5402,-1.2019,-1.0141,-0.0217,0.7179,0.6982,0.7067,1.4769,1.6392,1.3261,1.6505,2.0376,1.5760,1.4710,0.7140,0.6766,0.1709,0.1953,-0.1548,0.3455,0.3918,0.4696,1.7377,-3.6663,-3.6595,-2.8321,-2.8329,-3.4343,-4.2471,-2.9081,-0.8645,-0.1415,-0.1551,-1.2851,-3.0244,-3.9327,-3.9250,-2.3549,-1.3320,-1.1447,-0.6623,-0.1271,-1.0493,-1.2582,-0.5151,-1.3425,-0.7249,-2.2965,-2.9219,-0.1977,-0.6971,-0.2750,-0.1202,-0.9480,-0.9656,-0.0169,0.4368,1.2979,-0.0302,0.6139,-0.0073,0.0950,-0.1427,2.2303,2.8915,3.0521
-2.1411,-1.9604,-1.6097,-1.9164,-2.1349,-1.5738,-2.9211,-1.8016,-1.4711,0.1435,1.0203,0.9809,0.8727,1.5894,1.6500,1.5798,1.9590,2.3241,1.7857,1.0958,0.1427,0.2274,0.2142,0.5841,0.2526,0.4940,0.4547,0.5472,-0.8611,-1.3358,-2.2280,-1.5154,-1.3728,-4.3886,-5.3551,-3.2157,-1.0440,-1.0505,-1.2946,-2.5828,-3.4813,-4.1768,-2.9689,-1.8480,-0.0612,0.4335,3.1436,3.1275,2.4929,0.0359,0.7602,-2.3640,-1.7332,-3.5821,-3.7103,0.8131,-1.2132,-0.6546,-0.6557,-1.7353,0.1281,0.6912,0.9594,0.8353,-0.4064,0.0149,-0.2383,-0.3641,-0.1546,2.2950,3.6730,3.2083
-2.0532,-2.0451,-1.2166,-1.9807,-2.3283,-2.5111,-3.0049,-1.8012,-1.1917,0.2208,1.2944,1.2853,1.5085,1.7117,1.7974,1.7116,2.3962,2.4690,1.7097,0.9750,0.3140,0.2509,0.3845,0.5585,0.6233,0.8546,0.6286,0.5915,-0.7032,-0.5611,-0.0282,-0.7042,-1.0073,-4.2478,-4.2526,-2.2604,-1.1486,-1.1543,-2.0636,-3.4036,-3.8467,-4.2164,-3.4685,-2.3777,0.2091,2.1299,3.6882,2.1449,2.4612,-0.4928,-0.0255,-2.5389,-3.9658,-4.4316,-2.7642,1.3704,-1.3645,-0.9642,-1.6332,-1.6615,0.1489,0.8898,0.8429,0.4614,-0.3534,-0.6034,-0.7557,-1.6210,-1.4927,1.2475,2.7030,2.4580
-2.0832,-2.0641,-1.4179,-2.0747,-2.0159,-2.3429,-2.4192,-1.3630,-0.2935,0.8056,1.1602,1.3715,1.6782,1.9298,2.2729,2.5963,1.9716,2.0196,1.3203,0.7527,0.5619,0.4635,0.7961,0.8447,1.1775,1.0418,0.7317,0.9027,1.1724,0.8283,1.2670,2.6931,-0.3373,-4.0177,-6.3063,-6.5270,-3.8588,-4.2631,-5.8359,-5.9419,-6.0553,-6.2665,-4.7968,-3.9006,-1.9459,-0.2453,0.7746,0.2111,1.4384,-0.3938,-2.0354,-3.0468,-4.9916,-5.3498,1.6493,2.9754,-0.2168,-0.5180,-0.5757,-1.2262,-1.4488,-0.2783,-0.2740,-0.2597,-0.8554,-1.9943,-2.5279,-2.9351,-2.6541,-0.6051,1.7037,2.4564
-1.8388,-1.0093,-0.8412,-1.2713,-1.0804,-1.6774,-0.7224,-0.4460,0.8047,1.4303,1.6154,1.6008,1.8962,2.4363,2.4729,2.6663,2.4124,2.4322,1.3629,0.6413,1.0310,1.0514,0.5495,0.4971,1.2846,0.9795,0.7020,0.6607,1.0362,0.8945,0.9298,1.4674,0.3148,-3.3195,-5.1484,-6.7302,-4.9506,-5.5300,-7.4470,-5.6983,-5.4615,-5.0018,-4.5864,-2.8088,-0.7984,1.0491,0.3058,-0.7510,0.7410,-0.2644,-2.0184,-2.1495,-4.6547,-3.9307,2.3753,1.8394,0.0301,0.4306,-0.4445,-1.2611,-2.3787,-0.8080,-1.2480,-0.8736,-1.2752,-1.6167,-2.9178,-3.0530,-2.7841,-0.5335,1.4223,1.8974
-1.4261,-0.3232,-0.3269,-0.4990,-0.6326,-0.6309,-0.0947,0.2358,0.8173,1.5521,1.8577,2.0801,1.9291,2.4980,2.4965,2.1851,1.4006,2.0615,1.5469,1.4162,1.4061,1.1106,0.5976,0.3447,0.7944,0.9302,0.6183,0.8501,0.9672,1.3849,2.2422,1.9617,0.5680,-2.7744,-4.6676,-6.4054,-6.5282,-7.3549,-6.3915,-4.8857,-4.1370,-4.7241,-3.8848,-1.2182,0.4301,0.9342,0.2795,-1.4657,-0.8351,-1.9426,-2.5914,-1.2032,-3.0255,-3.0395,3.2481,1.7254,0.6518,0.1837,-0.4713,-1.5697,-1.7461,-1.1521,-1.5946,-1.2723,-1.5907,-2.2482,-2.9338,-2.8684,-3.0898,-0.9491,1.9651,1.9199
-0.7207,-0.4293,-0.1173,0.0497,-0.2493,-0.2442,0.0423,0.5022,1.1184,1.6976,2.1456,2.2402,2.4332,2.5028,2.2913,1.4527,0.9333,1.5789,1.9422,2.2044,1.9783,1.1904,0.4640,0.3539,0.5757,0.3945,0.1995,0.4475,1.1184,1.5888,-3.6920,-4.4302,-5.6249,-6.0510,-8.0714,-8.5080,-7.4570,-7.7451,-6.4230,-4.2591,-5.2985,-4.1585,-2.2823,-1.2495,0.5852,1.1631,0.3628,0.0788,-1.2308,-2.3969,-3.0157,-2.0714,-2.9617,-2.0654,2.7229,1.8478,-0.4128,-0.1589,-0.6784,-0.4738,-1.3340,-1.2225,-1.8523,-1.8979,-1.9376,-2.3001,-2.9744,-3.3064,-3.2072,-1.7369,1.2601,1.4421
-0.6729,-0.3363,-0.4417,-0.2334,-0.5426,-0.2365,-0.0856,0.7250,1.3090,1.8039,1.8790,2.2855,2.1388,2.0812,1.7699,1.4926,0.5854,1.5358,2.0926,2.0399,1.7499,0.8043,0.2852,0.1439,-0.3549,-0.0876,0.2991,0.7236,1.8512,1.4176,-2.0790,-4.5902,-3.3165,-3.5804,-4.2606,-3.0131,-4.0305,-4.4439,-2.7344,-3.2850,-4.5116,-4.3618,-3.1977,-1.2845,1.1360,1.3836,0.5044,0.1986,-0.0505,-0.9751,-2.7565,-3.5998,-2.9465,-3.1606,0.2656,1.7782,0.9270,0.5996,-0.8786,-1.2547,-1.4596,-2.8060,-2.3232,-1.8196,-2.3870,-2.5058,-3.0321,-3.3918,-3.3963,-2.2443,0.6339,2.0507
-0.6188,0.0060,-0.1168,-0.3943,-0.5037,0.1114,0.3896,0.7480,1.3125,1.9374,1.8909,2.1177,1.9077,1.7832,1.5010,1.3780,0.4615,2.0551,2.2854,1.9242,1.2142,0.2241,-0.1524,-0.0371,-0.0575,0.1832,0.1113,0.3285,0.5553,2.2984,-0.6308,-0.9765,-1.2363,-1.4103,-0.8033,-1.9914,-2.8204,-1.6982,-1.9596,-2.3644,-4.2214,-3.1518,-2.9093,-0.8216,0.8424,2.0392,0.5253,-1.3558,0.7828,-0.5763,-2.5499,-3.2212,-3.7782,-3.2330,-1.7657,0.5232,0.3047,0.6720,-0.6915,-1.0900,-2.3210,-2.4712,-2.3518,-2.2234,-3.1622,-2.3309,-2.1395,-1.7748,-2.3312,-1.9684,-1.3470,-1.0980
-0.7705,-0.1953,-0.1248,-0.2275,-0.7232,0.0610,0.6100,0.9367,1.0603,1.5176,1.4689,1.2847,0.9806,1.0702,1.3381,1.4721,1.1007,2.5324,2.5128,2.1153,0.8751,-0.2882,-0.3156,-0.1420,-0.3295,0.2936,0.3672,0.2603,1.7159,2.6456,2.0989,3.4607,-0.4956,-0.4016,-0.6212,-0.3869,-0.8807,-0.5789,-0.0869,-0.4083,-2.4216,-3.5500,-2.2053,0.2223,1.7020,1.2776,1.1582,-1.5914,0.4349,-0.0072,-1.4313,-2.6363,-3.4594,-3.7741,-2.6335,-0.9006,-0.3004,0.5125,-0.8326,-1.7398,-2.6739,-2.0779,-2.3802,-2.6198,-2.7770,-2.1982,-1.4484,-1.3743,-1.9159,-1.5728,-1.6877,-1.3636
-0.5864,-0.2620,0.2263,0.2646,-0.3447,0.0582,0.7932,1.2362,1.3314,1.5127,0.9430,0.3539,0.0618,0.5791,1.0070,1.3887,2.3674,3.0292,2.9098,2.2201,1.0634,-0.3751,-0.5212,-0.4534,-0.1022,0.4968,0.4370,0.6312,1.8054,3.0612,3.7119,3.9359,0.9823,0.0100,0.2575,1.2859,0.3261,-0.2393,0.0625,-1.7657,-3.0322,-2.9747,-1.3394,0.1505,1.2112,0.7882,-0.0054,-0.4913,-0.4183,0.1355,-0.8458,-2.5096,-1.1422,-2.7594,-3.1263,-1.4259,-1.0270,-0.7728,-0.8366,-2.1761,-2.5812,-2.8441,-2.1028,-3.2508,-2.6281,-2.5564,-1.8130,-2.2357,-2.2737,-1.6429,-1.7393,-2.0289
0.1013,0.1814,0.5480,0.8177,0.0509,0.5250,0.7954,1.5634,1.7562,1.3033,-0.2559,-0.7355,-0.5074,0.1780,0.5607,1.7413,1.9097,2.4010,2.8476,2.2500,-0.3550,-1.2485,-1.2338,-0.8786,-0.0323,0.4224,0.5303,0.9805,1.3829,1.5234,-0.4631,-1.7683,0.3373,-1.7649,-1.5354,-1.5773,-3.3316,-4.5926,-5.7453,-3.4351,-4.2256,-3.6491,-1.8879,-1.0469,0.3996,0.6421,-1.1830,-1.7202,-1.5323,0.1017,-1.0345,-2.9739,-2.7300,-3.1999,-4.0873,-1.8632,-1.0878,-1.2851,-1.1742,-2.0306,-0.7670,-1.1674,-1.4468,-1.9070,-2.0135,-1.5373,-0.6364,-0.6237,-0.8911,-0.7864,-1.0843,-0.9395
0.6840,0.9958,0.8812,0.6611,0.4586,1.2110,1.4511,1.5517,1.5744,1.0830,-1.2203,-1.8634,-1.3738,-0.2426,0.3607,1.6177,2.2941,2.3539,2.1540,0.7130,-1.3276,-1.4673,-1.4874,-0.8992,0.5487,0.9349,0.7703,0.7639,0.1886,1.5299,-0.2633,-0.4514,0.2820,1.0112,0.0484,-1.3592,-2.9331,-3.7081,-4.7279,-3.5137,-4.4848,-3.1986,-1.7213,-0.9726,0.8212,0.8978,-1.2735,-1.9806,0.4504,-0.3530,-1.1990,-3.7676,-3.8011,-3.0351,-3.5248,-2.0641,-1.3924,-1.0369,-1.2291,-2.2150,-0.7675,-0.6271,-1.3133,-1.7415,-1.6050,-1.2162,-0.9256,-0.4713,-0.9522,-1.0268,-1.5345,-1.4220
0.5106,1.0835,0.8883,0.5782,0.1513,1.0359,1.3567,1.5606,1.1025,0.5614,-1.4722,-2.2168,-2.1042,-0.9341,0.0630,1.7933,1.6995,1.8395,1.0392,-0.8737,-1.9643,-1.8455,-1.3927,-0.4436,0.8067,0.9362,0.6283,0.6165,0.4448,2.0720,2.6682,1.5991,0.2290,-1.6633,-2.2738,-3.3191,-2.1561,-4.5329,-4.2983,-3.1732,-3.0964,-3.1978,-0.7903,-0.0554,1.3637,-0.0291,0.6651,-1.7112,-0.7917,-0.9475,-1.5725,-3.2393,-3.1116,-2.1600,-2.2150,-1.1961,-1.1144,-1.1996,-2.3504,-2.7910,-1.0123,-0.6565,-0.8442,-0.6797,-0.2423,0.1635,0.0500,-0.0764,-0.7652,-1.3242,-1.4227,-1.1379
0.5649,0.7288,0.8054,0.8752,0.3168,0.7788,1.3938,1.4999,1.1560,0.2930,-0.8988,-1.8257,-2.0028,-1.5316,-0.2575,1.7449,1.3100,0.9262,-0.1892,-1.1778,-1.9620,-1.8918,-1.2158,-0.3743,1.0928,0.7627,0.4657,-0.2605,2.6563,3.8841,0.9026,1.3040,-1.3760,-2.2358,-4.0837,-3.7722,-4.7999,-5.0245,-4.1922,-2.7844,-2.7785,-1.8250,-0.5569,0.1947,0.9935,-0.0901,0.5078,1.1092,-0.9333,-1.0347,-2.3489,-3.4328,-3.5438,-1.1135,-0.0027,0.2958,-2.1947,-2.0474,-2.2185,-2.8163,-1.3972,-1.1450,-0.4240,-0.1353,0.0859,-0.3030,-0.3556,-0.2137,-0.8173,-1.1940,-1.5592,-1.7831
0.9353,0.8419,0.6015,1.0326,0.7971,0.6653,0.7152,0.9839,0.7562,0.2324,-0.5707,-1.8377,-2.3328,-2.1942,-0.8255,1.3330,0.3792,0.0217,-0.9362,-1.6619,-2.4202,-2.3530,-1.3437,-0.5029,-0.4832,-0.4432,-0.7744,-0.9501,0.3286,3.1032,2.5323,-0.6286,1.8207,-2.0402,-5.3556,-5.4584,-4.0442,-5.2355,-4.9132,-3.1266,-3.1475,-1.5789,-0.1753,0.1314,1.3702,0.4937,0.6533,1.8727,0.5499,0.1336,-2.4114,-3.2352,-3.0500,-0.3907,0.7343,-0.0279,-2.2472,-1.3920,-1.3621,-1.9501,-1.3347,-1.6105,-0.1814,0.2280,-0.8110,-0.9094,-0.8231,0.0566,0.2470,0.4364,-0.7194,-0.9651
1.1870,1.2874,0.7308,1.0653,1.1470,1.3092,0.6195,0.0996,0.2829,0.4596,0.2096,-1.7012,-2.5579,-2.1727,-0.8324,1.0855,0.1612,0.0298,-0.7073,-1.8658,-2.2118,-1.8585,-1.1871,-0.8249,-0.4882,-1.0185,-0.4747,0.3629,1.5703,3.7755,2.3365,-0.8314,1.0700,-2.0352,-4.0677,-3.6544,-1.3782,-3.0529,-3.4893,-2.2103,-2.1120,-0.6026,0.1340,0.3955,1.9702,1.5505,0.7228,1.7221,0.9955,1.1186,-1.7751,-2.1872,-0.1691,1.5642,1.1898,-0.3132,-3.2404,-0.9121,-1.2237,-3.1300,-2.3943,-1.7781,-0.2889,-0.2313,-1.3812,-0.8915,-0.4836,-0.3047,0.2680,0.8769,0.3365,-0.5720
1.1344,1.3988,1.0205,0.9647,0.8779,1.2007,0.1191,-0.8307,-0.4033,0.5637,0.4047,-1.6036,-2.7880,-2.4646,-1.4637,0.7668,0.4238,0.5892,-0.2590,-1.6375,-1.9445,-1.5592,-0.9812,-0.8436,-1.2326,-1.1894,1.2223,1.1217,1.2716,0.9274,3.1698,-0.2557,0.8357,-0.8006,-1.0609,-1.6017,-0.9637,-3.0486,-2.1345,-1.5001,-0.6599,-2.4730,-1.6480,-0.1469,1.3816,1.8823,0.8840,0.5355,1.6257,2.0843,-0.6478,-1.6407,0.4624,2.5937,1.3185,-0.6409,-2.3411,-1.8951,-2.3002,-3.3745,-2.5092,-1.2531,-0.1778,-0.5990,-1.8710,-1.3613,-0.8146,-0.3867,0.7753,1.3064,1.2762,0.0521
1.3192,1.4056,1.5013,1.4057,0.7798,0.7688,-0.1401,-1.1894,-0.5019,0.5921,0.8559,-1.2231,-2.5375,-2.7529,-2.0523,0.3622,0.9418,1.0816,0.1946,-1.3296,-1.4972,-1.2890,-1.2702,-1.9384,-1.2390,-0.3115,0.9093,1.8726,1.1883,1.6728,1.7425,-0.9468,1.1801,-0.2902,-0.8415,-1.6759,-1.9104,-1.4191,-1.1341,-1.3674,-0.1409,-1.5943,-1.5565,-0.6938,1.3864,2.0057,1.8949,0.5928,2.0929,2.2473,0.2020,-1.5310,-1.4839,1.9251,1.5658,-1.2448,-3.7836,-3.8390,-3.1544,-3.3780,-1.3304,-0.7550,-0.0807,-1.4381,-2.1466,-1.5664,-1.4978,-0.8506,0.3036,0.8833,0.5910,-0.0723
0.9478,1.0221,0.9946,0.9327,0.5432,0.4588,-0.3120,-1.0610,-0.6070,0.4676,0.2341,-1.1570,-2.1748,-3.0539,-2.6638,0.1038,1.0644,1.3921,0.0348,-1.2559,-0.8717,-0.4994,-1.1663,-1.5870,-0.8104,0.5437,-0.6259,0.1655,2.7091,1.8618,-0.1578,-1.0343,-2.1722,-4.5508,-6.3026,-4.4903,-3.7610,-5.2459,-4.0701,-1.3953,1.4299,0.4220,0.8665,1.2221,0.5305,1.1929,1.2823,0.8070,1.3157,1.5041,-0.5059,-1.7639,-0.4450,0.9242,2.2420,1.3683,-1.0797,-2.3175,-0.9594,-0.9075,-0.1599,0.6431,1.2606,1.0005,-1.7101,-2.3013,-2.0694,-1.5526,-1.2693,-1.4193,-1.1465,-0.9173
1.1872,1.4275,1.3911,0.4729,-0.0858,-0.3347,-0.7149,-1.0228,0.4696,0.9706,0.3009,-0.5476,-1.4097,-2.8431,-2.6007,-0.2191,0.9334,1.4241,0.3386,-0.8841,-0.7005,-0.8218,-1.5937,-1.9139,-1.1274,0.9270,0.9708,2.5032,2.7360,1.0222,-1.7923,-2.2126,-5.4970,-5.2605,-6.3411,-4.9859,-4.7592,-6.9421,-5.2604,-1.6059,0.4303,0.1935,1.1334,0.6502,0.5616,1.5064,2.1921,1.5603,2.0917,0.4284,-1.1692,-2.3808,-0.4129,1.9749,2.1743,1.4035,-0.4167,-2.0644,-1.5591,-1.4838,-1.2077,0.1043,0.8048,0.7895,-1.6377,-2.3426,-2.1273,-2.1658,-2.1975,-1.3678,-1.5411,-1.5863
0.6936,1.3298,1.3532,0.2983,-0.7897,-1.0968,-0.9648,-0.2535,0.9031,1.0642,0.3341,-0.0594,-1.1002,-2.4758,-2.4918,-0.7464,0.7442,1.7354,0.9324,-0.1269,-0.8074,-0.7702,-1.2614,-1.8227,-0.1503,1.4702,2.8787,1.9745,0.1754,-1.1640,-2.9984,-3.1292,-3.7046,-3.8866,-4.8113,-5.3482,-6.4252,-8.2891,-5.5863,-2.0701,1.4284,0.5941,0.5859,0.7936,0.4592,1.7180,2.1772,3.0646,3.2460,1.6905,-0.6873,-2.6507,-0.3368,2.2055,1.3951,0.3278,-0.5934,-2.3320,-2.7154,-1.8058,-1.5637,-0.5758,0.2137,0.5851,-1.8385,-1.4121,-1.9821,-2.4096,-3.5273,-1.8662,-1.3400,-1.7995
0.8708,0.9320,1.3814,0.6436,-0.4169,-1.1818,-0.6439,0.3271,1.2040,0.8552,0.5677,0.0568,-0.5182,-1.8063,-2.0555,-1.2792,1.5164,2.0214,1.2532,0.0457,-0.2316,-0.8074,-1.4170,-1.9043,0.8345,1.5595,0.2039,-0.3706,0.6042,0.7798,-0.4226,-2.3787,-1.7535,-4.1342,-4.7487,-5.4821,-5.9521,-5.9959,-4.4910,-3.8335,-0.5077,1.1912,1.2733,0.5249,-0.1257,1.2033,2.4000,3.1377,4.9750,3.0898,1.1819,-2.3059,-1.8152,1.7060,1.2927,-0.2092,-1.8187,-2.6402,-2.5324,-1.9230,-1.2026,-0.6628,-0.2326,0.0977,-1.8159,-1.5064,-1.6860,-2.0686,-3.2617,-2.5996,-1.9726,-2.3311
0.9272,0.5956,0.4318,0.0548,-0.1684,-0.7673,-0.1346,0.8938,1.1415,0.6410,0.2227,-0.0184,-0.1739,-1.6261,-2.4796,-1.3894,1.7430,2.4644,0.7329,-0.8326,-1.0497,-1.1496,-1.3089,-0.5377,0.4262,-0.5300,-2.8052,-2.7910,-0.1964,-0.2715,-1.2489,-1.3184,-1.1353,-4.4489,-7.8115,-6.6795,-4.2638,-4.6499,-5.3853,-4.2546,0.7854,1.9685,1.6018,1.5743,0.6047,1.5137,3.8747,3.9535,4.7848,3.2599,2.4757,0.2597,-1.3253,-0.2383,2.8890,1.8590,-0.1315,-1.6773,-1.7811,-0.8873,-0.5140,-0.5712,-0.3765,0.1944,0.0028,-0.0301,-0.6442,-1.3258,-1.5322,-1.5173,-1.0061,-0.9685
0.6724,0.3939,0.3244,0.1727,0.3717,0.4440,0.6299,0.8880,1.0097,0.7180,0.5152,0.5135,0.5593,-1.2946,-2.1772,-0.8729,1.9477,2.4928,0.9664,-1.2732,-1.1764,-0.7363,-0.8065,0.8440,0.5977,-1.7945,-3.2287,-2.7119,-2.5049,-3.8059,-3.0619,-1.6577,-2.9908,-3.8031,-5.7115,-4.6119,-3.6633,-2.5139,-2.5060,-2.6275,0.1199,1.9018,1.8039,2.0292,0.9291,2.4168,4.4696,3.9502,4.7415,5.0977,7.1824,3.7393,-0.4110,0.2107,2.3259,1.5839,-0.4210,-1.1295,-1.1790,-0.7203,-1.2974,-0.3771,-0.7436,-0.4380,-1.0480,-0.4928,-0.0041,-0.1064,-0.5990,-1.1171,-0.8473,-1.7566
-0.1993,0.0389,0.2398,0.7308,0.6065,0.8430,0.8212,0.7076,0.4554,0.5579,0.7179,0.8070,0.7255,-1.1409,-1.4467,0.1950,2.1874,2.6047,1.0823,-1.0901,-1.4838,-1.1730,-0.2799,1.3703,-0.7571,-2.6129,-2.5213,-2.2403,-2.9781,-5.8558,-4.8660,-3.6280,-2.9090,-3.8200,-2.8674,-4.6332,-3.2909,-3.3784,-0.5105,-0.1538,1.6571,0.9209,0.7692,1.9942,1.6792,2.1779,4.4314,3.9450,4.0559,6.5059,8.6986,4.5678,0.7540,0.3484,1.4601,1.4043,-0.9033,-0.3670,-0.8381,-1.0687,-2.0213,-1.1770,-0.4842,-0.8264,-1.3752,-0.9584,-0.3815,0.2319,-0.1926,-0.2234,-0.5272,-1.4747
-0.5813,-0.1846,0.6493,1.4318,0.8992,0.4881,0.5186,0.4312,0.5568,0.6299,0.9151,1.1497,0.9814,-0.7963,-0.6027,1.1499,2.6592,2.7181,0.6625,-1.0270,-1.0637,-1.4422,0.4289,0.7078,-0.7675,-0.6340,-2.0256,-1.8846,0.0808,-0.5119,-3.2115,-4.7717,-2.9681,-3.3179,-1.7230,-4.2155,-2.5619,-2.0152,0.1309,-1.1890,1.2207,0.4361,-0.0153,1.5581,1.3689,1.9205,3.6488,3.5235,4.8446,6.1566,8.6689,2.5442,-2.5613,-1.3618,0.0736,-0.7444,-2.6028,-1.9306,-0.2681,-1.2440,-2.1702,-2.3535,-1.0655,-0.9238,-1.8696,-1.7345,-1.5147,-0.1440,-0.4870,-0.4685,-0.6701,-1.5636
-0.1085,0.2067,1.0462,1.6853,1.1690,1.1284,0.9443,1.0709,0.4667,0.3737,0.3171,0.6528,1.0478,-0.0083,0.1266,1.9994,2.4392,2.3092,-0.1364,-1.5176,-1.2525,-0.7231,0.7866,0.8606,-1.6779,-0.3393,-2.0623,-1.9231,-1.1887,-2.0971,-2.6599,-4.2326,-4.0857,-3.7775,-4.7331,-5.2205,-3.7812,-4.7911,-3.6590,-4.2597,-0.2767,-0.7596,-0.8669,0.1976,1.8189,2.7766,3.0656,3.9503,4.2100,4.6896,5.4558,-0.2150,-5.2296,-5.7130,-3.8218,-4.2494,-4.1235,-3.1294,-0.9162,-0.5971,-0.2429,-0.7213,-0.5245,-0.4485,-2.9257,-2.5727,-1.0798,0.0697,0.3074,0.2397,-0.0476,-0.1548
0.8093,1.3795,1.7233,1.5134,1.1723,1.4042,1.3065,1.0098,0.7267,0.8218,0.4523,0.4761,1.1689,0.9112,1.1359,2.0611,2.5935,2.0910,-0.9346,-2.3952,-1.0702,-0.4264,0.6803,0.5060,-2.0059,-0.7437,-1.7521,-0.5886,-1.9405,-0.6684,-0.7224,-3.5862,-3.4556,-2.6483,-4.3979,-3.8720,-2.3717,-3.9293,-3.9194,-3.6848,-0.6956,0.6859,-0.2123,-0.0779,1.8437,3.4867,2.4248,2.2585,3.0390,3.5067,4.0390,1.6538,-5.6058,-7.8847,-8.5794,-6.4550,-4.0319,-2.3540,-1.2306,-1.0071,-0.3547,0.0094,-0.3698,-0.7862,-3.4098,-2.8400,-2.1519,-0.6628,0.2763,0.3084,-0.5383,-0.3883
0.8842,1.5436,1.4674,0.9607,0.5535,1.0463,1.1604,0.9153,0.4923,0.8146,0.4661,0.4884,0.8794,1.3263,1.5956,2.2990,1.8517,1.1798,-2.0151,-2.5146,-1.6333,-0.6262,1.3293,0.5912,-1.5889,-0.0684,-0.6977,-0.2243,-2.2357,0.7643,1.3193,-2.5422,-1.6788,-1.8068,-2.3481,-3.3664,-2.1908,-5.3509,-4.6936,-3.4049,-1.2688,0.3015,0.1501,0.2097,2.1766,2.5140,2.0292,2.0293,3.1681,3.6606,3.4742,3.1790,-1.6809,-5.0105,-8.2025,-9.0252,-4.3299,-1.4027,-0.5861,0.1597,0.5771,-0.2223,-0.9412,-0.4685,-3.1559,-2.3816,-1.4175,-0.2636,-0.8067,-0.3487,-0.2986,0.0091
0.7938,0.9820,1.0599,0.9993,0.4477,0.6076,0.9388,0.8973,0.7141,0.7305,0.8179,1.0698,0.9590,1.2039,1.6052,2.0045,1.5194,-0.1114,-2.9202,-2.5921,-1.4174,-0.8730,1.4322,0.5730,-1.1686,0.5791,0.7001,-2.4276,-3.8267,-0.8896,2.6225,-0.4070,-1.5261,-1.3512,-2.7618,-4.1036,-4.3799,-5.3638,-4.1459,-5.2499,-1.6773,0.1990,0.4017,1.3189,0.9259,2.6132,2.5749,3.1291,3.1651,3.7939,3.7580,2.8814,1.0629,-5.2671,-7.1360,-8.4379,-6.0118,-2.1656,0.5963,0.9045,0.8120,-0.2166,-0.8913,-0.5628,-2.8435,-2.2656,-0.8377,-0.7099,-1.1952,-1.1375,-0.4653,-0.6236
1.0873,1.2064,0.9814,1.2692,0.8979,0.5611,0.6042,1.1235,0.8262,1.0488,1.1132,1.1304,0.9540,0.9680,1.0154,1.7861,1.5847,-0.4271,-2.9505,-2.6918,-1.6648,-1.0034,0.7965,0.5118,-1.5137,0.3483,-1.2448,-3.8291,-3.3608,1.6313,3.4283,-0.1369,-3.6324,-4.1355,-6.1809,-6.2529,-5.6034,-5.8492,-4.7962,-3.9873,-1.7057,1.0003,1.3518,1.7039,1.5604,2.3798,3.5645,3.4667,4.0039,4.0527,3.3223,3.2153,1.2420,-1.0697,-3.4669,-5.9763,-4.5777,-1.7633,0.5732,1.4309,0.6783,-0.3827,-0.2045,-0.3142,-2.2443,-1.6180,-0.7365,-1.2342,-1.2736,-0.0133,0.9752,1.9058
1.4659,1.6234,0.9619,0.8971,1.0773,0.9818,0.9257,1.1032,0.9202,1.5937,1.6028,1.2532,1.0357,1.1602,1.1812,1.5561,1.7082,-1.3991,-3.5501,-3.0026,-1.4759,-0.5956,-0.2222,0.3302,0.2797,1.0616,-1.9051,-3.0945,-2.1972,1.5672,3.7957,1.2954,-2.9914,-3.7836,-6.1544,-6.2251,-6.2908,-6.7446,-5.0490,-3.1896,-1.7660,0.6476,0.4825,1.1419,1.5489,2.5042,2.7145,2.7992,3.3037,2.6575,2.3995,2.2651,1.8351,1.8902,1.2480,-1.7438,-2.4941,-1.4541,-0.0568,1.2622,0.6984,0.5643,0.0173,0.0618,-2.0135,-1.9518,-1.5451,-1.9366,-1.6688,0.0863,1.2393,1.0043
1.3754,1.5469,0.7727,0.5815,0.6736,1.1092,1.0617,1.2150,0.5571,1.5867,1.6349,1.1114,0.9529,1.0426,1.1288,1.5063,1.3993,-1.8617,-3.4815,-2.4859,-1.6383,-0.4915,-0.2087,0.9980,1.0539,-0.0819,-2.3813,-2.1286,-2.1050,-0.5433,1.6629,1.1682,-2.4631,-4.4149,-5.8149,-6.2202,-6.1960,-6.7390,-5.5881,-3.8262,-1.7439,0.2904,0.4023,0.4120,1.3924,1.9784,2.3453,1.6196,1.7084,1.5794,2.1840,2.1370,1.8896,2.1657,1.9328,0.4250,0.0472,-0.1880,-0.6918,0.0889,0.2496,0.7390,0.7156,-0.4774,-1.8706,-2.4680,-2.5580,-2.2573,-0.7135,0.3313,1.9543,-0.8512
1.4289,1.4249,1.0179,0.7315,0.6288,0.9745,1.4408,1.4694,0.6623,1.3785,1.7333,1.2565,1.0947,1.0663,1.1497,1.2779,1.2948,-2.1492,-3.2216,-2.2900,-1.3933,-0.4941,-0.1949,1.6667,1.8469,-0.1390,-1.1868,-1.8587,-2.4213,-2.3496,-2.4135,0.1822,-2.0376,-4.9507,-6.6532,-7.7778,-7.2711,-6.3434,-5.7599,-4.9858,-2.8710,0.1385,0.3119,0.6455,1.4567,2.1174,2.5138,1.5273,2.0546,2.0464,2.4042,2.1190,1.2392,1.3479,1.6137,0.3963,0.4610,0.1178,-0.2342,-0.6116,-0.3536,0.3716,0.7448,-1.1523,-2.1866,-2.5221,-2.7214,-3.1023,-1.3432,-0.0041,0.2439,-0.5751
1.3707,1.7018,1.4168,1.5599,1.3196,2.0753,1.6867,1.3369,0.5749,1.1010,1.0967,0.9483,1.1081,1.1247,1.3474,1.9328,0.9262,-1.9412,-2.0450,-1.4102,-1.2562,0.4588,0.5560,2.7036,2.0548,0.0091,0.2110,-0.1669,0.5847,-0.8809,-0.7372,0.8305,-4.2315,-6.2097,-6.7044,-6.8704,-5.2703,-5.0712,-5.3520,-5.6185,-2.3583,1.0958,1.1937,1.1741,2.5277,3.4273,4.3198,4.0799,3.3232,3.0525,2.5716,1.7102,2.0816,1.3160,1.2111,0.4704,1.8214,0.5715,-0.1955,-0.8937,-0.6780,-0.3161,-0.4589,-1.1547,-3.4295,-4.0627,-4.2115,-4.0721,-3.0126,-2.8991,-1.9409,-1.8109
1.7621,2.0740,1.6858,1.3824,1.2135,1.9455,1.5742,0.9952,0.8762,1.4298,1.1663,1.0983,1.5301,1.7146,1.8955,2.1103,1.0469,-2.0410,-2.3058,-1.7887,-1.0679,0.6019,1.1643,1.1744,1.3156,1.7368,1.2961,1.0795,0.2923,1.8666,2.7120,1.3590,-3.1827,-6.2126,-6.8112,-7.1213,-5.2436,-4.0769,-3.5775,-3.8262,-0.1430,2.2150,3.0511,2.5517,4.1586,5.0867,5.2520,5.2121,3.1658,2.5112,2.1863,1.5027,1.4139,1.0763,0.8965,0.3200,2.3333,1.7791,-0.2453,-0.7368,-0.7584,-1.0175,-0.8394,-1.4983,-3.6289,-4.0743,-4.3229,-3.9960,-2.9271,-2.4254,-2.1489,-1.7165
1.2845,1.8731,1.5147,1.3721,0.7313,1.6446,1.8153,1.2068,0.4186,1.0790,1.1872,1.3145,1.3798,1.7250,1.7767,2.0721,0.2365,-2.4676,-2.8384,-1.8425,-1.7325,0.8611,2.1143,-0.8562,1.8211,1.7847,1.0891,0.5731,-2.1036,-0.5013,2.5624,4.3992,-1.5662,-4.0544,-4.8162,-7.4295,-4.5046,-3.9663,-2.9997,-2.9537,-0.2875,3.2308,4.2835,4.6089,6.2236,6.8151,6.8515,6.4006,4.3086,2.4169,1.4138,0.7297,1.2987,1.2109,0.8164,-0.0535,2.1591,2.0908,0.8602,-0.0744,-1.1511,-1.9238,-1.5392,-1.6238,-3.6073,-3.8787,-3.5257,-3.1617,-2.5990,-1.9917,-1.4687,-1.4850
0.9565,1.1154,1.3831,1.8708,0.9550,1.4186,1.7723,1.4267,0.5199,0.9675,1.4483,1.5704,1.3370,1.4964,1.6856,1.8059,0.0951,-2.8609,-2.9684,-1.9763,-1.7296,0.8563,2.0876,0.0771,2.5013,2.5874,0.9934,-1.9004,-6.4767,-5.1803,-1.1194,3.4430,2.7146,0.4565,-0.6619,-4.5814,-3.6991,-2.9615,-1.8868,-2.0502,0.2195,2.4449,4.6136,4.9975,5.0869,5.5965,5.9177,5.7097,3.7401,2.8295,1.3697,1.2897,0.9854,0.7241,0.1804,-0.0993,1.8933,1.4154,1.5075,0.7774,-1.4248,-1.8553,-2.2349,-1.9169,-3.4764,-3.5733,-3.6558,-3.0927,-2.3895,-2.1988,-1.7501,-2.3124
1.0410,1.2559,1.2297,1.4665,0.7339,0.8276,1.0646,1.3593,0.1889,0.4606,0.8604,1.2973,1.3732,1.1803,1.3840,2.2573,0.1975,-2.3381,-3.1427,-2.5853,-2.0440,0.5886,0.3473,0.1584,1.2715,1.3189,-1.0619,-3.8086,-0.8581,-0.9859,0.9120,2.3678,2.1267,-0.1826,-0.0584,-3.1140,-3.6229,-3.6582,-2.5017,-1.9156,1.5616,2.3118,3.5447,4.9014,4.1687,2.2793,3.0564,1.6044,2.0656,1.7162,1.0177,-0.2494,0.4825,-0.9867,-0.3867,-0.6258,1.7379,1.0111,0.5106,-0.3060,-0.2254,-1.6164,-1.4021,-0.5369,-1.6734,-1.4960,-1.8952,-1.6745,-1.8472,-0.6083,-0.7262,-0.8872
1.2372,1.8342,1.7508,1.4182,0.5604,0.7021,0.8825,1.2515,0.0707,0.5565,0.8339,1.3526,1.6453,1.3654,1.2706,2.1630,0.3678,-1.6547,-2.9274,-2.7106,-2.2687,0.3931,0.8363,0.6278,0.3201,1.0583,-1.7441,-3.2686,-0.2570,0.8133,1.0993,1.2284,0.8027,-0.1344,0.5313,-3.7356,-5.6676,-4.5538,-2.2476,-1.8664,1.6518,1.9355,2.5829,3.8456,3.1229,2.6842,2.3758,0.4279,0.0986,0.7084,0.7781,-0.2492,0.5341,-0.4580,-0.6260,-0.7129,1.8058,1.2927,0.5610,0.3896,0.8050,0.0193,-0.9423,-0.2172,-1.2215,-0.1900,-0.9465,-0.9856,-1.5052,-0.4291,0.1245,-0.4641
0.6572,1.5308,1.8101,1.3945,0.4403,0.3298,0.4632,0.7956,-0.3775,0.1431,0.5514,1.0530,1.4802,1.3252,1.2259,2.2896,-0.2712,-1.3016,-2.7253,-2.5911,-2.6564,-0.0215,0.5348,0.1724,-0.8698,-0.0771,-1.9652,-2.9909,0.2539,0.0959,-0.2353,-0.7431,-2.1023,0.5628,1.1662,-4.1308,-5.6162,-4.8788,-2.9502,-1.7086,-0.2870,0.5319,1.9998,3.2847,3.8021,2.7181,1.6739,-0.8870,-0.6763,-0.0800,-0.1550,-0.3894,0.5214,0.3223,0.0428,-0.2343,1.5993,1.3445,1.1930,1.4055,2.3914,1.7970,1.4934,0.8031,-0.2305,0.3068,0.0849,-0.2149,-0.6779,-0.2951,0.8528,0.4953
0.2022,0.8266,1.6281,1.5195,0.6338,0.0739,0.2127,0.3829,-0.3996,0.1347,0.9585,1.5007,1.4970,1.2301,1.6134,2.2319,-0.6408,-1.2653,-1.7476,-1.8363,-2.1977,0.0305,0.4492,0.0167,-0.9483,-0.0031,1.7826,0.1720,2.1560,1.9035,0.4227,-1.0701,-3.1498,-1.2346,2.5917,-1.3245,-5.6991,-4.9282,-3.6083,-0.1116,-0.1442,-0.5025,1.4637,4.3985,4.0769,2.6483,0.1531,-1.2337,-0.3768,-1.5548,-1.4205,-0.9038,-0.0856,-0.1311,-0.2101,-0.4666,1.4922,1.0656,1.7449,1.4411,2.8537,3.2834,3.5176,2.9896,0.6899,0.6278,0.4189,0.0085,-0.2001,-0.1013,0.3638,0.5126
0.3803,0.4780,0.9781,1.1782,0.4447,0.5341,0.1855,0.2030,-0.5840,-0.5454,-0.0085,0.8738,0.8505,0.5075,0.4918,1.3321,-1.7269,-1.8771,-1.8296,-1.6529,-2.4701,-1.3400,0.4501,-0.5452,-3.0306,-2.6363,-0.7312,-0.3455,0.9964,1.1779,-0.2895,-0.5102,-1.8397,-1.0576,1.5509,-0.4913,-3.7257,-4.6725,-3.8285,-2.0161,-1.6107,-1.8626,-0.6943,1.4998,1.6957,-0.7934,-2.6903,-2.3399,-3.3725,-4.3036,-3.4108,-2.9752,-3.8487,-3.9349,-3.9043,-3.6954,-1.1800,-1.2836,0.3059,0.6247,4.3532,3.4607,3.6137,4.3564,0.0097,-0.3106,-0.3187,0.0104,-0.0899,0.9330,1.1129,1.2688
0.6899,0.9285,0.9830,0.7290,0.6103,1.1191,0.6077,0.3833,-0.4809,-0.0819,-0.1144,0.3773,0.8587,0.8711,0.7870,1.1032,-0.9567,-1.2418,-1.4096,-1.7297,-2.0746,-1.4050,1.0610,0.5464,-1.8257,-2.5279,-0.3463,0.1532,1.7865,1.6571,-0.1232,-2.2316,-2.5681,-1.4433,0.8511,0.7185,-0.0385,-1.9033,-2.5651,-2.0508,-2.7970,-1.7022,-0.7467,0.8936,0.6483,-1.8457,-3.3760,-3.2934,-3.8838,-4.8521,-4.1541,-4.1574,-4.4443,-3.7854,-3.9441,-3.2878,-0.5288,-0.4728,-0.0578,0.3307,3.8504,3.6300,2.8301,3.7800,1.1804,0.3853,-0.7881,-0.6072,0.1313,0.6290,0.6171,0.2136
0.4125,0.8524,0.6721,0.4281,-0.0812,0.4611,0.3833,0.1699,-0.7130,-0.2357,-0.3821,0.1240,0.2843,0.6370,1.0222,1.1664,-0.9082,-1.5835,-1.7934,-2.0144,-2.7159,-1.8621,0.2871,1.8901,-1.1980,-1.5785,-0.1994,-0.1211,1.5019,-0.0182,-3.3025,-1.9266,-0.7214,0.0098,-0.8065,-1.1907,-0.2038,-1.1740,-2.4314,-2.6806,-4.0157,-2.5389,-1.4349,-0.5517,-0.6178,-2.5021,-3.4905,-3.7146,-3.5461,-4.8387,-4.7554,-4.5525,-5.1848,-4.5540,-4.2462,-3.6068,-0.5711,0.3732,1.1504,1.8801,4.2417,3.7013,3.4198,3.8270,1.2847,2.7264,1.8930,0.5489,0.2672,0.1078,0.5907,0.0725
0.2673,0.5433,0.6328,0.4417,-0.3641,-0.1142,0.3482,0.2895,-0.4556,-0.2475,0.2611,0.6693,0.2047,0.3758,1.4410,1.5562,-0.3838,-2.1023,-1.6050,-1.8423,-2.8117,-1.9949,0.6364,1.8171,1.0855,-1.9861,-0.4744,-1.0747,1.2306,-0.8001,-3.6538,-1.2399,1.2507,0.9387,0.0078,-1.1466,-1.8680,-2.6807,-2.0993,-0.8930,-3.0665,-2.5876,-1.6918,-0.8162,-1.9667,-2.7181,-3.3421,-2.8239,-2.0929,-2.7051,-4.5717,-5.0096,-5.8019,-5.1874,-4.7104,-4.2325,-0.3591,1.4764,2.6412,2.3316,4.6100,4.0353,3.5318,4.1628,1.3646,3.3376,3.3190,2.2261,1.3386,0.5844,-0.0315,-1.0091
0.4095,0.8129,0.3846,0.2170,-0.1659,-0.1284,0.2571,0.7856,0.0239,0.3917,0.5222,0.9726,0.3344,0.2954,1.2289,1.2394,0.1320,-1.9500,-1.8021,-1.6482,-2.3585,-1.6784,0.3770,1.7687,-0.6939,-1.9668,-1.1035,-1.4638,-1.9763,-1.1691,-1.4393,0.6667,2.3094,1.3209,-0.2122,-2.0273,-4.2949,-4.9114,-4.3760,-2.3693,-3.6512,-2.9723,-1.7018,-1.1561,-1.7202,-2.8569,-2.6886,-3.1251,-2.8856,-3.8391,-6.1184,-6.8317,-7.4178,-4.8557,-3.1106,-2.3259,0.1779,2.0568,3.7698,3.3815,4.0340,3.2773,3.7751,4.2415,2.8694,3.8791,4.3219,3.8388,1.9285,0.9761,-0.4364,0.0550
0.5135,0.9736,0.3684,0.2959,0.4269,0.6998,0.6308,0.9512,0.3119,1.0476,0.9994,0.6997,0.5625,0.7609,1.3133,0.9759,-0.0806,-1.8273,-1.6772,-1.3395,-1.5223,-0.7428,0.7967,1.3154,-0.0986,-1.1125,-1.2689,-1.6497,-2.7260,-1.8985,0.8169,2.0887,0.7848,-1.1881,-2.2613,-2.0343,-2.7065,-4.1707,-4.4389,-3.9660,-4.7250,-3.7640,-2.7829,-3.2494,-4.6340,-5.7255,-4.3391,-3.5533,-3.0618,-3.8600,-4.8149,-5.0954,0.0299,-1.3433,-1.3596,-0.9131,1.0643,2.7121,3.4098,3.3335,3.6481,3.0091,3.0036,3.5977,3.6967,3.2387,2.7930,2.6537,1.8739,1.3908,-0.0752,-1.2736
-0.0423,0.3848,0.3044,0.4812,0.8026,0.9237,0.7156,0.8938,0.1767,0.9211,0.8264,0.7469,0.7551,0.9262,1.2990,0.9149,-0.4626,-2.2817,-1.9102,-0.6867,-1.2318,-0.7784,0.5236,0.8974,-0.4551,-0.0922,-1.0290,-1.6562,-1.1174,-2.0509,0.3005,2.8543,1.1351,-2.4992,-1.9709,-2.1790,-2.1564,-2.8790,-3.2125,-3.2409,-4.5151,-5.0316,-5.7161,-5.9773,-6.0944,-5.7298,-3.8903,-3.1516,-1.7745,-2.1249,-2.4069,-2.1250,0.0481,-0.6944,-0.6115,-0.7631,0.9295,2.0754,2.3889,2.9241,3.1356,3.0670,3.0625,3.0845,3.9110,3.5081,2.2298,2.2169,1.8917,1.8330,1.2624,-0.0562
-0.2302,-0.0335,0.2674,0.7596,1.0032,0.9479,1.0393,0.9247,0.2402,0.5581,0.9395,1.0183,1.0595,1.1579,1.9386,1.1549,-0.4935,-2.2665,-1.2289,0.3755,-1.0118,-0.9690,0.3436,0.8530,-0.5595,-1.0203,-1.0824,-1.4819,0.9901,-0.7301,-0.3106,2.0664,2.5550,1.1931,-0.6913,-2.1050,-2.6733,-2.1430,-2.8669,-2.9022,-3.8585,-5.6554,-6.6251,-5.9789,-4.7044,-4.0116,-3.0786,-3.0632,-0.5170,-0.3669,-0.3853,-0.7725,-1.9090,-0.7110,-0.5255,-0.8510,-0.4189,1.2697,2.0939,1.9124,2.5689,3.1707,2.5901,2.1112,3.3165,4.1278,2.6075,1.5396,1.5757,1.5824,1.0040,-0.3375
0.4946,0.5687,0.6733,1.3251,1.0169,1.2189,0.8001,0.6494,0.6879,0.7646,1.0515,1.2815,1.3210,1.6586,2.1918,0.8589,0.1997,-1.2164,-0.5637,0.7577,-1.3543,-1.4482,-0.3361,0.0483,-1.5012,-0.4068,0.6804,-1.1440,0.3735,-0.1162,-0.7480,-0.1313,1.3267,1.8135,-0.1850,-2.0665,-1.7004,-2.7371,-4.5741,-4.7495,-4.2717,-4.7837,-7.2826,-6.0480,-5.0720,-5.3289,-5.1735,-4.9519,-0.0871,0.4417,0.5481,0.8357,0.4593,0.8508,0.1711,0.1785,0.9732,0.4357,0.8537,1.0789,3.6619,2.9437,2.8813,3.1657,3.2626,2.8533,2.6676,1.6901,1.1756,0.4325,-0.6129,-0.6695
0.5074,0.6902,0.6910,0.9835,0.8279,1.0441,0.6541,0.6772,1.2268,1.3940,1.0592,1.4833,1.5584,2.4084,3.0059,1.0812,0.0405,-0.8953,-0.3281,0.4491,-2.1875,-1.6895,-0.4335,-0.3953,0.1548,0.9308,0.8589,-1.3559,0.0893,1.3218,0.1217,-0.9481,-0.7531,-0.7273,-1.4156,-2.2614,-1.7749,-5.4690,-7.1390,-6.6728,-4.5143,-4.5629,-5.5443,-4.7098,-3.5524,-4.3308,-4.8078,-3.6676,-0.8630,-0.8456,-0.4494,0.1109,0.6066,0.7638,0.6569,0.5243,0.6819,0.4345,-0.0281,0.5228,3.0731,3.3832,2.5422,3.1175,3.2000,2.5683,1.5321,0.7394,1.1828,0.9776,0.2603,0.1014
0.4426,0.6067,0.6891,0.8693,0.5553,0.5864,0.7296,0.7278,0.7667,1.2199,1.4278,1.8396,1.4144,2.2315,3.1835,1.3617,-0.7494,-1.6022,-0.5591,0.3466,-2.7177,-1.9582,-0.5159,-0.5068,0.5679,1.4447,-0.1350,-1.2536,-1.9951,2.4441,1.2560,-0.5673,-2.1015,-2.5197,-2.6872,-1.8259,-2.0328,-6.8351,-8.6609,-7.9150,-5.5780,-4.6086,-4.2535,-4.0857,-3.6256,-5.3792,-5.1581,-3.4523,-2.2393,-2.4867,-2.0541,-1.0275,0.4919,1.2301,0.4805,0.0939,-0.1390,0.3864,0.5318,0.9534,2.9561,3.0526,2.5747,2.8811,2.4779,1.9698,0.7939,0.1455,1.6559,1.9271,0.9713,1.1240
0.4255,0.4727,0.7393,0.9742,0.7319,0.7332,0.9726,0.8113,0.7407,0.8739,1.9547,2.1867,1.6470,2.4568,3.7597,1.8096,-0.7831,-2.2165,-0.4541,0.6847,-2.3348,-2.0617,-0.4887,-0.5710,0.5209,1.2274,-0.4343,-1.3929,-2.4045,1.3627,2.3783,-0.2896,-2.2019,-3.0257,-2.7096,-3.0891,-5.3295,-8.4397,-9.6385,-8.8049,-5.5153,-4.0040,-3.4710,-3.2489,-3.6533,-5.2595,-5.9720,-5.9466,-3.5544,-2.8041,-2.5303,-0.6972,0.7943,1.8405,0.2074,-0.6140,-0.4289,-0.0968,0.7803,1.0014,2.5407,2.8054,2.5264,2.2933,1.1276,1.1433,0.4769,1.2549,1.8300,1.5988,0.9735,0.7676
0.2807,0.3097,-0.0775,0.2381,0.0588,0.2802,0.2576,0.5041,0.1205,0.6247,1.3686,1.9366,1.7154,2.2395,3.0251,1.7811,-0.6720,-1.9995,-0.8376,-0.2461,-3.2693,-3.6111,-2.5088,-1.0612,-0.5804,-0.0574,-1.7587,-2.2260,-1.9752,-1.2850,-0.9394,-5.0908,-4.7932,-3.6442,-4.1834,-6.2079,-8.3793,-8.7706,-9.2038,-8.9637,-8.2024,-4.7320,-3.1865,-2.6602,-3.5662,-4.1173,-5.7628,-6.4523,-4.8536,-3.0451,-2.1110,-0.5749,0.4873,0.2868,-0.4584,-1.1428,0.8396,0.7552,0.7352,0.6667,1.4967,-0.2243,0.6475,0.1988,1.2006,0.0001,0.5513,0.8245,0.8393,0.1178,0.7532,0.8756
0.1358,0.5917,0.3619,0.2390,0.2353,0.5596,0.3559,0.2880,0.1515,1.0021,1.6850,2.2361,2.1493,2.9960,2.7462,1.1987,-0.8370,-1.6463,-0.3321,-0.3752,-3.8762,-4.7384,-3.3353,-1.3411,-0.5854,-0.3781,-1.9717,-2.0315,-3.0935,-3.3011,-3.1529,-5.9494,-6.9708,-5.8403,-5.4447,-7.8670,-8.5237,-8.3752,-8.5391,-8.5610,-7.5559,-4.9795,-4.0695,-3.3379,-4.2499,-4.5486,-4.6583,-4.4889,-4.9186,-3.3489,-1.6389,-0.6515,-0.0087,-0.4346,-0.4278,-0.2342,0.9293,0.3414,-0.2845,0.3438,1.1187,0.4456,0.0474,-0.9052,0.4960,0.0459,0.2805,0.5919,1.6091,0.5860,0.7549,0.2075
-0.4274,0.0682,0.3976,0.4349,0.1193,0.3244,0.4082,0.2872,0.1051,0.6321,1.8827,2.5642,2.3036,3.1225,3.1097,1.2922,-1.2994,-1.6795,-0.4397,-0.2039,-4.0409,-5.1275,-3.6526,-1.2397,-0.8832,-0.9294,-0.4053,-1.7499,-3.7989,-3.0064,-3.4720,-5.9674,-8.6521,-6.0472,-5.6358,-7.6494,-7.6476,-7.9730,-7.7861,-8.6896,-9.1185,-6.2776,-4.6153,-2.9139,-4.7047,-4.9544,-3.8555,-3.4322,-3.9142,-2.8680,-1.7462,-0.3968,-0.1893,-0.0124,-0.0463,0.1744,-0.6387,-0.4617,-0.5943,0.3622,0.5423,0.4126,-0.5643,-1.3056,0.9037,0.6605,0.0442,-0.0775,1.5084,1.3525,1.3278,1.0932
-0.8149,-0.4696,0.2825,0.4315,0.2674,0.1618,0.2039,0.4355,0.1952,0.6162,2.2941,3.2174,2.5128,3.2092,3.6829,1.6943,-1.0956,-1.8947,0.1113,0.3419,-3.3194,-5.0061,-3.3493,-1.0899,-0.5691,-0.6818,1.1849,-0.8884,-3.1436,-2.5692,-3.3787,-6.1321,-9.4954,-7.1785,-6.6081,-7.9605,-8.3102,-8.1175,-8.5421,-7.6668,-8.8987,-5.5068,-4.0872,-1.4172,-2.5216,-4.9901,-5.0263,-3.7910,-3.8642,-2.7650,-1.7679,-0.6435,-0.4415,-0.3766,-0.4122,-0.8076,-1.8684,-1.9750,-0.7764,-0.3818,-0.3818,-0.5495,-0.5757,-1.3420,0.3466,-0.0977,-0.5454,-0.8852,1.1722,1.1004,0.8062,0.2850
