0.1420,-2.0269,-2.8920,-3.1389,-3.0848,-3.3543,-3.4199,-3.2871,-3.1346,-2.7923,-2.9668,-2.9933,-2.7133,-2.3216,-1.5955,-1.0478,-0.9436,-1.1994,-1.6696,-2.1115,-2.2785,-2.1877,-1.8230,-1.2439,-1.1309,-1.2944,-1.4267,-1.4311,-1.1903,-0.9137,-0.6516,-0.8507,-1.1402,-0.4489,0.2428,2.2866,2.0313,1.4359,1.1892,-2.2790,-4.5464,-4.9989,-6.0126,-5.1731,-4.1330,-3.7170,-1.8816,-1.3168,-1.2161,-3.0374,-4.3073,-4.1947,-5.1944,-6.2902,-5.9053,-5.4455,-4.8225,-4.7721,-4.5593,-4.7031,-5.7396,-5.9246,-6.0907,-6.8207,-7.9944,-8.2496,-8.4622,-7.3068,-5.4283,-2.7724,-2.2208,-3.5350
-1.9166,-3.1109,-3.1775,-3.1607,-3.1499,-3.2458,-2.7842,-2.6376,-2.3161,-2.0534,-2.3450,-2.3368,-2.2113,-2.0418,-1.4848,-0.9489,-1.0119,-1.2621,-1.8149,-2.0044,-1.9452,-1.5633,-1.0453,-0.5970,-0.4871,-0.8254,-1.2700,-1.6551,-1.7924,-1.8388,-1.7728,-1.5835,-1.6074,-0.4660,-0.6314,0.4267,0.7954,2.3578,0.9521,-1.3752,-1.8752,-2.1776,-3.4004,-2.0663,-1.9311,-3.0058,-2.3321,-0.4533,-2.7587,-3.4415,-3.7518,-4.3507,-4.1491,-4.3273,-2.1916,-1.9049,-0.9461,-2.0370,-2.5601,-2.9774,-3.8388,-4.5558,-4.4193,-4.9654,-6.3877,-7.4466,-7.4796,-5.8963,-3.3779,-1.4032,-1.3230,-0.4811
-1.9144,-3.0936,-2.8322,-2.7040,-2.3280,-2.1805,-1.4604,-1.2591,-1.0363,-1.1935,-1.3025,-1.2900,-1.4016,-1.4035,-1.1357,-0.8607,-1.0583,-1.4943,-1.8363,-1.8556,-1.7156,-1.1524,-0.6669,-0.4211,-0.3859,-0.8667,-1.4606,-1.8635,-2.0824,-2.0076,-1.9334,-1.8498,-1.1763,-0.2923,0.6174,1.5391,1.7818,2.2504,0.2394,-0.9341,-0.5919,-1.6389,-2.4557,-1.8427,-0.5357,-0.5211,-0.9053,-0.3562,-2.9355,-4.1601,-3.8902,-4.8582,-4.3669,-1.9920,0.0542,0.5026,1.1133,0.3941,-0.9798,-1.4783,-2.0674,-3.1012,-3.5566,-4.0545,-5.3186,-7.2344,-7.1483,-5.7526,-2.7244,-1.7278,-1.3280,-1.6904
-1.7206,-2.6455,-2.4954,-2.0002,-1.3832,-1.1266,-0.5363,-0.3308,-0.2436,-0.6980,-0.9144,-1.1449,-1.2713,-1.2434,-1.0804,-1.3369,-1.6512,-1.9104,-1.9336,-1.8081,-1.6025,-1.0555,-0.5914,-0.4031,-0.6165,-1.3272,-2.0292,-2.4346,-2.4676,-2.2007,-2.1736,-1.9864,-1.3032,-0.2648,1.3697,3.7912,3.8623,1.6047,-0.0405,-0.3702,-0.3110,-1.5113,-2.1268,-1.6985,-0.8388,0.1285,-0.3209,-0.6791,-2.9305,-3.4676,-4.3913,-3.6867,-2.0914,-0.0173,-0.1204,-0.2528,-0.2269,-1.1777,-2.5099,-2.6912,-2.3265,-3.5003,-4.3048,-4.4870,-5.3186,-7.6791,-5.8504,-4.3385,-3.0760,-1.8192,-1.8130,-2.4601
-1.4586,-1.9916,-2.1168,-1.5110,-0.7011,-0.3548,-0.0172,0.1740,0.0906,-0.4783,-0.7593,-1.1448,-1.3892,-1.3959,-1.6659,-2.0452,-2.2479,-2.1975,-1.9079,-1.6149,-1.3234,-0.8627,-0.4634,-0.4305,-0.9443,-1.6161,-2.3233,-2.7205,-2.5183,-2.3233,-2.3923,-1.7336,-0.5104,-0.1460,-0.8619,-2.7505,-3.3784,-1.5833,-1.2337,-0.5985,-0.0212,-1.7207,-2.0795,-1.4157,-1.3346,-0.8159,0.0179,-1.0970,-2.3350,-2.2468,-3.5373,-2.2039,-1.3174,0.1749,-0.5591,-0.5877,-1.0533,-1.6555,-2.2108,-2.9360,-2.1692,-3.8339,-4.5876,-4.9204,-4.9187,-7.4465,-5.3723,-2.8083,-1.4759,-1.5890,-2.3407,-0.7677
-1.0656,-1.4006,-1.4984,-1.0800,-0.3262,0.0926,0.2487,0.4869,0.3672,-0.1632,-0.6804,-1.3998,-2.0385,-2.3852,-2.6776,-2.8790,-2.8341,-2.6207,-1.9698,-1.5381,-1.2089,-0.8742,-0.6347,-0.7862,-1.2641,-1.8059,-2.5105,-2.8805,-2.6350,-2.6595,-2.5429,-1.5465,-0.4284,-4.0960,-5.4923,-3.9608,-1.5820,0.4593,1.1932,-0.0571,-1.5818,-1.4874,-2.0213,-1.4164,-1.2356,-0.7619,0.8114,-0.8305,-1.5448,-0.6448,-2.6579,-0.3988,-0.2879,-0.0090,-0.9341,-1.4343,-2.2684,-2.3234,-2.1459,-3.2616,-1.9964,-5.2160,-5.3607,-5.4588,-4.3446,-6.5654,-4.9973,-2.3110,-0.3855,-1.2547,-2.1240,-1.0260
-0.7875,-1.0502,-0.9283,-0.6565,-0.2171,0.2306,0.3594,0.5836,0.5876,0.0459,-0.6227,-1.6054,-2.7434,-3.4562,-3.6650,-3.6944,-3.5552,-3.2239,-2.2977,-1.6876,-1.4286,-1.1012,-1.1294,-1.2366,-1.4646,-1.9431,-2.6353,-2.9036,-2.8618,-3.0808,-2.7962,-1.4248,-2.6520,-5.9421,-2.0525,0.6950,2.4987,3.7966,2.3233,-2.0042,-1.7887,-2.2777,-2.0124,-1.5061,-1.3794,-0.6074,0.0285,-1.5360,-0.5659,1.1198,-0.3866,3.2556,2.1422,0.3382,-2.0501,-2.7762,-2.4956,-3.2223,-2.6810,-1.9453,-3.0977,-5.9259,-6.3094,-5.2168,-3.0679,-5.8870,-4.0942,-1.7802,-0.6916,-0.9648,-1.5124,-1.3016
-0.3952,-0.8180,-0.5056,-0.3874,-0.1467,0.3143,0.4615,0.8155,0.8497,0.1086,-0.5524,-1.5831,-2.8169,-3.6783,-4.1756,-4.1942,-4.1070,-3.8930,-2.7331,-1.9208,-1.7463,-1.4345,-1.3224,-1.2916,-1.4358,-1.9368,-2.7255,-3.0397,-3.2381,-3.4563,-2.7562,-1.1228,-4.6943,-2.6355,0.2318,2.4910,4.1829,5.0125,0.5910,-2.2683,-2.6786,-2.5102,-1.7077,-1.3680,-1.1513,-0.5513,-1.3344,-1.4616,0.1072,2.1860,1.3287,4.0767,0.9407,-0.9268,-2.5250,-4.3918,-3.9582,-4.1161,-3.2426,-3.8265,-4.3579,-5.8431,-4.0608,-2.9773,-2.7197,-4.7801,-2.8082,-1.1585,-0.6701,-0.9943,-0.5288,-0.7832
0.0778,-0.4492,-0.2314,-0.1221,-0.0113,0.4416,0.7428,1.0964,1.0090,0.1506,-0.5875,-1.4605,-2.6835,-3.6262,-4.1797,-4.3621,-4.3446,-4.2624,-3.2534,-2.4356,-2.1293,-1.6636,-1.3481,-1.2313,-1.3311,-1.8408,-2.9151,-3.2700,-3.4969,-3.6412,-2.1983,0.3613,-4.6006,-0.6131,1.4938,3.3615,4.8884,5.3056,-0.2428,-1.3128,-1.8097,-2.3236,-2.0853,-1.6649,-1.0742,-0.5021,-1.7003,-1.7995,-0.0076,2.4327,1.4651,2.2847,0.1635,-2.2381,-2.7498,-5.9295,-4.4059,-4.5882,-3.0498,-3.2038,-2.8064,-0.2358,0.7227,-1.7717,-3.5561,-4.5600,-2.3384,-0.5898,0.0644,-0.6383,-0.1475,-0.1454
0.4392,-0.0948,0.0874,0.1712,0.3057,0.6973,1.1120,1.3818,1.0967,-0.0148,-0.6707,-1.3084,-2.3247,-3.3600,-4.0964,-4.3593,-4.4380,-4.4389,-3.8520,-3.0916,-2.4407,-1.6987,-1.3543,-1.2360,-1.2374,-1.8479,-3.1843,-3.5529,-3.6675,-3.0596,-1.4864,-4.5120,-4.0671,0.7554,2.6822,4.1013,4.6442,4.2824,-0.8552,-0.2815,-0.6448,-1.9377,-2.3934,-1.8758,-1.3485,-1.5060,-2.3823,-1.5616,0.4020,2.3872,1.8313,1.9163,0.1299,-4.7761,-2.5350,-2.6879,-3.6554,-4.2891,-1.6319,-1.3787,-0.3439,0.5058,0.0401,-0.9648,-3.6483,-3.4752,-1.6393,0.1745,0.4679,-0.2229,0.0977,0.2433
0.6805,0.1580,0.3911,0.5092,0.6023,1.0041,1.4834,1.5450,1.0326,-0.2336,-0.8005,-1.1593,-1.7580,-2.8274,-3.7576,-4.2762,-4.4870,-4.4277,-4.1296,-3.6081,-2.6950,-1.8937,-1.4734,-1.2229,-1.1780,-1.9360,-3.4080,-3.7295,-3.3707,-2.4615,-2.3737,-7.1649,-2.5951,1.2108,3.3021,3.5111,2.8833,2.1449,0.6215,0.4679,-0.0696,-1.4645,-2.3196,-1.8229,-1.5734,-2.0532,-2.8151,-0.8986,1.1028,1.8951,4.7878,2.5914,-0.2218,-5.3383,-3.7934,0.3341,-0.0817,0.2509,2.5098,0.6592,0.2079,-0.0761,0.5991,-1.0881,-1.8155,-1.5461,-0.6670,0.0215,1.2793,0.6486,0.2433,0.5112
0.8267,0.3998,0.7489,0.8316,0.8173,1.2429,1.6904,1.5841,0.7762,-0.3654,-0.7941,-1.0317,-1.3163,-2.2170,-3.2324,-3.9961,-4.2585,-4.3033,-4.2403,-3.9360,-3.1475,-2.3082,-1.7159,-1.3208,-1.2148,-1.9650,-3.3582,-3.4452,-2.7163,-1.2209,-5.0603,-3.7782,-2.0992,1.6953,3.2390,1.9634,1.2534,0.9965,1.2990,0.8980,0.2464,-0.9611,-2.1891,-2.3586,-1.9038,-2.9197,-2.6610,-0.3861,1.8290,2.7871,4.2586,0.9445,1.1951,-3.6897,-3.3338,-3.3262,0.2046,1.3936,3.1481,1.5277,-0.8806,-0.3458,0.2946,-0.9475,-0.6734,-0.7046,-0.4195,-0.3268,0.6096,1.0782,0.8542,1.2463
1.0024,0.6719,0.9392,1.0048,0.9691,1.3872,1.7671,1.3958,0.4864,-0.2947,-0.7319,-0.9126,-1.0307,-1.5726,-2.4564,-3.1276,-3.5562,-3.8062,-4.0310,-4.0035,-3.5675,-2.9152,-2.1149,-1.4705,-1.2581,-1.8980,-3.0193,-3.0974,-1.6597,-2.6716,-1.4873,-2.0856,-1.1541,2.0499,2.6979,0.7292,0.0135,-0.1412,0.0742,0.4070,0.2712,-0.8234,-1.6585,-2.5863,-2.5820,-2.9301,-1.5661,0.4358,1.7872,2.2582,3.3665,1.4310,2.0934,-1.1809,-0.9654,-2.9170,-1.2962,1.5052,1.4895,-0.0811,-0.8851,0.2113,0.7249,-0.0698,0.1757,-0.2538,-0.3449,-0.1526,0.2345,0.6141,0.9876,1.4351
1.1361,0.8352,1.0449,1.0706,1.0337,1.4973,1.7393,1.3176,0.4208,-0.2310,-0.5781,-0.6928,-0.8004,-1.0754,-1.6767,-2.2047,-2.6812,-3.1195,-3.5650,-3.7828,-3.6981,-3.3554,-2.5195,-1.5796,-1.1661,-1.5326,-2.4660,-2.7723,-1.0689,-2.0391,-1.4102,-2.6195,-0.9487,2.1737,1.9776,0.3124,-1.2973,-2.0688,-1.6954,-0.9257,0.0583,-0.3876,-0.9066,-2.6694,-2.4805,-1.8615,-0.8818,-0.3473,1.0981,1.3859,1.4483,0.5531,2.4316,-1.2730,-1.7270,-3.7859,-2.7433,-0.0381,1.1116,0.1661,-0.4152,0.3539,0.0376,0.4806,0.9393,-0.5388,-0.7424,-0.5215,0.2394,0.7211,1.0742,1.6669
1.1204,0.8521,1.0802,1.0637,1.0718,1.5440,1.7551,1.2681,0.4392,-0.1291,-0.3850,-0.4267,-0.4847,-0.7488,-1.0899,-1.4772,-1.7317,-2.3121,-3.0895,-3.5466,-3.6052,-3.5538,-2.7723,-1.5719,-0.9631,-0.9903,-1.6416,-2.5774,-1.3893,-2.7100,-3.1714,-2.9743,-1.0981,1.3935,0.2363,-1.2829,-2.9620,-3.7993,-2.9760,-0.7420,0.8332,0.8464,-0.5844,-2.2097,-2.1277,-1.3543,-1.4783,-1.2820,-0.1797,-0.3981,0.5114,1.5212,-0.5135,-2.4015,-3.2247,-6.0156,-4.4886,-0.4473,1.0487,0.4389,0.0398,0.5563,0.5940,0.8006,1.0842,-0.0496,-0.7825,-0.4841,0.3366,1.0363,1.7611,2.3246
1.1703,0.8676,1.1420,1.0335,1.0380,1.5233,1.6822,1.2002,0.4597,0.0007,-0.1598,-0.2051,-0.2706,-0.4717,-0.7478,-1.0055,-1.2622,-1.8118,-2.6709,-3.2168,-3.3607,-3.3871,-2.7671,-1.4124,-0.7111,-0.3587,-0.7480,-1.9410,-1.5524,-2.3768,-2.7546,-3.3364,-1.8254,-1.0089,-1.6185,-2.2208,-3.0075,-3.9898,-2.0422,0.4180,2.3670,1.8592,-0.4219,-1.4023,-1.4090,-1.9287,-1.8569,-1.6595,-0.7248,0.3209,-0.3496,-0.3634,-1.8160,-2.5569,-4.9662,-3.5125,-4.4511,-2.8518,0.3513,0.5995,0.5683,0.7289,1.5041,1.6113,0.8996,-0.1613,-0.7975,-0.7891,-0.4299,0.2904,1.2704,2.0613
1.2616,0.9716,1.2247,1.0788,0.9953,1.3442,1.4374,0.9281,0.3635,0.1490,0.1021,0.0895,-0.0132,-0.2382,-0.5864,-0.8831,-1.2002,-1.7445,-2.3598,-2.9032,-3.0574,-3.0272,-2.5856,-1.2735,-0.5120,-0.0381,-0.3200,-1.3873,-1.9374,-2.7883,-3.5042,-3.3732,-2.4518,-1.4281,-1.3109,-0.9781,-1.7959,-1.8410,-0.2233,1.9842,3.8578,1.4379,-0.0497,-0.2827,-0.8315,-1.8652,-1.6435,-2.0706,-0.7549,0.3041,-1.8519,-1.5934,-2.0767,-0.8409,-2.7805,0.3743,-2.6163,-3.2207,0.4125,0.6720,-0.1191,0.9068,1.3944,1.3036,1.2142,0.2193,-0.6370,-0.4863,-0.3381,0.0877,0.7946,2.0513
1.4171,1.0676,1.3608,1.0684,0.8993,0.8624,0.6825,0.2724,0.1358,0.2994,0.4702,0.4005,0.2941,-0.0356,-0.5333,-0.9144,-1.2182,-1.7580,-2.2743,-2.6280,-2.7204,-2.6243,-2.0437,-1.0571,-0.4467,-0.0540,-0.8675,-1.5544,-2.7724,-4.0841,-3.9565,-3.1948,-1.0069,0.5208,0.6372,1.3667,0.7394,0.6131,1.4086,3.6628,2.2760,1.1843,0.6673,0.5752,-1.0339,-1.7722,-2.1544,-2.2552,-1.3595,-0.2845,-1.5155,-0.2172,-1.7414,-1.0808,-2.2823,2.0152,-0.8518,-2.8828,0.1495,1.7510,0.4971,0.3276,0.7054,0.7288,1.1661,0.9199,0.1632,-0.1314,0.1935,0.3857,0.9343,1.8828
1.5296,1.0991,1.3691,0.9958,0.7384,0.2311,-0.1907,-0.2603,-0.0088,0.4443,0.7310,0.6555,0.4979,0.1151,-0.5567,-0.9543,-1.3247,-1.7940,-2.2551,-2.5012,-2.4735,-2.2587,-1.5837,-1.0015,-0.5347,-0.5365,-1.6331,-2.0192,-3.0610,-3.7940,-3.3289,-2.5771,-2.7172,0.1600,0.6291,1.6393,1.6117,1.7658,2.3439,1.3808,2.0396,1.5897,1.5796,0.5867,-0.9444,-2.1170,-2.5735,-1.9318,-1.3207,-0.8986,-1.1796,1.6426,0.0058,-2.1758,-2.2141,-0.0087,-1.2253,-1.7129,0.0828,1.3400,0.9562,0.9047,0.1429,0.1550,0.7342,1.2434,0.7199,0.3166,0.3788,0.5736,0.7030,1.7213
1.5912,1.0595,1.3169,0.8458,0.3881,-0.1199,-0.3781,-0.3420,-0.0746,0.6089,0.9378,0.8349,0.6202,0.0604,-0.6350,-1.0371,-1.3632,-1.7614,-2.2081,-2.4092,-2.3528,-2.0337,-1.3768,-1.1235,-0.8606,-1.2914,-2.3503,-2.9678,-3.5615,-3.9541,-4.6741,-3.7350,-3.9081,-2.2291,-1.7332,-0.4673,-0.0141,0.2995,-0.5948,1.1785,3.1100,2.2706,1.1460,0.0368,-1.6977,-2.5332,-2.5219,-0.5728,0.5590,0.1348,-0.1858,0.3812,0.4940,-0.6593,-2.9559,-1.3597,-1.2736,-1.0146,-1.2460,1.0255,0.8171,0.5755,-0.2698,-0.2619,0.4666,1.3903,0.9367,0.0513,-0.2362,0.3573,0.5696,1.3931
1.5557,0.9335,1.1164,0.4101,-0.0107,-0.1403,-0.3056,-0.1521,0.2481,0.8563,1.0179,0.8763,0.5698,-0.1372,-0.8102,-1.1113,-1.3308,-1.6783,-2.1817,-2.2712,-2.1879,-1.7436,-1.3866,-1.3127,-1.3022,-1.9486,-2.8645,-3.1540,-2.2519,-3.9698,-1.8092,-1.8475,-0.9928,0.0434,1.7429,3.1834,2.0255,-0.8545,0.9931,3.9562,4.5672,2.4253,0.8754,-0.9225,-2.0168,-2.9460,-1.1282,0.0185,0.8444,0.1910,0.6936,1.0961,2.1007,1.3331,0.9693,0.1931,-0.1566,-0.7113,-1.5345,-0.4935,-0.0743,-0.1397,-0.3733,-0.2818,0.3373,1.1876,0.6084,-0.0671,-0.2398,0.4345,0.3155,0.6065
1.4799,0.5935,0.4424,-0.2908,-0.4391,-0.0915,0.3137,0.5869,0.8235,1.1309,1.1170,0.8973,0.3938,-0.5963,-0.9193,-1.0481,-1.1800,-1.5040,-1.9455,-1.9809,-1.8267,-1.4531,-1.4321,-1.5529,-1.8798,-2.4048,-3.0681,-2.2522,-1.7893,-1.8203,-1.4221,-0.5008,1.7060,0.8887,3.1006,3.3013,-1.3659,1.9021,3.3814,4.8675,5.1784,2.3056,0.3209,-1.4743,-2.5772,-2.0836,-1.3629,-0.8057,2.0114,-1.2941,-1.7160,-0.5278,1.1915,1.0144,0.7908,-0.3346,-0.5437,-0.6062,-1.5355,0.1679,-0.1156,-0.3072,-0.4234,-0.6622,-0.4309,-0.0902,-0.3961,-0.5009,-0.5439,0.3124,0.3152,0.7034
1.3514,0.0492,-0.3605,-0.9013,-0.6437,0.3039,1.0297,1.2166,1.3010,1.2873,1.1541,0.8879,-0.1763,-0.8898,-0.9040,-0.8592,-0.9633,-1.2799,-1.5165,-1.5099,-1.3219,-1.2546,-1.3463,-1.9216,-2.1954,-2.5489,-2.9500,-2.6012,-1.8599,-2.0871,-2.1995,0.3299,0.3792,2.0044,4.2140,0.3727,-0.8710,1.9783,3.1138,4.7498,5.0196,2.2916,-0.2181,-1.8066,-2.4853,-2.0289,-2.4215,-1.0505,0.1245,-0.0356,-0.5882,-0.6865,-0.4890,-0.4886,-0.5472,-1.2653,-1.1975,-0.9924,-2.0018,-0.7892,-0.1643,-0.6274,-0.6675,-1.0243,-1.5148,-1.6858,-1.7960,-1.7341,-1.0304,0.0755,0.2836,0.7357
1.1143,-0.4997,-0.7461,-1.0247,-0.6976,0.7166,1.2886,1.3371,1.3894,1.3169,1.1604,0.7058,-0.5312,-0.8461,-0.8234,-0.6290,-0.6880,-0.9269,-0.9592,-0.9027,-0.8845,-1.0145,-1.3198,-2.1069,-2.2750,-2.6146,-2.9940,-2.5059,-2.1634,-4.0909,-4.0489,-2.5266,-1.1661,0.7511,2.3939,-2.3524,-1.3773,0.8258,3.5033,4.7885,4.1226,1.5441,-0.4309,-2.4271,-3.5869,-2.9580,-2.4286,-1.0703,-0.9843,1.1976,0.5896,0.0938,2.1736,0.0289,-0.4899,-1.0506,-1.2004,-0.7093,-1.4468,-2.0414,-1.5130,0.2704,-0.0884,-0.9592,-2.1097,-2.6758,-2.7176,-2.4013,-2.1698,-0.6487,0.1447,0.5666
0.7232,-0.7051,-0.7261,-1.0057,-0.3945,0.9431,1.4076,1.4286,1.4220,1.3069,1.1182,0.4290,-0.5026,-0.6911,-0.4366,-0.2540,-0.3299,-0.4251,-0.3613,-0.3637,-0.5162,-0.7973,-1.4111,-2.0615,-2.1484,-2.6465,-3.0920,-2.9513,-2.6518,-4.9461,-5.7858,-4.8575,-3.5470,-1.3116,-0.1140,-3.0726,-1.2317,0.9777,3.6569,4.4546,3.5605,1.1037,-0.5200,-2.3547,-3.8282,-2.3465,-2.6461,-1.2074,-1.0245,0.8275,0.5234,0.2781,-0.5562,-2.2713,-1.7862,-1.8427,-1.8499,-1.3754,-2.3632,-2.1583,-2.4855,-0.5198,-0.2484,-0.7360,-2.0278,-2.7518,-3.0291,-2.3303,-1.8835,-0.8589,-0.1236,0.6983
0.2785,-0.6641,-0.5614,-0.4515,0.4501,1.1444,1.3712,1.3675,1.2237,1.0957,0.8200,0.2485,-0.2750,-0.2692,0.0675,0.1392,0.0936,0.1181,0.1844,0.1270,-0.1744,-0.7569,-1.4975,-2.0623,-2.2287,-2.8876,-3.5309,-3.2470,-5.0612,-5.3872,-6.3976,-4.7140,-3.4658,-2.1354,-2.7630,-3.7875,-1.5482,1.5023,3.4510,3.3484,2.1038,0.2526,-0.6279,-2.4798,-3.6368,-3.4705,-2.7494,-3.2095,-1.2468,-0.3112,0.4113,0.5401,-0.1922,-2.0264,-2.3965,-3.2064,-3.3716,-1.7002,-1.2410,-0.7342,-1.1375,-0.8014,-1.0642,-1.3845,-2.3181,-2.8227,-2.7087,-2.4098,-1.8906,-1.0414,-0.1780,0.8006
0.2357,-0.2889,0.3759,0.6687,0.9524,1.2663,1.3070,1.2350,0.9557,0.6802,0.4555,0.3287,0.2606,0.3423,0.5806,0.5516,0.5825,0.6377,0.6593,0.5177,-0.0413,-0.7558,-1.6445,-2.1513,-2.4997,-3.1254,-4.0410,-4.9234,-5.8143,-6.0534,-6.4695,-6.1746,-5.1296,-3.6168,-2.5058,-1.0591,0.5282,2.0088,2.3146,1.0498,0.4642,-0.5089,-0.6693,-2.3347,-3.1249,-2.9527,-1.2858,-3.5039,-3.9396,-1.6298,-0.6408,0.5488,0.2631,-0.2229,-2.6436,-3.1350,-0.5342,0.1995,-0.2264,-0.3071,-0.3675,-0.4918,-1.2561,-2.3393,-3.0991,-2.7780,-2.1321,-1.9188,-2.0783,-0.9972,-0.4002,0.5681
0.2937,0.6147,1.2731,1.1793,1.1201,1.2121,1.2115,1.0516,0.7063,0.3063,0.2335,0.5100,0.7597,1.0270,0.9892,0.9756,1.0417,1.1435,1.0519,0.7504,0.0411,-0.8844,-1.7785,-2.5036,-2.7677,-3.2497,-3.2164,-5.8764,-5.2614,-6.3676,-6.4946,-5.8578,-5.8198,-3.9521,-2.8761,-0.4381,0.2745,0.4042,0.6124,0.0201,-0.3662,-0.6936,-1.0271,-2.8015,-3.6604,-2.3159,-2.0595,-1.8158,-2.9741,-2.5314,-1.5106,-0.1657,0.4239,1.0710,-0.9383,-0.5049,-0.2345,-0.2577,-0.4241,-0.1851,-0.1262,-0.4270,-1.5125,-2.6355,-2.8740,-2.7989,-2.5113,-1.1083,-1.7986,-1.0535,-0.0374,0.9972
0.6975,1.1966,1.5087,1.2538,1.1881,1.0219,0.9319,0.8026,0.5042,0.1300,0.2764,0.7525,1.2735,1.3848,1.3475,1.2823,1.3621,1.3771,1.3050,0.9139,0.0739,-0.9449,-1.9546,-2.8370,-3.1142,-3.5783,-3.4316,-6.4073,-5.1513,-4.5083,-3.8032,-3.5846,-2.9581,-1.1385,-0.0679,0.2836,0.3164,-0.1269,0.0216,-0.0668,-0.2934,-0.5959,-1.5207,-3.0848,-3.6967,-2.4449,-2.2257,-1.8444,-1.9835,-1.6058,-0.8363,-0.0964,0.5892,0.8266,-0.1125,0.0764,-0.7848,-0.9807,-0.2989,-0.0882,0.0877,-0.8250,-2.0142,-2.7310,-2.7201,-2.9930,-2.9111,-0.2683,-1.0382,-1.0265,0.3189,1.0224
1.5622,1.3482,1.5533,1.2818,1.0607,0.6046,0.5264,0.5584,0.5338,0.2467,0.3276,1.0558,1.6145,1.6030,1.4870,1.4963,1.5058,1.5538,1.4664,0.9592,0.1199,-0.9914,-2.0951,-2.9229,-3.0578,-3.2828,-2.3832,-3.9372,-3.7590,-6.0217,-5.2136,-4.0457,-2.3856,-0.6649,0.6104,1.5443,1.5464,1.9946,1.7280,1.9222,0.5485,-0.8175,-2.0462,-3.1168,-3.3521,-1.8426,-2.2188,-2.1493,-1.8019,-0.9841,-0.0002,0.6997,1.3012,0.9412,1.0450,0.4634,0.6215,-1.0465,-0.3222,0.3629,-0.3677,-1.4190,-2.1162,-2.5350,-2.5483,-2.6544,-2.6638,-1.7383,-0.2960,-0.6977,0.0984,0.7144
1.9362,1.4251,1.5375,1.1626,0.8042,0.2698,0.3083,0.6117,0.7596,0.7561,0.8355,1.4694,1.7258,1.7069,1.5970,1.5867,1.6211,1.6782,1.5276,0.9688,0.1136,-1.0454,-2.1028,-2.7379,-3.0004,-3.3039,-1.6598,-2.6058,-4.4739,-3.6703,-3.4870,-2.0967,-0.1951,0.9430,1.8511,2.0802,2.6821,3.8608,3.9495,3.1034,1.3204,0.4336,-1.3640,-2.5681,-3.8971,-2.7218,-2.4961,-1.5279,-1.1776,-0.3461,0.2313,1.0113,1.4606,1.9891,1.8179,1.7465,0.0334,-0.7678,-0.3229,0.0713,-0.4678,-1.4182,-1.8958,-2.2049,-2.1784,-2.1379,-2.6370,-2.3257,-1.2439,-0.1937,-0.0242,0.5729
2.0532,1.4446,1.4386,1.0491,0.5758,0.1742,0.2875,0.7509,1.2926,1.4149,1.4803,1.8298,1.8880,1.7807,1.6410,1.5851,1.7456,1.7472,1.5320,0.8971,0.0839,-1.0862,-2.0302,-2.3257,-2.8712,-2.7140,-2.2564,-2.4273,-3.1922,-1.6575,-0.9351,0.5197,1.3846,2.0239,2.5881,1.8807,2.2280,3.0336,3.5364,1.7691,1.1189,1.0743,-0.4699,-1.6049,-2.5886,-2.7886,-3.4418,-2.3986,-1.1972,-0.0921,-0.0987,0.4183,1.7144,2.1093,2.4369,2.1938,1.7906,-0.1039,-0.3535,0.1491,0.1562,-0.6474,-1.3658,-2.2396,-2.0577,-2.2372,-2.5313,-2.6183,-2.0484,-0.5687,-0.0580,0.4704
2.0841,1.3996,1.3598,0.8437,0.4237,0.2174,0.4098,1.0289,1.7289,1.8940,1.8518,1.9988,1.9923,1.8010,1.6047,1.5706,1.7430,1.7570,1.4755,0.8713,-0.1077,-1.1638,-1.8304,-2.2155,-2.9980,-2.9120,-2.7235,-2.4318,-2.0684,-0.3862,0.1556,0.5163,0.3414,1.0980,1.6179,1.3717,1.1633,1.7048,2.8263,1.5291,1.1273,0.7051,-0.4955,-0.6781,-1.9922,-2.5960,-2.9117,-1.9028,-0.8020,-0.8264,-0.2368,0.1684,1.4101,2.3010,2.5405,2.6588,2.3808,0.0692,-0.1797,0.6483,0.6291,-0.0602,-1.0277,-1.8148,-2.3800,-2.2358,-2.3297,-2.8130,-2.2429,-1.2125,-0.2187,0.1220
2.0557,1.3497,1.1972,0.5796,0.3251,0.4023,0.7244,1.4214,1.9041,1.9622,1.8874,2.0510,2.0247,1.6757,1.3798,1.4054,1.7343,1.6785,1.4327,0.6540,-0.3966,-1.2466,-1.7894,-2.3099,-3.1654,-2.8688,-2.9830,-2.9116,-1.7726,0.2843,-0.4051,-0.5731,-0.3551,0.7166,0.2156,-0.2066,0.0214,0.1015,0.0094,-0.5512,0.0394,0.3415,0.1385,-0.7907,-2.2813,-2.2876,-3.1870,-0.6492,-0.1943,0.4308,-0.0031,0.2008,1.5761,2.4499,2.9012,2.6777,2.8055,0.6964,0.2002,0.8493,0.6754,-0.0468,-0.9621,-1.6690,-2.0688,-2.2518,-2.9171,-2.5927,-2.1822,-1.3848,-1.0028,-0.3588
1.9782,1.3370,0.9996,0.3941,0.2653,0.6939,1.0895,1.6381,1.9193,1.9336,1.9493,2.0911,1.9989,1.3791,1.0906,1.2727,1.7063,1.6159,1.2473,0.2654,-0.6864,-1.3125,-1.8279,-2.5014,-3.1149,-2.7524,-2.7134,-3.4075,-1.3523,0.4563,-0.2586,-0.2009,-0.0604,0.6590,1.3989,-0.2014,-0.2196,-0.5598,-2.9751,-5.2076,-3.6026,-2.8399,-0.6916,-1.1448,-1.4746,-1.8370,-1.4542,-0.5294,0.2568,-0.1971,-0.5316,0.6947,1.7680,2.7984,3.1114,3.0197,3.5092,1.6396,0.7716,0.3159,0.6199,-0.0233,-0.8030,-1.3299,-1.7199,-2.0299,-2.7478,-2.4964,-1.9631,-1.4529,-0.9514,-0.5983
1.9444,1.3100,0.8421,0.3447,0.3970,0.9175,1.2944,1.6686,1.8127,1.9016,1.9531,2.0334,1.8802,1.0714,0.8629,1.0826,1.6518,1.5362,1.0050,-0.1469,-0.8466,-1.3707,-1.9510,-2.5343,-2.4837,-2.5968,-2.7044,-2.4330,-0.9567,-0.0922,-0.6766,-1.1911,-0.8820,0.3350,2.0236,1.6910,-0.8567,-0.8487,-4.0972,-7.3484,-6.8316,-4.6912,-1.4913,-1.9681,-0.9978,-1.4324,0.2893,0.6427,0.6254,-0.6789,0.5062,1.4606,3.0226,3.9804,4.1818,4.0918,4.1656,3.1545,1.2266,0.4127,0.1826,0.1206,-0.3564,-0.7046,-1.0993,-1.5317,-2.3058,-2.2376,-1.6126,-1.2795,-0.8989,-0.3898
1.8869,1.1929,0.7972,0.4554,0.5518,1.0235,1.2721,1.5795,1.7533,1.8556,1.8564,1.8970,1.7352,0.7835,0.5955,1.0866,1.5880,1.4195,0.7371,-0.5094,-1.0029,-1.3984,-2.1943,-1.9856,-2.1588,-2.8296,-2.6399,-1.4429,-0.9541,0.1912,-0.1628,-0.4214,-0.9817,-0.3906,1.8272,1.3306,-2.0811,-2.2003,-4.7156,-7.0380,-6.7824,-4.8532,-1.5827,-2.4609,-1.4436,-0.2478,0.4543,1.5284,-1.0171,-1.0956,0.4274,2.3729,3.6967,4.4940,5.3350,5.0543,4.9671,4.7577,2.0518,0.7346,-0.2368,0.0234,0.2515,-0.2351,-0.8920,-1.2822,-1.4653,-1.5793,-1.0899,-0.7458,-0.6091,-0.0763
1.7413,1.0518,0.9274,0.6944,0.7439,1.0409,1.2582,1.5033,1.6360,1.6965,1.7168,1.7969,1.5518,0.6380,0.5291,1.2435,1.5116,1.3540,0.5298,-0.8394,-1.1589,-1.5897,-2.2917,-1.2859,-2.4019,-3.5620,-3.1434,-1.6348,-0.6173,0.3503,2.5120,3.2707,2.8193,0.9363,1.8639,-0.2516,-4.2178,-3.6234,-3.8218,-5.1559,-5.4543,-6.2070,-3.6053,-2.9481,-0.7853,-0.4369,0.5313,1.0150,0.2456,1.7536,1.6451,2.4893,3.8172,4.5029,5.4391,5.6792,5.6976,5.0216,1.4565,0.8042,0.1154,0.7643,0.5510,-0.0145,-0.1814,-0.7575,-0.6970,-0.5245,-0.7587,-0.5890,-0.4532,0.3664
1.5352,0.8863,1.1136,0.8639,0.8578,1.0767,1.2180,1.4209,1.5234,1.6186,1.6424,1.6709,1.3962,0.7478,0.7444,1.4354,1.4910,1.3119,0.2453,-1.0979,-1.3876,-2.0144,-2.3045,-1.2687,-2.9492,-3.8656,-3.1182,-1.2042,0.8279,3.0342,4.6807,4.1665,4.4050,2.3495,-0.0771,-3.4734,-5.7328,-4.2741,-3.0267,-3.2545,-3.2385,-3.7647,-4.2396,-3.4611,-1.3783,-1.5110,-0.3855,-0.8421,-0.8730,-0.7256,1.0419,3.1982,3.1130,4.5441,5.6804,6.2607,6.9563,7.3284,2.6561,-0.4817,-0.4233,-0.7722,0.0954,-0.3830,0.0855,0.5515,0.2560,-0.0963,-0.4082,-0.2631,-0.1316,0.9366
1.3102,0.8030,1.1893,0.9021,0.8383,1.0589,1.1338,1.2429,1.3756,1.4694,1.5894,1.5432,1.2327,0.7911,0.9241,1.5052,1.4884,1.1971,-0.1471,-1.3632,-1.6852,-2.3509,-2.0125,-1.4244,-3.6297,-3.7953,-3.1018,-0.8694,1.0741,2.9881,4.6954,4.4165,4.8807,3.5178,-2.8484,-5.0896,-6.4745,-5.0327,-1.9998,-2.0788,-1.2665,-1.1145,-3.0396,-3.4891,-1.6433,-2.1352,-0.1120,0.2002,0.4987,0.0423,0.5635,1.5234,2.2887,4.8544,6.9524,8.0708,8.7789,9.7889,5.4278,-0.3743,-0.8203,-0.8108,-0.9108,0.1647,-0.1403,0.8025,0.6911,0.0833,-0.0801,0.2401,0.7928,1.4846
1.1765,0.8355,1.1887,0.8718,0.8316,0.9498,1.0159,1.2052,1.3084,1.4143,1.6020,1.3446,1.1084,0.9099,1.0940,1.5322,1.4627,1.1478,-0.4112,-1.6511,-1.9094,-2.5099,-1.9841,-2.2019,-3.6501,-3.9120,-2.5621,-0.5261,0.4691,1.5212,2.5856,2.6557,3.7455,3.7672,-3.9626,-5.7698,-6.1687,-4.5443,-2.4700,-2.2618,-0.4821,-1.4189,-1.9003,-2.8955,-2.2236,-1.0005,-0.3732,0.1799,1.1083,0.8925,-0.1563,0.5590,2.8569,5.5225,7.4147,8.7240,8.8638,9.6084,7.9489,0.6249,-1.6059,-1.8629,-1.1196,-0.9516,0.6261,0.4851,0.9674,0.5204,0.6511,0.7310,1.5940,2.2991
1.0978,0.7452,1.0919,0.8303,0.7654,0.9348,0.9991,1.1325,1.2816,1.4403,1.5303,1.1544,1.0093,0.9870,1.2504,1.5578,1.4748,1.1043,-0.7086,-1.7621,-2.1068,-2.5861,-2.1424,-2.3243,-3.4337,-3.4188,-1.8443,0.2691,-0.7709,-1.1857,0.6864,1.6858,3.2246,1.0689,-4.1207,-5.0405,-5.3192,-4.8865,-2.9593,-2.1004,-0.4845,-0.8811,-1.0874,-0.6973,-1.7147,-1.2540,-0.5359,-0.6574,-0.1777,-0.6689,-0.8292,-0.2793,2.2397,5.0644,6.5201,7.8472,8.6494,9.8020,10.1470,4.9782,-1.3000,-2.3414,-2.5438,-1.0103,-0.1219,0.9326,0.8187,0.7285,1.3488,1.7491,2.1714,2.5449
0.9085,0.5622,0.9769,0.7791,0.7098,0.8877,0.9930,1.1253,1.2635,1.3490,1.3790,1.0059,0.9138,1.0878,1.3162,1.6107,1.4676,1.0938,-0.9070,-1.8679,-2.1054,-2.6153,-2.2332,-2.2939,-3.0903,-2.9156,-1.0401,-0.7104,-1.9919,-1.3167,1.3280,1.4295,0.6129,-2.8770,-1.8784,-3.8812,-4.3970,-4.6234,-3.4640,-2.1787,-1.1496,-0.4542,-0.5435,0.4472,0.2482,0.3492,0.4553,-0.2533,-0.3837,-1.3108,-1.7195,-0.0232,2.2961,5.4818,6.0372,6.4588,8.2832,9.9318,9.5512,8.2909,2.5201,-2.3261,-3.5387,-1.4722,-0.1486,0.3555,0.1134,1.1507,1.5532,2.0240,2.5032,2.5339
0.6804,0.3360,0.8738,0.6771,0.6690,0.8938,0.9576,1.0848,1.1667,1.2642,1.2312,0.8695,0.9232,1.1826,1.3947,1.6020,1.4795,1.1240,-1.0794,-1.8306,-2.0457,-2.4987,-2.0034,-1.8355,-2.6017,-1.8662,-0.5231,-3.0907,-2.0856,-0.1190,1.5682,-0.7530,-3.4118,-3.5372,-0.8239,-1.5815,-3.2139,-3.6008,-3.3753,-0.6509,-0.3651,-0.2071,1.1797,1.3827,1.2366,1.0906,0.8073,0.7102,1.1966,0.2292,0.0242,0.7210,2.3406,2.1793,3.4861,4.8945,7.0227,8.6743,8.6307,7.7582,6.3718,-1.1766,-3.8020,-2.5778,-0.8279,-0.3653,0.3774,1.3661,1.4238,1.9464,2.0343,2.3758
0.5554,0.1237,0.7185,0.6144,0.6383,0.8284,0.9578,0.9942,1.0347,1.0944,0.9174,0.8209,0.9509,1.2521,1.3651,1.5742,1.5396,1.1195,-1.1789,-1.7697,-1.9552,-2.2925,-2.1949,-1.4872,-1.8610,-1.1236,-2.5673,-2.7948,-1.2559,0.8255,1.3297,-5.4820,-4.5403,-2.7063,0.4425,-0.6913,-2.3133,-1.9502,-1.6162,-1.1921,-0.7083,-0.7549,0.7536,1.7951,1.3815,0.9286,1.1672,2.3208,2.4900,1.4783,1.0141,0.8883,1.7088,0.9685,2.0411,3.7772,5.6821,6.9123,7.3254,7.1396,5.7303,1.7105,-4.3364,-4.9960,-2.9619,-0.5595,1.0653,1.5951,1.4344,1.5644,1.7709,1.9605
0.3818,-0.1114,0.5882,0.5408,0.6031,0.8265,0.8944,0.9326,0.8981,0.9561,0.6934,0.7591,1.0216,1.2703,1.3521,1.5914,1.5975,1.1327,-1.3016,-1.7265,-1.8438,-2.0806,-2.5574,-1.0853,-0.6135,-1.4232,-2.0921,-0.9111,0.2113,0.8482,1.8052,-3.5957,-4.6357,-1.3038,1.3466,0.3020,-1.0137,-1.3142,-0.6812,0.0350,0.1091,-0.2210,0.6981,1.0310,0.9808,1.1897,1.6759,2.6390,2.3392,1.9937,1.0935,1.1230,1.4970,2.1831,2.5444,3.7023,4.9683,5.9817,6.0681,5.5200,5.0393,3.5128,-2.8564,-5.0988,-4.5682,-2.2486,0.4706,1.4428,1.4231,1.5996,1.8977,1.7150
0.3009,-0.2638,0.4274,0.4116,0.5903,0.7579,0.8236,0.8042,0.8035,0.8740,0.5910,0.7867,1.1211,1.2569,1.2937,1.5722,1.6165,1.1017,-1.3843,-1.6200,-1.7016,-2.0300,-2.7517,-0.8823,-1.1750,-2.1286,-0.7573,0.6557,1.1525,-0.1654,0.7516,1.0443,-4.1875,-0.5474,0.9941,1.2877,0.7248,-0.8251,0.1866,-0.7410,1.3967,1.6707,1.2464,0.5088,0.3869,0.6177,2.2504,2.9530,3.6291,1.5434,1.3556,2.1495,2.4852,2.9948,3.2151,3.8764,4.7457,5.5103,5.3611,5.0774,4.5484,4.1767,1.1225,-3.7105,-3.7043,-2.2300,0.0301,1.4612,1.6156,2.0039,2.3162,2.0805
0.1978,-0.4642,0.1912,0.2943,0.4504,0.7071,0.7725,0.7561,0.7433,0.7956,0.6031,0.9092,1.1665,1.2321,1.3216,1.5600,1.6808,1.1481,-1.3667,-1.5394,-1.6806,-2.1495,-2.8717,-0.2363,-1.3391,-1.5109,2.2631,2.0940,0.0891,-0.3419,1.1798,2.6762,-3.2106,-0.3165,0.4561,1.1974,0.6063,0.3280,0.5110,-0.0373,-0.5158,1.7557,2.7939,1.6994,1.0470,0.9948,2.3283,3.2897,2.8574,2.1230,2.5692,3.1433,3.5659,3.7460,4.1542,4.4385,5.0036,4.9996,5.1596,5.0395,4.5943,3.9902,3.3707,1.5765,0.0370,0.0063,0.5046,1.2296,1.8246,2.4839,2.6489,2.2301
0.0552,-0.5818,-0.0123,0.0952,0.3036,0.6816,0.7471,0.6899,0.6807,0.8157,0.7573,1.1065,1.2646,1.3313,1.2985,1.5916,1.7203,1.2095,-1.3177,-1.4392,-1.6427,-2.2724,-3.0379,0.3732,-1.1275,0.8679,2.5569,1.8760,-1.0497,-0.9043,1.1084,0.3623,-1.7183,-0.6149,-0.5484,0.4361,0.2330,0.6029,1.0903,-0.2624,-0.7212,1.1303,1.2666,1.1369,1.0022,1.4469,2.1974,2.5585,2.8605,2.7230,2.6486,3.2618,3.3352,3.6657,4.1043,4.8415,5.0267,5.1171,5.5096,5.3672,5.0621,4.5085,4.3912,3.8949,2.5144,1.6210,1.4229,1.7878,2.2135,2.7563,2.4617,1.8243
-0.1731,-0.8133,-0.2521,-0.1899,0.0977,0.5506,0.6553,0.6874,0.6566,0.8459,0.9416,1.2493,1.3496,1.4356,1.3070,1.6705,1.8052,1.3297,-1.2103,-1.3587,-1.6873,-2.3661,-3.2050,-1.0577,-0.3284,1.4916,2.3893,-0.0378,-1.8869,-1.4606,0.5818,-2.5347,-0.6458,-2.0076,-1.4908,-0.4660,0.4759,0.9368,1.1536,-0.2326,-0.4747,1.2161,1.3050,0.8153,0.6848,0.7221,1.1386,2.1936,2.5399,2.5408,2.7307,2.9692,3.3104,3.5797,4.3024,5.2698,5.8762,5.8466,5.8554,5.6173,5.4935,5.2152,4.8983,4.8463,3.9817,3.0504,2.7314,2.5972,2.1815,2.4651,2.0026,1.9489
-0.2334,-0.9560,-0.4732,-0.4717,-0.1523,0.3164,0.5590,0.5946,0.7229,0.9669,1.1742,1.4189,1.4998,1.5431,1.4034,1.7098,1.9370,1.4221,-1.1201,-1.2549,-1.5676,-2.5818,-2.8971,-1.8020,0.1294,1.3903,1.4301,-3.0859,-3.4969,-2.5031,0.3663,2.6137,1.1198,-0.4941,-0.2891,-1.0638,0.2798,0.9320,1.7014,0.4939,-0.1599,-0.0084,0.7751,1.1528,1.2975,1.3023,1.4229,1.9227,2.2337,2.1975,2.3002,2.4901,2.9968,3.6233,4.4290,5.2611,6.1688,6.9769,7.1271,6.7379,5.9440,5.5960,5.2056,5.4123,5.6188,4.6745,4.2535,3.6840,2.6696,2.1610,1.9947,2.5268
-0.3316,-1.0957,-0.6274,-0.6443,-0.4040,0.1252,0.3774,0.4612,0.7033,1.0015,1.2362,1.4892,1.6774,1.7156,1.4705,1.7883,1.9949,1.5496,-0.9745,-1.1504,-1.4988,-2.5002,-2.4367,-1.2029,0.5502,1.2569,-0.4675,-4.9769,-3.9270,-1.4759,0.6887,1.8636,3.6271,5.6963,4.4058,1.8023,1.8856,2.1966,2.6023,1.3877,0.8858,0.5069,0.0181,-0.4897,-0.9372,-1.0742,-0.5586,0.0188,0.0713,-0.1636,-0.0776,0.5794,1.4806,2.3074,3.1723,4.3731,5.2253,6.2337,7.2908,8.1134,6.5596,5.5884,5.3485,5.6590,5.9462,5.8137,5.3390,4.3168,3.3256,2.2788,2.4356,3.0193
-0.3798,-1.1812,-0.7611,-0.8007,-0.5665,-0.0506,0.2100,0.4308,0.6862,1.0120,1.2625,1.5337,1.8768,1.8209,1.5004,1.8348,2.1106,1.7468,-0.7136,-0.9183,-1.3132,-2.0808,-2.0433,-0.4650,1.0500,1.1512,-1.0817,-3.8637,-0.7957,-0.6150,0.0327,0.4130,0.9792,2.5287,5.8114,5.3964,1.8085,2.5715,2.5640,1.3121,0.4528,0.9189,0.1506,-0.6618,-1.4467,-2.1582,-2.3989,-2.3378,-2.6691,-2.7591,-2.2529,-1.2412,0.1365,1.2273,2.1881,2.9824,4.3317,5.2636,6.4127,7.5168,7.7942,6.2929,5.2572,5.0115,5.4713,6.8913,6.8556,6.2471,4.5105,2.4518,2.6960,3.0377
-0.4179,-1.2880,-0.7906,-0.9500,-0.7290,-0.1735,0.1492,0.3328,0.6707,0.9105,1.1421,1.4713,1.9269,1.8997,1.5801,1.8948,2.2052,1.9698,-0.3864,-0.5674,-0.8934,-1.4228,-1.6454,-0.3770,0.9533,1.4471,-0.7953,-1.9900,0.0453,-0.1809,-0.4252,-0.0561,-0.0230,-0.2465,2.1602,5.9927,1.3316,1.9816,2.1971,1.3776,2.4067,1.4728,0.1404,-0.6753,-1.6703,-2.4894,-3.5257,-3.9450,-4.3264,-4.3158,-3.6477,-2.1935,-0.7953,0.1158,0.9029,2.0270,3.1015,3.8471,4.9753,5.6898,6.3744,7.4487,6.3092,4.8089,5.2216,6.2960,7.1244,6.3657,4.7302,2.3106,2.1488,2.4704
-0.4664,-1.2983,-0.8215,-0.9673,-0.7718,-0.2527,0.0255,0.2899,0.4777,0.7230,0.9019,1.3435,1.9373,1.9924,1.7243,1.9420,2.2265,2.1743,-0.0818,-0.3796,-0.4821,-0.7702,-1.3708,-0.5203,0.7922,1.7439,-0.0184,-0.9461,1.3154,0.8668,0.3764,-0.6971,-2.6535,-3.1810,-1.9525,2.5446,2.4874,0.8001,1.8988,0.7332,1.7465,1.5415,-0.3802,-1.9775,-2.6830,-3.1183,-3.7739,-4.2522,-4.6329,-5.0040,-4.3392,-2.7674,-1.5320,-0.7153,0.4793,1.9530,2.5094,2.8847,3.3479,4.0979,4.5745,5.6113,6.5284,5.9346,5.3978,5.8169,5.7982,5.7130,5.1871,3.3130,1.2916,1.7327
-0.4265,-1.3497,-0.7908,-0.9638,-0.8445,-0.2971,-0.0722,0.1689,0.2964,0.4432,0.6734,1.1372,1.8789,2.0311,1.8900,2.0570,2.2260,2.2119,0.1276,-0.4184,-0.2985,-0.3625,-1.2165,-0.2575,0.5140,1.5159,0.0700,-0.0461,1.5076,0.6956,-0.3701,-4.1732,-5.7247,-4.6456,-3.0833,0.0040,2.9980,-0.5572,0.1186,0.5077,0.0298,-0.6808,-1.7931,-2.9462,-2.8414,-3.1840,-3.6022,-3.9035,-4.0696,-4.6422,-3.8872,-2.7761,-1.7454,-0.9832,0.3805,1.5482,2.3095,2.5705,1.9827,2.5001,3.2312,4.0513,4.5941,5.1736,5.5895,4.9737,4.8848,4.5722,4.4159,3.5510,1.9390,1.2818
-0.4315,-1.3155,-0.7358,-0.9727,-0.9020,-0.4057,-0.1982,0.0703,0.0467,0.0891,0.4353,0.9997,1.8320,2.1041,2.0110,2.1506,2.1865,2.1842,0.3600,-0.6126,-0.3266,-0.4733,-1.2111,-1.2361,0.1869,0.9437,0.2480,0.2790,0.7991,-0.0037,-3.9291,-7.0157,-7.5699,-6.8972,-4.4776,-2.8394,0.6767,0.8568,0.3103,0.2763,-0.4311,-0.9233,-1.5000,-2.4772,-2.3936,-2.6728,-2.2360,-2.4693,-2.1898,-2.6799,-1.9240,-1.7281,-1.1360,-0.7878,0.3137,1.2111,2.1006,2.4220,2.0666,1.8584,2.4866,3.1505,3.4679,4.0882,4.4518,4.2926,4.4564,3.5096,3.2046,3.9296,3.7160,2.3467
-0.4671,-1.3690,-0.8392,-1.0537,-1.0374,-0.5689,-0.3058,-0.0918,-0.2447,-0.2486,0.2871,0.9201,1.7951,2.2233,2.1579,2.2739,2.1887,2.1686,0.6459,-0.7566,-0.6533,-0.6207,-1.2265,-1.2852,-0.2871,0.4033,0.0672,-0.4703,-0.0193,-1.7549,-7.2600,-6.2305,-4.6807,-4.0705,-1.2643,-1.7071,-1.1275,2.1000,4.1701,3.7671,1.7520,0.4023,-0.3821,-0.9022,-1.2833,-1.0790,-1.1437,-1.1234,-1.0596,-1.0242,-0.6594,-0.5211,0.1220,0.6192,1.3105,1.9103,2.2802,2.6315,2.3429,2.4380,2.3940,3.5687,4.2022,4.2015,3.5005,3.0785,2.7487,2.6347,2.4487,3.6846,4.0968,2.9935
-0.5150,-1.4573,-0.9566,-1.2155,-1.1565,-0.7238,-0.4465,-0.2003,-0.3748,-0.3961,0.2133,0.8465,1.7195,2.1986,2.2399,2.3361,2.2225,2.2102,0.8902,-0.9412,-0.9864,-0.5170,-1.5955,-1.8107,-2.3405,0.3530,0.3694,-0.8726,-1.1655,-4.1670,-7.7213,-5.3158,-4.8010,-3.6608,-1.9479,-1.9867,-0.8632,1.0207,4.0777,5.4984,5.2652,4.2444,3.4279,2.1805,0.7054,-0.1183,0.2442,0.7658,0.9760,1.3821,1.8339,2.2617,2.3929,2.0338,2.3233,2.5611,2.7322,2.9452,2.9162,2.8826,3.0819,3.6642,4.3889,4.5930,4.0504,2.7974,1.8368,1.9129,1.9473,3.3720,3.6990,2.5862
-0.6041,-1.5454,-1.1054,-1.3811,-1.2979,-0.8635,-0.5460,-0.2811,-0.4310,-0.4485,0.1652,0.8421,1.6053,2.0837,2.2746,2.4198,2.3071,2.2810,1.1714,-0.9426,-1.0682,-0.7174,-0.7298,-2.2332,-0.8448,0.3343,0.3500,-0.6183,-1.3579,-4.6953,-5.7321,-5.3381,-4.0722,-4.1545,-3.1946,-4.0915,-2.7787,-1.2137,0.9777,2.5488,3.3532,3.4551,2.4249,2.1765,2.3069,1.5749,1.7821,1.9079,1.8534,1.9641,2.7048,3.9921,4.5413,4.6783,4.5731,4.4329,4.3459,4.1231,4.1500,3.9779,3.7642,3.4806,3.5342,3.5058,3.5188,3.0598,2.2892,1.6957,1.4458,2.7744,4.1209,3.2284
-0.6382,-1.5842,-1.1638,-1.4388,-1.3870,-0.9058,-0.6012,-0.2917,-0.4202,-0.4208,0.0839,0.7469,1.4039,1.8641,2.1838,2.4984,2.4774,2.4009,1.4518,-0.8328,-1.1238,-0.7531,-0.5742,-1.6193,-2.0340,1.6361,1.2692,0.4159,-1.2580,-3.2118,-4.9559,-5.0596,-5.9025,-5.8997,-6.0692,-6.3312,-4.0566,-1.9965,-0.9337,1.1997,1.4364,2.7047,0.7235,0.3181,0.1696,-0.0012,-0.2332,0.5661,0.8374,0.6195,1.0932,2.1350,3.8816,5.3908,5.5535,5.9828,6.0558,5.7375,5.3059,4.4954,4.1120,3.6359,3.1745,2.7902,3.5905,4.0095,3.9457,2.9751,2.0757,2.9619,4.8433,4.4365
-0.6658,-1.6658,-1.3032,-1.5722,-1.4409,-0.9689,-0.6583,-0.3921,-0.4611,-0.5525,-0.1031,0.6351,1.1886,1.5309,1.9524,2.4244,2.5626,2.5186,1.5185,-0.6187,-1.0829,-0.7666,-0.5288,-1.4632,-2.0976,0.1524,2.1410,1.1387,-1.2527,-3.4004,-4.0067,-4.8837,-6.6560,-7.5379,-7.2273,-6.4686,-4.3825,-3.1818,-3.2225,-0.9767,-0.5935,0.3514,-1.4057,-2.4265,-2.2313,-1.8975,-1.8219,-0.8876,-0.3556,-0.5656,-0.1925,-0.1538,2.9499,4.2291,5.4330,6.4696,6.5601,6.3045,5.8279,4.9582,4.4696,4.1402,3.4643,3.0942,3.4911,4.1948,3.8884,4.6393,4.3959,4.9646,6.2181,6.7167
-0.6560,-1.7590,-1.4502,-1.6987,-1.5191,-1.0580,-0.7615,-0.5821,-0.6158,-0.8010,-0.3810,0.3487,0.8915,1.1639,1.5192,2.2570,2.5493,2.5770,1.4582,-0.5048,-1.1821,-1.0727,-1.2168,-2.7510,-2.8749,-1.9532,1.6129,1.9418,-1.1103,-2.9092,-4.9514,-6.1094,-7.4495,-8.4475,-7.2016,-6.4331,-5.0486,-3.5511,-4.5577,-2.0075,-1.5180,-2.2917,-3.0460,-3.3457,-3.1144,-2.8888,-2.1772,-1.3585,-0.4971,-0.3382,-0.3782,-0.3619,0.0230,1.7354,4.2034,5.5458,5.3642,5.3157,5.0957,4.5451,4.5589,4.1514,3.8755,3.6480,3.9139,4.7504,4.8886,4.7755,5.4573,6.1358,7.1467,7.7625
-0.6390,-1.7811,-1.5147,-1.7802,-1.5918,-1.1096,-0.9494,-0.8040,-0.8471,-0.9935,-0.5098,0.1727,0.6219,0.6968,1.0796,1.8812,2.4815,2.6162,1.3857,-0.4944,-1.3434,-1.5194,-2.3315,-4.0423,-3.7003,-2.8670,0.9411,1.8710,-1.1916,-2.5350,-3.9969,-4.9260,-7.2053,-7.8874,-7.5159,-6.7289,-5.5081,-4.3442,-5.2943,-2.9886,-2.6166,-3.5960,-4.3734,-4.4722,-4.4228,-3.0891,-2.2634,-1.0579,0.2076,0.9284,0.7272,1.0150,0.0452,0.6826,2.0520,3.4133,3.4135,4.0874,4.3349,4.4801,4.5813,4.2945,4.1754,4.3637,4.2984,4.9120,6.4557,5.9049,5.1169,6.2396,7.6278,8.2640
-0.6257,-1.8026,-1.5277,-1.7443,-1.5512,-1.1776,-1.0572,-1.0250,-1.0310,-1.0281,-0.4947,0.0942,0.4560,0.4570,0.5911,1.6477,2.4998,2.6561,1.3482,-0.6596,-1.4526,-1.8427,-2.9329,-4.5328,-4.2916,-3.1622,0.9375,1.7176,-0.6279,-2.2801,-2.9543,-3.4425,-5.4306,-7.0681,-7.6624,-6.4385,-5.3759,-5.1275,-5.4596,-4.1663,-4.3438,-4.3343,-4.9781,-5.1596,-4.4948,-3.3022,-2.4338,-0.8847,0.8101,2.3350,2.5124,1.7395,1.1636,0.3099,0.9370,1.7635,1.8963,2.6676,3.3962,4.1778,4.4567,4.6664,5.2664,5.9557,5.1842,5.7554,7.3351,7.8639,6.2525,6.4589,7.7539,8.2893
-0.4441,-1.7425,-1.4051,-1.5655,-1.4184,-1.2158,-1.1595,-1.2041,-1.1151,-1.0160,-0.4636,0.0202,0.3927,0.2898,0.4474,1.5820,2.4997,2.7268,1.3433,-0.6639,-1.5484,-1.9306,-3.1016,-4.4765,-4.2749,-2.9602,1.5197,1.2099,0.1021,-1.4094,-2.7944,-3.1039,-5.8466,-7.2001,-7.3054,-6.4109,-5.5812,-6.5651,-6.6982,-5.5163,-4.7062,-4.1924,-3.9541,-4.6021,-3.8645,-3.2770,-2.3370,-0.4184,1.3967,2.4568,2.6177,1.5952,0.2789,-0.0186,0.7249,1.6763,1.9380,2.2284,2.6863,3.5621,4.1841,4.7890,5.6276,6.8831,7.0133,6.7592,7.1279,9.4078,7.8427,6.9979,8.1507,9.1248
-0.3601,-1.7643,-1.4243,-1.5782,-1.4895,-1.4270,-1.3845,-1.3733,-1.2842,-1.1759,-0.5955,-0.1540,0.2178,0.1541,0.4051,1.5176,2.4403,2.5943,1.3187,-1.0126,-1.6082,-2.0262,-3.1158,-3.9582,-3.6510,-2.6801,0.3307,0.4403,0.4069,-1.2687,-3.5200,-3.6285,-5.5651,-6.8145,-7.1968,-6.7122,-6.5802,-7.8157,-7.8601,-6.1689,-4.6644,-3.2772,-4.0757,-4.4604,-3.5873,-3.7544,-1.5535,0.1356,0.9459,1.6000,1.4807,1.3268,-0.0307,0.6927,0.9015,2.1082,3.2203,3.3071,3.8473,4.3363,5.0706,5.7778,6.8410,7.7584,8.8792,8.0857,8.3315,8.7751,9.2089,8.4907,8.4028,9.2935
-0.6361,-2.1204,-1.8050,-1.8332,-1.8203,-1.7336,-1.6514,-1.7043,-1.6521,-1.3925,-0.7703,-0.3331,0.0533,0.0883,0.3825,1.5029,2.3887,2.3861,0.9779,-1.5966,-1.8097,-1.8586,-2.5783,-3.3981,-2.9374,-2.0289,-0.2316,-0.0623,-1.4928,-2.7473,-4.0698,-4.8871,-6.8679,-7.2091,-7.7807,-8.2277,-9.4552,-10.5542,-9.0887,-6.7153,-5.2704,-4.1346,-4.0749,-4.8044,-4.4656,-3.7380,-1.2377,-0.5536,0.1776,1.1717,0.8841,1.2830,1.7271,1.8102,1.4685,2.3262,3.0554,4.0866,4.9806,5.6673,6.4295,6.9845,7.3256,8.2181,8.7751,9.5899,8.4188,7.8048,7.9255,9.1120,8.8052,9.0140
-0.9582,-2.5511,-2.1949,-2.1482,-2.1171,-2.0026,-2.0134,-2.0601,-1.8318,-1.3402,-0.7203,-0.3310,0.0905,0.3220,0.8125,1.9181,2.5929,2.3469,0.5096,-1.9728,-1.9986,-1.6690,-2.0833,-2.4871,-2.6582,-1.8858,-1.1620,-0.8995,-2.5961,-3.9199,-4.9875,-6.1860,-7.3583,-7.8372,-8.8351,-9.2724,-10.6528,-10.9297,-9.8244,-8.3055,-6.9250,-5.9908,-6.2800,-6.2983,-5.6731,-4.7029,-2.7782,-2.0358,-1.1878,-0.5830,-0.2184,0.7262,1.3417,0.8127,1.3855,1.7880,2.5122,3.5808,4.8161,6.0982,7.3556,8.1025,8.3772,8.3626,8.5332,7.6779,6.6591,6.4582,6.6893,7.2783,8.5933,8.1501
-1.2386,-2.8134,-2.4827,-2.3111,-2.4184,-2.3946,-2.4116,-2.3579,-2.0671,-1.3367,-0.7847,-0.4122,0.0195,0.5024,1.4238,2.4671,2.6191,2.2629,-0.0610,-2.2662,-2.1100,-1.7505,-2.0214,-2.0871,-2.2315,-1.8215,-1.1152,-1.8101,-2.6721,-3.6547,-3.8443,-5.9180,-7.0974,-8.4379,-9.4910,-9.9672,-11.4785,-11.9913,-11.8164,-11.3485,-8.9035,-8.3044,-8.3025,-7.7460,-6.2197,-5.6745,-5.7100,-5.0643,-4.2119,-3.9657,-2.8897,-2.1452,-1.8713,-1.9327,-0.8971,0.2299,0.4181,1.4341,3.1951,4.5643,5.9544,7.4159,7.9533,8.4387,8.0359,5.8574,5.4638,5.2682,5.6617,6.4303,7.3869,7.6546
-0.9912,-2.1622,-1.8410,-1.6651,-1.8366,-1.8843,-1.8921,-1.8985,-1.7174,-1.2406,-0.8587,-0.7572,-0.3573,0.2624,1.4831,2.5192,2.8680,2.1643,-0.7423,-2.3537,-2.0999,-2.0045,-2.1960,-2.0149,-2.2694,-2.4157,-1.4596,-3.2314,-3.0598,-1.5545,-2.5846,-5.2266,-6.0219,-7.1771,-8.2584,-8.9217,-9.5895,-11.9172,-12.0381,-12.1187,-9.3350,-7.4562,-6.1821,-5.2529,-4.9198,-4.8257,-5.4970,-5.6972,-4.6371,-4.0256,-3.1013,-2.1085,-2.5124,-3.0363,-2.1042,-1.6084,-1.5267,-1.0334,0.7136,2.4055,3.9321,5.9403,7.0591,6.7224,6.1350,6.0652,5.3840,5.5678,5.8769,6.7446,6.3282,5.7496
-0.2499,-1.8521,-1.8014,-2.0183,-2.4136,-2.6147,-2.6052,-2.5093,-2.1508,-1.5118,-1.1168,-0.8520,-0.4359,0.5194,2.1809,2.9436,2.7560,1.3912,-1.7156,-2.6692,-2.2274,-2.5320,-2.2629,-1.9868,-2.1803,-2.2546,0.8539,-2.5615,-2.7232,-0.8183,-1.9383,-5.2294,-4.8435,-5.9722,-6.5772,-7.3521,-7.5095,-8.0119,-10.2085,-11.3108,-8.1781,-4.9183,-4.9013,-5.4252,-6.0746,-5.3587,-2.9526,-5.7106,-5.0083,-3.9990,-3.1150,-2.3241,-2.7829,-3.6664,-4.3379,-4.0555,-3.4054,-2.0543,-0.6357,1.0934,2.3016,3.0770,3.8852,5.7790,4.7042,5.0575,5.4886,5.5786,5.8254,5.4597,2.7855,-0.5806
