0.1017,-1.9595,-2.4383,-2.9923,-3.1727,-3.5400,-3.5281,-3.4391,-3.1962,-2.6849,-2.7769,-2.8035,-2.5786,-2.2733,-1.5990,-1.0175,-0.8751,-1.0033,-1.4323,-1.8798,-2.0080,-1.9177,-1.5531,-1.1065,-1.1262,-1.5544,-1.8475,-1.8258,-1.2195,-0.0117,1.0587,1.7602,2.4357,2.8586,2.8520,2.1144,-0.0294,0.9792,0.9758,-1.4886,-3.2926,-3.7244,-4.3540,-3.2041,-2.4151,-2.1093,-2.5026,-0.1791,-1.3674,-3.4389,-6.0107,-6.9953,-8.7288,-9.1333,-8.2985,-7.7518,-7.4462,-6.8865,-6.4800,-6.3916,-6.9145,-6.4053,-6.2476,-6.8948,-7.2184,-6.2038,-5.9282,-5.1294,-3.2945,-2.2093,-2.3043,-3.9557
-1.5593,-2.0631,-2.5624,-2.8974,-3.1186,-3.3128,-2.9382,-2.8662,-2.5521,-2.2531,-2.3762,-2.3680,-2.2897,-2.1674,-1.6502,-1.2047,-1.3160,-1.6139,-2.0824,-2.3588,-2.3428,-1.9570,-1.4817,-1.2519,-1.4938,-2.1321,-2.7346,-2.8288,-2.3210,-1.4867,-0.7105,0.3012,1.2707,1.1460,0.6880,-1.1187,0.0096,1.4603,0.6631,-1.5243,-1.3642,-1.7155,-2.9022,-1.7994,-2.3439,-2.6525,-3.1581,-0.9852,-1.6839,-4.3403,-5.2415,-6.4799,-7.6858,-8.1614,-5.3641,-4.9893,-3.8253,-3.8933,-4.1937,-4.8000,-4.9046,-4.4193,-4.4618,-4.9488,-4.4053,-4.4858,-4.5971,-4.0750,-2.8104,-2.2070,-1.3716,-1.0493
-1.2628,-1.3898,-1.6326,-1.6927,-1.6779,-1.8404,-1.2580,-1.0959,-0.9119,-0.9866,-1.0474,-1.0815,-1.2364,-1.1955,-0.9715,-0.7830,-1.1187,-1.5091,-1.8567,-1.8730,-1.7335,-1.1669,-0.8100,-0.7834,-1.0566,-1.9701,-2.8039,-3.1827,-2.8827,-2.1519,-1.3382,-0.1136,0.5084,1.1298,0.2684,0.4773,-0.3177,0.5906,-0.9715,-1.9620,-1.1705,-2.6622,-3.2355,-3.5718,-3.8676,-2.0262,-2.0360,-1.6381,-3.3042,-4.1095,-4.1642,-5.5027,-5.9002,-3.5456,-1.2500,-1.2429,-1.2033,-2.3640,-3.7429,-4.1859,-4.0024,-4.8187,-4.5905,-4.8466,-4.0458,-4.9453,-5.2207,-4.7273,-2.4261,-1.3821,-1.9492,-2.1962
-0.5020,-1.0990,-1.1367,-0.7517,-0.3588,-0.4431,-0.0769,0.1280,0.2625,-0.1879,-0.3259,-0.5558,-0.8581,-0.9166,-0.7974,-1.1448,-1.5034,-1.8030,-1.7839,-1.6207,-1.3729,-0.8652,-0.4826,-0.4229,-0.9374,-2.0386,-2.9417,-3.3663,-3.0994,-2.4552,-1.8155,-0.9531,-0.7741,-0.3697,-0.4587,0.8186,1.2125,-1.4264,-2.7812,-3.4614,-2.6310,-3.5456,-4.4256,-4.6769,-4.1466,-2.7396,-2.2857,-1.1217,-3.4948,-4.1049,-5.5042,-5.4510,-4.6603,-2.3709,-2.3599,-2.0744,-1.8364,-3.0995,-4.3847,-4.7362,-3.7888,-4.3727,-4.7548,-4.6980,-3.8174,-5.5124,-4.4604,-3.9769,-2.6609,-1.8872,-1.7440,-2.4251
-0.3562,-0.6099,-0.8390,-0.3868,0.2383,0.2910,0.4556,0.6026,0.5658,0.0004,-0.2369,-0.6303,-0.9173,-1.0533,-1.3232,-1.7856,-2.1145,-2.1511,-1.9092,-1.5740,-1.2358,-0.8616,-0.5011,-0.6008,-1.3337,-2.3021,-3.1245,-3.6313,-3.3096,-2.8333,-2.3264,-1.3184,-0.5884,-0.9365,-1.5341,-5.7709,-6.1652,-4.5624,-3.9778,-3.6607,-3.3417,-4.8837,-4.9078,-5.0249,-4.7438,-3.4248,-1.6368,-2.3183,-3.5257,-3.4841,-5.1450,-4.5913,-4.8435,-3.3267,-3.2025,-2.8113,-2.8212,-3.6439,-4.4008,-5.1085,-3.1499,-3.8200,-4.1515,-4.4778,-2.8482,-4.8892,-3.5748,-2.3172,-1.3219,-1.5748,-2.2569,-1.1600
-0.2126,0.0697,-0.2071,-0.0242,0.5015,0.7558,0.7429,0.8982,0.8286,0.3409,-0.1808,-0.8182,-1.5463,-2.0267,-2.4488,-2.6899,-2.7708,-2.6444,-2.1267,-1.7387,-1.4055,-1.1573,-1.0470,-1.2879,-1.8517,-2.6042,-3.4239,-3.8216,-3.5521,-3.0037,-2.2516,-0.8882,-0.0498,-3.0737,-5.8619,-5.3340,-3.7803,-2.0257,-1.4311,-2.6746,-4.1359,-4.2311,-4.7115,-4.8079,-3.6320,-2.5948,-0.7961,-2.0256,-3.2222,-2.1500,-4.6699,-3.1697,-4.4909,-3.7955,-3.0794,-3.1796,-4.0020,-4.5794,-4.6690,-5.0101,-2.2988,-4.4314,-4.2404,-4.1450,-1.6582,-3.8282,-2.7725,-1.3062,0.1035,-0.7247,-2.1436,-0.9991
-0.1104,0.3431,0.2855,0.3252,0.6185,0.8984,0.9093,1.0893,1.1006,0.4725,-0.1146,-1.0193,-2.2517,-3.1375,-3.3945,-3.5109,-3.4542,-3.2993,-2.4596,-1.9359,-1.7589,-1.5606,-1.6787,-1.7814,-2.1382,-2.7408,-3.5904,-3.9296,-3.7024,-3.2726,-2.1006,-0.2469,-0.1827,-2.5994,-0.6115,0.5442,1.2537,1.7622,0.1265,-3.5135,-3.3479,-4.2634,-4.3657,-3.6256,-2.7304,-2.0685,-0.9806,-1.8227,-2.1899,-1.3543,-2.5935,0.1725,-1.5445,-3.0226,-3.7629,-4.0927,-4.6539,-5.4330,-5.0096,-2.9160,-2.8309,-4.7951,-4.4921,-2.6655,0.2968,-2.5418,-1.2763,-0.4376,0.7482,-0.2540,-1.2747,-0.6779
0.1061,0.5326,0.6262,0.6370,0.7317,0.9860,1.0546,1.3262,1.3638,0.5789,-0.0865,-1.0870,-2.3253,-3.3247,-3.8708,-4.0191,-4.0190,-3.8953,-2.8686,-2.2288,-2.1362,-1.9918,-2.0089,-1.9731,-2.1555,-2.6470,-3.5494,-3.8461,-3.6272,-3.0844,-1.6846,1.3341,-0.3801,1.6712,2.2319,1.8141,1.7793,1.8946,-1.8677,-3.5975,-3.4213,-4.4508,-4.3743,-3.5781,-2.7556,-1.5272,-1.1691,-1.4978,-1.0943,-0.1118,-0.8388,1.4513,-1.7855,-3.7812,-3.8942,-5.5039,-5.4569,-5.5659,-5.2438,-4.7320,-3.9831,-4.7066,-2.2451,0.0800,0.9897,-1.3337,-0.1563,0.4483,0.8511,-0.1304,-0.2165,0.1870
0.6189,1.0316,0.9044,0.9495,0.8631,1.0661,1.2038,1.5177,1.3865,0.4843,-0.2587,-1.0970,-2.3285,-3.2762,-3.9216,-4.1955,-4.3117,-4.3205,-3.4401,-2.7520,-2.5704,-2.2766,-2.0852,-2.0534,-2.0964,-2.4669,-3.4671,-3.6859,-3.5836,-3.0643,-0.6638,3.9680,0.3182,3.3041,2.2176,1.1726,1.0968,1.4704,-2.4669,-2.5795,-3.2377,-4.4451,-4.7324,-4.0443,-2.5531,-0.4891,-1.2487,-1.4927,-0.6139,0.6747,-0.2668,0.0103,-1.2197,-3.6478,-3.3339,-6.3509,-5.1136,-5.7193,-4.9025,-4.1107,-2.5074,0.6549,2.5666,0.8928,-0.6794,-1.5388,0.2409,1.3627,1.5736,0.1114,-0.2049,0.3159
1.1567,1.6409,1.2635,1.3338,1.1846,1.2756,1.3937,1.6670,1.3888,0.1819,-0.5217,-1.0348,-2.0168,-3.1510,-3.8930,-4.2479,-4.4135,-4.4155,-3.9573,-3.2828,-2.8471,-2.2724,-2.0993,-2.0187,-1.9197,-2.3398,-3.4750,-3.8154,-3.5541,-2.8950,0.5750,0.6433,-0.0787,3.1212,1.7189,0.4675,0.4920,0.7943,-2.4653,-1.5483,-2.5444,-4.5826,-4.7909,-3.9068,-2.3672,-2.0427,-2.5497,-2.2585,-0.0098,1.1908,-0.0580,0.5900,-0.2475,-4.8030,-2.1891,-2.8002,-4.6256,-5.7752,-3.0079,-1.7038,0.5290,2.0211,1.8132,1.2089,-1.1303,-0.5574,0.9318,2.3533,1.8618,0.1531,-0.3095,0.0248
1.6096,2.2818,1.8271,1.7980,1.5682,1.5402,1.7230,1.6549,1.1881,-0.0836,-0.6983,-1.0228,-1.5400,-2.6185,-3.5581,-4.1255,-4.3811,-4.3650,-4.1489,-3.7134,-3.0626,-2.3899,-2.1370,-1.9237,-1.7351,-2.2555,-3.4931,-3.8386,-3.3492,-2.2325,0.2017,-1.7524,0.9451,2.0410,0.6840,-0.5496,-1.2503,-0.9510,-0.9159,-0.9493,-2.1983,-3.9359,-4.3074,-3.3088,-2.4071,-2.2589,-2.0452,-1.5100,-0.3197,0.7108,3.0993,1.9766,0.3152,-4.6095,-3.2837,-0.1867,-1.0570,-1.0613,2.0628,1.1793,1.4432,1.9785,3.1850,1.4285,0.9472,1.1004,2.2376,2.6163,3.0129,0.8229,-0.5137,-0.2063
1.9669,2.7608,2.3543,2.2034,1.9089,1.8228,1.7969,1.5181,0.7518,-0.2581,-0.7818,-0.9419,-1.1962,-2.0552,-3.0369,-3.8066,-4.1134,-4.1979,-4.1309,-3.9558,-3.3864,-2.7190,-2.2554,-1.8508,-1.5539,-2.1131,-3.4652,-3.6010,-2.6615,0.1372,-0.8189,0.9407,0.7138,1.4070,0.5562,-1.7801,-2.6713,-1.8472,-0.4741,-0.8514,-2.2864,-3.2484,-3.8152,-3.5044,-2.7079,-2.7887,-2.4554,-1.6025,-0.2781,1.1529,2.3627,0.3568,1.2169,-3.0687,-3.5817,-4.7634,-1.2118,0.4900,3.3111,2.5654,0.9368,2.6726,3.5494,1.8794,1.5597,1.7103,2.8199,2.8562,2.7714,1.3300,0.0892,0.1871
2.4005,3.1626,2.6738,2.5064,2.0568,1.9239,1.7364,1.2394,0.2430,-0.4065,-0.8095,-0.9559,-1.0392,-1.5002,-2.3037,-2.9809,-3.4110,-3.6616,-3.8789,-3.9339,-3.7170,-3.1979,-2.4756,-1.7829,-1.3364,-1.8799,-3.1746,-3.1086,-1.6764,0.0713,3.3343,1.8686,0.5210,1.1822,0.2194,-2.8548,-3.2937,-1.6376,-1.2022,-1.1930,-2.5218,-2.9374,-3.1237,-3.8580,-3.9568,-2.4043,-1.4280,-0.9197,-0.0505,0.5410,1.9740,0.4754,1.4343,-1.5048,-1.9544,-4.6076,-2.6311,0.9990,1.7181,1.1425,1.7081,3.7175,4.0664,2.3313,2.0008,2.2666,2.8122,3.1190,2.5482,1.0189,0.0449,0.0193
2.7095,3.3727,2.8740,2.5369,2.0388,1.9003,1.6216,0.9376,0.0870,-0.4799,-0.7888,-0.8215,-0.8556,-1.0889,-1.5672,-2.0107,-2.4461,-2.9322,-3.4169,-3.7132,-3.8094,-3.5919,-2.7441,-1.6700,-1.1163,-1.5154,-2.5745,-2.8428,-0.6931,1.1023,2.8242,0.1369,0.0778,0.4459,-0.5187,-1.9947,-2.1114,-1.7906,-2.0351,-2.2960,-2.9347,-2.9243,-3.4384,-4.7369,-5.7464,-3.1994,-2.2549,-1.9727,-0.2851,0.6218,1.5735,0.3871,1.8711,-1.9313,-2.6939,-4.8551,-3.8902,-0.8075,1.3216,1.5488,2.3292,3.5037,2.6722,2.1330,2.4279,1.6371,2.2610,2.3300,2.2107,0.7774,-0.1237,-0.0218
2.8618,3.4834,2.8700,2.5334,1.9552,1.8645,1.5942,0.8876,0.0110,-0.5112,-0.6429,-0.6454,-0.6214,-0.7192,-1.0231,-1.2405,-1.4534,-2.0383,-2.8554,-3.3950,-3.6306,-3.6149,-2.9081,-1.5690,-0.9093,-1.1018,-1.8699,-2.4750,-0.7418,0.0897,-0.0453,-0.8388,0.0857,0.4376,-0.6637,-1.1343,-1.4103,-2.0683,-3.0084,-2.9098,-2.3315,-2.4402,-3.5444,-5.6234,-5.4505,-4.0393,-3.1788,-2.2065,0.0002,1.0826,2.1026,2.4651,-0.3790,-2.5086,-3.8990,-6.7856,-5.3421,-1.0493,1.2372,1.8873,2.5850,2.9904,2.2754,1.5950,2.0684,1.8655,1.7027,1.8739,1.7019,0.4906,0.3071,0.3560
2.9162,3.4988,2.8930,2.5027,2.0033,1.8398,1.5640,0.8152,-0.0078,-0.4758,-0.4649,-0.3810,-0.3606,-0.4848,-0.6337,-0.6784,-0.8548,-1.4048,-2.2644,-2.9361,-3.2529,-3.4443,-2.8949,-1.5307,-0.9544,-0.9347,-1.3880,-2.1291,-1.1834,-0.9095,-0.8242,-0.6879,-0.0150,-0.0994,-0.8507,-0.6697,-0.9105,-2.3150,-2.4656,-2.6166,-1.4555,-1.6348,-3.5465,-4.9117,-5.1944,-5.0632,-3.9473,-1.9814,1.0661,2.7270,2.1294,1.6237,-0.5614,-2.4538,-5.9431,-4.6031,-5.1949,-3.2120,0.4456,1.9627,2.2455,2.1174,2.2521,2.1358,1.5264,1.3319,1.1924,1.1608,0.8680,-0.4171,-0.2728,0.2510
3.0124,3.5254,2.9371,2.5014,1.9566,1.7040,1.3192,0.5465,-0.1478,-0.3280,-0.2070,-0.0865,-0.0173,-0.1613,-0.3432,-0.4735,-0.6591,-1.1611,-1.8236,-2.4580,-2.8165,-3.0333,-2.7993,-1.6069,-1.1815,-1.0865,-1.3877,-2.0259,-1.8498,-1.3955,-1.4776,-0.8449,-0.6650,-0.4814,-0.8382,0.2316,-0.7452,-1.6408,-1.3015,-1.0725,0.4818,-2.0698,-3.4388,-3.5549,-4.1514,-4.7449,-3.4848,-1.1205,1.5332,2.4793,0.1169,0.3885,-0.7316,-0.7009,-3.8646,-0.7231,-3.5845,-3.9197,0.5197,1.4611,0.9664,1.4593,1.8228,1.8364,1.8335,1.5469,1.3700,1.4749,0.7236,-0.5054,-0.5516,0.0744
3.1473,3.5748,2.8973,2.4005,1.8175,1.2177,0.5554,-0.0710,-0.2940,-0.1777,0.0752,0.2241,0.2896,0.1700,-0.1569,-0.3716,-0.5906,-0.9978,-1.5185,-2.1312,-2.4750,-2.6690,-2.3861,-1.6956,-1.4998,-1.2152,-1.6688,-2.1481,-2.3638,-2.0707,-1.5247,-1.1537,-0.5319,-0.5767,-0.1528,1.0417,0.4243,-0.1090,0.2175,1.5014,-0.4070,-1.9172,-2.2631,-2.8725,-3.4725,-3.6419,-2.2711,-0.5652,0.9370,1.7104,-0.1591,1.4963,-0.4887,-0.6697,-2.6513,1.0738,-1.6301,-3.6582,-0.1347,2.1323,1.6081,1.2373,1.3934,1.3682,1.9914,2.2725,1.9062,1.5687,1.1850,-0.2876,-0.6690,-0.0075
3.2638,3.4726,2.7247,2.1937,1.4443,0.4556,-0.2762,-0.5187,-0.4391,0.0572,0.4646,0.6037,0.7119,0.4537,-0.0512,-0.3211,-0.5162,-0.9394,-1.4482,-1.9571,-2.3100,-2.4326,-2.0990,-1.8993,-1.7568,-1.6038,-2.2337,-2.2494,-2.4954,-1.3024,-1.6379,-3.0054,-4.0292,-2.5045,-0.9493,0.5750,-0.1842,0.5573,1.2291,-0.0602,-0.0422,-0.7300,-0.8639,-1.5935,-2.5781,-2.1476,-0.9663,0.2676,0.8175,0.7412,0.1638,3.0194,0.9060,-1.8811,-2.0891,-0.2843,-1.2902,-2.0600,-0.3652,1.6699,1.8341,2.0252,1.0229,1.0628,2.0206,2.9590,2.3956,2.0111,1.3118,-0.2595,-0.8057,-0.2552
3.2606,3.2772,2.4991,1.8231,1.0026,0.0603,-0.5034,-0.6050,-0.3763,0.3032,0.8040,0.9589,1.0061,0.6182,0.0037,-0.2703,-0.4643,-0.8118,-1.3927,-1.9043,-2.1899,-2.2480,-1.9757,-2.0622,-1.9511,-2.2232,-2.8260,-2.3586,-2.7681,-2.4119,-5.6874,-7.4331,-7.0448,-4.7979,-2.6415,-1.8628,-1.7700,-1.2096,-1.1591,1.2748,2.7957,1.2238,-0.2711,-1.3113,-2.0357,-1.3616,-0.1659,2.1988,2.8749,1.8084,1.4204,1.6710,0.9013,-0.2425,-2.6483,-1.0540,-0.7602,-1.4291,-1.6858,0.8389,1.2967,1.7201,1.1459,1.0634,2.1843,3.3764,2.9575,1.7559,0.6979,-0.6474,-1.0164,-0.5047
3.0988,2.9732,2.0819,1.2099,0.4696,-0.0898,-0.5179,-0.4588,-0.0626,0.5849,1.0515,1.2150,1.0843,0.5532,0.0089,-0.1170,-0.2510,-0.6850,-1.3191,-1.7112,-2.0215,-2.0056,-1.9825,-2.1630,-2.2145,-2.7583,-2.8970,-2.6538,-3.3538,-3.7963,-3.9797,-3.4840,-2.7642,-0.3967,2.4597,1.9346,1.2869,-0.5314,3.0427,5.9669,5.9089,2.1831,0.3880,-1.0277,-1.9366,-1.4647,1.1680,2.7930,3.5836,2.2773,2.4771,2.4169,2.5478,1.7594,1.5230,0.5890,-0.2146,-1.2570,-1.6004,-0.6669,0.1549,1.1022,1.3962,1.5980,2.4913,3.3357,2.8946,2.1652,0.7045,-0.6375,-0.9910,-1.0287
2.8457,2.3773,1.2692,0.3709,-0.0498,-0.1284,0.0964,0.2399,0.4686,0.9489,1.1501,1.2786,0.9982,0.1840,-0.0019,-0.0453,-0.0524,-0.5062,-1.0785,-1.4130,-1.6956,-1.7981,-1.9819,-2.2160,-2.6098,-3.1103,-3.8029,-2.9693,-2.1227,-2.5694,-2.4864,-4.3504,-0.7203,2.2971,4.8329,4.2671,-0.2692,3.5706,5.8890,7.2470,6.5194,3.4063,1.4749,-1.0986,-2.1872,-0.5756,0.5625,1.8692,5.0637,1.0111,0.0569,0.4643,1.5986,1.3811,1.7082,0.1715,-0.7468,-0.8914,-1.4114,0.1747,0.1009,0.8562,1.6253,1.5823,1.9973,2.3888,2.4951,2.1746,0.7433,-0.6412,-0.4406,-0.3862
2.4970,1.5304,0.2934,-0.3306,-0.4273,0.1840,0.7294,0.8691,0.9068,1.1048,1.2691,1.3165,0.5574,-0.0190,0.0571,0.2386,0.2159,-0.1012,-0.5545,-0.8903,-1.2256,-1.5524,-1.8449,-2.4396,-2.9090,-3.3796,-3.7107,-2.9965,-2.8095,-2.7289,-6.3020,-4.5771,-0.6825,3.2060,5.8973,1.5184,0.5434,3.2115,6.3262,8.1991,8.0199,4.6372,1.5291,-1.2651,-1.9217,-0.9345,-0.8461,1.1802,2.6352,2.3283,1.0785,-0.0947,-0.0869,-0.1119,-0.0749,-0.6854,-1.0754,-1.3967,-2.0721,-0.8000,0.5650,0.8829,1.4846,1.4079,1.5016,1.3832,1.8661,1.4451,0.6881,-0.0830,0.2296,0.4611
2.0835,0.6788,-0.2299,-0.5837,-0.6075,0.5141,0.9883,0.9856,1.0384,1.1776,1.2834,1.1349,0.2029,0.0256,0.2283,0.5985,0.5822,0.2602,0.0157,-0.3174,-0.7365,-1.1742,-1.6797,-2.4897,-2.8842,-3.3458,-3.6368,-3.3915,-3.5094,-4.6357,-7.6266,-5.5765,-1.9600,1.3692,2.9607,-2.4106,-0.6963,1.1997,5.0573,7.9930,8.4632,4.3988,1.4291,-1.7982,-2.6964,-1.8607,-0.7796,0.4530,0.9044,3.2914,2.3322,0.7741,2.5597,0.4383,0.0025,0.0411,-0.8397,-1.1343,-1.8826,-2.0719,-0.3600,2.2936,2.2398,1.7324,1.5704,1.4303,1.6260,1.4526,0.1350,-0.1353,0.6782,0.8436
1.4301,0.2100,-0.3430,-0.6944,-0.3436,0.7327,0.9747,0.9484,1.0676,1.1249,1.2030,0.9058,0.2366,0.1852,0.6201,0.9745,0.9885,0.7671,0.6619,0.3598,-0.1436,-0.7830,-1.5618,-2.3165,-2.9353,-3.5292,-3.5603,-3.5660,-1.7888,-3.5255,-5.4564,-3.4601,-2.1879,0.3506,0.8261,-1.6534,-1.5762,-0.5697,3.9404,8.0543,7.9765,3.8018,1.2756,-1.6422,-2.8590,-1.3363,-1.1786,0.6431,1.0305,3.0001,2.8019,1.7091,0.3230,-1.3292,-0.5246,-0.6732,-1.2355,-1.7933,-2.8067,-1.9500,-1.0661,1.6031,2.2668,2.4892,2.1769,2.3064,1.7696,1.7214,0.8496,0.1614,0.8512,1.0757
0.8169,-0.0039,-0.1749,-0.1789,0.4543,0.9380,0.9889,0.8442,0.8732,0.8715,0.9526,0.6439,0.3872,0.5728,1.1286,1.3294,1.3738,1.3153,1.2513,0.9852,0.3761,-0.4832,-1.3018,-2.1035,-3.0766,-3.5581,-3.6418,-2.9215,-3.2339,-5.0237,-5.5919,-4.4014,-1.8859,-1.0662,-1.4708,-2.3074,-2.5901,-0.7118,3.3209,6.5979,6.3338,2.6212,1.1850,-1.4264,-1.9918,-1.5302,-0.5135,-0.4166,1.7556,2.4023,3.0586,2.6310,1.7208,-0.3597,-0.9329,-2.1790,-2.8805,-1.4800,-0.7950,0.0934,0.1449,1.4399,1.7898,2.5970,2.6826,2.9431,2.6366,2.2112,1.5761,0.7809,1.3296,1.0054
0.6495,0.2853,0.7157,0.9850,1.0038,1.0643,0.9714,0.8055,0.6524,0.5504,0.5504,0.6476,0.8418,1.1422,1.5996,1.7469,1.8210,1.8359,1.7745,1.4634,0.7686,-0.1710,-1.0910,-2.0141,-3.0092,-3.0232,-3.0887,-3.0878,-6.1581,-6.8543,-6.0947,-5.5186,-3.4200,-2.2596,-2.8370,-3.0220,-2.9914,-1.5608,1.4344,3.6221,3.9974,1.7128,0.7803,-0.9655,-0.8987,-0.3457,1.5175,-0.3064,-0.3417,1.5211,2.3554,3.5401,2.4477,1.2812,-1.3768,-1.7953,0.3435,1.0477,1.0792,1.3215,1.3811,1.7873,2.0382,2.4153,2.4979,3.0226,3.2481,2.5613,1.4470,0.9485,1.3768,0.6935
0.7080,1.1855,1.6095,1.4534,1.1765,1.1001,0.9663,0.7125,0.5019,0.2327,0.3334,0.7441,1.2088,1.6952,1.9624,2.1213,2.2818,2.3478,2.2159,1.8309,1.0638,0.0065,-0.8707,-1.7935,-2.6098,-2.7401,-2.9675,-3.6074,-4.1946,-5.5498,-4.0754,-3.2137,-2.9886,-2.2897,-2.8527,-2.8225,-3.5228,-3.3954,-0.2401,2.5927,3.2851,1.8926,0.2205,-0.9706,-1.3811,0.1765,1.1499,1.7163,0.8859,0.8717,1.5817,2.5741,2.6970,2.7710,0.6070,1.0965,1.0568,1.3048,1.7569,1.9274,2.0835,2.3738,2.5519,2.8028,2.9745,2.7315,2.1705,2.8452,1.5649,0.6637,1.4337,0.8832
1.1943,1.7679,1.8501,1.5756,1.2928,1.0053,0.7787,0.5988,0.3486,0.1479,0.3386,1.0343,1.6844,2.0541,2.2757,2.4296,2.6038,2.6256,2.4745,2.0431,1.2780,0.1706,-0.6890,-1.3463,-2.0562,-2.3082,-2.6493,-3.8452,-6.1532,-4.5183,-2.5495,-1.9487,-2.9245,-2.1017,-2.4151,-2.6618,-3.4875,-3.0348,-0.0502,2.7294,2.8390,1.6343,-0.1498,-1.0336,-1.3612,-0.0613,0.9753,2.0153,1.8595,1.4385,1.3110,1.6975,2.1847,2.2475,1.6814,2.0673,1.0605,1.7454,2.1463,2.5547,2.8131,2.9168,3.0945,3.2171,3.6312,2.6458,1.7310,3.3226,2.0233,0.2864,1.3081,0.2357
1.9656,1.9206,1.8953,1.6048,1.2528,0.5901,0.4186,0.3999,0.3763,0.2622,0.4807,1.2949,1.9827,2.1909,2.2905,2.5160,2.7053,2.7254,2.6375,2.2226,1.4627,0.4044,-0.5497,-1.1092,-1.4233,-2.0803,-2.0778,-2.2102,-4.0581,-3.9549,-3.3134,-2.9624,-3.3647,-3.2667,-3.3099,-2.6505,-1.8319,-0.1191,1.9266,4.9436,3.4372,2.2669,0.2295,-0.6080,-0.7287,0.5217,1.1438,1.8525,1.8375,1.7263,1.7227,1.7126,1.9289,2.0112,2.8049,2.6020,2.5460,1.4120,2.8334,3.1867,2.7928,3.0082,3.4187,3.4083,3.7247,3.4000,2.2865,1.9589,2.4764,0.3558,0.4884,-0.5662
2.3829,1.9553,1.8412,1.4473,1.0446,0.2569,0.1588,0.3648,0.5177,0.6911,0.9464,1.6657,2.0548,2.1656,2.3230,2.4424,2.6567,2.7604,2.6992,2.3152,1.6382,0.6625,-0.3233,-0.9499,-0.9647,-1.8632,-0.3897,-1.0282,-2.2052,-0.9486,-3.0768,-3.9568,-2.5506,-1.1641,-0.5185,-0.0536,1.3373,2.6744,4.8837,6.1225,3.9138,3.6782,0.5608,-0.0674,-0.8626,0.1422,1.3603,2.8105,2.4804,2.2736,2.1032,1.9742,1.6259,1.8645,2.7587,3.4778,1.6254,1.4554,2.4562,2.9437,2.8317,2.8252,3.4535,3.7465,3.9479,3.5849,2.8133,1.8766,1.4500,0.8628,0.2672,-1.1878
2.4104,1.9714,1.7468,1.3820,0.8172,0.2089,0.1464,0.4231,0.9663,1.3039,1.5445,1.9362,2.0843,2.1574,2.2378,2.4055,2.6604,2.7514,2.7076,2.3335,1.6221,0.6869,-0.1621,-0.6316,-0.8897,-0.7960,-0.0574,-0.7194,-1.3565,-2.2747,-3.3046,-3.4636,-2.5107,-0.8595,0.4635,0.5752,1.5727,3.6319,5.5796,5.8573,3.4431,3.3610,1.5848,1.0516,0.4328,0.5829,1.1168,2.5616,2.7486,2.1726,2.4126,2.0844,1.5614,1.1538,2.9814,3.8238,3.4337,1.5850,1.8264,2.6838,3.1262,3.3291,3.6637,3.6523,3.8282,3.2481,2.7829,2.0092,0.6743,-0.0003,0.0801,-1.3513
2.4379,2.0173,1.7117,1.2244,0.6662,0.2567,0.1873,0.5770,1.2701,1.5683,1.7401,1.9765,2.0167,2.0918,2.1195,2.3090,2.6533,2.7180,2.6113,2.1397,1.3018,0.6074,0.0268,-0.4603,-1.0664,-1.0251,-0.1786,-1.0099,-1.7802,-4.1657,-5.2794,-4.3761,-4.1543,-2.3284,-1.0918,0.6287,1.9704,3.2262,6.1794,6.2230,3.6121,2.8958,1.5841,1.6226,1.1850,1.0991,1.7858,3.0545,2.6680,2.0263,2.2098,2.7834,2.3709,1.1666,2.5373,4.1159,3.7806,1.8686,1.7510,2.9121,3.5012,3.7477,3.5747,3.8209,3.4244,3.0826,2.6555,2.0718,0.9915,-0.2974,0.3425,-1.3749
2.4061,2.0072,1.5969,0.9181,0.6148,0.4416,0.5024,0.9308,1.3593,1.5893,1.7326,1.9468,2.0536,1.9197,1.8901,2.1040,2.6009,2.5872,2.4388,1.7540,0.7978,0.3920,0.0469,-0.2245,-1.1475,-0.9559,-1.8619,-2.3609,-4.6667,-5.9047,-7.0178,-4.9788,-3.7751,-1.2649,-1.1046,-0.3601,0.7077,2.7104,3.6478,3.5068,2.4964,2.4516,2.5869,1.9769,0.6674,1.3213,0.7905,3.2235,3.5303,3.0400,2.0609,2.3955,2.3145,1.7359,2.7311,3.7205,3.8983,2.0887,1.8801,2.7878,3.4564,3.7712,3.4795,3.2790,2.9666,2.6363,1.9709,2.0149,1.5470,0.4791,-0.1088,-1.7079
2.3291,2.0388,1.4042,0.7803,0.5977,0.6860,0.8203,1.1002,1.3273,1.5170,1.6653,1.9402,1.9847,1.5874,1.5612,1.9276,2.4853,2.3939,2.1226,1.1532,0.2963,-0.0788,-0.1944,-0.3923,-0.9343,-1.0603,-2.8426,-4.9343,-6.0777,-5.7904,-5.8379,-3.2932,-1.3865,-0.0961,0.7105,-0.0375,1.0578,1.8607,0.5128,-1.6034,-0.7140,-0.3284,2.3201,1.7978,1.1295,1.4981,1.8306,2.0808,2.0452,1.4553,1.6726,1.8382,2.3437,2.3996,2.6254,3.3619,3.9433,2.3028,1.5616,1.9406,3.2479,3.4728,3.0425,2.8542,2.4679,2.0881,1.9892,1.9523,1.8018,0.7707,0.5587,-1.6772
2.2924,2.0168,1.2473,0.7349,0.7255,0.9095,0.9825,1.1307,1.2629,1.4411,1.5826,1.8820,1.8694,1.2359,1.2465,1.7314,2.3468,2.2302,1.7064,0.5242,-0.1346,-0.3309,-0.5437,-0.6107,-0.6084,-1.0627,-2.7910,-4.9543,-4.9647,-4.4477,-3.3502,-2.1879,-1.0724,0.0307,1.5762,2.3342,1.6457,1.7628,-1.1569,-3.9997,-3.8901,-2.2976,1.6061,0.8713,1.1842,1.7372,3.8915,2.7313,1.6666,1.5055,0.3035,0.0719,1.2850,1.9830,2.7054,3.3701,3.7344,3.1055,1.2466,1.2269,2.4772,3.0070,2.6230,2.5359,2.0495,1.7092,1.7417,1.9350,1.6089,0.7523,0.7603,-1.1665
2.3258,1.9429,1.2496,0.8843,0.9229,0.9649,0.9950,1.0798,1.1597,1.3474,1.4888,1.7440,1.7233,1.0761,1.0634,1.7294,2.2377,2.0288,1.2679,-0.0674,-0.3904,-0.7208,-1.0103,-0.6659,-1.0195,-1.8961,-3.2200,-4.1656,-4.3904,-3.2438,-1.8337,-1.3763,-0.8036,-0.3938,2.7981,3.1875,1.0295,0.6793,-1.2778,-4.2702,-4.3254,-2.5629,1.8478,0.5597,0.6563,2.2614,3.1536,3.6373,1.1679,0.0551,-0.8640,-0.3228,0.7962,2.0513,3.2430,3.7557,4.3685,3.4598,0.9621,0.7521,1.3846,1.8014,1.9576,1.8919,1.4950,1.2695,1.5431,1.9030,1.9361,0.6820,0.8922,-0.4383
2.2235,1.8883,1.4196,1.1705,1.1195,1.0255,0.9771,0.9599,1.0021,1.1868,1.3869,1.6429,1.5776,0.9688,1.1168,1.9200,2.1513,1.8753,0.8906,-0.5327,-0.8232,-1.1463,-1.3349,-0.4871,-1.5747,-2.5201,-3.4779,-3.3109,-3.3988,-3.1739,-0.3682,1.5609,3.1685,1.6736,4.1630,2.8762,-0.5957,-1.1317,-0.8284,-2.9152,-3.6837,-3.4433,-0.1240,0.4971,1.5982,2.0329,2.7843,2.4249,2.7055,1.9475,3.3261,2.4722,2.3363,2.9361,3.4994,4.1476,4.1405,3.5780,-0.1707,-0.0238,0.5923,1.8890,1.6772,1.4529,1.5342,1.1298,1.6103,2.1771,2.1155,1.1242,1.1814,0.0225
2.0253,1.8952,1.6530,1.4264,1.2340,1.0659,0.8936,0.8337,0.8452,0.9394,1.1778,1.4727,1.4170,1.1124,1.3231,2.1069,2.0824,1.6593,0.4753,-0.9219,-1.1916,-1.4455,-1.4726,-0.6056,-1.9883,-2.5381,-2.9579,-2.6817,-1.7223,-0.6213,1.5260,2.8853,4.9011,3.9304,3.2776,0.4834,-2.3366,-2.2657,-1.2549,-1.5235,-1.7685,-1.3711,-0.7951,0.0168,1.5817,1.3237,2.5431,2.5787,1.8984,2.3320,2.6682,1.8589,1.5171,2.7605,2.3060,3.5481,5.2454,5.2534,0.7620,-1.8005,-0.5863,-0.1224,1.2239,0.9000,1.4665,2.2830,2.5080,2.6264,2.5685,1.8905,1.9543,0.7132
1.8863,1.8586,1.7714,1.5506,1.3044,1.0521,0.8562,0.7013,0.6566,0.7887,1.0845,1.2147,1.2092,1.1153,1.5012,2.0887,2.0316,1.6254,0.1167,-1.2395,-1.6717,-1.7851,-1.2225,-0.5399,-2.2014,-2.1778,-2.6379,-2.1914,-1.2951,0.4186,2.5194,3.8649,5.8214,6.0826,1.2179,-1.0914,-2.9972,-3.5117,-1.3438,-1.2137,-0.0236,1.3444,0.0421,-0.0152,1.9021,1.2064,3.2960,2.1429,2.2951,2.6959,0.3507,-0.5035,1.2907,2.7457,4.4358,5.1513,6.7325,7.6080,3.4517,-1.6708,-1.3002,-0.4830,-0.1081,1.6071,1.1407,2.2053,2.7683,3.0844,3.3471,2.5193,2.7569,1.3162
1.7987,1.9377,1.7310,1.5278,1.2505,0.9811,0.6900,0.5811,0.5456,0.6466,1.0107,1.0116,1.0884,1.2292,1.6268,2.1146,2.0048,1.5284,-0.1474,-1.4970,-1.8179,-2.0703,-1.1058,-1.0144,-1.6660,-1.8703,-1.9418,-1.9372,-1.5615,1.0632,1.7476,3.2304,5.5473,6.6881,-0.1130,-2.2452,-2.8510,-3.1581,-2.6208,-1.9712,0.8831,1.1381,1.3451,1.0087,1.7303,2.4267,2.7597,2.8744,3.0614,1.4389,2.7144,0.4729,2.9249,5.0922,6.2677,7.0451,7.2854,7.9639,6.6448,-0.1645,-1.7438,-1.3582,0.2136,0.5107,2.0763,1.7897,2.9810,3.9609,4.3699,3.1795,3.4861,1.9791
1.8094,1.9329,1.6804,1.5289,1.2349,0.9269,0.6339,0.4647,0.3932,0.5866,0.8912,0.8681,1.0712,1.3957,1.7832,2.1317,2.0596,1.5747,-0.3588,-1.6031,-1.8389,-2.0680,-1.0062,-0.6182,-1.2680,-1.4242,-1.3349,-1.1396,-0.6711,-0.3854,0.9787,2.8605,4.9711,3.3764,-1.3170,-2.0670,-2.1672,-3.5381,-2.6947,-1.8228,1.4154,2.6504,2.7333,3.5030,2.0456,1.9933,2.9479,2.7050,3.5763,2.4535,2.7158,3.6874,5.7546,5.5194,8.1336,8.1306,8.1690,8.6245,8.9650,4.9986,-0.9282,-1.4691,-0.8589,0.8156,1.1633,2.5912,2.9042,3.8175,4.6447,3.7907,3.9853,2.2302
1.6622,1.7960,1.6075,1.4812,1.1749,0.7888,0.5414,0.3671,0.3239,0.4904,0.8725,0.8482,1.1476,1.5784,1.9350,2.2318,2.0991,1.6075,-0.5607,-1.6179,-1.7460,-1.8373,-0.9633,-0.0995,-0.9941,-1.5498,-0.7753,-1.1973,-1.4793,-0.1483,1.7796,2.5859,2.4227,-1.0790,-0.2405,-2.0354,-2.0846,-3.8761,-2.6540,-1.0086,1.4624,3.7301,3.5704,4.5245,4.1656,4.1283,3.9441,3.7660,4.5091,4.2630,4.6867,6.5048,7.7688,9.4176,10.0473,9.5383,8.9970,8.7373,8.1739,8.0982,3.3706,-1.4451,-1.8659,0.3555,1.4981,2.0239,2.4734,3.8028,3.9171,3.7261,4.0650,2.6358
1.4838,1.6587,1.5040,1.4174,1.0942,0.7517,0.4622,0.2828,0.2693,0.4909,0.8141,0.8832,1.2390,1.8024,2.0527,2.3523,2.2407,1.6820,-0.7360,-1.5830,-1.5045,-1.4990,-0.4180,0.3829,-0.5857,-0.9466,-0.4104,-3.0127,-1.1599,1.1117,2.1773,0.3044,-1.9281,-2.9008,-0.7735,-1.4446,-1.8906,-2.8581,-1.7831,1.1306,2.3760,3.7765,4.7562,5.1162,5.3378,5.1211,5.0455,5.0816,6.1612,6.0597,6.6442,8.1722,9.3455,8.3649,8.8914,9.5888,8.7554,8.4948,7.9931,7.7080,7.0192,-0.3528,-2.6405,-0.9192,0.6597,1.3068,2.5763,3.6985,3.7937,3.4736,3.5854,2.6389
1.3151,1.4880,1.4380,1.3150,0.9726,0.5988,0.3282,0.2339,0.2654,0.4959,0.6746,0.9632,1.4852,2.0443,2.1950,2.4929,2.3405,1.7172,-0.7907,-1.4306,-1.2360,-1.1526,-0.2992,0.6908,-0.2701,-0.5213,-2.1915,-2.3053,0.0017,2.2884,2.2187,-4.7708,-3.6202,-2.8370,-0.8760,-0.9105,-1.6843,-1.8518,0.0335,0.8988,1.7985,2.2510,3.5559,4.9491,5.3412,5.2064,5.4115,5.8299,6.1690,6.5497,7.2636,7.5869,8.2856,7.4426,7.8528,8.4638,8.0680,8.1570,8.0248,7.9055,6.9225,2.8329,-2.8654,-3.2386,-1.1905,1.2060,2.7555,3.8022,4.1621,2.9267,3.1678,2.4184
1.1449,1.2519,1.3072,1.2408,0.8936,0.5924,0.3890,0.2538,0.3001,0.5330,0.6259,1.0768,1.7318,2.1917,2.3504,2.5574,2.4423,1.7315,-0.9124,-1.2532,-0.9820,-0.8049,-0.6222,1.2363,0.9172,-0.6230,-1.0627,0.2010,1.5447,2.8491,3.5063,-3.5146,-4.2426,-2.5038,-0.0808,-0.0235,-1.3719,-1.1942,0.9941,2.6544,2.7234,2.0218,2.8325,3.8707,4.7476,5.2885,5.2237,5.4405,6.1340,7.2112,7.1571,7.4697,7.1471,7.4042,7.8492,7.7814,7.8327,8.0407,7.8639,7.2830,6.8679,5.3782,-0.8142,-3.1033,-2.4662,-0.1313,2.3416,3.6677,4.1487,2.9737,2.8723,1.7097
0.9308,1.0483,1.1424,1.1031,0.7865,0.5659,0.3171,0.2063,0.2910,0.4975,0.6527,1.1943,1.8785,2.3075,2.4207,2.6634,2.5438,1.7835,-0.8643,-1.0512,-0.6971,-0.4790,-0.5466,1.6229,0.4261,-0.6755,1.2080,2.3542,2.4492,2.4130,3.2029,1.2646,-3.9637,-1.7623,0.1341,0.9202,-0.5072,-0.4380,1.2492,1.9569,4.3199,3.9551,3.4351,3.4177,4.0768,4.6548,5.8058,5.7692,7.1591,6.4701,7.5285,8.4746,8.4584,7.7478,7.8660,7.8410,8.0073,7.9763,7.6415,7.0875,6.5556,6.4573,3.6844,-0.9627,-1.1442,0.0174,2.1107,3.6860,3.6397,3.0423,2.9670,1.5048
0.7412,0.7997,0.9445,0.9346,0.7752,0.5107,0.2615,0.2008,0.2342,0.5091,0.6693,1.2860,1.9280,2.3293,2.4525,2.7371,2.6046,1.8231,-0.8924,-0.8837,-0.4565,-0.2036,-0.2632,2.4704,0.5645,0.4978,4.7191,4.1760,1.8394,2.6364,4.0449,3.5007,-3.0417,-0.8057,0.0708,0.9982,-0.5117,0.7403,2.2182,3.2974,2.6010,4.3209,5.0260,4.6537,4.7884,4.9381,5.8806,6.3632,6.5334,7.0498,8.6251,9.0016,9.1904,9.0992,8.9632,8.6366,8.3306,7.8885,7.5321,7.0624,6.4514,6.4585,6.2208,4.6373,2.8803,2.2674,2.3465,3.1046,3.5150,3.1995,2.7106,1.5391
0.5544,0.6384,0.7872,0.8249,0.7098,0.5285,0.2401,0.1302,0.2143,0.4944,0.7029,1.3631,1.9485,2.3904,2.5194,2.8159,2.6873,1.8383,-0.8502,-0.7005,-0.2501,0.0764,-0.1392,3.1380,1.3502,3.6085,5.4804,3.9834,1.3106,2.3297,4.1686,1.8445,-1.4817,-1.0081,-0.2338,0.7282,-0.3507,1.0762,3.3507,3.8877,3.3014,4.5347,4.6192,5.1095,5.0929,5.5359,5.8157,6.4044,7.1595,8.0405,8.5385,8.9589,8.8573,9.2483,9.7508,10.0462,9.1168,8.4432,8.1652,7.4358,7.1616,7.2034,7.8138,7.3503,5.5466,4.0849,3.5411,3.3874,3.6126,3.2770,2.7259,1.7086
0.3672,0.4912,0.6283,0.6636,0.6321,0.4788,0.1478,0.0457,0.1470,0.3914,0.7197,1.4285,1.9128,2.3227,2.5712,2.8561,2.6903,1.9207,-0.7811,-0.5767,-0.0841,0.1114,-0.1579,1.8647,2.7888,4.6013,5.1889,1.8312,1.1042,2.1996,4.6595,0.0888,0.4553,-1.5289,-1.1512,-0.4523,-0.0865,1.5728,3.5587,3.9837,4.2827,6.3887,6.7428,6.7170,6.2813,6.1489,6.0578,6.3898,7.0551,7.9353,8.5287,8.6331,8.3581,8.7964,9.8424,10.6354,10.8109,10.2917,9.4582,8.3210,8.1547,8.3227,8.8865,8.7610,7.3697,5.8442,4.6708,3.9902,3.5883,3.2985,2.5140,1.8453
0.1733,0.3868,0.4921,0.5526,0.4625,0.3330,0.0510,-0.0044,0.0846,0.2979,0.6984,1.3447,1.9389,2.3487,2.6293,2.8993,2.7445,1.9705,-0.6948,-0.5162,-0.0543,0.1620,-0.0678,1.4412,3.4998,4.7688,3.9476,-0.8319,0.0897,2.2506,5.5339,6.3212,3.5623,-0.1773,-0.4401,-1.0961,0.0576,2.0782,4.0980,4.9560,5.2556,6.2346,7.8367,8.8512,8.3409,7.5200,6.7774,6.6375,6.9157,7.4261,8.0875,8.1900,7.6724,7.5309,8.6829,10.0233,10.8529,11.5123,11.1811,9.9893,9.0573,9.1665,9.0309,9.4147,8.8162,7.1048,5.8135,4.5377,3.8857,3.2437,2.6888,2.1062
0.0313,0.2893,0.3840,0.3356,0.3384,0.1795,-0.0929,-0.1861,-0.0293,0.2426,0.5886,1.2864,1.9883,2.4324,2.7049,2.9351,2.8457,2.0552,-0.5493,-0.4628,0.0105,0.0688,0.1439,1.8738,3.8639,4.3021,1.6702,-2.5274,-0.1702,3.3735,6.3543,6.2866,6.1830,5.7967,4.0471,0.7617,0.0972,2.0436,4.7648,5.4039,5.9250,6.4916,7.3389,7.3625,6.4537,5.8029,5.6331,5.0234,4.8921,4.7954,5.5138,6.1394,5.7739,5.5953,6.4746,7.7358,8.6917,10.1845,11.4708,11.9300,9.8120,9.0992,9.2848,9.6554,9.0414,7.5216,6.3842,4.9111,4.5090,3.4160,3.2628,2.4107
-0.0601,0.2425,0.2453,0.1783,0.1316,-0.0018,-0.2619,-0.3029,-0.1329,0.1632,0.5255,1.2022,2.0084,2.4950,2.6522,2.9463,2.8322,2.2137,-0.3782,-0.4061,0.0287,-0.1704,-0.0413,1.8213,3.6520,3.4433,0.7350,-1.7329,3.1129,4.8975,5.9187,5.2972,3.2518,3.8414,4.5657,2.4215,-1.0227,2.6047,4.1574,4.6589,4.4162,5.8367,6.7362,6.5663,5.7773,5.0189,4.6033,3.7336,2.9283,2.4302,3.1030,4.2028,4.3806,4.5693,5.1968,5.8298,6.9462,8.4331,9.7496,11.4565,11.5005,9.5531,8.6724,8.4730,7.8786,7.9344,7.0581,6.8491,5.8746,3.6596,3.3950,1.9610
-0.2672,0.0914,0.1765,0.0278,-0.1184,-0.2083,-0.4057,-0.4452,-0.2781,0.0218,0.4046,1.0494,1.9720,2.4481,2.6534,2.8413,2.8011,2.2599,-0.3134,-0.6175,-0.2981,-0.1557,-0.1212,0.9036,2.1720,2.9293,0.3416,-0.0075,4.1696,5.3761,5.6268,5.0225,3.1376,2.1310,2.6100,2.9010,-1.6181,2.1288,3.1417,3.7501,4.9925,5.0565,5.9373,6.5809,6.0160,4.8637,4.0848,3.0773,1.5870,0.6450,1.1807,2.4240,2.9453,2.7764,3.4568,4.4348,5.3650,6.3307,7.7783,9.3418,10.2474,10.3668,9.2792,7.5615,7.1896,7.3528,7.1716,6.8848,6.2847,3.5916,3.0752,1.6629
-0.3555,0.0379,0.0592,-0.0793,-0.2471,-0.3700,-0.5697,-0.6143,-0.4294,-0.1667,0.2493,0.8817,1.8527,2.3325,2.4995,2.7623,2.7389,2.2909,-0.3502,-0.8957,-0.3900,-0.1604,-0.6109,-0.1977,1.0374,1.9792,0.2126,0.2846,4.7894,5.8000,6.1166,4.8577,1.6173,0.2814,0.0609,2.2104,1.1337,1.1853,1.9410,1.6461,3.3787,4.0154,4.8038,5.7760,5.6198,4.8633,4.3796,3.2586,1.5514,-0.1596,-0.2190,0.8658,1.0275,0.8835,2.1732,3.7423,4.2428,4.8472,5.7221,7.0161,7.6153,8.0631,8.9048,8.4376,7.1906,6.6300,6.2666,6.1545,6.3128,3.7956,2.5375,1.2946
-0.4447,-0.1471,0.0084,-0.2909,-0.4609,-0.5082,-0.6674,-0.6420,-0.5566,-0.4048,0.0157,0.6664,1.7073,2.2883,2.4535,2.7123,2.6543,2.2866,-0.2209,-1.1085,-0.7793,-0.2396,-0.9819,-0.3850,0.3446,0.5940,-0.8363,0.2516,3.6545,4.4456,4.4211,2.0270,0.3488,0.0264,0.3623,1.9327,3.7690,-0.0438,-0.2443,0.7061,1.0530,1.5251,3.0371,4.7085,5.3638,4.8302,4.4696,3.6480,2.0609,-0.3073,-0.4266,0.3014,0.2403,0.1521,1.8266,2.8770,3.5874,4.1867,3.7513,4.8186,5.2809,5.6264,6.3592,7.0283,7.1543,6.0418,5.8656,5.4983,5.0116,3.7579,2.6460,0.9887
-0.5317,-0.2457,-0.0220,-0.4370,-0.7380,-0.7073,-0.7075,-0.5647,-0.6350,-0.5761,-0.2985,0.3947,1.4875,2.1535,2.4055,2.7110,2.6559,2.2989,0.0874,-1.2785,-1.0793,-0.7351,-1.2991,-1.6052,-0.2392,-0.5268,-1.4311,-0.3332,1.5586,2.5431,-0.0719,-1.4561,-1.8488,-1.8144,0.1919,1.1197,3.1293,1.9171,0.2160,0.5814,0.8684,1.4338,2.9325,4.4370,5.0832,4.2920,4.5551,3.9733,2.8125,0.9799,1.2029,1.3653,1.2035,0.5551,1.8003,2.6797,3.5311,3.7626,3.8149,4.2421,4.4565,4.1091,4.2796,4.7384,5.0852,5.5154,5.5750,4.6511,3.7385,3.5429,4.0889,1.9809
-0.6145,-0.2997,-0.1737,-0.6129,-0.8784,-0.8322,-0.7724,-0.6021,-0.7158,-0.8335,-0.4045,0.1815,1.3214,1.9756,2.3800,2.6142,2.5348,2.3240,0.4021,-1.3073,-1.2492,-1.3267,-1.5281,-2.1536,-1.1978,-1.4963,-2.1165,-2.0280,0.1240,-0.0731,-4.1319,-1.6723,0.3767,0.9075,3.4367,3.0082,2.0060,3.2207,4.1835,3.5675,2.5652,2.8735,3.8756,5.0284,5.2636,4.5961,4.4682,4.0401,3.0419,2.1355,2.4831,2.8010,2.5738,1.6979,2.6043,3.7155,3.9517,4.1009,4.1327,4.8583,4.7622,5.0369,5.0088,4.6665,4.0223,4.2215,4.2605,3.9299,3.3302,3.3127,4.2540,2.7428
-0.6630,-0.3930,-0.2921,-0.7330,-0.9553,-0.9023,-0.7850,-0.5815,-0.7639,-0.8642,-0.4907,0.0607,1.0267,1.9042,2.3369,2.5973,2.3474,2.2696,0.7144,-1.1577,-1.2838,-1.2484,-1.6307,-2.2951,-3.5257,-2.1463,-1.7879,-2.1668,-0.8127,-2.3095,-4.6917,-1.6128,-0.4799,1.1155,2.2108,2.4686,1.8557,1.6977,4.1145,5.1421,6.0422,6.7048,7.7919,7.8073,6.2315,4.6292,4.9604,4.5520,4.0525,4.1691,4.9028,5.2717,5.0704,3.3690,3.9580,4.6128,4.4831,4.8248,4.8361,5.0871,5.5772,5.8040,6.2367,5.6570,4.9017,4.0721,3.3909,3.3460,3.1593,3.7989,4.0099,2.2387
-0.7492,-0.3996,-0.3088,-0.7665,-0.9686,-0.9570,-0.7990,-0.5724,-0.7695,-0.9211,-0.5905,-0.0416,0.8624,1.6954,2.2736,2.5439,2.3848,2.2927,0.9906,-1.0821,-1.2370,-1.3137,-1.3721,-2.8596,-2.6513,-1.2914,-1.3518,-1.3129,-0.7037,-2.6255,-2.8249,-1.9193,-0.7029,-0.8203,-0.8162,-0.8519,-1.7545,-1.8620,-0.4798,1.3360,3.2488,5.5025,6.6355,7.6259,7.4929,5.8064,5.5870,5.2202,4.5714,4.9824,5.7388,6.8311,7.5636,7.4197,7.0802,7.1840,6.9793,6.9586,6.5509,6.3295,6.5922,6.1985,5.9552,5.2940,4.9917,4.6889,3.7784,3.2168,2.9707,3.1394,4.3284,2.4673
-0.7837,-0.3564,-0.2773,-0.7303,-0.9251,-0.8663,-0.7682,-0.6216,-0.7586,-0.9760,-0.7161,-0.1333,0.6133,1.3814,2.0891,2.5212,2.4504,2.3580,1.1770,-1.0200,-1.2930,-1.3297,-1.4511,-2.9713,-3.9788,-1.0348,-0.5613,-0.2522,-0.7420,-1.5138,-2.7292,-2.5677,-2.9277,-3.7288,-4.3755,-3.8479,-4.3996,-4.1113,-4.3259,-1.4752,-0.2097,3.3745,3.8893,5.3106,5.0453,3.5802,3.5109,4.0456,3.6234,3.9562,4.2677,4.8896,6.6532,9.0754,8.7840,8.9773,9.6541,9.4476,9.0124,7.8842,7.3720,6.6884,5.9081,5.3413,5.1266,5.6371,6.2542,5.0535,3.9733,3.8538,4.5172,3.4999
-0.7686,-0.2701,-0.1510,-0.5547,-0.8072,-0.7614,-0.7434,-0.6401,-0.7176,-0.9756,-0.7278,-0.1989,0.3965,1.1292,1.7627,2.3994,2.4809,2.3779,1.3257,-0.8526,-1.2948,-1.3381,-1.6903,-3.2742,-4.4889,-2.4590,-0.0759,-0.1274,-1.6558,-2.5438,-2.1980,-2.1794,-3.2316,-4.9339,-4.9009,-3.9545,-4.5514,-5.4273,-6.7665,-3.9370,-2.8213,0.2038,0.9863,1.7959,1.8439,1.1823,1.1771,1.8716,2.5542,3.1927,3.4702,2.2966,5.5799,7.4116,9.3685,10.0177,10.8668,11.2447,10.9462,9.7528,8.7736,7.5303,6.6967,6.4233,6.2456,6.5337,6.7560,7.6366,7.3042,6.6490,6.4996,5.9156
-0.6684,-0.1914,-0.0794,-0.4155,-0.7060,-0.6319,-0.6787,-0.6195,-0.7441,-0.9667,-0.7916,-0.2723,0.2736,0.8073,1.4134,2.1406,2.3727,2.4283,1.4845,-0.6061,-1.3559,-1.5628,-2.3351,-4.4631,-5.3455,-4.6524,-0.6457,0.2073,-2.2450,-3.0414,-3.7768,-3.1052,-4.2155,-4.8039,-3.7145,-3.5839,-4.5690,-5.8433,-7.7110,-4.3659,-2.7804,-2.2181,-1.0530,0.0006,0.6583,-0.4332,-0.0012,0.5545,2.0000,2.6737,3.2738,2.0436,2.9291,4.8220,8.9676,9.6135,10.7429,11.8058,11.8396,10.7159,9.8188,8.7517,7.8958,7.5682,7.8502,8.2928,8.0255,8.0688,8.9310,8.5446,8.5424,7.7790
-0.6986,-0.2567,-0.1011,-0.4081,-0.6859,-0.6374,-0.6917,-0.6313,-0.8478,-1.0777,-0.8036,-0.3639,0.1817,0.4662,1.0144,1.7537,2.2095,2.4635,1.5054,-0.4124,-1.4288,-1.9604,-3.3217,-5.5825,-6.0383,-5.3366,-1.1843,0.0108,-2.8454,-3.1541,-3.1027,-2.6237,-4.3516,-3.9337,-3.0976,-3.4140,-4.3959,-6.0941,-8.0788,-4.8655,-3.6219,-3.3898,-2.5772,-1.7681,-2.1891,-1.6263,-0.6440,0.5373,1.8361,3.4133,3.8825,3.6170,2.4332,3.9238,6.8297,8.0670,9.4785,11.1377,11.8577,11.5890,10.7694,9.4085,8.6189,8.7660,8.5888,8.6576,9.6994,9.0742,8.7465,9.4165,9.9190,8.8561
-0.8111,-0.5336,-0.2517,-0.3762,-0.6026,-0.6671,-0.7574,-0.7679,-0.9036,-1.1203,-0.7886,-0.4002,0.0531,0.3108,0.6480,1.5658,2.1806,2.5472,1.6870,-0.3129,-1.5704,-2.3246,-3.8376,-5.9021,-6.3322,-5.4599,-1.1868,-0.3230,-2.4024,-3.1622,-2.5603,-1.7141,-3.0193,-3.6393,-4.2778,-4.2272,-4.5958,-6.4797,-7.6462,-5.4784,-5.0932,-3.8014,-2.8623,-3.7103,-3.8500,-2.9639,-0.8762,-0.0165,1.4956,4.4924,5.0859,4.4389,3.6186,3.4551,5.3851,6.6643,7.7215,9.6035,10.7173,11.2589,10.7014,9.7653,9.5925,10.0072,8.9878,8.7999,9.5737,10.2733,9.2344,9.2623,9.8901,8.5932
-0.9300,-0.8577,-0.4854,-0.4159,-0.5125,-0.6627,-0.7350,-0.8189,-0.9018,-0.9779,-0.5924,-0.3063,0.0752,0.2673,0.5857,1.4883,2.3454,2.7367,2.0622,-0.1442,-1.5335,-2.3578,-3.9209,-5.8498,-6.2267,-5.3434,-0.8803,-0.9220,-1.7469,-2.8838,-2.9784,-2.1493,-3.9930,-5.1284,-5.6479,-5.6315,-5.3243,-7.1596,-7.6342,-5.7451,-5.1135,-3.3460,-3.3719,-3.9419,-4.3975,-3.5695,-1.6518,0.0737,2.0633,4.5160,5.5443,4.7274,3.0562,3.3069,5.1792,6.5887,7.4182,8.4525,9.4775,10.2953,10.5240,9.9813,9.7410,10.5479,10.2602,9.1788,8.4576,10.7612,10.1740,8.8904,9.8480,8.8037
-1.1043,-1.3038,-0.8157,-0.5594,-0.4947,-0.5226,-0.5655,-0.7655,-0.7658,-0.7896,-0.2896,0.0401,0.4204,0.5185,0.8062,1.8164,2.6354,3.0743,2.2885,-0.1527,-1.3311,-2.2274,-3.7444,-5.1060,-5.5551,-4.8457,-1.9233,-1.3405,-1.1825,-2.7231,-4.3609,-3.6969,-5.5833,-6.6653,-6.7344,-5.7205,-5.9344,-7.3696,-6.7919,-5.3041,-4.1014,-2.8222,-2.8847,-4.2399,-3.8457,-3.3121,-1.1324,0.9000,2.2776,4.4176,5.3838,5.0817,3.3261,4.0363,5.1035,6.5751,8.3388,9.1774,9.9249,10.4383,11.0628,11.1491,11.1463,11.3516,11.4654,9.9440,9.3871,9.4500,10.3341,9.4812,9.0499,8.7091
-1.2026,-1.6169,-0.8204,-0.3902,-0.3109,-0.2630,-0.2224,-0.4477,-0.4382,-0.3097,0.1815,0.4995,0.9410,1.0167,1.2582,2.1942,3.0623,3.3390,2.4241,-0.3546,-1.1034,-1.5829,-2.5934,-3.9806,-4.1862,-3.7197,-1.9690,-1.3812,-2.7386,-3.7943,-4.5988,-4.5651,-7.0986,-7.3622,-7.3009,-7.5233,-8.2065,-9.0054,-7.7026,-5.5391,-4.6787,-3.6332,-3.4571,-4.3794,-2.9420,-2.2809,-0.3748,0.7286,2.7382,4.7268,5.3245,5.5008,5.7949,5.7249,5.9679,7.1169,8.5216,10.0870,11.1426,11.6431,11.9538,11.8711,11.3907,11.3662,10.5066,10.9304,9.1217,8.3257,8.3848,9.6653,9.5467,8.3602
-0.9663,-1.3532,-0.5323,-0.0261,0.2141,0.2432,0.2800,0.1082,0.0876,0.2330,0.5499,0.8241,1.2496,1.4745,1.8656,2.7407,3.4017,3.5508,2.2018,-0.4223,-0.8938,-0.8850,-1.5514,-2.5888,-2.9712,-2.7202,-2.0624,-1.9770,-3.9546,-5.0213,-5.0501,-5.6546,-7.2526,-7.6048,-7.9987,-8.6009,-9.6858,-9.8754,-8.5546,-6.6584,-5.5014,-4.3319,-4.8802,-3.7679,-2.1612,-0.5463,0.6788,1.9603,3.1136,4.3192,4.9901,6.0916,6.1841,5.8220,6.6446,7.3374,8.2779,9.4498,10.4543,11.1041,11.7143,11.6418,10.9976,10.5091,9.4696,8.1684,7.3446,6.9480,7.4922,8.2702,9.3841,7.5796
-0.5387,-1.2106,-0.4556,0.0872,0.3137,0.4319,0.3642,0.2033,0.1554,0.2862,0.4960,0.6197,1.0077,1.4020,2.1823,3.0428,3.3518,3.4499,1.3941,-0.8013,-0.9645,-0.9303,-1.4026,-1.8407,-2.2441,-2.4277,-2.2102,-3.4674,-4.5379,-4.8237,-4.6301,-5.4664,-6.4171,-7.8944,-8.8826,-9.2554,-10.3083,-10.9421,-9.9981,-8.6632,-6.3173,-5.4945,-4.9492,-4.0797,-2.3374,-0.4180,0.5093,1.4891,1.9191,2.4401,3.7199,4.6246,4.5363,4.6901,6.0159,7.2064,7.5423,8.2284,9.5483,10.0139,10.4934,11.0334,10.8895,10.7532,9.8756,7.5252,7.1070,7.5047,8.0056,8.6253,9.3350,8.6977
-0.7598,-1.3334,-0.7732,-0.3280,-0.0792,0.0449,-0.0135,-0.1615,-0.1478,0.0250,0.2047,0.3176,0.7597,1.4081,2.4092,2.9193,2.9190,2.6456,0.0219,-1.2894,-1.0892,-0.9868,-1.2908,-1.3127,-2.1394,-2.5793,-1.7075,-3.9805,-4.6677,-3.2344,-3.7476,-6.2041,-6.4547,-7.5707,-8.7326,-9.4200,-9.5223,-10.3229,-10.7058,-10.3446,-7.0608,-5.4854,-4.0677,-3.4430,-2.2938,-0.6038,0.5685,1.2122,2.1825,3.0031,4.4751,5.7853,5.4710,5.1294,6.5542,7.3369,7.2672,7.4711,8.3357,9.0425,9.5233,10.2503,10.3560,9.6935,8.6753,7.9599,7.6127,7.7925,8.3173,9.1790,10.1084,7.1535
-0.4367,-1.8258,-0.6044,-0.3559,-0.4509,-0.3052,-0.2604,-0.4110,-0.6069,-0.5725,-0.6504,-0.5609,-0.0236,0.8795,1.9821,2.0573,1.7558,0.7371,-2.1260,-2.6885,-1.8162,-1.9054,-1.5033,-1.5337,-2.2110,-2.9824,-0.7462,-4.5221,-5.1252,-3.2626,-3.8907,-7.1464,-6.8301,-8.4868,-9.0919,-9.3679,-9.1759,-8.7146,-8.8741,-10.0857,-7.5043,-4.3936,-5.2097,-5.4491,-4.2971,-2.4249,0.7607,-1.3019,-0.4837,0.3559,1.3092,2.4485,2.3018,1.8880,2.2792,2.5802,2.8365,3.7143,4.9349,5.8140,6.2952,6.4557,5.9843,6.4328,4.3254,4.7240,4.7907,5.4162,5.7616,6.0414,6.3918,3.5502
