-0.5824,-0.8081,-1.1997,-1.1555,-1.1327,-1.2045,-1.1561,-0.9511,-0.7834,-0.8680,-1.1128,-1.3953,-1.4592,-1.1750,-0.5214,-0.2049,-0.4244,-0.8329,-0.9989,-1.0404,-1.1032,-0.9681,-0.8176,-0.9725,-1.2876,-1.1731,-1.2164,-0.7967,-0.6518,-0.7767,-0.5721,-0.2740,-0.0277,1.0877,0.9936,0.1064,-5.6390,-7.7556,-6.8754,-6.6433,-7.0579,-5.6436,-2.9276,-1.8616,-0.7164,-0.0620,2.3559,2.4302,2.4948,0.0328,-1.5552,-3.0773,-2.1358,-0.9996,0.0650,0.7823,1.6169,-1.1973,-3.6025,-2.8370,-0.7409,-0.8014,-0.4655,-0.9887,-1.6109,0.0536,-0.4118,-0.4766,-1.2401,-0.9253,-0.5473,-2.3719
-0.9964,-0.1131,-0.5604,-0.7433,-0.8295,-0.7480,-0.4809,0.0696,0.3315,0.3360,-0.1134,-0.6705,-1.0925,-1.0954,-0.4329,0.0150,-0.2188,-0.6380,-0.7780,-0.9341,-0.9379,-0.7708,-0.7010,-0.9510,-1.0037,-0.9121,-0.8966,-0.5494,-0.4013,-0.4771,-0.2315,-0.1069,0.2978,0.8709,0.1222,-0.8457,-3.6796,-2.5373,-2.8099,-2.5239,-3.0960,-1.9013,-1.7987,-1.8175,-0.5316,-0.2666,-0.9096,-1.2389,0.0366,-2.6740,-2.6376,-3.2536,-2.3260,-1.4918,0.2455,1.2781,2.1616,0.0078,-1.2057,0.2355,1.3588,0.2603,0.7640,0.7291,-0.6138,0.8496,0.8698,0.0417,-1.1910,-1.1017,1.0303,0.9843
-1.2204,-0.0028,-0.6127,-1.0764,-1.2895,-1.1438,-0.8484,-0.2557,0.1166,0.0865,-0.2630,-0.7912,-1.2494,-1.3706,-1.0158,-0.4837,-0.5874,-0.8215,-1.0161,-1.2061,-1.2631,-1.2152,-1.2397,-1.4949,-1.5676,-1.4748,-1.3357,-0.9294,-0.8743,-0.7489,-0.4014,-0.2251,0.1721,-0.2123,-2.0869,-4.1578,-4.5834,-1.9682,-2.8638,-3.3470,-2.1070,-0.7198,-1.3405,-0.8047,0.2344,-0.9921,-1.9184,-4.3270,-3.2486,-4.0274,-2.8911,-3.1659,-3.3766,-2.9404,-1.6537,1.0063,2.4104,2.5115,-0.2695,0.2557,1.6980,-0.3580,0.0521,1.3156,-0.8945,-0.4565,0.2254,-0.2062,-1.8846,-3.7593,-1.0869,2.9507
-1.3151,-0.5777,-1.0670,-1.4661,-1.6514,-1.3969,-1.1182,-0.6637,-0.0968,-0.0871,-0.3311,-0.7533,-1.3151,-1.6018,-1.4959,-1.0998,-1.0325,-1.0408,-1.0773,-1.2236,-1.3720,-1.3993,-1.3685,-1.6283,-1.7302,-1.6694,-1.3916,-1.0179,-1.0470,-0.7657,-0.4821,-0.3551,0.4628,0.1404,-2.2532,-1.3260,-1.2931,-0.1588,-2.0205,-2.3074,-0.0272,0.3386,0.3335,1.3892,0.2160,-0.8535,-0.8166,-2.6829,-2.9003,-3.2783,-2.3317,-1.8205,-2.0983,-1.2171,0.2339,0.5920,0.8591,1.1622,-0.3154,-0.0335,1.2439,0.0727,-0.1302,1.8526,-1.3659,-0.5886,0.2182,0.2210,-1.7324,-3.3052,0.3162,3.6860
-1.6735,-1.0782,-1.5772,-1.8203,-1.7805,-1.4163,-1.1846,-0.7772,-0.1815,-0.1437,-0.4114,-0.6587,-1.1727,-1.5653,-1.8112,-1.5501,-1.2193,-1.0688,-1.0486,-1.1548,-1.2381,-1.2925,-1.2853,-1.4347,-1.4658,-1.4942,-1.2129,-0.9630,-0.8496,-0.8105,-0.7076,-0.0653,1.2612,-2.0613,-2.9094,-0.0831,0.7600,0.4174,-1.1836,-0.9277,1.3636,0.9508,0.5704,1.7715,0.6448,-0.8699,-0.6150,-1.5367,-1.8955,-1.5386,-2.4155,-1.7177,-1.3563,0.4238,1.4221,1.7235,0.2816,-1.5372,0.1392,0.6554,0.6418,-0.1091,-0.0233,3.0680,1.2161,0.6599,0.3145,0.5406,-1.7420,-1.5892,1.2845,3.0257
-2.1367,-1.3461,-1.7559,-1.7517,-1.5464,-1.1242,-0.9100,-0.6026,-0.0374,0.0183,-0.1345,-0.3329,-0.8497,-1.2810,-1.5489,-1.5026,-1.1483,-0.9371,-0.9838,-1.0952,-1.1307,-1.0384,-0.9791,-1.1037,-1.1238,-1.1513,-0.9889,-0.8287,-0.8883,-0.9288,-0.3328,0.6122,-1.1489,-3.6211,-1.2355,0.9647,1.7328,1.1069,0.1962,-0.0100,0.7467,0.6364,0.7693,1.3145,0.2062,-0.7934,0.0820,-1.0827,-1.7979,-1.6907,-3.1174,-2.3595,-2.1637,0.2340,1.4217,2.2419,1.0493,-0.7913,0.2537,2.3278,-0.4762,-2.0050,-1.1492,1.5924,2.9326,1.6839,1.1322,0.5231,-1.3464,-0.8144,1.6091,1.6473
-2.1332,-1.3484,-1.6802,-1.5141,-1.0480,-0.6080,-0.4893,-0.3176,0.2291,0.2660,0.1750,-0.0327,-0.5317,-0.9887,-1.1528,-1.1019,-0.8759,-0.6736,-0.8577,-1.0865,-0.9918,-0.7686,-0.7348,-0.8624,-0.8586,-0.8466,-0.6993,-0.6752,-0.8678,-0.6929,0.0261,1.2419,-2.6018,-0.9801,0.5632,0.8476,1.2052,-0.8556,-1.0806,-0.7494,-0.4218,0.5638,1.0916,0.6993,-0.1488,-0.5812,0.0232,-1.0437,-1.2163,-0.5400,-1.9417,-1.6768,-2.0357,-0.0166,0.6708,1.5702,0.4961,-0.4159,-0.1639,1.0548,-1.3621,-0.8575,-1.1053,0.7464,1.3539,-1.1091,0.1921,1.9267,-0.2842,-0.5585,1.5042,1.0897
-2.0658,-1.1924,-1.4371,-1.0635,-0.4803,-0.0653,-0.1323,-0.1748,0.2700,0.3462,0.2310,0.0927,-0.4235,-0.8592,-0.9302,-0.9722,-0.6734,-0.5942,-0.9876,-1.2850,-1.0707,-0.6226,-0.5789,-0.7264,-0.7555,-0.5999,-0.5358,-0.6186,-0.7732,-0.5462,0.4544,-1.4440,-1.5907,1.1698,1.8119,2.1529,0.5443,-1.7067,-1.0063,-0.6473,0.6558,1.3508,0.6276,0.1226,-1.1962,-0.9387,-0.0466,-0.1265,-1.2137,0.9011,-2.1851,-2.2783,-3.7642,-1.8727,-0.8559,0.2055,-0.8320,-1.4503,-0.7326,-1.2060,-2.5240,-0.5810,-0.4469,-0.1419,1.5247,-0.1997,1.6658,2.8574,1.0138,0.0550,1.6007,1.3700
-1.6735,-0.5517,-0.6024,-0.2462,0.1519,0.2523,0.0689,-0.1509,0.2402,0.2589,0.1386,0.0192,-0.2527,-0.5578,-0.6535,-0.6855,-0.4902,-0.6461,-1.1935,-1.5168,-1.1059,-0.5348,-0.5431,-0.6427,-0.6303,-0.5112,-0.5090,-0.7099,-0.6972,-0.5430,1.4660,-0.6033,1.4072,2.4813,2.2346,3.4396,0.0351,-1.0040,-0.0304,0.6196,1.7374,0.9317,-0.3125,-0.1757,-1.0622,-1.0845,-0.4195,-0.6415,-1.1744,0.2988,-3.7454,-2.0692,-1.6481,-1.7116,-1.7887,-0.2700,-1.7002,-2.9364,-1.4349,-2.0308,-3.2504,-0.2557,-0.0846,0.7243,2.1443,0.3415,1.2845,3.0095,1.6259,1.0643,2.4120,2.0005
-0.8725,0.4234,0.4104,0.5527,0.5678,0.4800,0.1434,-0.1415,0.1085,0.2149,0.0285,-0.0673,-0.1813,-0.2252,-0.2962,-0.2805,-0.2729,-0.6535,-1.2266,-1.6069,-1.0414,-0.4119,-0.4151,-0.6181,-0.6017,-0.4453,-0.5378,-0.8657,-0.8998,0.0340,1.3102,-0.4720,2.6805,3.6114,3.1633,5.1291,1.0099,0.7080,1.2912,0.2837,1.3596,0.0112,-0.7006,-0.4522,-0.9139,-1.6152,-1.3848,-1.0490,-0.0618,1.6022,-1.1269,-0.5030,-0.7052,-1.4149,-1.5880,0.1228,-1.2192,-3.0345,0.0404,-0.7657,-3.3004,-0.0416,0.9788,3.2848,1.3033,0.3914,0.2239,2.1507,1.9867,1.8490,2.8584,2.2355
0.0186,1.3483,1.0901,0.7538,0.6726,0.4910,0.0858,-0.1814,-0.0739,0.0781,-0.0654,-0.1413,-0.2056,-0.1267,-0.0129,-0.0174,-0.2258,-0.6621,-1.1559,-1.5538,-0.9610,-0.2978,-0.3610,-0.5585,-0.5403,-0.3632,-0.6124,-0.7630,-0.4052,1.2266,0.9704,-0.0878,3.1630,3.5912,3.5598,4.8633,0.4768,0.7870,-0.2545,-0.9650,0.5576,-0.2661,-0.4782,-0.4914,-0.9896,-1.5792,-1.4352,-0.0343,1.0227,2.8169,-0.6401,-1.1419,-1.3627,-1.9702,-0.9803,1.2886,-0.1601,-2.4705,-1.1386,0.0530,-3.0988,0.2728,1.8502,0.7775,-2.3913,1.6168,0.7934,0.9782,1.8284,2.0647,3.0629,2.4745
0.4192,1.5505,1.0365,0.5226,0.4437,0.3996,0.0345,-0.1783,-0.2605,-0.1869,-0.1716,-0.2168,-0.2830,-0.1944,-0.0524,-0.0926,-0.2760,-0.6624,-1.1186,-1.5099,-0.8819,-0.2393,-0.2881,-0.5621,-0.4618,-0.2512,-0.5368,-0.5414,-0.0195,3.1495,-0.6325,0.6214,3.2925,3.4766,3.6007,1.1943,-0.5472,0.4989,-0.5832,-0.5940,-0.1804,-0.9521,-0.3989,-0.4222,-0.9194,-1.7628,-1.5292,0.1095,2.6632,-1.1157,-4.2945,-3.8727,0.1174,-0.9637,-0.4175,1.4082,1.1835,-0.3619,-0.5735,-3.4306,-3.9422,-1.1336,0.3543,-2.4980,-1.6702,1.3670,1.2156,0.8620,1.7556,2.2582,3.8005,2.7554
0.3212,1.1498,0.6227,0.2360,0.2053,0.2430,-0.0787,-0.2411,-0.2984,-0.3614,-0.3308,-0.3953,-0.3920,-0.3020,-0.1771,-0.1830,-0.3596,-0.6088,-1.0666,-1.4522,-0.7957,-0.2483,-0.3019,-0.5063,-0.3600,-0.1363,-0.2719,-0.3078,0.3701,-2.6234,-0.3313,1.3837,2.9665,3.1274,2.9544,-0.0406,0.7362,2.3096,1.3098,0.6433,-0.0812,-0.8098,-0.0513,-0.1670,-1.4115,-1.5183,-0.9246,1.4501,1.6842,-5.2863,-3.3799,-0.7242,3.0289,1.2770,-0.0288,0.5770,0.6046,-1.3707,-0.7539,-3.3670,-5.0268,-2.1728,-1.4135,-1.6109,-0.1338,0.2708,0.1409,-0.1793,1.1236,2.0990,3.1364,2.2151
0.1793,0.8200,0.2367,-0.0774,-0.0124,0.1553,-0.1508,-0.3030,-0.3205,-0.3805,-0.5283,-0.5340,-0.5832,-0.5048,-0.3773,-0.4685,-0.5339,-0.6856,-1.1103,-1.3401,-0.8014,-0.2806,-0.2526,-0.3749,-0.2395,-0.0475,-0.0272,0.0214,1.0391,-2.0219,0.4239,0.4359,2.5994,2.8404,2.5783,0.4457,1.9423,3.1348,1.5096,0.4168,-0.3404,-0.4892,-0.0195,-0.1152,-1.2201,-0.9764,-1.0938,1.6909,0.4074,-1.5588,-0.7526,0.7644,2.5939,-0.7695,-1.0563,0.8665,0.9676,-1.1953,-0.4206,-1.9196,-4.6196,-1.0071,-2.8130,-3.3616,-1.8443,-0.3671,-1.1753,-3.4103,-0.7666,0.7308,1.9972,1.8757
0.0594,0.4600,-0.0145,-0.2953,-0.1428,-0.0066,-0.1732,-0.3988,-0.2558,-0.4338,-0.6695,-0.6569,-0.7438,-0.6698,-0.6818,-0.8660,-0.9140,-0.8266,-1.1249,-1.2289,-0.6740,-0.2597,-0.2222,-0.3011,-0.2267,0.0785,0.3377,0.3648,0.9074,-2.0391,-1.3125,0.2638,1.9281,1.9629,3.1490,1.3307,1.9818,2.1563,0.2926,0.0255,-0.2129,-0.5413,-0.2167,-0.1194,-0.9217,-0.7873,0.1699,2.2476,3.1111,0.6163,2.2115,0.2168,-0.4230,-1.8084,-1.6517,1.3061,-0.1915,-0.7718,-0.7050,-2.5838,-3.8094,-1.6811,-2.2144,-3.0665,-2.2505,-0.7088,-1.0584,-4.2512,-2.7231,-0.2035,1.4508,0.9886
-0.0156,0.3223,-0.0786,-0.3071,-0.1503,-0.0579,-0.1388,-0.3044,-0.2831,-0.3819,-0.6971,-0.7870,-0.8443,-0.8284,-1.0102,-1.2473,-1.2780,-0.9705,-0.9833,-0.9711,-0.5278,-0.2529,-0.2228,-0.2060,-0.2355,0.2713,0.6504,0.6256,0.9959,0.3813,1.1707,2.4469,0.5535,-0.4400,2.8037,2.9582,0.6533,0.6127,-0.4030,0.0084,-0.1765,-0.7609,0.1539,0.2556,0.0919,-0.1217,2.1825,0.9035,-0.8404,-2.4801,-0.3173,-1.1633,-1.3096,-2.4083,-2.0309,1.7479,0.0610,0.0085,-0.3522,-2.5391,-3.4438,-3.2520,-1.4331,-1.9892,-2.6999,-1.2983,-0.1724,-3.4515,-3.4919,-0.7362,0.6809,-0.1833
-0.0235,0.3502,0.0083,-0.1887,-0.1408,0.0648,0.0598,-0.1219,-0.1944,-0.2908,-0.6049,-0.9570,-0.9667,-0.9309,-1.2771,-1.5667,-1.5186,-1.0266,-0.8716,-0.8457,-0.3785,-0.2509,-0.2162,-0.2173,-0.1975,0.3018,0.6656,0.7358,0.6911,0.8379,2.0344,2.7741,-0.4563,0.2995,1.8328,2.0126,-1.6420,-0.3732,0.3081,0.6637,0.3602,-0.2942,-0.2632,-0.1205,-0.1274,-0.3544,1.5292,-1.1413,-1.4127,-3.6279,-2.9130,0.0971,-1.0117,-2.9529,-0.0510,1.2459,1.4039,0.9992,-0.7183,-1.5829,-2.1534,-2.3651,-1.3584,-2.1531,-3.1161,-2.1236,1.0400,-2.4369,-4.3801,-1.2410,0.0566,-0.2971
0.1347,0.5285,0.2715,0.0907,-0.0513,0.1902,0.2940,0.0506,-0.0280,-0.1847,-0.4943,-1.1117,-1.1288,-1.0605,-1.4113,-1.6152,-1.5044,-0.9735,-0.8552,-0.8203,-0.3483,-0.3210,-0.2889,-0.2477,-0.2624,0.1427,0.4635,0.2896,0.2140,1.4154,2.0056,2.3098,0.5286,0.6775,0.2917,-0.6021,-3.1902,-1.5438,0.3097,0.1378,-0.0563,-0.0121,-0.4536,-0.2166,0.0173,-0.6726,1.9749,-2.0366,-1.3164,-1.8390,-2.5851,0.8941,-1.2617,-2.1082,1.0311,1.7796,3.3794,1.1183,-1.0161,-1.7436,-2.2197,-1.6348,-1.6966,-2.0210,-3.0902,-2.5022,0.2592,-2.8515,-3.7843,-0.6371,-0.2072,-1.0133
0.1905,0.6306,0.4160,0.2976,0.1528,0.3864,0.4542,0.2301,0.0938,0.0370,-0.2708,-1.1813,-1.1676,-1.0501,-1.4241,-1.5840,-1.4812,-0.8995,-0.8100,-0.6580,-0.3424,-0.3306,-0.3202,-0.2655,-0.4022,-0.0496,-0.0151,0.2788,0.1110,-0.1272,0.9433,2.0056,1.3974,1.6643,0.3960,-2.6325,-3.1051,-1.7228,-1.3269,-1.3231,-0.0356,-0.0446,-0.3431,-0.1908,-0.6644,1.2383,0.2567,-3.4087,-1.9383,-0.7830,-1.0464,1.0858,-0.5321,-0.7583,0.8159,0.2434,3.5593,0.1778,-1.8090,-2.0508,-2.6453,-2.7301,-1.7102,-2.2101,-2.2967,-1.8915,-0.3597,-3.0907,-1.8404,-1.0187,-1.2341,-1.2782
-0.0004,0.6473,0.4740,0.4016,0.3540,0.6546,0.6705,0.2999,0.1441,0.1943,-0.1218,-1.0944,-1.0988,-0.9889,-1.3882,-1.5332,-1.3602,-0.8837,-0.7334,-0.5265,-0.2279,-0.2502,-0.3368,-0.4221,-0.6052,-0.3212,-0.1204,0.3590,0.1198,0.8223,1.4933,1.1562,0.1029,0.6133,-0.6368,-1.2363,-3.2331,-2.4875,-2.7733,-1.3224,-0.2837,-0.7587,-0.5481,0.1865,-1.6981,2.4336,-0.7947,-2.2956,-0.3307,0.8103,-0.6536,-1.6038,-1.1107,0.4308,-0.1687,-0.6715,2.2025,-0.5503,-1.8755,-2.3561,-2.0479,-2.4671,-2.5325,-2.4250,-1.4659,-0.7422,0.9686,1.0228,-0.0237,-1.9610,-2.3462,-1.9603
-0.5221,0.1856,0.1672,0.2920,0.4137,0.7559,0.6933,0.3362,0.1891,0.2152,-0.1135,-1.0201,-1.0828,-0.8553,-1.2329,-1.3647,-1.1729,-0.7948,-0.5559,-0.3685,-0.1427,-0.1815,-0.2822,-0.5442,-0.6502,-0.4816,-0.1317,0.9173,0.5270,-0.6342,-1.0583,-1.5110,-2.5745,-3.0902,-3.4641,-5.7458,-4.8502,-2.2459,-1.9981,-1.0337,-0.9780,-0.8365,-0.5036,-0.4830,-2.7550,-3.9275,-2.7748,-1.9050,-2.3719,-1.8371,-0.7641,-2.0133,-0.9204,1.1232,0.7742,-0.8198,0.7140,-0.3819,-1.8836,-2.5110,-2.0100,-2.1503,-2.2756,-2.6342,-1.7867,-0.7680,2.0946,1.3944,-0.6137,-2.1718,-3.0669,-1.9588
-1.1055,-0.4774,-0.4377,-0.1515,0.3569,0.7416,0.6486,0.3420,0.2337,0.1386,-0.2949,-0.8136,-0.7539,-0.6110,-0.9975,-1.2077,-1.0672,-0.6869,-0.4122,-0.2285,-0.2405,-0.2367,-0.3362,-0.5428,-0.5584,-0.4489,-0.1169,1.4254,0.5571,0.4849,0.9832,0.3314,-1.4719,-1.9073,-4.3326,-2.9023,2.3208,0.7688,-0.8753,-0.5945,-0.8477,-0.4930,0.2263,-1.2831,-3.0699,-3.9119,-3.2371,-2.0353,-1.9271,-5.0768,-3.7965,-3.2190,-1.4817,0.1427,0.6140,-1.2318,-0.9254,0.2910,-1.9208,-2.6581,-2.5162,-2.3262,-1.9838,-2.1196,-0.2435,-1.5581,1.0247,-0.9248,-1.9298,-1.8957,-1.9599,-0.1051
-1.4104,-0.7983,-0.7767,-0.4166,0.2282,0.5596,0.4812,0.3021,0.2512,-0.0181,-0.4944,-0.5798,-0.1961,-0.3054,-0.7591,-1.0238,-0.8486,-0.5183,-0.2303,-0.3244,-0.3372,-0.2990,-0.4959,-0.5302,-0.3420,-0.2637,-0.2383,1.3209,2.0712,-0.1655,0.3826,1.6430,-0.7928,0.0341,-0.9042,1.9905,4.5220,-0.0067,-1.5249,-0.4776,-0.1208,0.2889,0.3803,-2.5040,-0.4265,-2.3793,-2.7007,-2.9721,-1.5166,-4.5497,-5.3226,-4.7235,-1.6828,-0.8150,-0.3899,-1.5576,-1.6897,-0.8065,-1.8254,-2.0485,-2.2553,-1.9047,-1.6208,-1.2610,1.5600,-1.6411,-0.0190,-1.9660,-2.0653,-0.5129,-0.9562,-0.4482
-1.3521,-0.7910,-0.6532,-0.4057,0.0512,0.2497,0.1823,0.0830,0.1454,-0.3053,-0.5356,-0.4257,0.0762,-0.1434,-0.6071,-0.8892,-0.6580,-0.3132,-0.1131,-0.4385,-0.4640,-0.4226,-0.6062,-0.5625,-0.3448,-0.1950,-0.5035,1.1365,2.0200,0.2543,-0.4537,0.4838,-2.4376,-0.3344,-0.0546,-1.2539,-0.5807,-2.2013,-2.3285,-0.2239,0.2479,0.7202,-0.1848,-3.2236,-3.2833,-3.9542,-3.5680,-5.0610,-3.5731,-4.0271,-5.5250,-4.5902,-1.8826,-1.3887,-0.7229,-1.5931,-1.6945,-1.1727,-1.8347,-1.7747,-2.0856,-1.0702,-0.5834,-0.4327,0.5431,-2.2481,-0.6771,-0.9330,-2.8256,-1.1364,-0.7942,-0.6225
-1.1508,-0.5639,-0.4365,-0.2641,-0.0087,0.0140,-0.1031,-0.2838,-0.2024,-0.4524,-0.4826,-0.3272,0.1046,-0.0444,-0.3988,-0.5416,-0.4206,-0.1806,-0.0392,-0.4409,-0.4761,-0.4802,-0.7472,-0.5862,-0.3559,-0.2196,-0.6147,0.3167,0.6976,-0.5686,-0.6666,-0.9867,-4.6950,-2.8536,-1.4736,-2.2758,-2.5083,-2.4675,-2.4647,-0.1792,0.5051,0.8502,-1.0140,-2.3249,-3.2449,-4.0528,-3.9447,-4.6720,-4.2766,-4.5055,-5.0528,-4.5869,-2.7129,-2.1337,-0.1999,-0.4787,-1.0094,-1.0724,-1.6946,-1.9955,-1.8399,-0.6467,-0.1177,-0.3857,-0.7807,1.0473,0.3114,0.6476,-2.4973,-1.4756,-0.4120,-0.2925
-0.9680,-0.2981,-0.2257,-0.1218,-0.0631,-0.1940,-0.4321,-0.5293,-0.3512,-0.4369,-0.3546,-0.2101,0.0663,0.0414,-0.0996,-0.0968,-0.1113,-0.1552,-0.0003,-0.3518,-0.3936,-0.5620,-0.8158,-0.6790,-0.5164,-0.3660,-0.4269,0.2163,0.2663,0.2151,-0.2476,-0.7809,-2.3395,-1.7388,-3.2580,-0.5684,-0.5145,-1.7372,-2.5464,-0.4459,0.2904,-0.2908,-1.9520,-1.6793,-2.3646,-3.8410,-3.6186,-4.4680,-4.7104,-5.6342,-4.8821,-3.6250,-2.9926,-0.5825,0.4385,-0.1434,-1.0833,-1.3042,-2.1129,-2.3245,-1.8095,-0.2871,-0.1657,-0.2945,-0.5836,0.5888,0.8913,0.3829,-1.7811,-1.6007,0.4698,0.4514
-0.8554,-0.1637,-0.1330,-0.1488,-0.1498,-0.4065,-0.6735,-0.6174,-0.3648,-0.2379,-0.1894,-0.1899,-0.0417,0.1194,0.2284,0.1860,-0.0963,-0.1696,-0.0894,-0.2874,-0.3178,-0.5431,-0.9165,-0.9268,-0.8845,-0.7699,-0.9329,-0.3587,-0.7941,-0.5923,-1.2574,-1.4257,-1.0928,-1.2010,-0.6808,-0.2006,-0.7211,-2.0486,-2.6458,-0.7382,-0.3119,-0.8940,-1.1474,-3.4247,-2.9255,-3.2355,-3.6659,-5.6112,-5.6409,-6.3804,-4.3088,-1.6278,-1.6193,-0.4534,0.0972,-1.3017,-2.6501,-2.1937,-2.4817,-3.0571,-2.1806,-0.6642,-0.0250,0.1572,0.3347,0.4627,1.0157,0.2244,-1.4248,-1.1023,-0.2847,-0.5872
-0.7854,-0.1273,-0.1643,-0.2595,-0.3472,-0.6053,-0.7341,-0.5504,-0.1853,0.0510,-0.0231,-0.1515,0.0063,0.2165,0.3181,0.2439,-0.1366,-0.2178,-0.2221,-0.2205,-0.2155,-0.5613,-1.1353,-1.3447,-1.4849,-1.3446,-1.4199,-1.4600,-1.6099,-1.7765,-1.3881,-1.4824,-2.4035,-2.3893,-3.3947,-3.0014,-2.6797,-3.1591,-2.7650,-1.2158,-0.7749,-0.9114,-1.8315,-3.5687,-2.9439,-2.9447,-3.1057,-5.1716,-6.0371,-6.4385,-3.6183,-0.7207,-0.1331,-0.2689,-1.2351,-2.5850,-3.5821,-2.5266,-3.5151,-3.3294,-2.5746,-0.6247,0.3012,0.3842,-0.1895,-0.7939,-0.2113,-0.1101,-1.7278,-1.5464,-0.9725,-1.3601
-0.7511,-0.1372,-0.2743,-0.4447,-0.5761,-0.7255,-0.7343,-0.3887,-0.0933,0.0806,0.1095,0.0138,0.1579,0.2747,0.3937,0.0475,-0.3681,-0.2761,-0.1354,-0.1813,-0.2882,-0.8821,-1.5483,-1.7199,-1.9029,-1.8455,-1.5358,-1.4550,-1.2761,-1.7486,-0.8116,-1.1383,-1.7024,-2.9363,-3.1414,-3.1180,-2.8135,-2.8581,-2.0825,-1.1571,-0.8192,0.8593,-1.6062,-3.8975,-3.2466,-2.9840,-3.0535,-3.9980,-7.3058,-6.4001,-3.5042,-0.6938,0.1797,-1.3186,-2.7708,-3.9516,-4.0090,-4.2132,-4.1772,-3.0007,-2.9270,-0.4611,0.3123,-0.3992,-0.0174,-0.7778,-0.9999,-0.1308,0.0490,-1.0643,-0.3423,-1.2780
-0.7153,-0.1579,-0.3535,-0.5124,-0.6802,-0.7233,-0.6151,-0.3973,-0.0728,0.1282,0.2415,0.1725,0.3409,0.4392,0.4784,-0.1290,-0.4958,-0.0969,-0.0088,-0.0313,-0.4387,-1.1489,-1.9351,-2.0794,-2.2601,-2.0272,-1.1064,-0.7567,-0.1129,-1.1292,-1.1731,-0.8818,-1.1602,-1.5291,-1.0817,-1.5546,-1.8674,-2.1885,-2.0012,-1.0365,-0.4583,0.7260,-1.4256,-3.9244,-2.6388,-2.4413,-2.8673,-2.9736,-5.8116,-5.9283,-2.1619,-0.9270,-0.8251,-2.8968,-3.7841,-4.9755,-3.0440,-4.4647,-3.6311,-2.7503,-3.0003,-1.6275,-0.1469,-1.1879,-1.4353,-1.2100,-0.4533,-0.3506,-0.9380,-0.7462,0.6169,0.4429
-0.6776,-0.1406,-0.4675,-0.4750,-0.6478,-0.6739,-0.5418,-0.4442,-0.0798,0.1494,0.4862,0.4358,0.5372,0.4833,0.3972,-0.1784,-0.3290,0.2206,0.1113,-0.1101,-0.5613,-1.3637,-2.0905,-2.1797,-2.2908,-1.5394,-0.5161,-0.6537,-0.4168,-0.3775,-0.3871,0.1973,-0.0525,-0.3313,-0.8057,-1.4883,-1.8355,-2.2163,-2.1765,-1.5923,-1.0980,-1.4071,-4.0216,-3.7820,-2.4408,-1.9522,-2.4535,-2.2613,-3.9007,-3.9508,-1.1057,0.9165,-0.6905,-1.8259,-3.3765,-4.6425,-4.9933,-4.0069,-3.3109,-3.8347,-4.1876,-3.8681,-1.7651,-2.0014,-2.2885,-1.7824,-1.0902,-0.5288,-1.1322,0.1493,0.2577,0.4318
-0.6042,-0.1660,-0.4525,-0.4667,-0.6336,-0.5077,-0.4685,-0.2945,0.0656,0.4508,0.7376,0.6624,0.5689,0.4151,0.4158,0.0021,0.0752,0.3706,0.1037,-0.2823,-0.7374,-1.6007,-2.0674,-2.0892,-2.1362,-0.9166,-0.7637,-0.8645,-1.0944,-0.8390,-0.3152,0.0109,-0.0412,0.1570,-0.2900,-1.5117,-1.8394,-2.2430,-1.9194,-1.3338,-0.8410,-1.2688,-4.0416,-4.1386,-2.1563,-1.2148,-1.1651,-1.6926,-2.8179,-2.6291,-0.2678,0.3252,-0.5988,-0.6143,-2.4846,-4.0194,-3.6296,-3.1866,-3.5361,-3.9288,-4.5661,-4.3285,-2.5686,-2.9153,-2.3715,-1.7888,-1.7774,-1.4146,-1.2951,-0.4829,0.3431,0.5305
-0.5556,-0.1844,-0.4112,-0.4641,-0.4830,-0.4299,-0.3636,-0.0344,0.4164,0.7790,1.0133,0.7396,0.5480,0.1593,0.4332,0.3332,0.5154,0.5399,0.1342,-0.3839,-1.0262,-1.7310,-1.7604,-1.8977,-2.3887,-1.3353,-0.3262,-0.7157,-0.8633,-0.9832,-0.6106,-1.0049,-2.2482,-1.7917,-1.4047,-1.6102,-1.9938,-2.3667,-2.1821,-0.9409,-0.5647,0.4156,-2.4795,-4.0650,-2.2887,-1.1529,-0.2077,-0.9245,-2.5188,-2.6312,-0.2818,2.1976,-0.7066,-2.1600,-2.4473,-2.3424,-3.6835,-4.4182,-4.1617,-3.4446,-3.1463,-2.7423,-1.9888,-2.7517,-2.0646,-1.2071,-1.1132,-1.7305,-2.2928,-0.8029,-0.4263,1.0362
-0.4923,-0.1645,-0.3964,-0.4507,-0.4060,-0.3229,-0.1283,0.3032,0.9470,1.1392,1.1028,0.6743,0.2758,-0.0038,0.7248,0.7298,0.7959,0.5538,-0.0020,-0.5531,-1.3209,-1.8191,-1.6509,-2.0061,-2.4340,-1.0122,-0.3486,-0.6713,-0.9168,-1.9263,-2.5606,-3.1432,-4.2138,-3.3057,-2.2564,-2.0165,-2.0440,-2.5118,-2.3375,-1.7372,-1.6526,-1.0582,-2.7594,-3.8239,-2.5561,-1.1644,-0.0881,-0.5853,-2.3689,-1.2503,-1.1624,2.6983,1.2428,-0.9087,-3.0306,-3.0941,-3.9762,-4.6993,-4.3867,-3.7015,-2.5791,-2.1623,-1.7162,-2.3024,-2.2359,-1.7598,-1.4514,-1.7937,-2.2755,-1.9339,-0.2214,1.7257
-0.3798,-0.0564,-0.2550,-0.4002,-0.3043,-0.1977,0.1126,0.6966,1.3153,1.2328,1.0320,0.4118,0.1059,0.0271,1.0214,1.0511,0.8100,0.4928,-0.0962,-0.5506,-1.5133,-1.7509,-1.8573,-2.3371,-1.7520,-0.6418,-0.0806,-0.5227,-1.3831,-3.0074,-4.4935,-3.7581,-4.7151,-3.0376,-2.4169,-2.1780,-2.1560,-2.5682,-2.9798,-1.5995,-1.1058,-2.6343,-4.1338,-3.8342,-2.4215,-0.6978,-0.5010,-0.4638,-3.1414,-3.1748,-1.8914,2.7259,1.6944,-1.0260,-3.7054,-3.0019,-3.8220,-4.5761,-3.4348,-3.7427,-4.1436,-4.0040,-2.9172,-2.8891,-1.9954,-1.5160,-1.6714,-2.2993,-2.3281,-2.5912,-0.1669,1.5608
-0.2462,0.0819,-0.1463,-0.3037,-0.1806,-0.0734,0.3712,1.0257,1.4307,1.1386,0.6393,0.1769,0.0801,0.2156,1.1997,1.2237,0.8197,0.3344,-0.1482,-0.5511,-1.4899,-1.8575,-2.1379,-2.0955,-0.6395,-0.8648,-0.5305,-1.0066,-1.0121,-2.9305,-3.4602,-4.8933,-5.3015,-0.2788,-0.8417,-1.1473,-1.9670,-2.7556,-3.4728,-1.8778,-1.6747,-2.6668,-3.1983,-3.6707,-2.2201,-0.0154,-0.2745,-1.8308,-1.3083,-2.9854,-2.1271,0.7283,1.3428,-0.4903,-2.1916,-2.9800,-4.3810,-3.9845,-3.5925,-3.4243,-5.1003,-5.9607,-4.1431,-2.5666,-2.2181,-1.4662,-1.1047,-1.9991,-2.5401,-1.8456,-1.3335,0.5752
-0.1028,0.1866,0.0280,-0.1668,-0.0192,0.0907,0.6433,1.1097,1.3044,0.7793,-0.0258,-0.1186,0.1343,0.3576,1.1958,1.2745,0.8668,0.3066,-0.2445,-0.7680,-1.6748,-1.8839,-2.1973,-0.8669,-0.3314,-1.0824,-0.1170,-1.0383,-2.7444,-4.8821,-4.6148,-6.4836,-2.0081,1.1898,-0.4217,-0.7483,-1.7062,-2.8370,-3.5455,-1.8220,-2.2663,-2.4134,-1.6659,-2.9799,-2.3992,0.2677,-0.4500,-2.2912,-2.7383,-2.4162,-1.9414,-0.8604,-0.2545,0.1934,-2.2930,-4.0350,-5.0448,-4.3552,-4.0583,-2.0940,-4.1913,-5.6017,-4.3615,-2.4031,-2.1651,-2.1536,-1.6293,-1.2001,-2.1889,-1.0081,-1.7084,-0.9708
0.0856,0.3281,0.0887,-0.0737,0.1375,0.2731,0.7620,1.1823,1.1724,0.4059,-0.5296,-0.4113,0.0880,0.4286,1.0627,1.3049,0.8702,0.2877,-0.3492,-0.9425,-1.7479,-1.9748,-2.0411,0.2137,-0.1495,-1.0051,-0.4441,-1.6874,-5.1103,-5.5952,-4.6013,-5.5384,-0.7518,1.7752,0.9395,-0.6435,-1.4161,-2.5838,-2.5835,-1.9945,-1.6283,-2.3552,-1.1585,-2.4015,-2.0729,0.5403,-0.3006,-1.5813,-2.2872,-1.5305,-3.1170,-0.8077,0.8070,0.5761,-2.5009,-3.6089,-3.9700,-3.5960,-3.3877,-1.2039,-2.1521,-3.8992,-5.1907,-4.5108,-1.2407,-2.1938,-1.7857,-0.9251,-1.6115,-1.1974,-0.0955,-0.4128
0.2578,0.3306,0.0856,0.0391,0.2755,0.4461,0.7809,1.1621,1.1595,0.2908,-0.7394,-0.5696,-0.1433,0.1152,0.9206,1.2765,0.8059,0.0603,-0.5932,-1.0253,-1.7081,-1.9808,-1.6595,0.4406,0.1975,-0.3320,-0.6703,-2.0443,-4.2335,-3.6303,-3.2459,-3.2442,1.3969,2.4443,0.9116,-0.7323,-1.0728,-2.3583,-1.9969,-1.3242,-3.5063,-4.6007,-2.2980,-1.7525,-1.9098,1.1731,0.4417,-0.2694,-1.6703,-1.1551,-1.1707,0.9924,1.1382,0.8024,-1.9425,-3.0577,-2.1463,-2.9409,-3.3611,-2.7197,-2.2608,-2.9983,-4.7021,-5.2111,-3.5258,-1.9215,-0.0937,-0.9930,-1.1696,-0.3507,-0.2422,-0.1601
0.2630,0.3319,0.0667,0.0720,0.2642,0.4637,0.8054,1.0943,1.2121,0.4077,-0.6824,-0.8776,-0.4758,-0.1847,0.8827,1.3202,0.5009,-0.5951,-0.9806,-1.0858,-1.6873,-1.9507,-0.8099,0.3591,-0.0944,-0.3917,-1.3447,-0.3479,-0.8386,-2.3376,-3.2661,-1.2186,1.8111,3.0214,0.8560,-0.2366,-0.5065,-1.4829,-0.7157,-0.9798,-3.8953,-2.8583,-1.6343,-1.0822,-1.3260,1.1667,1.3420,0.9366,-0.4221,-1.8137,0.5278,0.6997,0.6628,0.9604,-0.5876,-1.3500,-1.3291,-1.9996,-2.7381,-2.9266,-3.5145,-3.1756,-4.5731,-4.2491,-4.5450,-2.5791,0.1208,-0.6657,-2.1572,-1.5434,-0.7938,-0.9342
0.2728,0.3679,0.1085,0.0739,0.3661,0.4966,0.7446,1.0331,1.1173,0.3136,-0.9224,-1.1524,-0.8014,-0.4587,1.0591,1.2775,0.0717,-1.3041,-1.2574,-1.1034,-1.5157,-1.8557,-0.5726,-0.1383,0.3001,-0.6855,-0.9787,-0.3037,-0.9768,-3.6869,-4.2565,-0.3148,0.9223,3.3183,0.3672,-1.3896,-1.8022,-0.7857,0.1328,-2.8123,-1.8672,-1.5125,-1.3670,-0.8935,-0.6876,0.8075,0.7974,0.3124,0.2690,-1.1143,-1.1980,-0.2896,1.1395,0.6090,-0.1422,-0.4842,-0.7778,-1.7036,-2.1333,-2.6086,-3.7494,-3.7225,-3.3813,-3.6639,-3.7295,-4.1360,-0.7983,0.1632,-2.0359,-2.5687,-0.0026,-0.1598
0.3469,0.4323,0.2147,0.1921,0.4433,0.5065,0.7491,0.9881,1.0783,0.1774,-1.1171,-1.4116,-1.1052,-0.5892,1.3329,1.2333,-0.4823,-1.9174,-1.3810,-1.0689,-1.3371,-1.6747,-0.6026,-0.3916,0.1889,-0.1678,-0.4341,0.7388,-0.0302,-7.0360,-3.9751,0.1539,-0.1875,2.0273,0.1129,-1.9880,-1.7736,-0.8569,0.0241,-4.1262,-0.2542,-1.5244,-1.6515,-0.4362,-0.5692,-0.2974,0.0080,1.3919,2.1241,0.8097,0.9610,1.2172,1.2994,1.1862,0.2794,-0.0599,-0.4703,-1.3848,-0.9998,-1.2430,-2.6845,-3.8196,-4.6365,-4.4011,-4.5820,-3.3132,-3.3883,-2.2407,-2.6367,-1.7168,1.0291,1.7495
0.3998,0.5441,0.3548,0.3363,0.5394,0.5799,0.7843,0.9247,0.8493,0.0128,-1.2750,-1.5937,-1.4169,-0.6059,1.6125,1.1756,-1.2328,-2.2547,-1.4826,-1.1474,-1.2442,-1.3714,-0.2646,-0.5112,0.4590,0.3979,0.1728,0.9799,1.7289,-4.7251,-1.1589,1.0303,-0.6881,1.3938,0.2205,-1.8947,-1.1520,-0.1904,0.2623,-2.7490,0.0256,-1.7400,-1.5221,-0.0333,-0.1052,-0.0097,0.9641,1.6359,1.4021,0.6447,0.6690,1.7146,0.7471,1.5683,-0.5626,-0.3650,0.0829,-0.7687,-1.1805,-0.6168,-1.0916,-3.1112,-3.2608,-3.1861,-4.0168,-3.8012,-3.3509,-2.5386,-2.4039,-1.2807,0.5970,2.2549
0.4851,0.6771,0.4724,0.4222,0.5774,0.6322,0.7186,0.7282,0.6371,-0.2089,-1.3031,-1.7148,-1.6600,-0.4846,1.7791,0.9365,-2.2096,-2.6668,-1.5354,-1.2617,-1.0919,-1.0875,-0.0466,-0.5814,0.5217,0.7273,0.3761,-0.0769,2.0071,-1.1257,-2.0148,0.7889,-1.0006,0.3219,-0.7219,-1.6462,-0.9263,0.4113,0.5651,-0.4281,-0.1578,-1.9990,-1.6753,-1.0274,-0.0414,1.2604,2.4113,2.2095,1.9241,0.5417,0.3782,1.3005,0.5725,1.0883,-1.0611,0.4728,0.7483,-0.1793,-0.7586,-0.5258,-0.4592,-2.1878,-2.5257,-2.3562,-3.6669,-4.1750,-3.4500,-2.4047,-2.3016,-1.6219,-0.7915,-0.9055
0.5454,0.7352,0.5700,0.5442,0.6440,0.6901,0.7492,0.7370,0.5765,-0.1093,-1.0918,-1.7337,-1.7646,-0.2692,1.8212,0.5695,-2.8262,-2.8108,-1.4968,-1.4099,-1.1149,-0.9198,-0.1794,-0.8907,0.6619,-0.0571,-0.4868,-0.9848,-0.3950,-0.2832,-1.2897,0.8911,-1.1025,-0.8009,-0.5987,-1.4751,-0.7282,1.3959,-0.3814,-1.5749,-1.8559,-2.8506,-3.3231,-0.9156,0.8601,1.9076,2.3332,2.2815,0.8075,1.5537,2.6227,2.2406,1.2828,1.9203,-0.0709,0.5798,0.8701,0.0568,-0.6120,-0.3251,-0.6794,-2.1772,-2.9087,-3.1010,-3.5385,-4.0268,-3.6851,-2.6858,-2.1394,-1.2651,-1.0629,-1.6335
0.6037,0.7915,0.6610,0.5706,0.6208,0.7137,0.7174,0.7627,0.6356,0.0493,-0.7863,-1.6126,-1.7437,-0.1462,1.7816,0.2189,-3.1287,-2.8051,-1.4280,-1.4900,-1.1176,-0.8753,-1.2905,-0.8922,0.8730,-0.9670,-0.0504,-0.1604,1.9194,0.2942,0.1734,1.4640,-1.0477,-1.4496,-1.3198,-1.3043,0.2142,2.0743,-3.0956,-3.4455,-2.0589,-2.7117,-2.2367,1.3600,1.5051,0.9756,1.3647,0.3898,1.2682,2.0273,1.5054,1.2969,0.3176,-0.3205,-0.0398,-0.0273,-0.1954,-0.4629,-0.8711,-1.3667,-1.5000,-2.6058,-3.3783,-3.6501,-3.3933,-3.1481,-3.2705,-2.9987,-2.1698,-1.3139,-0.8590,-0.6005
0.6591,0.8185,0.6971,0.5613,0.6349,0.6405,0.7263,0.7639,0.7209,0.2033,-0.4769,-1.3579,-1.6884,0.0079,1.7479,0.2183,-3.0108,-2.6405,-1.2995,-1.5308,-1.1479,-0.9581,-1.9899,-0.8312,-0.1932,-1.4328,0.2016,2.6866,4.2565,1.9367,0.7595,2.1686,-0.4849,-1.6361,-2.6899,-1.2806,0.7370,0.4754,-2.8239,-2.4108,-1.4283,-0.8845,0.6238,0.1949,0.9070,0.7232,1.1622,-0.0940,5.2713,1.0019,0.1319,0.6074,0.3300,0.0755,-0.4678,-0.8441,-0.9261,-0.6097,-0.2325,-1.0577,-1.8706,-2.6169,-3.6048,-3.7417,-3.2347,-3.0754,-2.6565,-2.3483,-2.5155,-2.7868,-1.4382,-0.3630
0.6518,0.8672,0.7605,0.6805,0.6414,0.6123,0.7263,0.8093,0.8193,0.2552,-0.2673,-0.9690,-1.2823,0.2363,1.7143,0.3563,-2.7077,-2.2380,-1.2765,-1.3740,-1.2763,-1.0865,-2.0880,0.9104,-0.0813,-0.6038,0.6101,2.9710,2.2212,4.7178,0.6589,-0.3981,-0.8871,-1.4087,-1.8128,-1.5392,0.3224,-1.1887,-0.1622,-0.6273,-0.9686,-0.9145,2.2329,0.0207,0.2361,0.6171,0.6837,-0.3891,-1.9748,-1.6008,-0.1463,0.5295,0.4037,0.4678,0.4323,-0.4257,-0.8327,-0.6296,-0.6273,-1.0188,-1.2329,-1.9874,-2.9434,-2.9452,-3.7295,-3.7949,-2.8259,-2.7164,-2.7440,-3.3348,-2.2213,0.5535
0.6651,0.9748,0.8579,0.7558,0.6889,0.6375,0.7530,0.8001,0.8742,0.3178,-0.0276,-0.3917,-0.7651,0.4203,1.6820,0.7165,-1.9728,-1.7432,-1.2056,-1.1767,-1.3275,-1.0870,-2.0055,1.4567,0.4029,0.8269,0.7460,3.5226,0.9455,2.5970,0.3297,-3.5876,-1.0936,-1.1550,-1.2173,-0.8417,0.1937,-2.7407,-0.5332,-1.1039,-1.0486,-0.6766,2.6083,1.8987,1.0725,0.9494,0.1006,-0.3006,-1.6362,-0.9544,-0.0724,0.7068,0.0392,-0.5650,-0.5827,-0.3776,-1.3148,-2.0300,-2.3930,-2.5128,-1.4762,-1.8077,-2.1286,-2.0380,-1.7742,-1.7124,-1.9289,-1.9834,-2.5246,-1.1950,-0.2311,0.3205
0.7689,1.1035,0.9928,0.8913,0.7927,0.6876,0.6919,0.7877,0.9057,0.2804,0.1989,0.1559,-0.1746,0.5573,1.5741,1.1470,-0.8292,-1.0413,-1.1356,-1.2484,-1.3705,-1.0111,-1.5501,-0.3634,0.9980,0.9633,0.4149,3.1260,3.2999,1.3462,-1.9833,-1.8294,2.9656,0.3882,-0.5220,-1.1869,-0.2169,-2.3600,-0.4605,-1.9636,-1.0133,0.4529,1.6107,2.1203,1.7802,1.6086,0.8965,-0.4291,-1.2510,-0.7968,-0.1012,0.2167,-0.2805,-0.9651,-1.2123,-1.3538,-2.3429,-3.1483,-2.6010,-2.0814,0.6699,0.7437,-0.2352,-1.7636,-0.9816,-1.1446,-2.2730,-1.6497,-1.2969,-0.5131,-0.0492,-0.7990
0.9223,1.3006,1.1729,1.0639,0.9239,0.7859,0.7353,0.7314,0.8655,0.3726,0.2930,0.4033,0.2840,0.6014,1.5405,1.2912,0.0963,-0.5163,-1.1356,-1.2151,-1.2592,-0.8075,-0.9181,-0.9607,0.7790,0.5050,-0.7728,0.3571,1.8940,-0.0994,-1.8395,3.4584,2.1853,-0.1402,0.2360,-0.7660,0.7108,0.0019,0.4611,-2.3406,-1.3540,-0.0699,1.0862,1.7377,1.8286,1.6175,0.6247,-0.3936,-0.3673,-0.3423,0.5974,0.5553,0.3016,-0.2885,-0.4524,-0.7876,-1.5870,-1.5741,-1.1563,-1.1545,0.4013,2.4401,0.5314,-3.2998,-1.5141,-0.4188,-1.8061,-2.4663,-2.5109,-1.1900,0.0419,0.5049
1.1224,1.4720,1.3067,1.1741,1.0534,0.8063,0.6750,0.6862,0.8336,0.4393,0.3229,0.3941,0.5540,0.6519,1.4134,1.2513,0.6674,-0.3936,-1.2128,-1.2727,-1.1421,-0.3754,0.0495,-0.2839,-0.0700,-0.4732,-1.5649,-2.2658,-2.5965,-1.6517,-1.9517,1.6709,0.4543,-2.9658,-2.8078,-2.1953,0.9400,0.5742,0.1332,-1.8881,-1.2928,-0.3899,0.0117,0.4457,0.6614,0.8330,0.7036,0.2006,0.2336,0.2867,0.8811,1.0431,0.5981,0.3031,1.4576,0.3869,-1.1612,-1.8503,-1.9383,0.3227,1.3641,2.2656,1.4582,-3.3319,-2.7386,-1.0948,-0.9661,-0.6900,-1.1706,-1.1646,0.8409,2.9115
1.2511,1.6102,1.3911,1.3001,1.1350,0.7386,0.5779,0.6223,0.8623,0.5728,0.4310,0.4596,0.6620,0.7885,1.2393,1.2288,0.9727,-0.4914,-1.2484,-1.1360,-0.7800,0.1936,0.5395,0.0474,-0.7560,-0.9438,-1.3901,-2.2685,-1.0691,-0.6162,-1.8650,-1.2386,-0.6495,-2.0033,-3.1878,-4.2039,-0.7856,0.2984,1.7566,-1.0814,-1.6405,-1.1909,0.2639,-0.0427,-0.0360,0.1627,0.4390,0.0643,0.2097,-0.0290,0.4211,0.7775,0.0448,0.7753,1.0281,-0.6214,-2.0627,-2.6133,-0.1074,1.2681,0.7520,1.7576,1.8444,-1.3415,-4.3371,-2.5378,-0.0629,1.0106,0.4725,-2.4659,-0.2814,2.1043
1.2141,1.6977,1.4263,1.4050,1.2158,0.7439,0.5210,0.5410,0.7445,0.6089,0.4688,0.5102,0.6606,0.7843,0.9805,1.0476,0.9818,-0.7057,-1.1341,-0.8021,-0.2781,0.4075,0.7187,-0.3125,-1.6015,-0.5698,-0.9010,-0.1300,1.9460,0.2308,-0.8626,-1.0485,-2.8332,-2.5791,-0.1753,-3.0627,-1.6080,0.5154,2.5959,1.1758,-0.7012,-0.9593,-0.4093,-0.8527,-0.8968,-0.2812,-0.2990,-0.4373,-0.4218,-0.6082,-0.3458,-0.0566,-0.8028,-0.7781,-1.5828,-2.2430,-2.2641,-0.9711,1.8038,0.8113,-1.2509,1.1189,3.2263,1.8475,-0.0689,0.2873,0.3515,0.9272,0.8108,-2.4971,-1.5460,-0.4293
1.2204,1.7462,1.3931,1.3566,1.1737,0.8178,0.6151,0.4669,0.6292,0.5716,0.3877,0.3866,0.5309,0.7721,0.6938,0.6434,0.8923,-0.9349,-0.9475,-0.4817,-0.2134,0.2255,0.3445,-0.7809,-1.3977,-0.2042,0.4594,-1.6044,1.7567,0.2700,-1.1398,-0.3226,1.1338,1.4457,2.8247,-0.1715,-3.2353,0.6930,2.3160,1.6368,-0.8265,-1.7649,-0.3099,-2.4052,-1.3293,-0.8814,-0.2517,-0.3168,-0.8168,-1.4550,-1.0016,-0.0648,-1.4199,-2.2023,-2.6921,-2.5596,-2.5210,-1.5806,0.8841,0.6081,-0.7797,-0.3175,1.9549,1.2800,0.7166,0.4991,-0.1625,0.0672,0.1674,-0.0507,-2.0429,-2.8048
1.2372,1.6563,1.3095,1.2995,1.1553,0.8959,0.7186,0.5322,0.5770,0.4104,0.1539,0.1363,0.4185,0.6848,0.3621,0.4136,0.8953,-1.0487,-0.9052,-0.3162,-0.1443,0.5836,-0.1259,-0.4769,-1.4029,-0.2949,0.7561,-1.4375,0.5311,-0.1147,0.0511,0.7885,3.1141,4.9579,4.3059,2.0968,0.2684,1.6510,2.7261,2.9045,0.3444,-0.8057,0.7226,-0.8910,-1.4840,-1.1420,-0.2070,-0.5821,-1.3897,-1.8584,-0.7971,-1.3482,-2.6246,-1.9483,-0.5841,-1.0020,-1.5613,-1.7353,-0.5446,-0.3912,-0.7589,0.1401,0.6304,-0.5553,-1.2851,-0.9876,-0.0083,-0.7413,-0.4529,-0.3363,-0.6921,-2.6860
1.3605,1.5883,1.1685,1.1570,1.0542,0.8932,0.8487,0.6397,0.4731,0.3077,-0.0544,-0.0384,0.3379,0.6142,0.1568,0.2411,0.8683,-1.1730,-1.1401,-0.4592,-0.1246,-0.3444,-0.0615,-0.4296,-1.1508,-0.9009,-0.0752,-0.7602,0.2367,0.3223,1.0733,2.0863,1.8438,4.9657,3.7536,3.3424,2.7878,2.7129,2.4648,3.1930,2.1077,-1.3775,-0.2150,-0.3322,-2.6062,-2.1627,-1.2536,-1.7026,-3.0456,-2.2927,1.0321,-2.1148,-3.9375,-1.1873,0.5924,-0.2251,-0.8903,-1.0882,-1.0084,-1.0470,-0.4135,0.9294,0.7923,-0.0243,-1.2585,-1.6663,-0.4253,-1.7961,-3.1800,-1.4069,0.6960,-1.1431
1.3713,1.5442,1.0263,0.9582,0.9004,0.8408,0.8875,0.7987,0.3706,0.3219,-0.1399,-0.0185,0.4737,0.5706,0.0077,0.0985,0.7767,-1.3900,-1.6048,-0.7278,-0.1307,-0.2127,-0.2345,-0.1202,-0.7209,-1.2395,-0.0107,-0.6187,0.8385,-0.2625,-0.2041,-0.0435,-1.5415,0.4767,4.4464,4.0009,2.3086,3.0570,3.2779,3.4728,1.4618,-1.9911,-0.9846,0.0831,-2.4515,-3.2124,-3.6234,-3.9448,-3.6299,-1.7233,2.8651,-0.1500,-2.0267,0.2915,1.3720,0.2562,-0.0514,-0.2913,-1.3614,-0.5276,-0.2598,0.0128,0.3106,0.2313,-0.1748,-1.4246,-1.2935,-2.3919,-3.7502,-0.5842,1.3795,-0.8448
1.3791,1.5627,0.9292,0.8415,0.8041,0.7862,0.8853,0.9017,0.4088,0.2024,-0.1613,0.0666,0.6567,0.4566,-0.1590,-0.0794,0.6805,-2.1334,-2.2224,-1.0055,-0.1278,0.3303,-0.2183,-0.3921,0.3734,-1.0738,-0.5523,-0.1617,1.3566,-1.4394,-0.5590,1.4207,-0.4258,-0.8339,3.6292,2.8879,0.0041,2.6852,4.4691,4.0625,2.6999,0.1353,0.0114,0.8686,-0.7540,-2.6585,-4.7765,-4.7023,-2.5295,1.8794,4.7769,2.6981,-1.4129,-1.0630,0.9155,-0.1102,-1.0878,-1.2544,-1.4585,-0.4078,0.0715,-0.0944,0.6391,0.2634,0.4911,-0.2229,-2.1083,-2.6847,-3.3200,-0.3622,1.2864,-1.6669
1.2951,1.5721,0.9494,0.8249,0.7865,0.7981,0.8832,0.9132,0.5124,0.1238,-0.2141,0.2003,0.7566,0.4069,-0.2004,-0.2084,0.4458,-2.8663,-2.6743,-1.2205,-0.0494,0.4092,0.1880,-0.4225,0.0716,-1.0677,-0.7452,-0.6528,1.9532,-1.5474,-2.0236,4.1171,6.4825,1.4510,2.1630,1.1913,-0.5561,-0.0277,1.1180,1.2206,1.6823,1.0607,-0.4882,-1.5039,-3.2695,-2.1787,-2.4846,-3.0275,-1.5847,1.4448,4.5031,3.8089,-1.5907,-1.7016,1.8688,0.2808,-1.7456,-1.7576,-1.1593,-0.6803,0.0381,-0.4992,-1.7267,-3.4250,-2.3699,-1.2757,-1.9609,-2.9679,-3.7956,-2.5080,-0.5621,-2.5081
1.2324,1.6117,0.9528,0.8310,0.8460,0.8315,0.9084,0.9320,0.4529,0.0565,-0.1951,0.4523,0.9024,0.3406,-0.3120,0.0101,0.2914,-2.9974,-2.6396,-1.1102,0.0329,0.4185,0.2614,0.1029,-0.2990,-0.5959,-0.9221,-0.7279,2.1704,1.7217,-0.2054,2.9935,3.6503,-0.0599,1.8860,0.8582,-1.1310,-1.2822,-0.2701,-0.9904,-0.6702,-0.7652,-1.7717,-3.5463,-4.3981,1.3441,1.0204,-0.8586,0.0088,1.9045,3.6350,4.8639,0.4904,-1.9516,0.7055,0.3996,-0.8974,-1.6025,-1.1922,-0.6672,0.0174,-0.4788,-1.8125,-4.0352,-3.8844,-1.7497,-1.4101,-1.5749,-4.2147,-3.5851,-0.3083,-1.3560
1.1904,1.6427,1.0486,0.9376,0.9010,0.8900,0.9271,0.8817,0.4470,0.0257,-0.0699,0.7437,1.0444,0.3510,-0.2034,0.2724,0.2334,-2.7110,-2.4117,-0.9852,0.1451,0.4560,0.1037,0.3474,-0.2564,-0.5204,-1.1726,-0.7574,1.4839,1.7950,3.1440,4.6432,1.7396,0.1833,3.0695,2.9249,-0.4628,1.6861,2.8532,0.0568,-2.0105,-1.4257,-1.5940,-2.3888,-0.2601,2.9318,1.5345,0.9366,1.5315,1.9167,2.2691,3.4325,5.5207,-0.1325,-2.4606,-1.1822,-0.2659,-1.2263,-0.8508,0.1532,0.0634,-1.8340,-1.7385,-2.4005,-1.8444,-1.2973,-1.5803,-1.3661,-1.9057,-1.5725,0.7177,1.3251
1.1435,1.6129,1.1423,1.0804,0.9825,0.9378,0.8846,0.8016,0.4125,0.1128,0.0468,0.9755,1.2395,0.4317,-0.0260,0.7259,0.1185,-2.1885,-2.1099,-0.7090,0.2201,0.5282,0.2254,0.7141,-0.0778,-0.4172,-0.7855,-0.5268,1.3922,0.9114,2.1601,3.9136,0.1065,0.5958,0.5577,0.3874,-1.5318,0.6795,2.5347,-1.2677,-1.8957,0.8593,1.4325,1.5344,3.5060,2.5791,1.4830,1.1169,2.1737,2.1376,0.5017,1.9276,5.3492,1.2205,-1.5684,-1.3795,0.9923,0.8472,0.7983,0.2558,-2.2307,-3.5652,-1.1425,-1.0197,-2.2715,-1.2416,-0.5658,-0.7551,-0.8696,-0.1511,1.2278,2.0284
1.0069,1.4530,1.1506,1.0597,0.9880,0.8991,0.8388,0.7749,0.3639,0.0769,0.1191,1.1863,1.3161,0.5678,0.2193,1.1094,-0.2975,-1.8037,-1.8590,-0.4454,0.2729,0.5233,0.5551,1.0571,0.1003,-1.1503,-0.7920,-0.6400,2.6607,1.2206,1.3328,0.9925,-1.5972,0.4319,0.7126,-0.0446,-1.8256,1.5845,1.6629,-1.7771,-2.4729,-0.3021,0.1623,-0.3694,1.9946,1.7563,0.7160,0.5960,1.3782,0.5079,-0.1417,3.0511,4.2138,3.0805,-1.3637,-1.6304,0.1323,-0.0740,-0.2146,-1.9460,-4.0611,-4.5282,-0.0590,-0.0527,-4.3603,0.1768,2.0349,0.4321,-0.8385,-0.4956,0.8202,2.0818
0.8591,1.3062,1.0449,0.8977,0.7923,0.7288,0.6449,0.5984,0.2191,0.1039,0.2332,1.1969,1.1868,0.5798,0.4129,1.4019,-1.0534,-1.5499,-1.6617,-0.3762,0.2773,0.5567,1.0057,1.2987,0.3926,-0.9692,-0.1616,-0.6394,3.6485,1.4103,-2.5468,-0.0227,0.2626,-0.3778,0.6465,1.1443,2.0387,3.9524,3.6485,0.2718,-1.5291,-0.2596,-1.1219,-0.3758,0.3327,-0.0827,-0.4222,0.6750,0.7438,-0.1185,0.4611,2.3207,4.3155,3.1432,-1.5313,-2.3340,-0.4515,-1.3755,-2.0544,-3.4907,-3.2497,-1.8595,1.0533,1.1367,-4.8404,-2.3444,2.4085,1.0356,-1.2167,-0.9980,0.6428,1.5680
0.7382,1.1497,0.8988,0.7116,0.6107,0.5737,0.4440,0.3907,0.1343,0.0331,0.2522,1.0283,0.9894,0.6118,0.6467,1.5651,-1.8697,-1.2696,-1.2716,-0.2314,0.2597,0.6765,1.4948,1.4591,0.6997,-0.9371,-0.1144,-0.2933,3.8875,0.6620,-2.7980,-1.9903,-1.2710,-1.2377,-0.8273,-0.5316,1.0319,1.7803,1.6012,1.5079,1.3304,0.2406,-1.3830,-1.0563,0.4938,0.3439,0.2587,0.0071,-1.1320,0.0830,1.8479,0.5660,1.3946,1.9634,-0.1211,-2.0361,-0.8631,-0.3401,-2.5422,-3.3195,-3.2008,-1.9440,-0.1933,1.3481,-2.5590,-5.1399,-1.3173,0.9542,-2.6251,-4.2946,0.6213,1.8331
0.7050,1.1413,0.8097,0.5634,0.5236,0.4848,0.3944,0.2611,0.0813,-0.0695,0.4942,1.0444,0.8160,0.6511,1.0711,1.4197,-2.0790,-1.0713,-0.6372,0.1052,0.4602,1.1664,1.9900,1.7299,0.6909,-0.7630,-1.3857,0.5439,2.5291,2.1125,-0.7327,-0.1053,-2.7913,-2.2790,-0.3136,1.1315,0.7425,1.5115,0.6990,-1.3088,-1.3536,-1.1455,-1.2008,-2.9407,0.4646,1.5429,0.8403,-0.9216,-0.2046,1.0096,2.5155,0.5883,0.7200,2.9722,2.7765,-1.0004,-1.7010,0.0513,0.7230,-0.8919,-2.7087,-2.4192,-1.0921,0.5423,1.3452,-3.6444,-3.3785,-0.0238,-2.0125,-3.3781,0.6772,1.5771
0.7777,1.2307,0.8500,0.5960,0.5062,0.5331,0.4269,0.2528,0.0689,0.0181,0.7122,1.0925,0.7881,0.6630,1.5796,0.9867,-1.8029,-0.6825,0.3395,0.4664,0.7564,2.1504,2.2983,1.9299,0.5085,-0.3543,-1.1252,0.8871,2.1643,2.8294,-0.6445,0.2905,-1.4649,-2.1943,0.1143,0.9972,-0.0995,-0.2907,-0.2755,-0.6809,-4.2633,-1.7413,-0.1115,0.5947,-0.6667,1.3495,2.2917,0.5597,1.9992,3.1183,2.3970,-0.1819,1.2680,2.2395,0.9715,-0.0410,-0.1200,-0.1496,0.2351,0.2972,-0.7825,-1.6568,-1.9759,-1.4518,-1.3091,-1.1370,-3.2613,-2.8093,-1.5603,-0.2020,1.3865,1.5946
0.8845,1.2559,0.9335,0.6767,0.5858,0.5709,0.5481,0.3402,0.1554,0.0928,0.9888,1.1867,0.7833,0.5797,2.0396,0.6305,-1.3439,-0.0774,0.8930,0.5618,1.4811,2.8060,2.3753,1.2995,0.4367,-0.1606,-1.0259,0.0694,3.4330,-0.2053,-4.1848,-0.6952,-0.1357,-1.7657,-2.5452,-2.8412,-2.3098,-1.6028,-1.6446,-0.5878,-2.3549,-2.6188,0.3828,3.1944,0.0784,0.7917,2.6756,2.5534,3.5640,3.8571,1.2304,0.2280,2.1323,1.5209,-0.0423,0.5868,-0.2114,-2.1577,-2.3364,-1.5451,-1.9565,-2.2762,-2.2143,-2.6724,-3.1745,-2.3953,-2.1486,-2.8811,-1.5183,-0.5370,0.7998,0.8819
0.7925,1.5916,1.1512,0.8564,0.7597,0.7302,0.7238,0.5735,0.4169,0.2923,1.0412,0.9993,0.5410,0.4481,2.2319,0.1725,-0.5426,0.6917,1.4932,0.5706,2.0651,2.9028,2.0747,0.9481,0.4735,-0.0410,0.5901,-0.7284,-0.2012,-3.0169,-5.6105,-3.9334,-0.4041,0.3506,-2.8077,-4.6269,-3.3285,-1.5622,-1.4309,-1.0616,1.0504,-3.3807,2.4113,1.7906,2.6755,1.0097,1.8765,4.1578,5.2469,4.3607,2.5660,2.2214,1.7144,0.7290,-0.6868,-0.0579,0.2365,-1.7300,-1.5244,-1.3892,-1.8761,-2.1078,-2.3770,-3.0356,-3.5938,-3.0136,-3.3809,-2.5559,-1.3060,-1.1224,-0.6889,-0.3748
0.5335,1.2940,0.9962,0.6690,0.5621,0.5362,0.4080,0.2430,-0.0191,0.0433,0.7291,0.7341,0.4313,0.4985,2.0660,-0.5284,-0.5357,0.2438,0.8540,0.3770,1.4405,1.5542,0.1567,-0.5261,-0.3836,-0.8417,0.4353,-2.2653,-3.3263,-1.4488,-5.2713,-6.0372,-0.9112,0.6228,-2.5343,-4.8481,-2.4015,-2.0198,-1.9335,-0.8870,0.8249,-2.0449,-3.1829,1.5309,2.1654,0.8876,1.1075,3.4041,5.1514,3.9771,3.3991,2.4445,1.6341,0.3170,-0.2052,0.1758,0.3391,0.6400,0.2346,-0.5420,-1.5589,-1.8599,-2.5147,-1.4196,-1.6867,-3.0344,-2.8882,-1.9961,-0.4721,0.6521,-0.1223,-2.2311
1.6469,2.1448,1.4242,0.9785,1.0040,1.0197,0.9609,0.8833,0.7016,0.8666,1.4935,1.3657,1.0961,1.3819,2.5418,-0.3312,-0.3020,-0.0079,0.7153,1.6449,2.3794,1.6364,0.0489,-0.2259,-0.0544,-0.2279,1.5267,-0.7782,-1.7105,0.1949,-1.8206,-5.9529,-1.0606,0.8645,-1.7578,-4.2547,-4.1810,-2.7981,-0.7452,1.0808,5.1628,4.1158,-3.5168,-1.2160,-0.0607,0.1360,0.7931,0.1522,1.7432,1.7546,1.0821,0.7181,-0.4378,-1.3459,-1.0442,-0.3830,-0.3693,-0.0144,-1.0383,-1.6227,-1.4891,-0.7860,-0.3003,2.3827,2.4134,0.3709,0.3166,-1.3905,-3.7756,-1.6532,0.2944,-1.9216
